x,y,rho
8.874915123,41.057075500,14.000000000
9.414788246,43.194221497,63.000000000
10.992991447,44.240253448,24.500000000
9.375373840,42.735569000,65.000000000
8.714147568,41.617855072,30.500000000
8.056430817,44.988647461,12.000000000
9.253048897,42.599800110,60.500000000
8.509905815,43.815364838,42.000000000
8.148802757,42.825134277,37.500000000
8.867234230,43.424774170,50.000000000
9.251895905,41.857242584,43.000000000
9.734519005,43.466205597,61.500000000
9.829217911,43.340343475,62.000000000
9.128378868,42.675132751,60.500000000
9.090240479,42.678321838,60.000000000
8.949554443,41.311592102,27.000000000
9.940127373,42.636093140,60.500000000
8.132502556,43.500656128,34.000000000
8.855401993,43.089817047,53.000000000
10.491791725,43.166854858,50.500000000
10.902101517,41.803047180,23.000000000
10.165042877,42.353061676,51.500000000
8.891903877,42.459022522,51.500000000
9.451148033,43.094039917,63.500000000
8.597551346,43.938701630,42.500000000
10.228363037,41.501628876,30.000000000
11.250952721,44.933761597,8.500000000
10.941480637,42.857948303,35.500000000
8.691947937,44.092323303,39.000000000
9.359523773,44.260318756,38.500000000
9.970975876,44.014511108,47.000000000
10.119067192,43.744445801,51.500000000
9.773200989,44.823741913,24.500000000
9.889613152,43.439861298,59.000000000
11.645851135,41.690113068,9.000000000
8.492216110,44.007270813,37.500000000
8.589577675,44.981494904,17.000000000
9.349081993,42.290416718,55.500000000
11.685643196,44.518386841,9.000000000
11.630259514,43.943916321,15.000000000
8.901474953,44.947937012,18.500000000
9.494697571,43.840328217,55.000000000
10.709952354,42.882862091,44.000000000
10.376780510,43.960079193,40.500000000
10.139126778,41.938472748,44.000000000
10.060938835,44.364257812,34.500000000
9.068133354,42.888237000,61.000000000
9.327547073,44.887138367,23.500000000
10.434995651,43.445335388,45.500000000
8.992784500,43.577121735,55.500000000
9.088368416,43.069702148,58.000000000
9.126854897,43.714305878,56.000000000
10.339291573,42.829574585,53.500000000
10.158707619,41.944812775,43.500000000
8.271443367,43.477264404,36.500000000
9.929374695,43.672904968,56.500000000
12.145845413,43.982353210,7.000000000
8.849878311,44.154888153,38.500000000
8.446793556,42.576290131,42.000000000
9.694458961,44.751216888,26.500000000
9.017946243,42.211433411,46.500000000
9.664248466,42.374393463,59.500000000
10.889336586,41.957942963,26.500000000
8.615232468,42.600051880,47.000000000
9.264668465,44.967407227,19.500000000
10.712121964,43.125423431,43.000000000
8.537264824,43.882236481,42.500000000
8.762485504,41.493103027,28.500000000
10.950730324,43.354816437,32.000000000
10.683559418,43.356601715,42.000000000
10.619531631,42.386848450,41.500000000
8.728458405,43.719467163,47.000000000
8.959291458,42.348323822,50.000000000
9.307168007,43.055351257,64.000000000
9.408706665,41.662921906,40.000000000
9.119082451,40.814468384,13.500000000
10.387931824,41.435813904,26.000000000
8.658317566,43.090038300,48.000000000
9.023138046,44.580886841,29.500000000
8.469843864,43.304924011,43.000000000
9.723418236,41.869781494,47.000000000
10.285977364,42.866325378,57.000000000
10.534491539,43.861377716,39.500000000
11.925936699,44.374401093,8.500000000
9.393519402,42.798492432,66.500000000
10.862360001,43.693138123,33.000000000
10.402832031,41.420917511,25.500000000
9.738374710,42.299842834,58.500000000
10.042625427,42.939723969,59.000000000
10.672879219,43.355091095,42.000000000
10.549028397,42.571453094,47.000000000
8.818254471,42.627822876,52.500000000
9.745680809,43.417026520,61.000000000
12.022009850,42.995616913,10.500000000
8.806756020,42.691890717,53.000000000
9.299104691,43.519355774,62.000000000
8.221903801,43.101135254,35.500000000
9.919207573,43.270053864,59.000000000
9.165384293,42.799949646,62.500000000
8.338640213,42.544551849,40.000000000
9.219839096,43.453922272,59.500000000
8.606518745,43.819072723,43.500000000
11.257184982,40.967887878,8.000000000
10.188959122,43.714782715,49.000000000
9.125264168,42.640602112,58.500000000
9.629819870,42.740081787,63.500000000
9.453687668,41.361869812,31.000000000
10.915032387,44.117492676,28.500000000
8.949336052,41.571449280,32.500000000
10.283765793,42.462085724,52.000000000
9.904653549,42.718544006,61.500000000
10.454239845,43.732624054,42.500000000
9.037103653,41.654510498,36.500000000
8.179762840,43.648254395,34.000000000
8.573841095,42.531055450,44.500000000
9.166386604,42.985305786,62.000000000
7.826420784,43.226650238,25.000000000
10.286591530,43.126296997,54.000000000
9.451814651,43.135272980,63.500000000
10.161746979,40.265281677,5.500000000
11.718612671,43.427967072,17.000000000
9.110292435,42.646919250,58.500000000
10.256443024,42.921768188,57.000000000
7.732016087,45.102367401,7.500000000
9.652159691,44.058044434,49.000000000
9.070651054,44.574249268,30.000000000
10.049044609,43.646717072,54.500000000
8.717447281,44.249019623,34.000000000
10.452519417,44.339717865,31.500000000
9.134613037,42.556846619,58.500000000
12.066617012,41.977855682,6.000000000
9.626750946,44.174766541,44.000000000
9.860425949,43.620826721,58.000000000
9.363251686,43.407928467,62.000000000
8.456173897,44.696002960,21.000000000
9.644536972,42.357696533,59.500000000
10.429083824,42.577152252,49.000000000
8.428442001,41.691154480,28.000000000
10.456474304,42.878299713,52.000000000
9.628998756,44.115615845,46.500000000
8.635874748,42.307193756,42.500000000
9.377820969,43.132225037,63.500000000
9.720529556,42.750984192,63.000000000
9.701074600,42.930568695,61.000000000
9.043096542,42.224880219,47.500000000
10.037217140,42.146957397,51.000000000
8.605345726,42.725582123,47.500000000
9.605033875,45.294597626,12.000000000
9.058000565,43.981132507,48.500000000
10.509888649,41.848926544,29.500000000
10.535953522,41.853992462,28.500000000
7.103528500,43.644191742,7.500000000
8.006810188,43.488807678,29.500000000
9.078689575,44.697425842,26.000000000
10.831210136,42.584487915,38.500000000
9.074863434,41.823795319,39.500000000
9.321778297,42.757518768,65.000000000
9.398007393,43.194576263,63.000000000
10.341221809,43.387527466,50.500000000
8.998557091,41.600082397,34.000000000
11.127232552,42.348423004,26.500000000
9.110406876,42.516685486,56.500000000
7.919631004,42.559898376,28.500000000
9.283044815,43.658229828,60.000000000
10.461157799,43.041645050,52.000000000
10.694549561,43.377838135,41.500000000
9.747018814,43.198802948,61.000000000
9.572047234,42.643024445,63.500000000
9.494967461,41.909862518,47.000000000
10.043142319,42.044750214,48.500000000
10.604331970,42.788414001,46.000000000
9.812195778,43.531711578,59.000000000
10.406015396,41.467250824,27.000000000
9.555797577,43.918052673,53.000000000
8.064595222,43.425155640,31.500000000
7.507136345,42.015365601,10.000000000
9.801331520,41.381156921,31.000000000
8.777190208,41.566040039,29.500000000
11.410835266,43.202102661,24.500000000
10.329991341,42.815196991,54.000000000
9.409269333,41.421398163,31.000000000
9.470863342,42.276382446,56.000000000
10.620624542,44.178974152,30.500000000
11.229279518,43.890426636,24.000000000
19.954021454,7.860739708,43.500000000
21.319337845,9.332929611,46.000000000
18.784135818,9.332118034,26.000000000
21.367195129,9.035562515,47.500000000
20.367622375,8.168988228,53.000000000
19.106140137,9.776934624,28.500000000
20.243560791,8.743169785,59.500000000
22.285396576,9.661137581,22.000000000
20.923500061,9.118698120,58.000000000
22.072669983,10.696226120,12.000000000
21.482179642,9.558860779,40.500000000
18.458072662,9.100358963,21.000000000
20.422567368,9.070590019,62.000000000
21.495721817,6.236959457,5.500000000
19.983364105,9.246541023,55.500000000
20.085828781,7.559730530,35.500000000
21.421638489,9.253508568,43.500000000
19.581571579,9.291453362,50.500000000
21.374261856,8.981928825,47.500000000
21.353240967,9.054896355,47.500000000
20.157445908,7.817215919,41.500000000
20.466745377,9.170929909,60.500000000
21.428508759,8.861529350,47.500000000
21.010089874,8.012024879,45.000000000
19.770046234,8.866247177,54.000000000
19.498046875,9.796884537,37.500000000
21.015806198,9.255732536,57.000000000
20.891578674,10.997679710,16.500000000
20.083810806,6.775195122,18.500000000
20.751976013,8.926033020,58.500000000
20.035156250,7.997806549,45.500000000
20.113485336,9.157975197,59.000000000
20.049858093,11.389090538,10.000000000
19.592170715,8.183519363,43.500000000
18.264055252,9.228120804,14.000000000
18.536268234,8.437182426,21.000000000
20.277004242,8.266908646,54.500000000
22.291547775,9.971031189,20.000000000
21.871812820,8.094218254,24.000000000
21.681268692,9.472637177,37.000000000
21.324081421,10.006075859,38.500000000
19.643911362,8.552318573,49.500000000
21.415271759,6.321017742,7.000000000
22.066003799,9.529768944,28.000000000
20.506971359,9.197144508,61.000000000
19.522739410,8.626692772,47.500000000
21.652959824,10.274658203,27.000000000
23.248899460,8.902711868,5.500000000
19.894123077,8.462402344,52.000000000
19.534633636,8.898781776,51.000000000
20.935407639,8.942394257,58.000000000
21.649021149,8.742421150,39.500000000
20.205224991,8.395368576,55.000000000
18.920040131,7.408868790,17.500000000
19.373517990,10.278064728,22.500000000
21.447935104,10.351600647,30.000000000
19.220462799,7.008011818,16.500000000
19.892618179,9.152455330,56.500000000
21.051364899,10.024608612,44.500000000
20.836954117,10.719305038,24.000000000
20.330068588,8.063557625,51.500000000
18.871456146,8.087665558,30.000000000
20.794794083,8.087916374,51.000000000
21.489418030,10.388964653,27.000000000
18.183088303,9.840688705,8.500000000
18.313070297,9.378135681,15.500000000
21.777545929,9.041492462,37.000000000
19.272985458,8.391205788,42.000000000
20.291028976,8.794391632,59.500000000
20.349779129,8.866753578,62.000000000
20.766155243,7.768063068,39.500000000
20.310655594,10.494897842,32.000000000
20.168029785,8.532800674,55.500000000
21.630872726,6.417451859,7.500000000
21.734054565,8.344733238,34.000000000
20.716604233,9.072957993,61.500000000
21.495143890,8.709041595,44.500000000
19.874649048,10.274482727,33.500000000
18.188501358,8.996971130,14.000000000
19.204750061,8.215063095,37.500000000
22.563932419,8.932041168,16.000000000
20.747745514,7.195073605,25.000000000
19.823631287,9.173193932,54.500000000
20.907432556,9.593523026,52.500000000
20.561302185,9.503641129,57.500000000
21.006456375,7.146896362,24.500000000
20.589681625,9.744539261,53.000000000
21.142555237,8.612777710,55.000000000
19.747049332,7.858324528,39.500000000
20.421621323,10.109716415,42.000000000
18.600872040,8.316744804,22.500000000
19.412872314,9.761593819,37.000000000
19.998365402,8.505998611,54.500000000
20.335725784,9.422029495,57.500000000
20.160285950,5.930493355,6.000000000
21.095987320,9.415679932,51.000000000
20.333133698,7.892600060,45.500000000
20.904455185,9.355872154,57.000000000
20.082641602,8.759904861,58.500000000
19.622518539,8.798047066,52.000000000
19.002244949,9.393955231,31.000000000
19.608306885,9.214739799,51.000000000
19.146711349,8.386578560,38.500000000
20.442186356,7.315936565,30.000000000
20.667823792,8.597489357,59.000000000
18.810319901,7.673393726,20.000000000
21.157794952,9.872192383,43.500000000
20.420766830,9.381398201,59.500000000
20.776517868,9.306259155,59.000000000
21.838659286,7.469638348,17.000000000
21.229135513,8.594627380,52.500000000
20.328416824,8.674386978,59.000000000
20.177528381,7.750440598,41.000000000
20.736015320,10.647579193,26.000000000
20.496541977,8.975251198,61.500000000
19.865375519,8.859162331,56.000000000
21.018840790,8.606393814,56.500000000
20.098871231,9.379900932,55.000000000
19.634670258,9.229133606,51.500000000
21.372997284,10.336585045,32.000000000
20.462293625,10.344233513,37.000000000
21.587085724,7.980423927,30.000000000
19.334735870,8.671672821,43.500000000
21.581611633,8.904349327,42.500000000
19.952016830,10.528880119,27.000000000
20.839580536,6.656042099,14.500000000
20.869834900,9.496677399,56.500000000
20.778284073,9.426348686,58.000000000
20.485399246,7.658240795,36.500000000
20.181970596,8.031021118,48.500000000
19.619934082,7.713568211,33.500000000
21.005165100,9.074532509,57.500000000
20.104509354,8.327299118,52.500000000
20.529253006,10.055830956,44.000000000
18.548460007,9.353512764,21.000000000
20.006963730,7.092050552,25.000000000
18.606971741,8.063853264,20.500000000
20.772184372,9.369699478,58.500000000
19.613693237,9.993658066,35.500000000
21.975658417,9.372723579,31.500000000
19.961273193,10.101056099,38.500000000
21.308071136,9.844043732,41.500000000
19.896211624,6.142082214,6.500000000
22.669466019,7.365758419,5.000000000
20.516906738,11.357381821,12.000000000
20.883251190,9.925883293,49.000000000
19.050277710,7.198969841,17.000000000
20.019971848,10.067386627,40.000000000
20.206426620,8.182000160,51.500000000
20.750642776,10.058571815,46.500000000
19.107734680,7.766093731,27.000000000
19.764005661,10.071274757,36.500000000
20.787496567,11.108790398,16.000000000
21.489120483,8.941541672,45.000000000
21.817752838,9.188133240,35.000000000
19.847753525,9.656611443,44.500000000
19.856348038,8.686239243,54.500000000
21.880458832,8.875354767,32.500000000
19.749534607,8.512298584,52.500000000
21.574466705,8.424096107,40.000000000
20.165803909,8.466343880,55.000000000
20.736600876,8.591146469,59.500000000
18.950839996,8.089455605,31.500000000
19.619886398,10.219956398,30.500000000
21.365348816,9.563896179,41.500000000
20.047317505,8.160844803,49.000000000
20.045158386,7.924756527,45.000000000
23.049875259,6.731315136,2.500000000
21.116683960,7.692084312,36.000000000
20.448331833,7.988634586,51.000000000
19.375045776,7.836440086,32.000000000
22.307661057,8.843647957,21.000000000
19.786973953,9.532423973,46.000000000
20.563024521,9.696670532,54.000000000
18.728418350,9.280240059,25.000000000
21.325370789,7.315038204,22.500000000
21.000869751,10.672818184,24.500000000
20.537817001,9.798042297,51.000000000
21.223245621,8.269130707,47.000000000
20.592441559,7.409641743,31.500000000
20.101371765,9.242324829,58.000000000
21.275775909,9.001248360,51.000000000
21.272659302,7.873730183,38.000000000
20.450977325,8.995916367,61.500000000
-13.419448853,28.964656830,25.500000000
-15.768056870,29.200174332,59.500000000
-16.188154221,29.371576309,52.000000000
-15.634095192,27.387495041,24.000000000
-15.327626228,28.861280441,66.000000000
-16.901462555,29.111688614,27.000000000
-13.779684067,29.700126648,33.000000000
-14.657113075,27.837326050,37.500000000
-14.792141914,29.327272415,64.000000000
-14.739995003,29.601451874,58.000000000
-16.628820419,29.137422562,38.500000000
-16.026910782,29.128738403,55.500000000
-16.166440964,30.491292953,29.000000000
-16.128011703,28.279880524,44.500000000
-15.194454193,28.101722717,51.000000000
-15.693703651,28.348857880,56.000000000
-13.857868195,29.964626312,33.500000000
-15.326509476,28.787605286,66.500000000
-14.328122139,29.584026337,50.000000000
-14.770987511,29.152629852,64.500000000
-16.957269669,29.066356659,26.000000000
-15.801529884,29.823877335,53.500000000
-14.257197380,28.520872116,49.500000000
-14.800655365,30.914701462,25.000000000
-15.936753273,30.860744476,21.500000000
-16.121625900,29.201782227,54.000000000
-15.280185699,29.190320969,66.500000000
-16.106718063,28.587638855,47.000000000
-15.936759949,29.505784988,58.000000000
-14.939004898,31.404766083,15.000000000
-13.898051262,28.668979645,37.000000000
-14.944170952,30.175941467,48.500000000
-15.238438606,29.109180450,67.000000000
-15.217465401,30.046098709,54.000000000
-16.117361069,28.853153229,51.000000000
-14.798606873,29.490270615,62.000000000
-15.029457092,28.809020996,67.000000000
-14.296504021,31.312690735,12.500000000
-14.862624168,28.985645294,67.500000000
-14.513299942,28.639690399,53.500000000
-16.018730164,29.211631775,55.500000000
-17.851837158,28.024871826,3.500000000
-15.617001534,27.825433731,38.500000000
-16.301683426,28.742074966,44.500000000
-16.912006378,28.772750854,28.500000000
-15.804309845,29.204227448,58.500000000
-14.114855766,29.351327896,43.000000000
-15.247978210,29.278276443,67.000000000
-15.041646957,28.162084579,53.000000000
-15.383815765,29.487573624,64.000000000
-16.639801025,30.044475555,25.500000000
-14.187664032,28.547447205,46.500000000
-15.510377884,28.300632477,57.000000000
-14.569659233,28.117599487,43.000000000
-15.491517067,28.319902420,57.500000000
-15.218086243,27.384593964,24.500000000
-13.942578316,28.214216232,30.500000000
-15.209145546,28.966299057,67.500000000
-16.031154633,28.291042328,47.000000000
-14.332641602,28.653181076,50.000000000
-14.997869492,28.377325058,59.500000000
-15.916221619,29.651069641,57.000000000
-14.338631630,29.003505707,51.000000000
-16.690959930,31.176778793,7.500000000
-16.125589371,27.637235641,26.500000000
-12.674615860,28.774789810,10.000000000
-16.730772018,28.495382309,30.500000000
-14.901494980,29.369134903,63.000000000
-16.120769501,31.001546860,16.500000000
-15.790619850,27.994136810,43.500000000
-14.308346748,30.507884979,29.500000000
-16.086532593,27.777475357,33.500000000
-14.238601685,27.131498337,12.500000000
-16.495662689,30.146268845,26.500000000
-15.324392319,28.914884567,65.000000000
-14.916223526,29.026048660,67.500000000
-16.567726135,30.454898834,21.000000000
-13.944025993,29.384155273,40.500000000
-15.223906517,31.518447876,14.000000000
-15.545473099,28.919244766,63.500000000
-14.904559135,30.650144577,32.000000000
-13.676269531,28.920249939,30.000000000
-14.960708618,27.800739288,38.500000000
-15.581016541,28.338531494,57.000000000
-16.275871277,30.860399246,18.500000000
-16.061326981,28.647216797,49.000000000
-14.903191566,30.476648331,39.000000000
-14.787924767,31.938177109,6.000000000
-15.343708038,29.437538147,65.000000000
-14.993439674,30.613872528,33.000000000
-14.761800766,29.062593460,64.500000000
-16.216527939,29.423265457,52.500000000
-13.867694855,28.768440247,37.500000000
-14.740096092,29.424970627,63.000000000
-14.405520439,28.374069214,47.500000000
-12.922392845,27.899662018,8.000000000
-15.634591103,30.116914749,51.000000000
-14.972307205,30.008808136,51.000000000
-15.765142441,29.104017258,59.500000000
-15.256808281,30.748083115,32.500000000
-14.578611374,29.975494385,48.000000000
-15.926966667,30.147705078,45.000000000
-15.043458939,30.567968369,34.500000000
-13.254980087,28.872056961,18.500000000
-15.675343513,28.314777374,55.500000000
-15.412619591,28.796796799,65.000000000
-14.909535408,29.034255981,68.000000000
-15.630639076,30.243408203,50.000000000
-16.206920624,29.611930847,50.500000000
-15.674982071,29.903190613,53.500000000
-13.883778572,28.875724792,37.500000000
-14.828007698,29.357616425,64.000000000
-16.068462372,29.419610977,54.000000000
-14.979919434,29.591693878,62.500000000
-15.467438698,29.273014069,66.000000000
-16.416650772,28.820709229,41.000000000
-14.713077545,30.071296692,45.500000000
-15.691354752,29.283536911,61.500000000
-15.040987015,29.380302429,66.500000000
-14.728266716,27.360744476,21.500000000
-15.318364143,29.417856216,65.500000000
-16.269371033,30.852807999,18.500000000
-15.107481003,30.742227554,30.500000000
-16.059562683,28.271522522,46.000000000
-15.044788361,27.500133514,28.000000000
-15.054074287,29.276041031,69.000000000
-14.253375053,29.879863739,43.000000000
-15.686517715,28.081325531,48.500000000
-13.556735039,28.386707306,22.000000000
-16.314563751,28.093967438,36.000000000
-14.151734352,28.659921646,46.500000000
-16.022745132,29.316513062,53.500000000
-15.475984573,28.500726700,59.000000000
-14.515048981,30.244138718,37.000000000
-14.283722878,29.945741653,42.500000000
-14.866415024,27.402935028,24.000000000
-13.599789619,29.480812073,30.000000000
-14.660883904,30.293785095,39.000000000
-13.835687637,29.597221375,35.500000000
-14.833494186,28.579597473,60.000000000
-15.235950470,28.324661255,57.500000000
-15.988980293,28.285247803,47.500000000
-15.425064087,30.227916718,49.500000000
-12.098065376,29.368322372,3.000000000
-16.617452621,30.443805695,20.000000000
-15.569824219,28.518213272,60.000000000
-15.059190750,27.938198090,45.500000000
-15.046576500,29.090446472,69.000000000
-15.170661926,29.560239792,63.000000000
-15.201547623,29.195159912,67.500000000
-14.984725952,29.594223022,62.500000000
-16.300521851,27.748830795,29.500000000
-15.330677986,27.746088028,36.500000000
-15.181509018,30.117568970,52.500000000
-14.661928177,28.130651474,47.000000000
-16.129302979,29.507123947,52.500000000
-15.670337677,28.862167358,60.500000000
-14.672133446,28.191535950,50.000000000
-15.670274734,28.378740311,58.000000000
-16.312170029,28.321744919,40.000000000
-14.591577530,29.230642319,60.500000000
-16.148200989,28.947721481,51.500000000
-16.907848358,28.445508957,27.000000000
-13.119465828,29.088579178,18.500000000
-14.537381172,29.113334656,58.000000000
-14.920870781,29.842081070,53.500000000
-16.373657227,29.147886276,45.500000000
-13.690175056,28.383321762,26.500000000
-15.835479736,28.871131897,57.500000000
-15.000016212,29.703741074,59.500000000
-14.001628876,29.678319931,39.500000000
-15.331092834,30.437990189,43.000000000
-14.564929008,27.683143616,30.500000000
-12.742671967,30.948743820,1.500000000
-15.437253952,29.556732178,62.500000000
-13.944681168,29.006622314,41.000000000
-14.538688660,30.283401489,37.000000000
-16.283866882,28.576490402,43.500000000
-14.347631454,29.639636993,49.000000000
-14.345243454,29.046255112,51.500000000
-15.558045387,27.180183411,20.000000000
-16.415040970,29.225889206,44.000000000
-14.444482803,29.710000992,49.000000000
-15.397281647,28.907051086,63.000000000
-12.265377998,78.432807922,64.000000000
-11.078012466,78.501037598,43.000000000
-13.963803291,77.082038879,20.000000000
-10.963798523,77.183441162,21.000000000
-11.718060493,78.086227417,59.000000000
-12.652316093,78.220466614,66.000000000
-11.261173248,78.161758423,48.000000000
-12.515876770,76.823799133,35.000000000
-12.275867462,78.885643005,59.000000000
-12.243412018,79.752494812,34.500000000
-12.427386284,78.653579712,63.500000000
-10.834053993,76.804588318,11.500000000
-12.938383102,79.780761719,31.000000000
-11.546428680,79.032981873,46.500000000
-11.649907112,78.681663513,56.000000000
-10.850960732,78.732360840,34.500000000
-12.242691040,78.513557434,64.000000000
-12.289693832,77.197586060,43.500000000
-11.711884499,78.224159241,57.500000000
-10.660642624,78.278945923,29.500000000
-12.061639786,78.601203918,64.500000000
-13.108115196,79.346740723,38.000000000
-10.577493668,78.339820862,27.000000000
-12.783036232,77.999572754,61.500000000
-14.374919891,78.176788330,17.500000000
-12.231559753,79.409355164,44.500000000
-11.522509575,77.938102722,52.000000000
-12.759380341,79.478507996,41.000000000
-12.656022072,77.844573975,58.000000000
-11.090039253,79.392189026,30.500000000
-12.463766098,77.760826111,59.000000000
-14.494438171,78.944305420,13.500000000
-13.378927231,76.391868591,18.000000000
-10.897737503,79.002571106,33.500000000
-13.621565819,77.140197754,29.000000000
-11.611596107,77.476631165,47.000000000
-11.186408043,78.971061707,41.500000000
-11.945960999,78.759292603,62.500000000
-12.291107178,79.235115051,52.000000000
-12.936637878,78.440551758,61.000000000
-11.730610847,78.917587280,54.000000000
-13.677544594,77.854187012,35.500000000
-12.229754448,77.946586609,62.500000000
-10.707899094,77.961448669,32.500000000
-12.644776344,79.124031067,52.000000000
-12.152025223,78.209327698,65.000000000
-13.239050865,78.656112671,49.000000000
-11.443461418,78.833694458,47.000000000
-13.260741234,80.091377258,21.500000000
-13.929135323,76.771911621,17.000000000
-11.522000313,78.580444336,53.000000000
-13.032055855,77.256027222,42.000000000
-10.161757469,78.471687317,15.500000000
-11.948356628,78.672485352,62.500000000
-12.047749519,78.894691467,58.500000000
-11.750133514,77.979377747,57.500000000
-12.774199486,76.613578796,29.500000000
-13.262862206,78.625709534,49.000000000
-11.437534332,78.953636169,44.500000000
-12.823249817,77.091430664,40.000000000
-15.259917259,79.506332397,4.000000000
-13.071786880,77.906135559,56.000000000
-12.350983620,76.949043274,36.000000000
-12.832340240,80.378074646,18.000000000
-11.977170944,78.713851929,62.500000000
-14.065052032,80.598205566,6.000000000
-13.905352592,80.276924133,11.500000000
-14.597613335,79.759963989,8.500000000
-10.864503860,77.530189514,28.000000000
-12.059977531,78.902084351,58.500000000
-13.296352386,76.905479431,30.000000000
-13.800274849,78.895606995,28.500000000
-12.567673683,77.790298462,58.500000000
-11.515789986,78.862670898,49.500000000
-13.238020897,77.153396606,35.000000000
-11.959296227,77.817016602,58.500000000
-12.383353233,79.930900574,30.000000000
-11.980229378,77.492332458,51.500000000
-12.321896553,77.401954651,50.500000000
-10.874035835,77.793022156,33.500000000
-12.275286674,78.662330627,62.500000000
-12.323307037,76.396049500,21.000000000
-13.928978920,77.902252197,29.000000000
-12.163125992,78.216819763,65.000000000
-13.439704895,77.006172180,29.000000000
-12.884115219,77.886123657,57.000000000
-11.969720840,78.028282166,60.000000000
-11.879850388,77.759948730,57.500000000
-12.738515854,78.006553650,63.000000000
-13.264925003,78.979721069,45.000000000
-13.296154022,77.832962036,47.500000000
-12.555677414,77.057220459,41.000000000
-12.807492256,77.643295288,53.500000000
-12.870712280,78.294670105,62.500000000
-13.282471657,78.134521484,51.500000000
-11.173889160,78.328804016,44.500000000
-11.337295532,78.701095581,46.000000000
-11.708396912,77.580139160,52.500000000
-12.377650261,78.488510132,64.000000000
-13.095183372,77.531768799,46.500000000
-13.972823143,79.850738525,14.500000000
-13.454960823,79.700820923,26.000000000
-12.950051308,77.492103577,48.000000000
-11.860038757,77.723411560,57.000000000
-11.914098740,78.021789551,60.500000000
-12.002133369,77.386413574,49.500000000
-11.651206970,78.842575073,53.500000000
-13.402208328,80.997535706,6.000000000
-11.942434311,80.645065308,9.500000000
-10.882289886,78.165763855,36.000000000
-12.894829750,77.951141357,58.500000000
-14.312585831,77.658767700,18.500000000
-12.235792160,79.880554199,32.000000000
-13.255330086,79.236656189,40.000000000
-13.735151291,77.768280029,32.000000000
-12.940197945,78.726409912,57.500000000
-12.025248528,79.316940308,49.000000000
-11.711720467,78.597770691,58.500000000
-12.092192650,79.943130493,31.000000000
-12.993483543,79.129325867,45.500000000
-14.290701866,78.765937805,19.500000000
-12.965806961,78.357170105,60.000000000
-11.442471504,78.519241333,51.500000000
-11.597370148,79.828361511,30.500000000
-12.093463898,79.525642395,42.000000000
-12.809118271,78.346389771,63.500000000
-13.005177498,79.397575378,38.500000000
-12.068466187,77.847366333,59.000000000
-12.327888489,79.396171570,44.000000000
-12.521825790,77.405670166,49.000000000
-12.350646019,76.374031067,20.000000000
-11.713787079,77.933273315,57.000000000
-12.951868057,79.230293274,45.000000000
-13.847721100,80.301696777,11.000000000
-12.962800026,77.831352234,57.000000000
-11.461333275,79.063293457,43.000000000
-10.031328201,78.143394470,11.500000000
-12.602964401,76.875282288,37.000000000
-12.814660072,77.633171082,52.500000000
-12.931324959,76.610412598,26.500000000
-10.821949959,76.937995911,15.000000000
-15.284760475,77.166175842,3.500000000
-13.086397171,77.205047607,40.000000000
-11.384254456,78.216758728,50.000000000
-12.457172394,78.964988708,58.500000000
-12.196545601,79.333168030,48.500000000
-13.592035294,77.807083130,39.000000000
-11.816590309,75.820045471,7.000000000
-13.857742310,78.855590820,27.500000000
-12.962806702,79.290710449,43.000000000
-11.673377037,77.156509399,38.500000000
-12.075901031,79.556297302,40.000000000
-12.335123062,77.377136230,48.500000000
-11.603167534,78.990028381,48.500000000
-11.939947128,79.070541382,53.000000000
-15.477170944,79.235534668,3.500000000
-10.674426079,78.791236877,26.500000000
-12.289828300,79.051040649,57.000000000
-12.144331932,79.006378174,56.500000000
-12.481086731,77.587898254,53.500000000
-13.486880302,77.356407166,33.000000000
-13.855600357,77.286857605,26.000000000
-10.721291542,79.108695984,26.000000000
-13.107584953,77.964210510,55.500000000
-12.369999886,77.699058533,57.500000000
-12.415040970,79.132202148,55.000000000
-12.518300056,78.690612793,62.500000000
-11.596066475,78.082466125,56.500000000
-12.197767258,78.045219421,62.500000000
-12.511086464,78.029869080,65.000000000
-13.011427879,78.528312683,57.000000000
-11.916012764,78.500907898,63.000000000
-11.983830452,77.616668701,56.500000000
-13.686292648,78.771644592,35.500000000
-11.794676781,78.404457092,60.500000000
-11.134522438,79.262298584,36.500000000
-9.801986694,78.153793335,8.500000000
-13.481406212,77.614463806,39.500000000
-13.048055649,78.830635071,51.500000000
-14.640625954,79.673149109,8.500000000
-12.721854210,78.107803345,64.000000000
-13.561901093,78.240371704,40.500000000
-12.469318390,78.232658386,65.000000000
-12.143498421,77.764968872,60.000000000
91.836738586,-22.763368607,51.000000000
92.831222534,-23.114515305,58.500000000
93.791580200,-24.334260941,32.000000000
91.877311707,-22.054475784,36.500000000
91.249671936,-24.621109009,22.500000000
93.550415039,-23.073495865,50.000000000
92.837783813,-23.403356552,60.000000000
92.763816833,-23.403808594,60.500000000
94.087997437,-23.709844589,35.500000000
92.571182251,-21.517248154,24.500000000
92.760063171,-21.079679489,16.500000000
92.627571106,-21.944280624,37.500000000
91.077209473,-23.158052444,30.000000000
91.148078918,-22.467241287,26.500000000
91.519683838,-23.027927399,43.000000000
92.450355530,-24.469900131,44.500000000
91.113189697,-23.822736740,29.500000000
94.473182678,-23.605180740,25.000000000
93.649772644,-23.368738174,45.500000000
93.609275818,-25.138607025,14.000000000
92.329360962,-22.362291336,50.500000000
92.569297791,-23.398151398,61.500000000
92.302093506,-22.162317276,44.000000000
93.030067444,-23.267673492,57.000000000
93.375610352,-22.723470688,48.000000000
92.945137024,-21.764665604,31.500000000
92.672264099,-23.033615112,61.000000000
92.089599609,-23.161581039,60.000000000
94.320312500,-23.954954147,26.500000000
91.598960876,-22.314935684,37.500000000
92.583786011,-23.215692520,62.000000000
92.687438965,-23.232574463,60.500000000
93.583084106,-24.150819778,41.000000000
91.720779419,-23.226728439,52.000000000
91.126113892,-24.684749603,19.500000000
94.599235535,-22.554227829,14.500000000
92.722496033,-22.073688507,41.500000000
91.691955566,-23.627300262,48.000000000
93.356002808,-22.421024323,44.500000000
93.245468140,-25.852935791,5.500000000
91.764472961,-22.834629059,50.000000000
92.376602173,-20.771465302,13.000000000
93.659111023,-22.753614426,45.500000000
91.615600586,-23.346992493,49.000000000
92.973754883,-22.183912277,44.000000000
93.613685608,-22.278707504,38.500000000
91.808639526,-21.899543762,32.000000000
91.352119446,-23.847610474,37.500000000
93.163322449,-23.461587906,55.500000000
91.726516724,-24.133245468,40.000000000
91.184295654,-22.779722214,29.500000000
93.993118286,-23.412090302,38.500000000
92.332206726,-24.784019470,29.500000000
93.645751953,-21.100391388,11.500000000
90.935096741,-24.375129700,20.500000000
92.052955627,-23.876014709,51.000000000
92.959899902,-21.697446823,28.500000000
93.741149902,-22.784099579,43.500000000
92.008621216,-24.431324005,37.500000000
91.935775757,-21.763629913,30.500000000
92.670806885,-23.758531570,58.500000000
92.548797607,-22.487077713,55.000000000
91.419700623,-21.896821976,25.000000000
92.889030457,-23.528039932,59.000000000
93.175399780,-23.093299866,54.500000000
92.388359070,-23.564407349,59.500000000
91.863693237,-22.655305862,48.000000000
92.200561523,-24.267953873,45.500000000
92.898414612,-21.982555389,39.000000000
92.684204102,-23.919797897,55.000000000
93.136451721,-21.374982834,22.000000000
91.280647278,-22.929492950,34.000000000
92.937637329,-22.150161743,43.500000000
93.723464966,-23.498405457,42.500000000
91.048034668,-22.505132675,25.000000000
91.897361755,-24.258436203,41.000000000
93.880905151,-24.222547531,33.000000000
94.135398865,-22.975851059,34.000000000
93.051673889,-23.004430771,55.000000000
91.094131470,-25.088085175,13.500000000
92.948104858,-22.743688583,55.500000000
92.815162659,-24.133230209,52.000000000
92.751472473,-23.393730164,60.000000000
91.775390625,-22.297723770,40.000000000
91.002273560,-22.722953796,25.500000000
93.116874695,-22.301984787,48.000000000
91.727241516,-23.210289001,52.000000000
94.903717041,-22.649621964,12.500000000
92.833129883,-22.772535324,56.000000000
92.818725586,-21.120798111,17.000000000
93.716186523,-23.397310257,43.500000000
92.984886169,-23.702493668,59.000000000
93.942405701,-24.717800140,22.500000000
91.127815247,-21.852981567,16.000000000
94.885673523,-22.843391418,12.500000000
92.845291138,-22.654428482,54.500000000
92.085494995,-23.140453339,59.500000000
92.771461487,-22.685131073,55.500000000
91.174552917,-23.818731308,30.500000000
93.577545166,-23.987289429,43.000000000
91.739189148,-21.269624710,19.000000000
92.770668030,-23.890613556,56.000000000
91.040184021,-22.582349777,25.000000000
93.431686401,-23.610456467,49.500000000
91.630325317,-23.336246490,49.500000000
91.896697998,-24.253789902,41.000000000
92.629341125,-24.363086700,46.500000000
92.979202271,-22.703702927,55.500000000
91.892921448,-24.679941177,29.500000000
94.293830872,-24.251966476,22.000000000
92.072608948,-23.098678589,58.000000000
93.331924438,-23.568012238,50.500000000
93.193344116,-23.712682724,53.500000000
91.761383057,-21.885379791,32.500000000
95.220993042,-21.615726471,3.000000000
92.874359131,-21.478260040,23.000000000
93.088256836,-23.788982391,57.500000000
93.198928833,-23.406087875,52.500000000
91.749435425,-24.210018158,39.500000000
93.534606934,-25.158227921,15.000000000
93.336685181,-24.941280365,26.500000000
90.611373901,-25.150543213,7.500000000
94.699317932,-23.507930756,19.000000000
92.819137573,-21.892440796,36.500000000
93.666732788,-24.703201294,26.000000000
93.601554871,-23.127515793,47.000000000
92.390876770,-23.287405014,64.000000000
94.012367249,-24.197662354,30.500000000
93.133438110,-23.321353912,56.000000000
90.935386658,-24.113948822,22.500000000
92.925765991,-22.014354706,40.000000000
93.733886719,-22.714483261,42.500000000
91.917274475,-21.510482788,23.500000000
92.947792053,-24.318061829,44.500000000
92.549644470,-22.415447235,52.000000000
92.740173340,-22.424831390,52.500000000
93.836242676,-22.911165237,42.500000000
91.874847412,-23.176240921,53.500000000
92.777717590,-21.452350616,23.500000000
91.106231689,-23.446517944,30.500000000
92.148460388,-22.976591110,59.500000000
90.294990540,-22.196771622,9.000000000
92.746299744,-25.156396866,22.500000000
92.371437073,-22.702733994,59.000000000
91.141105652,-23.308473587,31.500000000
91.675079346,-23.867681503,43.000000000
92.759292603,-23.128246307,60.000000000
92.261810303,-23.038900375,63.000000000
93.550529480,-23.590610504,44.500000000
94.164123535,-21.849481583,17.000000000
92.303848267,-23.949537277,55.000000000
91.068382263,-23.438264847,29.000000000
92.369117737,-22.532644272,55.000000000
91.222892761,-23.589088440,32.000000000
93.701293945,-24.042053223,39.000000000
91.970191956,-24.758636475,26.500000000
95.353126526,-24.059169769,6.000000000
91.432205200,-24.115547180,34.500000000
91.958259583,-23.581085205,55.500000000
93.557922363,-23.610019684,44.500000000
91.809730530,-24.763034821,25.500000000
92.754409790,-23.269157410,60.500000000
94.263481140,-23.219247818,29.500000000
92.633544922,-24.362350464,46.500000000
92.426597595,-23.750169754,57.500000000
92.362388611,-24.270952225,46.500000000
93.270881653,-23.454141617,52.500000000
92.532196045,-25.025741577,25.000000000
93.226196289,-22.824680328,52.000000000
91.893424988,-22.321575165,42.000000000
91.367790222,-23.333566666,41.000000000
92.461341858,-24.628871918,37.500000000
92.922256470,-21.609125137,26.000000000
92.800186157,-23.774717331,58.500000000
93.179573059,-23.205976486,54.500000000
92.760314941,-23.737237930,58.500000000
94.154525757,-22.855333328,33.500000000
92.203880310,-23.419700623,60.500000000
91.991683960,-23.919986725,48.500000000
92.091827393,-24.446008682,38.000000000
93.509826660,-23.602737427,47.000000000
93.286682129,-23.981822968,49.000000000
92.672187805,-24.022737503,53.000000000
93.452217102,-23.560115814,49.500000000
57.614135742,4.137280941,26.500000000
58.620674133,5.070599079,55.000000000
58.329227448,5.287253857,57.500000000
59.299198151,6.323128700,42.000000000
58.792221069,5.162862778,54.000000000
58.811298370,7.493815422,28.500000000
57.512821198,5.951323032,52.500000000
56.695789337,7.177546024,18.000000000
57.947093964,6.561563015,52.000000000
56.621780396,7.576523304,12.000000000
57.988136292,6.324641228,57.000000000
58.495826721,5.523513317,61.500000000
60.030799866,4.130937576,14.000000000
58.643722534,6.689629555,48.500000000
58.315151215,5.660813332,63.500000000
58.202320099,4.551347733,40.500000000
58.383136749,6.291701317,58.000000000
58.413608551,5.506707668,61.500000000
57.855281830,5.499687195,57.500000000
59.602752686,3.692348957,13.000000000
58.385078430,5.451229095,60.000000000
59.800815582,5.834475994,33.000000000
59.829933167,3.655093908,10.000000000
58.804592133,6.059041977,59.000000000
59.735542297,4.137635231,18.000000000
58.189971924,5.845044136,63.000000000
57.849212646,6.995561600,42.500000000
58.006324768,7.813746452,21.500000000
59.399185181,6.729817867,34.500000000
58.904308319,4.715288162,43.500000000
57.913909912,6.351735115,58.000000000
59.022563934,7.086167812,37.000000000
57.877567291,4.918830395,48.500000000
59.204113007,4.969357491,42.500000000
59.218318939,6.978720188,34.000000000
58.801158905,5.421404839,58.500000000
58.386089325,6.372449875,55.500000000
58.355194092,7.977280140,18.000000000
57.354335785,4.776315212,36.500000000
57.368110657,5.189404011,45.500000000
56.166076660,5.149333477,14.500000000
57.691722870,5.857498169,58.000000000
58.762809753,4.538767815,39.500000000
59.245059967,7.581226349,20.500000000
58.136722565,7.353355408,31.000000000
58.543998718,7.767715931,21.500000000
59.462291718,4.215079308,22.000000000
58.363636017,6.833308697,45.000000000
58.375553131,5.742100239,66.000000000
59.614772797,5.069129944,35.000000000
58.362522125,6.102609634,63.000000000
58.011215210,5.758854866,60.500000000
59.120029449,6.211821556,48.000000000
57.536289215,4.674860001,37.000000000
57.555904388,5.780232430,53.000000000
58.185066223,4.947026253,51.500000000
57.746856689,4.258944511,29.000000000
58.762863159,5.738965034,58.500000000
57.085220337,5.807604313,42.000000000
59.687629700,5.039048195,33.000000000
59.660144806,5.455526352,37.000000000
58.542835236,5.876734734,64.500000000
59.746532440,5.937417984,33.000000000
57.203105927,4.468013763,25.500000000
56.812088013,4.067013741,14.000000000
58.391143799,4.820609570,47.000000000
58.264194489,5.075124741,54.500000000
57.574222565,5.298138618,50.500000000
59.048591614,6.708128929,43.000000000
58.716178894,4.789161205,47.000000000
58.988639832,6.467880726,46.500000000
58.619655609,5.175363541,55.500000000
59.053867340,6.201802731,51.000000000
55.228149414,6.423436165,3.000000000
56.431266785,6.442545414,17.500000000
58.190937042,6.972595692,44.000000000
58.246845245,4.892369747,50.000000000
58.197654724,6.838790417,45.500000000
58.371253967,5.664649010,65.000000000
59.088562012,5.989343166,51.500000000
58.339080811,7.145043850,39.500000000
59.900119781,6.392310143,23.500000000
58.059047699,7.275895119,35.000000000
59.528125763,6.497880936,35.500000000
57.128929138,5.919655800,45.000000000
57.601333618,5.619971752,55.000000000
58.585063934,5.879143238,64.000000000
57.869831085,7.051937580,42.000000000
56.648876190,6.509167671,23.000000000
56.487525940,6.161581993,21.500000000
57.458103180,6.657287598,42.000000000
58.431461334,6.026690483,62.500000000
57.326728821,5.124413967,42.000000000
58.552223206,6.362554073,55.000000000
61.274105072,6.001842499,4.500000000
59.321044922,4.222050190,23.500000000
57.015117645,5.423489094,36.000000000
57.147579193,7.265383244,25.500000000
57.934787750,7.161165714,38.500000000
59.831790924,5.821763515,30.500000000
58.846805573,5.722884655,57.000000000
58.883445740,6.262325764,54.000000000
58.221359253,6.283954144,58.000000000
60.068702698,6.492000103,18.500000000
58.670806885,5.903753281,61.000000000
57.332332611,4.751687050,36.000000000
58.668365479,4.409592628,38.000000000
57.578678131,7.060495377,35.000000000
60.259239197,4.113028049,11.500000000
59.971656799,5.567545891,27.500000000
58.330001831,5.665572166,64.000000000
59.425552368,4.171307564,22.000000000
58.801170349,4.834113598,48.500000000
58.915794373,7.321780205,32.500000000
58.344589233,6.153139114,62.000000000
58.754558563,4.979390621,52.500000000
59.856647491,7.485452175,11.500000000
59.046791077,5.852269173,54.000000000
57.883113861,5.152493954,51.000000000
60.055843353,7.193398952,13.500000000
58.281345367,4.199053288,33.500000000
55.512996674,4.695557117,3.500000000
58.214385986,7.179673195,37.500000000
57.693351746,6.283799171,53.500000000
59.648189545,5.907520294,35.500000000
58.202560425,4.470220566,39.000000000
57.142532349,6.195083618,44.000000000
58.144100189,5.901515484,62.000000000
58.297729492,6.443128109,53.500000000
57.560321808,5.443403244,50.000000000
60.241188049,4.979197979,17.000000000
58.063430786,5.189597130,54.500000000
58.789787292,6.801376343,45.000000000
57.846794128,5.347569466,53.500000000
58.066024780,6.308817863,57.500000000
57.605613708,5.403024197,51.500000000
55.972812653,4.397238731,5.500000000
58.232563019,6.676847935,49.500000000
58.640083313,4.680215359,44.000000000
56.944751740,5.953663826,36.500000000
56.692203522,6.844910622,19.500000000
58.408905029,4.171663761,32.500000000
57.379055023,5.054672718,43.500000000
57.571815491,4.289051056,28.000000000
57.470344543,5.094582558,45.500000000
57.633720398,6.906940460,42.000000000
58.449836731,4.785726547,45.500000000
58.010387421,4.899426937,49.500000000
58.045001984,6.654493332,51.000000000
58.597278595,8.064584732,15.500000000
58.720935822,4.865389347,50.000000000
59.154747009,6.858915329,39.000000000
59.439174652,4.684742928,33.500000000
58.197368622,6.910795689,45.000000000
56.660278320,5.279567242,25.000000000
56.918071747,4.846413612,26.000000000
57.332550049,7.029553890,32.500000000
58.110469818,4.915628433,49.500000000
57.309402466,5.920650959,47.000000000
58.333873749,7.123058319,40.000000000
58.845024109,4.347186089,31.500000000
57.716026306,6.849056244,43.500000000
57.723926544,7.513556004,27.000000000
57.246719360,6.351597309,44.000000000
57.483791351,5.269388676,49.000000000
59.443588257,5.651916981,43.000000000
59.158458710,6.252274513,45.500000000
59.098873138,4.890795708,43.000000000
58.123432159,6.203236580,58.500000000
57.495933533,7.408483982,27.500000000
57.567779541,5.478980541,51.000000000
57.338447571,3.635675907,11.000000000
60.141925812,5.574645042,20.000000000
57.897090912,5.580268860,59.000000000
59.764869690,4.813877106,23.500000000
59.024574280,5.355195522,52.000000000
57.748336792,6.346042156,54.000000000
59.333248138,5.265080929,46.000000000
57.576156616,4.609888077,36.000000000
59.448513031,5.203727722,40.500000000
56.495876312,7.188936234,12.500000000
56.975147247,6.558444500,35.000000000
58.528434753,6.066899300,61.500000000
57.760631561,6.144575596,57.000000000
11.941132545,85.707366943,28.500000000
15.165922165,86.003356934,23.000000000
11.589371681,84.135116577,13.000000000
13.421116829,85.606262207,62.500000000
13.502259254,84.626113892,60.500000000
14.204212189,86.283477783,40.500000000
13.376618385,85.848258972,55.500000000
11.029861450,84.181816101,7.000000000
13.287652969,84.630760193,60.000000000
13.941710472,86.133079529,44.500000000
14.115581512,84.497100830,51.000000000
12.086144447,85.676292419,30.500000000
11.770735741,85.772361755,20.000000000
13.420463562,83.943489075,42.500000000
13.896169662,85.116455078,62.500000000
13.572315216,85.035102844,65.500000000
14.028436661,86.043762207,47.000000000
14.105527878,86.131462097,44.500000000
13.564772606,86.737785339,29.500000000
14.180022240,84.575630188,53.000000000
12.515017509,85.325126648,46.500000000
12.302391052,84.145950317,28.000000000
13.847999573,84.511436462,54.000000000
12.675596237,85.084854126,53.000000000
13.681590080,84.913490295,66.000000000
13.231365204,85.973968506,53.500000000
13.951339722,84.895904541,64.000000000
16.073234558,85.313156128,8.500000000
14.740917206,84.558349609,41.500000000
12.245971680,84.327568054,31.500000000
13.340902328,84.622718811,60.500000000
14.945298195,84.999282837,41.000000000
14.070381165,85.072845459,63.000000000
13.175357819,85.157325745,64.000000000
15.322963715,84.351379395,24.000000000
14.375903130,84.093322754,40.500000000
13.149285316,85.122909546,63.500000000
13.935287476,86.602455139,33.500000000
13.558829308,84.275711060,51.500000000
14.258954048,84.755157471,55.500000000
13.847594261,85.003105164,62.500000000
11.665455818,85.627624512,20.000000000
14.192279816,86.045928955,44.000000000
15.409375191,83.924224854,17.500000000
14.125419617,85.528625488,58.000000000
13.189829826,85.516433716,62.000000000
14.108559608,83.900642395,41.000000000
13.855134964,84.201339722,49.500000000
12.957056046,83.344581604,22.000000000
13.135551453,84.915756226,62.000000000
14.158768654,85.120223999,62.500000000
12.066623688,85.981475830,26.500000000
13.490325928,85.607696533,62.000000000
14.574848175,86.541931152,28.500000000
15.570138931,85.047088623,20.000000000
13.920036316,84.040969849,45.500000000
14.670512199,83.934440613,35.000000000
11.803660393,85.949714661,20.000000000
13.087215424,85.896934509,53.500000000
14.016986847,83.489326477,29.000000000
10.889232635,84.022727966,6.000000000
13.625403404,83.897552490,43.000000000
12.956151009,83.660385132,30.000000000
13.778790474,85.210151672,65.500000000
13.127519608,86.516395569,35.000000000
15.106627464,85.684593201,32.000000000
11.809141159,84.014640808,16.000000000
14.016042709,84.490768433,50.000000000
13.121820450,86.018295288,51.000000000
14.119787216,86.433479309,38.500000000
13.179702759,86.494552612,36.500000000
13.054780960,86.618820190,32.500000000
13.714746475,84.258819580,50.500000000
11.977692604,84.817855835,28.000000000
13.352679253,85.976989746,53.000000000
13.498321533,84.686897278,62.000000000
14.685949326,84.894500732,46.500000000
13.032670021,85.693939209,55.000000000
13.119084358,85.778129578,56.500000000
13.011995316,84.896369934,59.000000000
13.761089325,84.745201111,64.500000000
13.595460892,85.934799194,52.500000000
14.019514084,85.600296021,59.000000000
12.973482132,85.972160339,49.500000000
14.278474808,86.123748779,43.000000000
12.882546425,84.946868896,57.500000000
14.242445946,84.510513306,51.500000000
13.382789612,87.045135498,22.500000000
15.560672760,86.359268188,12.500000000
14.547497749,84.100074768,39.500000000
14.121474266,84.760208130,59.000000000
12.550340652,84.610321045,47.000000000
13.724576950,84.571975708,58.500000000
13.058113098,85.911369324,53.000000000
13.753018379,85.352783203,67.000000000
13.720784187,84.443626404,54.500000000
12.238340378,85.429893494,37.000000000
13.101875305,83.108543396,17.500000000
13.216344833,84.027107239,44.500000000
14.307562828,85.640953064,53.500000000
14.105805397,84.454284668,49.000000000
14.340463638,85.438980103,55.000000000
13.199057579,84.665992737,60.000000000
14.501620293,84.645721436,50.000000000
13.912569046,86.153282166,44.500000000
15.518255234,86.783203125,8.000000000
14.509735107,83.613418579,28.500000000
12.919863701,84.571243286,53.500000000
15.262062073,84.420013428,25.000000000
13.995079041,85.220191956,63.000000000
12.673785210,85.501152039,48.000000000
14.007207870,83.863555908,41.000000000
14.831789970,83.032814026,11.500000000
13.018155098,86.091300964,46.500000000
12.415654182,85.469596863,39.500000000
12.312551498,85.026306152,41.500000000
11.295139313,84.276756287,11.000000000
12.065990448,84.717567444,31.500000000
13.193680763,84.445663452,55.000000000
14.406825066,84.232444763,42.500000000
14.243298531,86.748603821,29.000000000
13.747976303,84.261657715,50.500000000
12.359573364,84.409545898,35.500000000
14.313554764,85.274917603,57.500000000
14.545707703,85.889656067,42.000000000
13.749722481,85.592819214,61.000000000
15.464158058,86.534980774,11.000000000
13.306166649,86.109008789,51.500000000
14.194763184,86.255714417,41.500000000
14.280529022,84.145156860,45.000000000
11.989227295,85.691955566,28.500000000
15.511530876,84.343666077,17.000000000
13.420822144,84.083580017,45.500000000
14.786741257,82.814163208,9.000000000
11.345252037,85.494346619,16.000000000
13.526568413,84.639701843,60.500000000
13.307817459,85.656318665,59.500000000
13.195108414,84.022399902,44.500000000
12.681549072,86.007667542,40.500000000
13.084170341,83.734046936,34.000000000
13.711090088,85.624320984,61.500000000
14.937872887,85.337234497,40.500000000
12.949200630,85.593338013,55.500000000
14.336087227,85.080421448,59.500000000
13.564312935,85.379463196,64.500000000
13.539055824,85.369438171,65.000000000
12.586998940,83.968887329,28.500000000
12.772800446,85.761535645,47.000000000
13.867710114,86.159568787,44.000000000
13.422221184,83.975685120,42.500000000
14.753465652,85.100563049,47.000000000
14.892367363,85.717277527,37.500000000
15.797531128,84.899551392,12.500000000
14.509635925,86.010688782,42.000000000
13.053786278,84.946846008,61.500000000
12.147173882,83.570533752,15.000000000
13.735481262,85.912338257,55.500000000
14.246935844,85.459350586,57.000000000
14.471929550,84.529632568,47.500000000
13.336379051,85.856849670,55.500000000
14.042031288,84.909141541,61.000000000
14.929706573,83.827323914,25.500000000
13.090233803,84.835929871,60.000000000
14.425447464,85.121711731,56.000000000
12.347420692,85.633331299,37.500000000
14.696458817,85.858634949,39.500000000
14.228067398,83.245010376,22.500000000
12.709025383,85.601409912,47.000000000
13.554023743,85.641883850,61.500000000
12.342569351,85.057830811,41.500000000
12.219131470,83.165649414,10.000000000
13.904691696,85.961914062,53.000000000
13.854528427,85.086334229,63.000000000
12.046897888,86.125434875,24.500000000
13.564867020,87.078887939,22.500000000
14.551226616,83.114204407,17.500000000
14.363962173,83.722793579,36.000000000
12.849416733,84.868568420,56.000000000
13.514849663,85.516891479,61.000000000
12.586056709,83.968635559,28.500000000
14.209517479,85.106079102,61.000000000
13.783285141,82.925643921,16.500000000
13.431775093,84.228599548,51.500000000
12.688285828,86.041259766,39.500000000
-86.888458252,-83.667037964,37.500000000
-86.123802185,-82.123847961,60.500000000
-86.676803589,-81.339996338,30.500000000
-84.342941284,-83.455589294,26.500000000
-86.037872314,-83.352813721,57.500000000
-87.478172302,-82.271125793,32.500000000
-85.059196472,-80.562278748,16.000000000
-86.690200806,-81.237907410,26.500000000
-84.450431824,-82.376289368,37.000000000
-85.190628052,-81.700866699,46.500000000
-83.818687439,-82.096328735,20.500000000
-85.852928162,-83.440307617,57.000000000
-85.487464905,-81.549972534,45.500000000
-85.548179626,-83.354064941,56.500000000
-85.703712463,-82.703292847,64.000000000
-85.528053284,-84.235984802,29.000000000
-85.241996765,-81.978713989,52.500000000
-85.347938538,-82.577903748,62.000000000
-87.598724365,-82.593460083,29.500000000
-84.732070923,-83.434265137,34.000000000
-87.782058716,-84.114700317,12.000000000
-85.478759766,-82.201263428,61.000000000
-84.906494141,-82.629402161,52.000000000
-87.293113708,-83.392646790,33.000000000
-84.973945618,-82.433647156,53.500000000
-85.142959595,-82.139350891,53.500000000
-85.997749329,-82.748146057,65.500000000
-83.935684204,-82.159469604,23.000000000
-85.921379089,-82.118721008,63.000000000
-85.569885254,-84.731498718,15.000000000
-85.142700195,-80.753204346,20.000000000
-86.573066711,-81.120101929,26.500000000
-86.049659729,-82.280670166,64.000000000
-84.722427368,-83.294143677,38.500000000
-84.550292969,-83.788360596,26.500000000
-86.667945862,-83.167663574,51.000000000
-85.130783081,-82.915016174,55.500000000
-87.312759399,-82.790672302,39.000000000
-86.577011108,-81.842849731,48.500000000
-86.136024475,-82.503364563,66.000000000
-86.198257446,-82.140197754,60.000000000
-85.976379395,-82.248939514,63.500000000
-88.386177063,-82.476890564,11.000000000
-85.378875732,-82.773422241,60.500000000
-85.123397827,-81.835533142,47.500000000
-84.488571167,-82.469329834,38.500000000
-87.706588745,-84.859642029,7.000000000
-87.394630432,-82.612045288,36.000000000
-85.950096130,-82.297897339,65.500000000
-86.418037415,-83.310630798,52.500000000
-85.237739563,-81.918212891,51.500000000
-86.049438477,-82.612617493,65.000000000
-85.388473511,-82.069793701,58.500000000
-86.936767578,-83.293716431,43.000000000
-87.023330688,-83.081047058,43.500000000
-84.980453491,-82.027870178,49.000000000
-86.890884399,-82.061874390,42.500000000
-85.706947327,-83.068069458,62.000000000
-87.199249268,-82.748962402,42.000000000
-85.112846375,-84.737236023,14.000000000
-86.188911438,-80.319854736,9.500000000
-85.120155334,-82.314308167,54.000000000
-86.529975891,-83.252471924,51.500000000
-85.876075745,-80.971275330,29.500000000
-85.327201843,-83.446296692,48.500000000
-84.616004944,-82.866737366,41.000000000
-84.095443726,-83.140739441,23.500000000
-86.796051025,-82.399513245,49.000000000
-84.810462952,-81.536697388,34.500000000
-85.633598328,-83.562232971,51.000000000
-86.298126221,-84.592422485,19.000000000
-86.705909729,-82.752593994,53.000000000
-85.403785706,-82.913597107,60.500000000
-85.849769592,-82.970329285,63.000000000
-85.041763306,-83.473251343,40.500000000
-84.955238342,-80.613258362,16.000000000
-85.319999695,-83.101234436,56.000000000
-86.329055786,-81.364303589,38.000000000
-86.919380188,-83.527946472,39.500000000
-86.957237244,-83.852653503,32.000000000
-86.837608337,-81.784233093,38.500000000
-84.690505981,-83.271209717,38.000000000
-85.585456848,-81.814987183,52.500000000
-85.692222595,-83.529083252,53.500000000
-87.263191223,-81.563713074,25.500000000
-85.296607971,-81.997184753,54.000000000
-86.900436401,-82.339164734,46.500000000
-85.163787842,-82.260108948,55.500000000
-86.537811279,-81.561882019,40.500000000
-87.320419312,-81.645401001,26.500000000
-84.711730957,-81.001808167,22.000000000
-86.135276794,-83.573570251,49.500000000
-84.998908997,-83.273353577,45.500000000
-85.748794556,-82.891601562,62.500000000
-86.694862366,-82.253143311,50.500000000
-87.184806824,-81.981933594,35.500000000
-86.759719849,-84.305870056,22.000000000
-85.842895508,-82.142509460,62.500000000
-85.215850830,-81.755783081,47.500000000
-88.146430969,-83.579284668,11.500000000
-85.686134338,-81.055137634,30.000000000
-85.009040833,-80.672798157,17.500000000
-86.317726135,-82.299720764,63.500000000
-86.892761230,-82.978492737,48.000000000
-86.528083801,-83.208129883,52.000000000
-86.186241150,-82.571418762,66.500000000
-85.770576477,-82.030685425,60.500000000
-85.652801514,-82.918182373,62.500000000
-86.315368652,-82.881271362,60.500000000
-86.241828918,-82.083168030,59.000000000
-84.927261353,-81.300094604,31.500000000
-86.590492249,-82.104766846,52.000000000
-87.187469482,-82.200965881,37.500000000
-84.710113525,-82.723731995,46.500000000
-84.720153809,-83.712707520,31.000000000
-86.681434631,-82.709953308,53.000000000
-84.770576477,-82.991569519,47.000000000
-86.246337891,-83.565765381,47.000000000
-85.589904785,-81.327445984,39.000000000
-85.092109680,-81.877487183,48.000000000
-85.999763489,-83.137451172,61.000000000
-85.115539551,-82.606048584,56.000000000
-85.966400146,-81.675895691,52.500000000
-85.990577698,-83.411918640,57.500000000
-84.883598328,-82.493423462,52.500000000
-86.829818726,-83.687042236,37.500000000
-85.697380066,-80.236732483,12.000000000
-86.185607910,-82.910415649,61.500000000
-84.269020081,-82.631423950,30.000000000
-87.241256714,-84.146934509,18.500000000
-84.566123962,-81.907783508,35.500000000
-84.966659546,-82.631896973,52.000000000
-86.519500732,-82.791305542,57.000000000
-85.656753540,-83.412452698,54.500000000
-85.231338501,-83.833732605,36.000000000
-86.125549316,-82.778144836,64.500000000
-86.483810425,-84.779647827,14.500000000
-85.344917297,-83.329887390,52.500000000
-84.467079163,-82.916122437,35.000000000
-86.334144592,-82.482620239,63.500000000
-84.739349365,-83.137550354,42.000000000
-84.778053284,-81.133834839,24.000000000
-84.802467346,-80.947708130,20.500000000
-84.500144958,-81.059257507,20.500000000
-84.188461304,-82.366073608,29.000000000
-86.222015381,-84.836380005,14.000000000
-87.115524292,-83.022422791,42.500000000
-86.174522400,-82.726936340,65.500000000
-86.793548584,-84.169914246,26.500000000
-85.923011780,-82.763557434,65.500000000
-86.600341797,-83.316291809,50.000000000
-86.732948303,-82.970664978,51.000000000
-86.649093628,-81.314262390,31.000000000
-85.551788330,-83.546455383,51.000000000
-86.073234558,-83.754425049,43.500000000
-84.780616760,-81.189956665,26.500000000
-84.540786743,-83.718833923,26.500000000
-85.884056091,-82.975708008,63.500000000
-85.230773926,-83.582046509,41.500000000
-86.468681335,-82.987358093,56.000000000
-85.639503479,-81.880012512,54.000000000
-86.121513367,-81.910171509,56.500000000
-84.970710754,-82.787353516,53.000000000
-87.038444519,-83.745330811,33.000000000
-85.201065063,-83.050361633,54.500000000
-87.505416870,-81.961189270,27.000000000
-85.663230896,-83.980110168,38.000000000
-84.613365173,-81.737503052,34.500000000
-85.654045105,-83.848457336,41.500000000
-87.195121765,-82.881210327,42.000000000
-87.506706238,-82.169059753,30.000000000
-87.203613281,-82.409225464,41.000000000
-86.080917358,-81.862358093,55.500000000
-86.730735779,-82.300407410,50.000000000
-87.187629700,-81.778587341,31.500000000
-85.907752991,-82.078292847,60.000000000
-87.113311768,-82.075057983,37.500000000
-85.486587524,-82.210441589,61.000000000
-85.480155945,-82.767601013,62.000000000
-84.551490784,-82.730041504,39.000000000
-86.531959534,-82.632865906,58.000000000
-86.743309021,-83.038139343,50.000000000
-85.970031738,-82.953697205,65.000000000
-85.593391418,-80.628379822,20.500000000
-95.385368347,67.596267700,36.500000000
-96.460029602,65.936950684,55.500000000
-96.334495544,67.376861572,52.500000000
-98.104438782,65.490806580,12.500000000
-95.853981018,66.299873352,59.000000000
-93.988594055,66.971649170,13.000000000
-96.618515015,64.946365356,30.500000000
-96.296882629,65.220748901,39.000000000
-95.489570618,66.685073853,53.000000000
-95.636291504,68.603149414,16.500000000
-96.863784790,66.331565857,54.000000000
-97.168838501,66.443367004,44.500000000
-94.363044739,67.092689514,17.500000000
-96.070808411,66.775596619,58.500000000
-97.167175293,66.130233765,46.000000000
-95.871070862,66.623390198,58.500000000
-97.486938477,66.851593018,37.000000000
-95.677124023,66.146919250,59.000000000
-95.952148438,65.040473938,35.000000000
-97.436119080,66.658653259,37.500000000
-96.624046326,66.512413025,58.000000000
-95.116828918,66.350036621,44.000000000
-98.766990662,66.373313904,7.500000000
-96.437362671,66.289276123,59.500000000
-95.056587219,64.945442200,26.000000000
-95.712364197,68.094276428,28.000000000
-96.582260132,66.996299744,55.000000000
-94.990013123,66.734199524,39.000000000
-96.641418457,65.814445496,52.500000000
-95.212516785,67.116119385,40.500000000
-96.742790222,65.347496033,40.000000000
-97.237129211,68.185623169,23.500000000
-96.024269104,68.884201050,13.500000000
-95.400772095,66.963493347,47.000000000
-95.650047302,67.523117065,42.000000000
-96.922386169,68.683982849,15.500000000
-96.056625366,65.820571899,56.500000000
-95.653762817,67.616310120,40.000000000
-96.963874817,67.090835571,44.500000000
-96.672767639,66.017692566,53.500000000
-96.445800781,67.287513733,53.000000000
-97.065391541,66.716583252,47.000000000
-96.299736023,65.676757812,50.500000000
-97.169845581,65.321083069,34.000000000
-97.590118408,67.420135498,28.000000000
-96.197975159,66.682624817,60.500000000
-94.778129578,65.303848267,26.000000000
-96.897865295,66.778686523,51.000000000
-97.780403137,65.945259094,26.000000000
-96.881210327,66.853492737,50.500000000
-96.382133484,68.532119751,19.000000000
-95.018432617,65.670730591,36.500000000
-96.343635559,66.176383972,60.500000000
-92.649749756,65.013771057,2.000000000
-95.752777100,64.439537048,20.000000000
-95.963256836,68.433860779,20.000000000
-96.364776611,67.628524780,43.000000000
-96.022438049,66.101470947,60.500000000
-96.207977295,65.937065125,57.000000000
-96.582382202,65.193771362,38.000000000
-94.449516296,66.130889893,26.500000000
-95.662544250,65.647438049,50.000000000
-94.839332581,66.250411987,35.500000000
-96.047355652,64.694992065,29.000000000
-95.560340881,68.335472107,19.500000000
-96.825401306,66.065742493,54.000000000
-97.094642639,66.653129578,45.500000000
-95.892295837,67.229049683,53.000000000
-95.404846191,65.711456299,46.500000000
-95.731369019,66.195671082,59.500000000
-97.047355652,66.397109985,49.500000000
-92.154663086,68.839141846,1.000000000
-95.816490173,68.262825012,25.000000000
-96.001701355,66.470832825,60.500000000
-97.905891418,65.563865662,19.000000000
-96.739822388,66.631484985,56.500000000
-95.942337036,65.945030212,59.500000000
-96.545135498,66.357818604,58.500000000
-97.337730408,65.911331177,36.000000000
-96.337608337,65.275016785,40.000000000
-96.286560059,65.689163208,50.500000000
-94.720939636,66.280166626,33.000000000
-96.145866394,66.951995850,61.000000000
-95.399353027,64.787727356,26.500000000
-96.333106995,65.614936829,51.500000000
-96.101493835,65.987640381,59.000000000
-95.799247742,65.543510437,49.000000000
-96.524085999,65.932807922,55.000000000
-94.873725891,66.891975403,34.500000000
-95.587432861,66.237648010,58.000000000
-96.341041565,67.084968567,60.000000000
-95.178886414,66.539115906,46.500000000
-94.814674377,67.798126221,21.000000000
-97.621017456,66.954345703,32.500000000
-95.998924255,66.912254333,60.000000000
-94.840347290,65.603431702,31.000000000
-97.576591492,67.630157471,26.000000000
-96.954803467,65.837753296,48.500000000
-95.751701355,65.837867737,56.000000000
-97.548530579,66.558158875,34.000000000
-96.737808228,67.121826172,51.500000000
-96.462394714,65.835525513,54.500000000
-96.166320801,67.576126099,45.000000000
-95.048416138,65.430740356,35.500000000
-93.156616211,66.198196411,3.000000000
-97.108734131,67.412200928,38.000000000
-96.317993164,68.677688599,16.000000000
-95.108909607,66.325248718,43.500000000
-94.381011963,67.373085022,16.000000000
-97.185218811,67.412361145,35.000000000
-96.472808838,66.440643311,60.000000000
-95.825263977,65.644874573,50.500000000
-97.289665222,66.891754150,41.000000000
-97.344551086,63.948764801,5.000000000
-96.792427063,66.855064392,52.000000000
-96.226203918,67.791099548,38.000000000
-95.772567749,65.757659912,54.500000000
-96.395904541,65.087425232,38.000000000
-94.870521545,65.142868042,26.500000000
-96.876731873,66.363685608,53.000000000
-95.953964233,65.021316528,34.500000000
-96.861854553,66.789009094,52.000000000
-94.826599121,66.872970581,32.000000000
-95.982131958,64.961563110,33.500000000
-96.573661804,67.045463562,55.000000000
-94.875373840,67.413345337,29.500000000
-95.818252563,67.728569031,38.500000000
-93.074859619,65.930107117,3.000000000
-96.719436646,68.042449951,32.000000000
-95.720855713,66.636276245,57.000000000
-95.563949585,65.869483948,52.000000000
-96.991119385,65.746818542,47.000000000
-94.710372925,65.087326050,20.000000000
-95.457664490,65.966278076,49.000000000
-96.309684753,67.266921997,55.500000000
-95.112335205,66.866943359,42.000000000
-97.829437256,68.094932556,13.000000000
-94.646125793,66.615402222,30.500000000
-95.946060181,68.325416565,25.000000000
-95.009094238,66.494674683,40.500000000
-96.248657227,66.330429077,61.500000000
-94.779090881,67.563957214,25.000000000
-97.569740295,66.988609314,33.500000000
-95.092201233,65.017509460,28.500000000
-95.959281921,64.746925354,30.500000000
-95.826828003,64.440734863,19.500000000
-96.638069153,65.912902832,52.500000000
-96.665168762,67.975494385,33.000000000
-95.420806885,66.124397278,51.500000000
-96.889396667,66.285194397,53.500000000
-96.985435486,67.497047424,39.500000000
-93.959556580,67.577171326,8.500000000
-95.624633789,66.358337402,58.500000000
-96.361427307,68.269256592,25.000000000
-96.532257080,68.085067749,30.500000000
-97.087860107,66.227737427,47.500000000
-97.670379639,66.683204651,32.000000000
-97.220046997,68.189018250,23.500000000
-95.544044495,67.061363220,49.500000000
-95.673645020,65.431427002,43.500000000
-95.832199097,68.361053467,22.000000000
-95.947769165,65.506950378,48.000000000
-97.808662415,65.810638428,24.500000000
-97.718551636,67.354484558,26.000000000
-95.175155640,65.648284912,42.000000000
-95.342338562,65.947517395,46.000000000
-96.001937866,66.895927429,60.000000000
-96.400283813,66.942169189,59.500000000
-97.642051697,66.641441345,32.000000000
-95.991271973,64.477577209,22.000000000
-97.766014099,64.664443970,7.500000000
-95.542015076,66.647926331,53.500000000
-95.682365417,65.197593689,40.000000000
-94.817344666,67.506813049,26.000000000
-96.723281860,67.700027466,41.000000000
-96.207244873,64.747764587,28.500000000
-97.589012146,67.257690430,29.500000000
-96.060371399,67.405197144,49.000000000
-96.044692993,66.791641235,59.000000000
-93.832794189,67.920814514,6.000000000
-96.389144897,66.898941040,59.500000000
-95.461875916,67.285362244,44.000000000
-95.885314941,66.030433655,59.500000000
-95.959945679,66.043678284,59.500000000
57.314716339,75.243156433,15.500000000
55.427734375,74.430725098,60.000000000
55.465892792,75.195671082,43.000000000
56.680229187,74.571037292,42.500000000
56.502613068,74.663002014,44.500000000
56.805412292,74.533561707,37.500000000
55.783248901,73.425201416,56.500000000
54.059600830,73.974578857,31.000000000
54.890293121,74.062438965,55.000000000
56.771839142,74.175254822,41.000000000
55.216346741,73.149299622,46.000000000
54.201213837,75.335235596,25.500000000
53.854660034,73.067649841,16.500000000
53.318149567,73.686286926,9.500000000
55.289066315,73.598136902,55.000000000
55.568222046,73.181167603,48.500000000
54.717693329,75.820259094,25.000000000
55.297286987,74.910087585,51.000000000
54.794578552,75.615158081,30.500000000
57.145530701,74.233451843,27.500000000
54.531818390,74.089431763,47.000000000
55.678653717,74.242050171,62.500000000
54.653129578,72.479431152,24.500000000
55.793712616,73.992141724,61.500000000
55.633426666,75.029228210,49.500000000
54.156188965,75.013122559,29.500000000
54.888122559,73.607208252,49.500000000
54.805572510,74.092048645,54.000000000
53.725532532,73.434341431,19.000000000
55.115592957,75.266357422,40.000000000
55.782047272,74.697944641,57.000000000
55.637287140,72.953529358,43.000000000
56.538555145,73.156990051,39.000000000
55.105106354,74.184532166,56.000000000
56.576889038,73.801048279,45.500000000
57.141876221,73.430953979,27.000000000
56.296939850,74.006042480,55.000000000
57.178020477,74.216835022,27.000000000
53.754035950,75.090766907,17.000000000
55.549800873,73.449371338,54.500000000
56.854316711,73.671119690,35.500000000
56.231338501,73.234046936,47.000000000
54.795219421,75.813011169,26.500000000
54.844318390,73.417655945,44.000000000
53.923030853,75.632408142,15.000000000
56.029350281,74.240211487,59.000000000
56.606487274,72.673095703,29.500000000
55.090301514,73.910995483,56.500000000
54.082878113,75.313858032,22.000000000
55.612922668,73.679138184,59.000000000
55.867576599,73.249847412,50.000000000
55.676464081,77.429969788,2.500000000
56.236030579,75.670738220,27.500000000
55.276268005,73.250862122,48.500000000
55.941055298,72.660728455,35.000000000
53.324394226,74.734024048,13.000000000
56.272689819,74.836280823,45.000000000
55.659519196,75.980804443,24.000000000
55.544021606,73.448463440,54.000000000
52.624851227,73.955261230,4.000000000
56.463226318,74.009292603,50.000000000
56.755573273,76.297309875,8.000000000
55.458000183,75.233680725,42.000000000
54.045497894,75.033752441,24.000000000
55.694839478,73.781036377,62.000000000
55.467952728,73.846122742,61.000000000
55.322547913,74.201103210,59.500000000
55.457057953,72.846633911,38.500000000
56.048404694,73.394561768,54.000000000
56.679336548,73.968605042,43.000000000
55.758373260,71.953201294,18.000000000
54.374671936,74.942047119,35.500000000
54.897533417,73.469993591,47.000000000
55.353408813,75.366172791,38.500000000
56.005489349,75.312690735,36.500000000
55.363601685,74.215606689,61.500000000
54.428108215,75.180458069,34.000000000
55.739997864,74.046562195,61.500000000
55.969665527,75.449218750,33.500000000
55.416854858,75.665466309,33.500000000
54.779827118,74.424613953,51.500000000
57.640567780,73.512611389,17.000000000
55.876605988,74.879936218,52.000000000
55.493450165,72.502075195,31.000000000
54.575389862,74.583358765,47.000000000
56.522865295,74.786987305,43.000000000
56.777782440,74.074417114,41.000000000
55.839584351,72.483558655,30.500000000
55.948680878,74.615112305,56.500000000
55.048137665,74.646430969,55.000000000
53.815460205,74.753532410,22.000000000
55.931632996,76.113037109,21.500000000
57.044437408,75.509407043,19.500000000
56.448745728,74.649047852,47.000000000
54.449718475,73.667335510,39.500000000
57.458080292,72.546264648,9.000000000
55.181068420,72.583198547,30.500000000
57.082302094,73.436645508,29.000000000
57.175884247,73.588668823,26.500000000
55.127216339,75.280960083,39.500000000
56.570182800,71.286148071,5.000000000
56.082492828,74.602600098,54.500000000
55.841156006,73.344772339,52.500000000
55.659759521,73.604370117,59.000000000
55.842674255,73.800033569,62.500000000
55.009422302,74.166198730,54.500000000
56.433788300,74.291435242,51.000000000
55.077709198,74.338684082,58.000000000
56.701141357,75.597831726,25.000000000
56.838901520,74.539810181,36.000000000
54.622226715,72.636878967,28.000000000
55.428970337,72.593246460,32.500000000
54.846565247,73.832305908,53.500000000
55.147140503,73.674514771,56.000000000
54.303344727,74.233894348,40.000000000
56.627857208,73.454292297,41.000000000
56.357105255,76.665153503,8.000000000
55.539539337,74.653640747,60.000000000
55.828121185,74.972053528,47.500000000
53.912700653,72.945472717,16.000000000
55.774814606,74.889389038,51.000000000
55.761875153,72.337860107,29.000000000
54.807735443,73.207725525,40.500000000
56.020343781,73.240386963,49.000000000
54.950542450,75.087173462,41.000000000
56.966667175,73.589157104,34.000000000
56.056251526,72.120948792,21.000000000
55.829677582,75.192405701,43.000000000
56.158130646,74.103492737,57.000000000
55.242706299,73.355636597,50.500000000
55.452266693,72.450988770,29.500000000
57.241809845,74.566642761,23.500000000
55.528911591,73.382621765,51.500000000
55.561012268,74.800224304,58.000000000
56.642799377,73.098739624,37.500000000
54.657821655,76.080657959,18.500000000
56.767944336,74.710952759,35.500000000
55.492702484,74.926452637,52.000000000
54.358116150,75.534194946,24.000000000
55.595577240,74.793289185,58.000000000
56.277568817,73.870857239,54.000000000
55.455982208,75.224014282,42.000000000
56.657848358,72.230201721,18.500000000
53.938945770,73.056205750,18.000000000
54.737804413,72.883903503,35.000000000
55.903461456,73.538726807,59.000000000
56.837474823,75.455307007,27.000000000
55.602668762,75.685890198,29.500000000
55.655563354,73.567642212,58.500000000
55.696136475,74.947288513,49.500000000
54.016887665,73.793830872,29.000000000
55.928756714,74.365516663,60.000000000
55.262912750,74.491218567,59.500000000
55.923473358,73.410522461,54.500000000
57.812950134,74.441978455,15.000000000
55.300167084,73.430709839,52.000000000
56.660758972,74.104492188,43.500000000
58.179462433,73.566505432,7.000000000
54.388744354,73.974731445,41.000000000
55.806419373,71.883979797,15.500000000
55.322181702,73.634017944,55.500000000
55.262588501,73.372207642,51.000000000
54.288158417,74.760467529,36.500000000
55.047508240,72.978729248,41.000000000
54.871414185,73.530105591,47.500000000
55.739997864,74.670768738,58.000000000
54.678169250,73.523132324,41.000000000
54.285842896,70.610130310,1.000000000
55.787143707,75.522430420,33.500000000
56.153434753,73.495368958,54.000000000
55.727828979,72.827606201,40.000000000
55.509056091,73.574722290,57.000000000
54.778636932,74.408081055,51.000000000
58.231216431,75.667877197,3.500000000
55.559276581,74.886543274,54.000000000
56.494056702,73.354888916,43.000000000
56.275253296,72.561439514,30.500000000
54.826053619,74.241180420,52.000000000
55.216564178,75.758911133,29.500000000
56.279392242,73.620391846,53.500000000
55.160770416,74.189399719,58.500000000
54.575817108,74.598045349,46.500000000
54.256050110,74.625442505,35.500000000
55.466754913,74.417045593,61.000000000
94.711082458,60.076698303,43.500000000
98.136016846,59.374496460,9.500000000
96.041069031,61.337280273,29.500000000
96.485374451,60.263599396,51.000000000
94.709976196,58.554122925,32.500000000
95.777099609,59.368476868,59.500000000
95.704612732,60.037368774,58.500000000
95.047241211,60.325817108,49.000000000
97.582221985,58.822372437,16.500000000
95.254119873,59.782100677,59.500000000
96.864128113,58.645332336,33.500000000
94.658523560,57.668052673,13.000000000
95.283309937,60.511859894,49.000000000
96.788894653,60.188865662,42.500000000
95.122711182,60.538185120,44.500000000
95.927986145,57.911006927,25.000000000
94.495574951,61.343578339,16.500000000
96.045875549,58.456916809,40.500000000
96.543624878,60.893146515,34.500000000
95.288635254,60.489395142,51.000000000
91.983566284,60.805290222,1.000000000
96.898826599,58.707008362,34.000000000
96.005752563,59.493591309,60.000000000
95.621139526,59.406833649,57.500000000
94.391372681,61.722118378,11.500000000
95.413360596,59.936466217,58.000000000
94.714271545,58.794845581,36.000000000
96.136268616,60.358104706,52.000000000
96.601593018,60.935485840,32.500000000
95.513458252,59.387508392,56.000000000
96.470481873,59.194274902,51.000000000
96.595428467,60.206214905,49.000000000
96.878692627,60.502105713,37.500000000
94.669219971,58.966079712,38.500000000
96.456153870,61.738769531,19.000000000
94.400856018,59.854923248,37.500000000
96.005340576,58.305934906,39.000000000
96.201789856,59.738590240,55.500000000
93.627113342,61.453441620,10.000000000
94.860458374,58.549209595,35.500000000
96.143806458,60.389198303,50.500000000
96.460083008,59.445709229,54.000000000
95.712753296,59.100906372,54.500000000
94.413467407,60.910842896,24.000000000
95.620903015,59.649398804,59.000000000
93.724403381,59.653343201,22.000000000
94.881172180,59.657100677,49.500000000
95.504425049,59.385246277,56.000000000
96.662506104,60.278766632,46.500000000
96.850822449,58.506885529,31.000000000
95.074714661,59.791431427,55.500000000
95.317031860,59.752456665,61.000000000
94.541564941,59.115535736,36.500000000
94.082115173,58.941688538,23.500000000
96.417846680,59.617504120,55.500000000
97.229423523,59.236179352,32.000000000
95.842742920,58.618461609,44.500000000
98.324340820,59.653091431,7.500000000
96.553298950,60.245098114,49.500000000
95.139793396,58.500812531,36.500000000
95.879814148,59.274921417,60.000000000
95.568161011,60.483013153,55.000000000
95.801910400,60.208827972,55.500000000
95.873718262,58.364463806,39.000000000
97.119728088,61.007564545,22.500000000
94.587501526,60.337013245,37.500000000
95.061645508,59.084796906,51.000000000
95.718826294,61.579380035,25.500000000
96.781623840,60.436935425,41.500000000
94.573059082,62.386161804,7.000000000
96.597396851,57.482875824,10.500000000
96.123146057,59.343017578,58.000000000
96.133651733,60.232353210,52.500000000
94.805152893,61.657600403,17.500000000
95.923454285,60.773059845,44.500000000
97.075088501,59.093555450,37.000000000
94.811897278,60.953620911,28.500000000
97.116508484,58.454692841,26.500000000
97.734909058,59.596210480,21.500000000
96.415451050,60.396102905,48.000000000
94.752326965,58.967662811,40.000000000
93.640075684,58.680561066,15.500000000
94.241195679,59.871902466,33.500000000
97.093070984,59.804569244,38.500000000
96.062522888,60.609714508,47.000000000
96.403381348,59.445880890,54.000000000
94.260322571,59.401908875,32.000000000
95.786628723,58.960067749,51.500000000
96.085632324,59.539001465,59.500000000
96.345489502,59.028472900,49.500000000
94.801704407,61.605770111,17.500000000
95.752426147,60.384677887,55.000000000
94.625244141,59.454448700,43.000000000
96.405838013,61.397327423,25.500000000
94.999183655,59.028797150,47.000000000
95.700996399,58.307315826,37.500000000
95.693534851,59.766983032,61.000000000
96.448417664,61.246322632,27.500000000
96.293510437,60.573265076,45.500000000
95.775947571,59.471969604,60.000000000
93.727691650,58.945491791,18.500000000
95.940933228,58.186119080,35.500000000
95.966560364,59.430877686,60.000000000
94.702110291,59.361686707,43.500000000
96.452453613,60.717212677,40.000000000
93.786643982,59.682228088,22.500000000
96.637550354,59.573818207,51.000000000
95.832481384,58.336303711,38.500000000
95.243637085,61.660488129,21.000000000
94.935600281,58.391078949,30.500000000
95.873138428,60.620342255,48.500000000
96.917480469,59.313991547,44.500000000
95.946144104,60.376068115,54.000000000
96.372879028,59.284511566,54.000000000
97.436393738,59.144416809,25.000000000
96.431541443,59.809803009,53.500000000
95.136451721,59.188861847,51.500000000
95.137321472,59.384841919,54.000000000
94.704780579,60.529121399,37.000000000
95.020156860,59.216693878,50.500000000
96.212356567,59.723751068,55.500000000
94.301765442,58.895702362,26.500000000
95.527114868,59.256725311,56.000000000
96.474151611,59.067310333,50.000000000
94.756538391,58.821166992,38.000000000
96.130325317,60.315185547,52.000000000
94.051223755,60.453788757,21.500000000
96.584640503,58.140716553,27.000000000
95.033233643,61.260604858,28.500000000
96.729766846,59.856506348,50.000000000
96.224914551,61.943733215,15.000000000
96.226463318,58.610904694,41.000000000
97.088607788,58.960773468,33.500000000
96.717567444,60.487983704,41.000000000
96.613182068,61.372646332,23.500000000
94.257751465,59.762123108,33.500000000
97.669715881,60.808094025,14.500000000
95.900825500,58.808540344,48.500000000
95.830390930,58.919830322,50.500000000
94.255302429,60.408191681,25.500000000
95.788970947,59.058200836,53.500000000
96.118614197,59.327823639,59.000000000
97.503227234,59.801139832,29.500000000
97.300758362,59.018909454,27.500000000
96.337020874,61.675411224,21.500000000
95.994758606,60.968158722,37.000000000
93.985336304,60.538848877,19.500000000
95.754051208,60.596714020,49.500000000
96.591331482,57.575462341,13.000000000
95.280067444,59.161689758,51.500000000
95.875831604,57.891178131,25.500000000
94.633163452,60.833633423,27.500000000
95.900558472,58.743698120,47.000000000
95.470451355,60.929985046,40.500000000
93.884101868,59.620285034,24.500000000
95.494003296,60.018692017,58.500000000
96.227447510,61.742053986,20.000000000
96.277450562,59.244232178,54.500000000
96.981620789,58.973045349,37.000000000
96.159858704,61.403175354,27.500000000
96.800979614,60.642803192,37.000000000
93.492134094,59.730709076,16.000000000
95.136291504,61.156581879,33.500000000
96.564315796,60.092819214,50.500000000
96.518112183,59.182094574,50.500000000
96.357955933,59.926715851,54.500000000
94.040458679,60.175758362,25.500000000
96.430824280,61.025127411,32.500000000
96.251060486,60.838417053,38.500000000
93.991340637,59.458301544,24.000000000
95.581161499,59.501972198,58.000000000
95.634628296,59.254318237,58.000000000
96.459831238,58.840507507,44.000000000
95.848846436,59.904865265,56.000000000
95.867607117,58.883987427,49.500000000
97.122901917,59.605590820,39.500000000
94.284812927,60.633014679,24.000000000
95.720336914,59.734771729,61.000000000
95.627799988,60.227149963,56.000000000
95.670425415,59.058212280,53.000000000
94.304481506,60.135166168,33.000000000
94.205459595,60.951419830,19.000000000
94.769805908,58.982097626,40.000000000
94.741767883,58.468635559,32.000000000
-8.476726532,55.822208405,51.000000000
-10.031731606,53.660606384,4.000000000
-8.419992447,56.989231110,44.000000000
-9.004567146,56.029495239,38.000000000
-6.273570538,54.782424927,19.000000000
-8.142483711,55.362682343,47.500000000
-6.812160015,56.569709778,48.000000000
-7.086466789,58.602252960,8.500000000
-6.074652195,56.006790161,32.500000000
-7.906119347,54.657009125,30.500000000
-9.418292046,56.056194305,27.000000000
-9.003522873,56.731189728,35.500000000
-8.495846748,55.522891998,46.500000000
-9.256808281,58.215988159,6.500000000
-6.945298195,55.395904541,44.000000000
-7.552980423,57.428928375,39.000000000
-8.631952286,58.012432098,16.000000000
-8.736302376,55.928474426,44.000000000
-9.354505539,53.567325592,6.000000000
-6.694036961,56.191535950,47.500000000
-9.437988281,54.465232849,12.500000000
-6.558766365,55.955238342,43.500000000
-6.272684097,56.742420197,33.000000000
-7.770690441,56.138164520,60.500000000
-8.259201050,56.203620911,54.500000000
-7.765112400,56.943351746,51.000000000
-7.867546082,56.929389954,50.500000000
-6.783495426,56.286598206,51.000000000
-9.017095566,55.945358276,38.000000000
-9.610201836,54.899211884,17.000000000
-6.973709106,56.600727081,51.500000000
-7.707336426,55.803401947,60.500000000
-8.443528175,55.593021393,48.000000000
-6.738875866,56.582515717,46.500000000
-9.075344086,56.304687500,36.500000000
-7.564164639,57.754508972,28.500000000
-9.461679459,55.322704315,24.000000000
-6.730501652,54.994903564,31.000000000
-5.318505764,54.926891327,10.000000000
-7.675005436,56.665382385,58.000000000
-6.823090553,56.821044922,47.000000000
-8.166205406,57.019042969,48.500000000
-8.458780289,55.570858002,47.500000000
-7.247485161,57.615413666,33.000000000
-7.932298660,55.215492249,44.000000000
-6.494355679,54.841033936,25.000000000
-5.865946293,55.121753693,18.500000000
-7.063179016,57.032527924,47.500000000
-6.919093609,56.332836151,51.000000000
-7.654597759,54.452655792,26.500000000
-8.484947205,56.830478668,46.000000000
-7.040758610,55.067955017,38.000000000
-7.357148647,56.357864380,61.500000000
-5.953208923,55.687435150,28.000000000
-8.223984718,55.182392120,42.000000000
-8.703406334,56.480785370,45.000000000
-8.408468246,57.180538177,37.500000000
-8.331426620,57.639831543,25.500000000
-7.286402225,56.364219666,61.000000000
-8.854556084,56.434947968,41.000000000
-7.658605576,56.737918854,56.000000000
-8.214974403,54.652206421,28.000000000
-7.428905964,56.245620728,60.000000000
-7.460235119,57.111484528,46.500000000
-8.643768311,53.724086761,9.000000000
-7.229100704,56.511749268,56.000000000
-8.181183815,56.276432037,56.000000000
-8.751908302,53.999637604,12.500000000
-9.397039413,56.148197174,28.000000000
-6.321417332,55.716316223,35.500000000
-6.890189648,55.511505127,44.000000000
-7.759566784,56.902397156,52.000000000
-7.570947647,55.564155579,55.500000000
-8.569430351,56.013305664,47.500000000
-6.522025585,54.535179138,18.000000000
-6.844796658,56.389480591,49.500000000
-8.673239708,56.087463379,44.000000000
-7.908163071,55.158096313,42.500000000
-8.243562698,54.849548340,35.000000000
-9.775650978,56.257072449,19.000000000
-6.659637928,57.739185333,22.500000000
-8.815505981,58.253200531,9.500000000
-6.177820683,57.529312134,20.000000000
-8.489793777,55.543582916,46.500000000
-9.642484665,56.296993256,22.000000000
-8.097730637,56.267627716,58.000000000
-8.538645744,56.778705597,44.500000000
-7.360939503,54.961711884,38.000000000
-7.750015259,56.390518188,59.500000000
-5.695685863,56.201614380,24.500000000
-8.644536972,55.789573669,46.500000000
-7.735351086,55.972240448,61.000000000
-9.545598984,55.774257660,23.000000000
-8.397436142,55.845321655,50.500000000
-5.583165169,55.273544312,16.000000000
-6.266186714,57.266452789,26.000000000
-7.020629883,56.108943939,52.500000000
-7.049734116,55.655914307,50.000000000
-8.250586510,55.357975006,47.500000000
-7.430225849,55.896064758,61.000000000
-7.943712711,57.526065826,33.500000000
-8.408876419,56.841201782,48.500000000
-8.226055145,54.513641357,24.000000000
-9.130078316,55.614284515,33.500000000
-7.074516296,56.747623444,52.500000000
-7.944814682,56.724258423,53.500000000
-7.627864361,55.844345093,60.000000000
-6.849396229,57.293727875,33.000000000
-6.688100338,55.798961639,43.500000000
-7.136419773,53.976589203,12.500000000
-7.509060860,56.466838837,60.500000000
-7.552152157,55.883563995,61.500000000
-6.399354458,56.012596130,40.000000000
-7.843665600,55.864898682,59.500000000
-6.670022011,55.813377380,44.000000000
-8.538476944,55.997077942,48.000000000
-5.996413708,55.805149078,31.000000000
-7.088356018,55.827724457,54.000000000
-7.980874538,55.544994354,53.500000000
-8.920431137,55.996051788,42.000000000
-6.985671997,57.682029724,27.000000000
-7.262258053,55.288974762,50.000000000
-6.958622932,56.559864044,51.500000000
-6.305764198,58.195446014,11.000000000
-6.489519596,55.713077545,37.500000000
-7.863357067,57.263774872,44.000000000
-8.211820602,55.965351105,57.000000000
-7.069787502,57.176441193,43.000000000
-7.481216908,53.213314056,4.500000000
-7.364761353,55.793785095,58.000000000
-8.680048943,56.129966736,44.500000000
-6.583663464,54.975959778,27.500000000
-6.114204407,57.084564209,27.500000000
-6.769963741,55.291126251,40.500000000
-7.955369949,55.722999573,57.000000000
-7.703786373,56.043628693,61.500000000
-8.021476746,55.927906036,59.500000000
-7.915747643,56.373317719,59.000000000
-9.355944633,56.592414856,28.000000000
-6.006855965,57.178337097,24.500000000
-8.650024414,57.150444031,34.500000000
-5.414499760,55.863277435,16.000000000
-6.983095646,58.405216217,10.500000000
-6.673831940,57.656555176,24.500000000
-8.799352646,56.341457367,43.000000000
-7.312158585,56.670124054,56.500000000
-6.914619923,56.262008667,52.500000000
-9.016521454,57.172107697,29.500000000
-7.325267315,54.927219391,37.000000000
-6.945131779,56.658813477,50.500000000
-7.167092800,55.819000244,55.500000000
-6.069721699,56.677062988,30.000000000
-8.494081497,54.563076019,25.000000000
-8.471459389,53.736213684,9.500000000
-7.964687347,56.234790802,59.500000000
-8.911793709,55.560390472,37.000000000
-6.150845051,56.213127136,34.000000000
-6.168784142,55.920883179,34.000000000
-7.880910397,53.906581879,12.500000000
-6.974838734,57.206394196,42.000000000
-8.046495438,55.795532227,59.000000000
-6.891091347,55.369537354,42.500000000
-8.486452103,56.422931671,48.500000000
-8.310379028,56.716892242,51.000000000
-8.624437332,57.615345001,23.000000000
-7.047663689,56.171688080,53.000000000
-8.577757835,55.048080444,36.500000000
-8.601364136,54.673633575,26.500000000
-6.363697052,56.447910309,41.000000000
-6.633499146,57.844902039,19.500000000
-6.397521496,56.555450439,38.000000000
-8.115178108,56.855133057,52.000000000
-7.492990017,55.845184326,60.500000000
-8.219326019,57.185050964,42.000000000
-6.226664543,55.830726624,36.000000000
-8.141135216,56.804004669,54.000000000
-8.339303970,56.709510803,50.500000000
-5.967197895,55.687999725,28.000000000
-7.679614544,58.095527649,20.000000000
-8.077296257,56.246871948,58.500000000
-8.645942688,55.402999878,41.500000000
-9.082964897,59.031085968,3.000000000
-7.132375717,56.059959412,56.000000000
-8.761191368,54.281143188,16.000000000
-76.103378296,27.839052200,60.500000000
-75.843124390,28.676532745,52.000000000
-75.332839966,27.942028046,49.500000000
-75.723106384,27.576667786,53.500000000
-77.196563721,27.646020889,49.000000000
-75.576148987,28.590702057,50.500000000
-76.357727051,28.306631088,60.500000000
-74.737609863,26.181793213,7.000000000
-77.600181580,27.971170425,35.500000000
-75.644760132,27.768930435,52.500000000
-75.442024231,24.976766586,2.000000000
-78.675582886,27.416400909,12.500000000
-73.677795410,27.984136581,8.000000000
-78.586563110,27.624174118,14.000000000
-75.727622986,28.946426392,47.000000000
-75.874565125,27.748399734,56.000000000
-75.666328430,29.137823105,39.500000000
-76.899848938,27.860603333,55.500000000
-76.481208801,26.278661728,26.000000000
-77.602210999,25.665578842,10.500000000
-76.260780334,27.686531067,61.000000000
-76.684150696,27.949800491,63.500000000
-75.825843811,27.311620712,53.000000000
-75.171501160,26.391975403,20.000000000
-76.358764648,27.885858536,62.500000000
-75.495239258,27.489217758,49.000000000
-75.276382446,27.750337601,49.500000000
-76.446922302,27.835126877,65.500000000
-75.647018433,28.837352753,47.000000000
-76.949851990,26.575313568,32.500000000
-77.326217651,28.149387360,41.500000000
-76.361763000,28.125137329,61.500000000
-77.070289612,28.779945374,44.000000000
-76.521553040,26.350769043,30.500000000
-76.189765930,28.531629562,57.500000000
-76.201354980,28.114425659,62.000000000
-76.117942810,26.930475235,47.500000000
-74.813362122,27.657711029,36.000000000
-74.878273010,27.430074692,35.000000000
-75.378440857,28.224384308,52.000000000
-76.244796753,27.045412064,53.000000000
-75.139297485,28.403175354,44.000000000
-76.435363770,29.191579819,39.500000000
-76.256538391,30.194009781,15.000000000
-75.328437805,27.653495789,48.500000000
-74.986732483,28.045061111,41.000000000
-74.339225769,28.065862656,21.500000000
-76.424324036,28.078172684,62.500000000
-75.945610046,29.533515930,29.500000000
-76.052261353,27.877489090,60.500000000
-76.838577271,28.769886017,45.000000000
-76.899459839,26.815374374,42.500000000
-77.287361145,27.519277573,48.000000000
-76.469551086,29.037376404,44.500000000
-76.922355652,29.181333542,33.000000000
-77.982818604,30.618806839,3.500000000
-77.931541443,28.182291031,25.000000000
-76.562698364,27.198888779,52.500000000
-75.668708801,29.041418076,45.000000000
-76.517303467,29.193588257,38.500000000
-76.281059265,26.920423508,47.000000000
-76.424301147,27.456708908,57.500000000
-75.884902954,27.585037231,56.500000000
-76.419296265,26.898847580,46.000000000
-75.275756836,27.628576279,48.500000000
-77.414588928,30.615678787,6.000000000
-77.758087158,28.491634369,29.500000000
-78.508781433,28.292726517,14.500000000
-76.156997681,27.731826782,62.500000000
-77.708656311,27.125673294,31.000000000
-77.151672363,26.810081482,38.500000000
-77.293159485,29.419330597,22.500000000
-75.953903198,29.315031052,35.500000000
-77.333953857,27.552900314,45.000000000
-78.082160950,26.793748856,17.500000000
-76.636230469,27.563598633,59.500000000
-74.567764282,28.092250824,29.000000000
-76.610214233,28.443666458,55.000000000
-76.318237305,26.898500443,46.500000000
-76.972000122,29.383161545,27.000000000
-75.041328430,28.241439819,42.500000000
-75.325630188,29.627014160,21.000000000
-76.786842346,28.168519974,59.500000000
-76.124023438,27.157390594,53.500000000
-75.898681641,26.840526581,42.500000000
-76.242851257,27.715290070,62.000000000
-75.915565491,26.629343033,35.500000000
-76.866210938,29.867368698,19.000000000
-76.479957581,28.052349091,63.500000000
-77.014686584,28.029575348,55.500000000
-75.965339661,27.508640289,56.500000000
-76.594612122,27.817745209,64.500000000
-76.049377441,29.114721298,42.500000000
-77.014442444,28.790184021,44.000000000
-75.540512085,28.239036560,55.000000000
-75.263465881,28.083272934,46.500000000
-76.237297058,27.810651779,63.000000000
-76.615478516,27.773706436,64.000000000
-78.205932617,28.584478378,21.000000000
-76.667373657,26.515338898,36.000000000
-75.374794006,27.008661270,42.000000000
-75.485626221,27.242649078,48.500000000
-75.386230469,29.883125305,15.500000000
-77.940177917,27.729242325,26.500000000
-75.388305664,28.263893127,51.000000000
-76.063415527,28.899806976,50.500000000
-77.133972168,26.701156616,34.000000000
-77.058921814,29.317756653,29.000000000
-77.109024048,26.449245453,26.500000000
-75.188331604,27.472023010,45.500000000
-76.794120789,26.590332031,36.500000000
-75.814727783,28.552169800,54.500000000
-76.895568848,26.790472031,42.500000000
-78.237213135,28.552263260,19.500000000
-73.748619080,28.388526917,8.500000000
-75.736793518,28.130765915,56.000000000
-75.995536804,27.751188278,60.000000000
-76.050926208,27.183197021,54.500000000
-77.585807800,28.095443726,36.500000000
-76.246955872,26.809782028,45.000000000
-76.896545410,27.634130478,55.000000000
-75.629333496,28.142871857,56.000000000
-76.512725830,26.391988754,31.500000000
-76.074707031,28.513402939,55.500000000
-74.147003174,28.430538177,16.000000000
-75.421005249,28.917865753,42.000000000
-78.157814026,27.859586716,20.000000000
-76.514762878,27.524234772,57.000000000
-75.488578796,29.610925674,23.000000000
-77.269584656,27.828210831,49.000000000
-75.920120239,27.204652786,54.000000000
-78.461654663,27.769142151,16.000000000
-77.449203491,26.045745850,14.500000000
-75.443214417,29.619686127,22.500000000
-75.816184998,28.400167465,54.000000000
-75.911033630,27.906597137,58.500000000
-75.895942688,27.852901459,58.500000000
-77.096046448,29.261856079,29.500000000
-75.596351624,30.641477585,6.000000000
-77.163719177,26.539052963,30.000000000
-75.003349304,27.879014969,43.500000000
-74.988327026,29.998218536,10.500000000
-77.717742920,27.126775742,30.500000000
-78.026405334,27.833604813,22.500000000
-77.066177368,26.043321609,17.500000000
-76.245208740,29.266040802,36.000000000
-77.315193176,29.229579926,25.500000000
-75.648246765,27.919652939,55.500000000
-77.402954102,27.514982224,42.500000000
-74.216720581,27.594963074,17.500000000
-75.775505066,27.709905624,54.500000000
-77.443534851,28.673925400,35.000000000
-74.695869446,29.049337387,24.500000000
-74.736068726,28.127220154,33.000000000
-76.347671509,28.511884689,59.000000000
-76.567733765,27.492719650,57.500000000
-77.938957214,29.002576828,19.500000000
-76.295433044,26.382354736,30.000000000
-78.163528442,29.755861282,9.500000000
-75.269508362,28.367607117,47.500000000
-77.812110901,27.719423294,30.000000000
-77.377197266,27.619770050,44.000000000
-76.561988831,27.258922577,52.500000000
-77.738883972,28.722909927,27.000000000
-76.095764160,28.532756805,56.000000000
-75.210220337,29.087152481,33.000000000
-74.681884766,28.910070419,27.000000000
-75.886001587,27.571859360,56.500000000
-77.634849548,28.574462891,30.000000000
-76.637176514,29.981830597,16.500000000
-76.849670410,28.264282227,57.000000000
-76.060447693,26.510971069,35.500000000
-77.110214233,25.997543335,16.500000000
-76.070610046,28.170885086,59.000000000
-75.601348877,27.259016037,50.000000000
-77.404640198,27.662240982,42.000000000
-75.931861877,26.901210785,45.500000000
-75.963264465,28.474456787,56.000000000
-75.524795532,27.626739502,50.500000000
-76.257980347,29.212705612,39.000000000
-77.045082092,27.945960999,55.000000000
-74.339088440,28.288251877,20.500000000
-75.401840210,28.284683228,51.000000000
-75.338180542,28.468885422,48.000000000
-71.548759460,88.693496704,56.500000000
-71.557762146,89.591567993,52.500000000
-71.304969788,88.917045593,58.000000000
-71.248893738,89.208282471,58.500000000
-69.766098022,88.007202148,25.500000000
-70.250770569,88.507560730,43.000000000
-71.664390564,88.785491943,55.500000000
-72.683929443,88.298942566,31.500000000
-71.465217590,88.337013245,54.000000000
-70.032264709,88.109634399,29.500000000
-71.496597290,88.329750061,54.000000000
-70.078048706,87.590919495,24.500000000
-70.914093018,90.130653381,38.000000000
-69.921638489,89.110671997,35.500000000
-69.601013184,87.982101440,23.000000000
-71.880920410,88.394660950,50.000000000
-71.072074890,86.819854736,19.000000000
-70.380805969,90.165061951,31.000000000
-71.617530823,90.191978455,37.000000000
-70.755584717,87.956909180,47.500000000
-72.020370483,88.426490784,48.000000000
-71.000587463,89.874374390,42.500000000
-70.657333374,88.313507080,49.500000000
-71.216491699,88.320579529,54.500000000
-69.747070312,88.549346924,29.500000000
-71.396720886,88.650375366,57.500000000
-72.528862000,88.854751587,38.000000000
-70.507469177,88.763031006,50.500000000
-72.980369568,88.725158691,29.000000000
-72.040290833,88.986129761,48.500000000
-70.363983154,88.233573914,43.000000000
-71.484848022,88.980148315,55.500000000
-72.757019043,89.286720276,34.000000000
-71.623504639,87.977470398,46.000000000
-72.675117493,88.891288757,36.000000000
-70.508842468,89.424781799,49.000000000
-72.507385254,88.592704773,37.000000000
-70.870658875,90.126594543,37.500000000
-69.821723938,89.149711609,32.000000000
-70.253143311,87.534423828,27.500000000
-70.820716858,90.526206970,29.000000000
-71.370788574,90.309722900,36.500000000
-69.973739624,89.559104919,33.500000000
-69.653839111,88.643585205,27.000000000
-71.558334351,90.458427429,32.500000000
-70.940147400,87.690841675,41.500000000
-71.302246094,91.913757324,5.500000000
-73.698143005,90.255973816,8.000000000
-71.838020325,89.462219238,51.500000000
-70.504127502,87.585350037,34.500000000
-72.887466431,88.063919067,24.500000000
-71.427177429,87.251281738,31.000000000
-70.673080444,89.526016235,50.500000000
-71.031005859,89.158569336,58.000000000
-72.648223877,88.617881775,36.000000000
-71.287666321,89.707298279,48.500000000
-71.198364258,90.600944519,29.500000000
-70.704895020,88.988342285,54.500000000
-70.876945496,90.548576355,28.500000000
-72.456184387,88.573699951,38.500000000
-71.679031372,88.263023376,51.500000000
-72.285919189,89.531723022,43.000000000
-71.786117554,89.544876099,51.000000000
-71.789794922,87.671760559,38.500000000
-70.131294250,90.732192993,19.000000000
-71.104660034,89.456871033,52.500000000
-69.592575073,89.442436218,26.000000000
-70.164306641,89.646903992,36.000000000
-70.009368896,89.244895935,36.500000000
-71.030410767,89.542457581,52.000000000
-72.678886414,88.060470581,29.000000000
-69.968299866,90.354438782,23.500000000
-70.898971558,87.981788635,47.500000000
-70.126571655,89.013710022,42.500000000
-72.499603271,89.553329468,39.000000000
-70.436851501,89.809898376,37.000000000
-71.638923645,88.414176941,53.500000000
-72.636215210,90.453384399,18.500000000
-71.116477966,90.500282288,29.500000000
-71.588249207,90.645271301,28.500000000
-73.150161743,89.097274780,23.500000000
-72.142456055,88.328430176,43.500000000
-72.656867981,88.289611816,32.000000000
-69.420455933,88.370239258,21.000000000
-70.246871948,86.981872559,20.000000000
-68.888122559,88.916496277,12.000000000
-70.417060852,90.173439026,31.000000000
-71.902709961,89.358673096,51.000000000
-71.600601196,88.250213623,51.000000000
-72.866783142,88.832412720,31.500000000
-70.582679749,89.862968445,38.500000000
-71.099922180,89.348190308,54.500000000
-71.019615173,88.196327209,52.000000000
-72.866264343,88.371528625,30.000000000
-72.928855896,89.758171082,23.000000000
-68.837860107,89.945640564,7.500000000
-71.610580444,88.950492859,56.000000000
-70.175422668,88.332870483,40.500000000
-71.196403503,86.763809204,19.500000000
-72.445899963,88.364418030,38.000000000
-70.693077087,88.166137695,49.500000000
-70.710861206,89.116943359,56.500000000
-69.469993591,87.858268738,19.500000000
-73.348564148,86.496322632,1.500000000
-71.477905273,90.084938049,40.500000000
-71.144020081,89.592247009,50.500000000
-71.378875732,89.171180725,59.500000000
-72.840919495,90.866157532,11.000000000
-70.846923828,87.618003845,38.000000000
-73.292961121,89.466850281,20.500000000
-71.438667297,88.650596619,56.500000000
-69.895599365,88.365165710,29.500000000
-72.179191589,89.658233643,43.000000000
-70.723442078,87.643524170,39.500000000
-70.539909363,90.894699097,20.500000000
-71.664878845,88.326171875,53.000000000
-72.056587219,89.785194397,44.500000000
-70.440925598,87.822456360,39.000000000
-70.191497803,90.209335327,29.500000000
-71.034744263,86.748100281,18.500000000
-70.536964417,87.308738708,27.500000000
-70.589508057,89.948051453,36.500000000
-70.371131897,86.318412781,10.000000000
-72.057472229,89.676284790,46.500000000
-71.411483765,87.408882141,32.000000000
-71.767524719,88.928390503,54.000000000
-73.041427612,90.639366150,12.000000000
-70.518150330,89.083145142,52.000000000
-72.064796448,88.620819092,49.000000000
-71.982757568,87.942558289,40.000000000
-71.180374146,90.037109375,41.500000000
-71.519393921,88.521522522,55.500000000
-71.150718689,89.715461731,47.500000000
-71.853981018,87.552688599,37.500000000
-70.383865356,87.572090149,31.500000000
-70.794357300,88.837821960,56.000000000
-72.225746155,90.320968628,29.500000000
-70.331947327,89.510253906,42.000000000
-70.889343262,89.409255981,54.500000000
-72.312919617,88.371788025,39.500000000
-72.970344543,89.226066589,27.500000000
-69.896240234,88.550071716,31.000000000
-71.091850281,88.401031494,53.500000000
-71.800521851,88.593696594,53.000000000
-72.792549133,90.072380066,21.000000000
-71.334365845,89.905372620,44.000000000
-71.027000427,88.127548218,50.000000000
-71.646255493,87.346916199,33.500000000
-70.540657043,89.071006775,52.000000000
-72.114524841,87.427215576,30.500000000
-71.905754089,87.826492310,40.500000000
-71.194061279,87.881004333,46.000000000
-69.277046204,89.919090271,14.500000000
-71.702178955,87.447547913,34.500000000
-71.441001892,86.974166870,24.500000000
-70.268638611,89.725082397,36.000000000
-69.880699158,88.377128601,29.500000000
-70.523780823,90.317825317,30.000000000
-71.765007019,88.199943542,46.500000000
-69.981231689,89.079261780,37.000000000
-70.904045105,88.845741272,56.500000000
-72.577812195,90.038383484,26.000000000
-73.358726501,89.931762695,13.000000000
-71.608581543,88.746147156,56.500000000
-71.861885071,89.460632324,51.500000000
-70.920600891,90.545280457,28.500000000
-71.513412476,88.751724243,56.500000000
-71.683135986,89.037712097,55.000000000
-71.778320312,90.089050293,39.500000000
-69.958938599,87.011398315,18.000000000
-72.618202209,87.915000916,29.000000000
-70.667724609,88.041748047,47.000000000
-70.777450562,90.305114746,34.000000000
-70.558456421,87.888961792,43.000000000
-72.529243469,86.265724182,5.500000000
-70.839332581,87.678741455,40.500000000
-71.286949158,89.164573669,59.000000000
-72.639114380,89.877174377,27.000000000
-72.365310669,88.339630127,38.500000000
-72.511619568,88.982826233,40.500000000
-71.993988037,91.203842163,13.000000000
-71.972938538,89.120155334,51.500000000
-71.609657288,89.820442200,46.500000000
-71.325431824,87.472015381,36.000000000
4.568540096,-16.627637863,61.000000000
3.090528965,-18.110404968,27.000000000
3.714057207,-16.810457230,53.000000000
4.012855053,-19.319858551,15.500000000
3.609388828,-15.932456017,39.500000000
5.002345562,-16.413749695,48.500000000
4.313595772,-14.894616127,17.000000000
4.300933361,-17.298931122,63.500000000
3.897318125,-17.466299057,57.500000000
5.151945114,-19.151611328,17.000000000
3.184446096,-15.666834831,25.500000000
3.593900919,-18.195194244,36.500000000
4.202415943,-17.815910339,55.000000000
4.662535191,-18.263944626,47.000000000
5.868765354,-18.378541946,24.000000000
4.285717964,-17.011791229,63.500000000
4.616056442,-17.128217697,59.500000000
4.363884926,-17.137615204,65.000000000
5.675347805,-17.193010330,39.000000000
5.333217621,-17.799877167,45.500000000
4.367245674,-17.197782516,64.000000000
5.370135307,-17.654212952,46.500000000
3.677941799,-17.223691940,54.500000000
4.348461151,-19.169961929,19.500000000
3.511183500,-15.957440376,36.000000000
4.115090370,-17.309238434,63.500000000
4.939909935,-16.527076721,54.000000000
6.108939648,-16.436368942,22.500000000
3.929379702,-17.012575150,61.500000000
5.143768787,-16.105943680,38.500000000
3.467040539,-16.397829056,44.500000000
6.136795998,-17.241033554,26.500000000
4.380974770,-17.993074417,48.500000000
3.307790279,-17.056077957,46.000000000
5.157756805,-17.366353989,53.000000000
5.475315571,-16.159809113,35.000000000
4.003517151,-16.337518692,52.000000000
4.240323544,-16.974662781,64.000000000
5.443522930,-14.628928185,7.500000000
2.973448992,-17.397943497,34.000000000
5.529924393,-17.311853409,42.000000000
3.940301895,-15.399922371,28.000000000
4.308827877,-16.280313492,53.500000000
4.060328484,-18.626249313,31.500000000
3.858562946,-16.383846283,50.000000000
4.562646389,-17.865472794,52.000000000
6.433536053,-16.949716568,16.500000000
3.374304295,-15.768099785,31.000000000
5.286267281,-17.627546310,48.000000000
5.023838997,-16.277065277,43.500000000
4.832005501,-16.937757492,59.500000000
2.601586342,-17.390993118,21.000000000
4.316750050,-17.650974274,59.000000000
4.013418198,-16.366104126,53.000000000
3.870961428,-18.763784409,26.000000000
3.743835926,-17.603195190,52.000000000
4.207773209,-18.294372559,42.000000000
4.059026241,-17.944473267,47.500000000
5.149211407,-17.261150360,53.500000000
4.917232990,-16.790800095,56.000000000
3.085093737,-17.109972000,39.000000000
6.039548874,-18.678462982,14.500000000
5.317511082,-16.968965530,48.000000000
2.859000206,-16.494195938,29.000000000
5.373118877,-17.128602982,45.500000000
4.676829338,-15.245219231,24.000000000
3.764246702,-15.239596367,23.500000000
6.011452675,-18.392906189,19.500000000
4.493205547,-17.000679016,62.000000000
5.663074970,-15.898532867,25.500000000
5.879823685,-18.686935425,16.000000000
5.746819973,-16.499694824,30.000000000
2.530991316,-15.754528999,15.500000000
3.262572289,-16.294652939,37.500000000
3.783582449,-17.273450851,56.500000000
4.813268185,-17.277311325,59.000000000
2.917491674,-16.761808395,34.000000000
3.217144489,-16.523256302,39.000000000
3.117394447,-16.928277969,39.500000000
4.733872414,-15.053894997,21.000000000
2.432066917,-16.751451492,18.500000000
3.109328032,-16.588998795,38.000000000
4.257416725,-16.298431396,53.500000000
5.785850048,-17.405075073,37.000000000
4.356294155,-16.163469315,49.500000000
3.840523243,-16.664447784,56.000000000
5.208523273,-18.143800735,42.500000000
2.844691753,-16.891899109,29.500000000
5.246390820,-18.572578430,31.500000000
4.860758305,-17.433004379,57.500000000
4.198060989,-16.035953522,45.500000000
4.510169029,-17.922697067,53.000000000
4.357409477,-17.301233292,62.500000000
4.088514805,-15.888277054,43.500000000
3.714976549,-17.860723495,47.500000000
4.620117664,-16.428699493,57.000000000
4.235826969,-18.299163818,42.000000000
4.478410721,-14.643357277,12.000000000
4.935977459,-18.729831696,30.000000000
3.418018818,-16.974111557,48.000000000
4.911491394,-17.763284683,53.500000000
6.533837318,-16.529760361,12.500000000
4.702308178,-15.810665131,39.000000000
4.615283489,-19.033073425,25.000000000
3.975441694,-17.706897736,55.500000000
4.032357693,-16.953582764,62.500000000
5.062171459,-17.841375351,50.000000000
3.604438543,-17.145252228,52.000000000
4.945334435,-16.516578674,53.500000000
4.969957829,-15.958053589,41.000000000
4.008678913,-15.947483063,44.500000000
4.704208374,-16.909715652,60.500000000
6.171108723,-17.386356354,23.000000000
3.603398800,-15.602460861,30.000000000
4.324805260,-15.962313652,43.000000000
4.768141747,-18.820030212,30.000000000
4.650687218,-16.443002701,57.500000000
4.297118187,-16.444261551,57.500000000
5.561839581,-15.596079826,20.500000000
5.161635399,-17.912368774,47.500000000
4.493808746,-17.781515121,53.500000000
3.909241676,-17.543292999,57.500000000
4.316265583,-16.845731735,63.500000000
6.453557491,-16.820096970,16.500000000
6.152410507,-17.081100464,26.500000000
5.137635708,-17.423103333,54.000000000
4.405876160,-17.784255981,55.500000000
5.062407017,-17.846746445,50.000000000
4.072243214,-16.847276688,61.000000000
4.804648399,-16.542709351,56.500000000
3.895873785,-18.426931381,36.000000000
2.109688759,-17.961093903,6.500000000
3.712949038,-17.760602951,48.000000000
3.528010607,-16.606990814,49.500000000
4.094762325,-17.204765320,63.000000000
3.583379984,-15.435832977,26.000000000
4.093638420,-19.418764114,13.500000000
3.592430830,-18.395990372,31.500000000
2.968467236,-16.604919434,33.500000000
6.751350880,-18.276597977,7.500000000
3.950796843,-17.852933884,50.000000000
2.205112934,-15.923030853,11.500000000
3.419162512,-16.303489685,41.000000000
5.689154148,-17.187936783,38.500000000
3.315354824,-19.826539993,5.000000000
5.029419899,-14.924206734,14.000000000
3.918787479,-16.602504730,56.500000000
3.981920242,-17.674346924,57.500000000
5.906223297,-16.896455765,29.000000000
4.383227348,-16.939090729,63.000000000
4.493449688,-18.680297852,33.000000000
4.199758053,-15.348820686,26.500000000
5.164940357,-17.629798889,50.500000000
4.563614845,-15.807304382,39.000000000
4.702287674,-14.571617126,10.500000000
4.704536915,-16.823526382,60.500000000
3.288189888,-18.738822937,21.000000000
5.399116039,-17.463163376,47.500000000
3.604882479,-16.503610611,49.000000000
3.755735159,-16.361974716,48.000000000
4.610736847,-17.692876816,54.000000000
4.627260208,-18.544111252,36.500000000
4.809294701,-17.581022263,56.000000000
4.332757950,-15.833547592,40.000000000
4.400758266,-17.722232819,57.000000000
5.356093407,-17.113168716,45.500000000
5.572946548,-17.813474655,38.500000000
4.071818829,-18.049846649,46.000000000
3.047839165,-16.904254913,38.000000000
3.744697094,-17.809324265,48.000000000
4.505887032,-18.127061844,47.000000000
4.288690567,-17.592159271,59.000000000
6.207930088,-17.903682709,20.500000000
3.010506392,-17.621105194,34.500000000
4.524400711,-17.945472717,51.000000000
3.815141201,-18.343502045,36.000000000
3.522388697,-16.728122711,50.000000000
5.256448269,-16.670610428,48.000000000
5.332623959,-17.147338867,47.000000000
5.014507294,-16.662940979,55.000000000
4.348381519,-19.505744934,12.000000000
4.203953743,-16.145256042,47.500000000
3.564175129,-15.249953270,22.500000000
5.196243763,-15.549094200,24.000000000
-45.325424194,52.746059418,5.000000000
-46.131565094,55.094612122,48.000000000
-45.906307220,55.825256348,31.000000000
-47.662040710,53.862293243,42.500000000
-48.083065033,55.016044617,54.500000000
-48.020591736,53.892375946,39.500000000
-47.701484680,55.173213959,62.000000000
-47.890445709,55.895282745,45.500000000
-47.870456696,56.214221954,38.000000000
-48.110301971,54.645824432,52.500000000
-46.986324310,53.883129120,47.500000000
-47.823509216,55.093620300,60.500000000
-47.555038452,54.279472351,53.000000000
-47.505649567,55.029541016,64.000000000
-47.928295135,56.510158539,25.000000000
-48.972522736,54.885807037,26.500000000
-47.237663269,54.490562439,63.000000000
-48.490249634,55.466629028,39.000000000
-48.760440826,55.368751526,32.500000000
-47.191616058,54.307743073,60.500000000
-48.367263794,54.125415802,35.500000000
-49.440189362,55.463909149,11.000000000
-46.950782776,55.359279633,61.000000000
-48.289997101,54.250324249,40.000000000
-46.493743896,55.080646515,57.000000000
-45.988246918,55.271472931,42.000000000
-46.751636505,54.985675812,61.000000000
-45.682933807,54.368385315,32.500000000
-47.733795166,54.859886169,61.500000000
-47.126354218,54.603122711,64.500000000
-46.209472656,55.234001160,48.000000000
-47.593132019,57.004440308,15.000000000
-47.658164978,55.435726166,59.500000000
-47.940788269,54.306118011,49.500000000
-47.440135956,56.705944061,22.500000000
-46.981750488,55.034858704,63.500000000
-48.527656555,55.074584961,41.000000000
-48.119049072,54.170539856,43.000000000
-46.644882202,54.375579834,56.000000000
-45.575439453,56.138809204,19.500000000
-46.903827667,54.919174194,62.500000000
-47.269840240,55.170551300,66.000000000
-46.618831635,54.592411041,57.000000000
-48.253097534,55.103466034,49.500000000
-46.912006378,54.172615051,57.500000000
-47.143280029,54.029979706,52.000000000
-46.486213684,55.003906250,56.000000000
-46.904041290,55.571361542,57.500000000
-44.897243500,54.886268616,15.500000000
-46.500347137,55.932975769,44.500000000
-47.182224274,55.744159698,56.500000000
-45.834274292,54.859153748,41.500000000
-44.247108459,53.099487305,3.500000000
-47.861587524,53.681861877,34.500000000
-45.939990997,55.125144958,42.500000000
-47.837703705,55.645500183,55.500000000
-47.380477905,57.476795197,9.000000000
-47.592971802,55.935825348,48.500000000
-48.095909119,55.385738373,51.500000000
-47.538780212,53.546108246,33.500000000
-49.138900757,54.561500549,22.500000000
-46.107006073,54.885944366,47.500000000
-48.505035400,56.257358551,23.500000000
-46.664123535,55.628967285,55.000000000
-46.641765594,57.383651733,7.000000000
-46.908351898,54.046123505,52.500000000
-46.009056091,52.663871765,7.000000000
-46.800567627,54.468002319,58.500000000
-45.805896759,54.893089294,40.500000000
-47.844120026,54.985900879,62.000000000
-48.397048950,56.694152832,16.000000000
-47.318778992,55.535682678,60.500000000
-47.718093872,55.286357880,60.000000000
-47.172523499,56.773292542,21.500000000
-48.560619354,54.433437347,37.000000000
-47.597843170,53.615688324,36.000000000
-47.217441559,55.700374603,58.000000000
-47.816627502,54.834110260,61.000000000
-46.634464264,55.396549225,58.500000000
-47.606853485,52.434375763,5.500000000
-47.535869598,56.916213989,17.000000000
-48.028301239,53.794612885,36.000000000
-46.885181427,54.853870392,62.000000000
-47.775928497,54.831157684,62.000000000
-47.253623962,55.219223022,65.500000000
-46.647098541,53.763778687,39.000000000
-46.393169403,54.626647949,53.500000000
-47.727302551,55.891784668,48.000000000
-47.116413116,54.486770630,62.000000000
-47.351814270,55.375503540,62.500000000
-46.905960083,55.523571014,58.500000000
-48.915222168,55.977119446,20.000000000
-47.173107147,55.401428223,62.500000000
-45.691516876,56.216587067,18.500000000
-48.461952209,55.861858368,33.500000000
-46.824157715,55.878261566,52.500000000
-48.667335510,53.855976105,22.500000000
-46.832153320,53.947109222,48.500000000
-47.475654602,56.256511688,40.000000000
-44.858901978,54.657119751,13.000000000
-46.136409760,55.016948700,47.500000000
-46.148994446,55.378898621,44.000000000
-48.327651978,56.136169434,29.500000000
-47.947082520,53.545940399,30.500000000
-45.890689850,54.510086060,39.500000000
-46.246929169,55.390110016,47.000000000
-48.051864624,53.245780945,19.500000000
-45.331539154,55.540332794,20.500000000
-45.623397827,54.666999817,33.000000000
-45.845119476,56.559307098,16.000000000
-47.337882996,54.578098297,60.500000000
-46.995838165,54.809177399,64.500000000
-49.748901367,53.895824432,5.500000000
-46.808238983,55.140419006,61.000000000
-46.832145691,54.545310974,60.000000000
-49.122165680,54.969779968,22.500000000
-46.875148773,53.939201355,49.000000000
-46.736186981,55.103096008,60.500000000
-47.629653931,54.723064423,59.000000000
-46.251853943,55.139823914,51.000000000
-48.020244598,56.413898468,28.500000000
-45.927326202,54.029975891,31.500000000
-47.807086945,54.213363647,50.500000000
-46.503238678,55.524826050,53.500000000
-46.499847412,55.559097290,52.500000000
-48.373771667,54.285808563,39.500000000
-49.000293732,55.684627533,22.000000000
-46.073162079,55.942050934,33.000000000
-47.488960266,55.181095123,64.000000000
-46.702556610,56.363407135,36.000000000
-49.001346588,55.589157104,24.000000000
-47.427116394,54.495754242,60.000000000
-46.458499908,55.277820587,57.000000000
-47.938583374,55.368877411,55.000000000
-46.684272766,56.496994019,29.500000000
-46.839656830,55.630897522,56.000000000
-48.571296692,54.392192841,36.500000000
-48.061149597,54.795803070,55.000000000
-45.381423950,53.121318817,8.000000000
-47.397880554,54.801357269,64.000000000
-47.594696045,56.233898163,39.500000000
-45.968105316,55.859165192,31.500000000
-47.392616272,54.741329193,60.500000000
-46.565109253,54.989711761,56.500000000
-47.907627106,55.592567444,54.000000000
-49.199245453,55.919563293,15.000000000
-45.357593536,55.206043243,24.000000000
-46.212295532,54.818496704,49.500000000
-48.126281738,56.196269989,33.500000000
-47.968688965,57.061557770,13.500000000
-47.442413330,54.910221100,65.000000000
-47.082431793,55.256984711,63.000000000
-47.666553497,54.518501282,57.000000000
-45.876514435,53.415325165,17.500000000
-47.771266937,53.960273743,44.500000000
-47.195446014,54.914066315,65.500000000
-47.296371460,55.137954712,66.000000000
-46.135398865,55.644603729,39.000000000
-47.259017944,55.075416565,66.500000000
-47.958980560,56.168956757,38.000000000
-46.907371521,52.407329559,5.500000000
-47.436290741,53.939750671,46.000000000
-46.100727081,54.252338409,40.500000000
-47.766571045,54.341270447,52.500000000
-48.844898224,53.383411407,12.500000000
-46.556560516,54.046710968,49.500000000
-45.920547485,53.801971436,27.500000000
-47.025306702,54.511054993,62.000000000
-48.236526489,54.989719391,51.000000000
-47.737148285,54.853961945,61.500000000
-46.652954102,53.958885193,47.500000000
-44.623481750,54.260181427,8.500000000
-46.301395416,54.769519806,51.000000000
-46.998210907,55.020870209,63.000000000
-47.803821564,54.803287506,61.000000000
-47.064899445,55.014160156,65.000000000
-47.470905304,54.814125061,63.500000000
-48.370525360,54.557010651,42.500000000
-47.683570862,54.889793396,62.500000000
-46.713928223,54.858856201,59.000000000
-45.325393677,53.495689392,11.000000000
-45.900726318,55.338253021,39.000000000
-47.087944031,52.955379486,15.000000000
-46.635223389,54.474403381,56.000000000
-8.538672447,12.273096085,37.500000000
-9.353983879,13.580347061,57.500000000
-7.393730640,13.261671066,39.500000000
-10.677515030,13.969527245,20.000000000
-7.274679661,13.389191628,35.000000000
-9.516047478,14.009233475,50.500000000
-10.178201675,13.832833290,31.000000000
-8.924812317,13.429039001,60.500000000
-8.977697372,13.012055397,56.000000000
-9.286106110,12.944025040,49.000000000
-8.503828049,13.756348610,65.500000000
-9.255973816,14.211278915,53.500000000
-8.296862602,15.449132919,22.500000000
-7.870821476,13.668357849,56.500000000
-9.820339203,13.941956520,44.500000000
-9.957026482,14.346146584,34.000000000
-9.083576202,14.904486656,36.000000000
-9.857398987,13.635251045,44.500000000
-8.563803673,13.060262680,57.500000000
-7.377766609,16.512559891,4.500000000
-7.736376286,12.878142357,45.500000000
-9.860060692,13.376122475,45.000000000
-8.933196068,13.226448059,59.500000000
-10.104074478,14.202241898,31.500000000
-9.259879112,13.990073204,54.500000000
-6.316936970,11.813155174,5.000000000
-8.838042259,13.744016647,63.500000000
-8.765512466,13.621430397,64.500000000
-8.536097527,12.547590256,46.500000000
-8.780333519,13.165850639,59.500000000
-9.859154701,13.340586662,45.000000000
-10.615341187,11.087867737,3.000000000
-8.571711540,13.202609062,61.500000000
-8.562904358,14.441777229,51.500000000
-7.410513401,14.382862091,31.000000000
-8.087732315,13.675575256,59.500000000
-7.425173283,12.855297089,39.000000000
-9.177905083,12.355985641,36.500000000
-8.417334557,13.148904800,58.500000000
-8.376488686,13.973307610,63.000000000
-6.727397442,12.767328262,17.000000000
-8.655263901,13.549365997,65.000000000
-7.404406548,13.425151825,42.000000000
-10.056174278,12.032132149,14.000000000
-8.732700348,14.957091331,34.500000000
-8.913209915,14.482045174,52.500000000
-8.842005730,12.944365501,55.000000000
-7.544279575,11.481401443,9.000000000
-9.300571442,13.855004311,55.000000000
-9.738780022,13.996443748,45.500000000
-7.829825878,13.523399353,53.000000000
-9.090815544,13.283358574,59.500000000
-9.434000015,13.570502281,57.000000000
-9.186338425,13.476164818,58.500000000
-6.158133507,12.869693756,10.500000000
-8.540240288,13.822075844,65.500000000
-6.754623890,12.703194618,17.500000000
-8.809773445,12.976803780,57.000000000
-8.518030167,14.696841240,42.000000000
-9.516928673,13.459650040,54.500000000
-7.927466393,13.683944702,56.500000000
-8.712614059,12.895634651,54.000000000
-7.258426189,13.257585526,36.000000000
-9.051424026,13.388139725,60.500000000
-7.798570633,14.852724075,28.500000000
-8.954439163,13.693374634,63.000000000
-8.263384819,13.882572174,61.500000000
-7.984717369,14.786040306,32.000000000
-9.408092499,13.460978508,55.500000000
-8.821824074,13.195754051,61.000000000
-11.015923500,12.888278961,10.500000000
-9.579327583,13.927221298,50.000000000
-8.332238197,13.988953590,62.500000000
-8.493121147,12.774478912,51.000000000
-10.233577728,14.487899780,26.500000000
-10.247530937,15.647075653,8.500000000
-8.477934837,13.801692963,65.000000000
-8.380638123,13.224939346,59.000000000
-8.047912598,13.553413391,57.000000000
-9.607878685,14.130873680,47.000000000
-6.046360016,12.570964813,8.500000000
-8.997688293,15.018503189,32.000000000
-9.262079239,15.045835495,30.000000000
-7.685161114,13.702405930,51.000000000
-8.943362236,14.627074242,45.500000000
-9.547397614,14.447686195,41.000000000
-7.368180752,14.918442726,20.000000000
-7.768775463,12.708738327,44.500000000
-8.091977119,13.617325783,59.000000000
-9.827294350,13.546669006,45.500000000
-10.203429222,13.507708549,33.000000000
-8.892975807,14.224985123,58.000000000
-7.704455376,12.285470009,33.000000000
-10.097537041,11.640474319,5.500000000
-7.931399822,12.999858856,47.500000000
-9.331946373,13.642501831,58.000000000
-8.774670601,14.370975494,54.500000000
-10.930204391,13.489430428,15.500000000
-10.002466202,15.378629684,15.500000000
-8.238645554,14.038758278,58.500000000
-6.597841263,13.540582657,19.500000000
-7.873738766,12.225588799,33.500000000
-8.568521500,15.961445808,13.000000000
-8.271923065,12.934934616,50.500000000
-9.745529175,12.112923622,25.500000000
-8.326295853,14.547841072,46.000000000
-8.642827034,12.875443459,54.500000000
-8.528113365,13.000046730,56.000000000
-7.549198627,13.275920868,45.000000000
-9.652702332,13.141160965,48.000000000
-8.383133888,12.456298828,44.000000000
-8.102904320,13.415528297,57.500000000
-8.688113213,13.556823730,65.000000000
-6.505874634,13.517284393,17.500000000
-7.924708366,16.140018463,8.000000000
-8.344181061,15.534385681,20.000000000
-8.672478676,14.483496666,52.000000000
-9.358641624,12.574610710,40.000000000
-9.738704681,13.662634850,49.000000000
-8.484194756,12.569886208,47.500000000
-10.148289680,11.810061455,8.000000000
-6.643224239,13.794383049,19.000000000
-10.915202141,13.677699089,16.000000000
-8.929203987,12.309616089,37.000000000
-7.610621929,13.229427338,46.500000000
-8.728640556,13.402477264,64.500000000
-8.723547935,14.704322815,43.500000000
-8.164262772,13.234903336,55.500000000
-7.194445610,15.226983070,11.500000000
-10.233136177,12.572239876,23.500000000
-9.381097794,15.211874008,23.500000000
-8.952647209,13.114868164,58.000000000
-8.803927422,13.462647438,64.000000000
-8.925911903,12.617152214,48.000000000
-9.563092232,13.419628143,54.500000000
-7.388357639,14.975951195,18.500000000
-7.854246616,14.050115585,51.500000000
-11.381809235,15.467157364,2.000000000
-7.651921272,13.317470551,47.500000000
-9.418316841,13.872861862,53.500000000
-8.725223541,12.994116783,58.500000000
-7.275952816,13.031736374,36.500000000
-8.520062447,12.482538223,46.000000000
-9.025222778,14.769056320,40.000000000
-8.727363586,13.099876404,59.000000000
-10.718110085,13.345798492,19.500000000
-9.124587059,14.420135498,52.000000000
-7.447714806,12.468218803,32.000000000
-7.968243122,12.718053818,45.500000000
-7.620595932,13.249994278,46.500000000
-8.212654114,15.235619545,24.000000000
-10.473604202,13.833648682,23.000000000
-7.192538738,14.465911865,26.000000000
-6.603991985,13.190541267,19.000000000
-7.684722900,14.405229568,38.500000000
-8.719345093,12.674469948,50.000000000
-8.546200752,15.620550156,19.500000000
-7.520052910,14.175206184,37.500000000
-9.263851166,12.279276848,34.500000000
-8.968963623,12.777802467,51.500000000
-9.125843048,14.789417267,38.500000000
-7.544692516,14.773967743,27.500000000
-8.225779533,13.156993866,55.500000000
-8.330935478,11.960082054,27.500000000
-7.665887356,12.587447166,39.000000000
-7.435797215,13.053245544,41.000000000
-6.536819458,13.422931671,17.500000000
-8.885630608,14.449190140,54.500000000
-10.111799240,13.905389786,35.500000000
-9.775217056,14.363640785,39.500000000
-8.270176888,13.911120415,61.000000000
-7.533751011,13.830286980,43.000000000
-10.964699745,12.933573723,11.500000000
-9.729515076,14.350175858,41.000000000
-8.972293854,13.043760300,56.500000000
-9.583386421,13.345171928,53.000000000
-8.348093033,14.576296806,45.500000000
-8.732427597,13.243910789,62.000000000
-8.730682373,12.475689888,44.000000000
-9.227856636,15.115403175,27.500000000
-7.697729111,15.923253059,9.000000000
-9.503135681,16.287033081,6.500000000
-9.276784897,13.033637047,53.000000000
-8.472935677,14.178092957,60.500000000
-96.047798157,23.449523926,61.000000000
-94.180213928,22.329154968,12.500000000
-97.338592529,23.739936829,39.000000000
-96.339347839,23.578012466,60.000000000
-93.924156189,25.198778152,5.000000000
-95.598770142,22.761234283,48.500000000
-95.986938477,21.785270691,26.000000000
-97.090881348,24.276849747,38.500000000
-97.181510925,22.913040161,41.500000000
-96.017822266,20.589635849,6.500000000
-96.029411316,23.840620041,57.000000000
-95.674217224,25.209758759,20.500000000
-96.758323669,23.321245193,52.500000000
-97.027984619,22.906213760,44.000000000
-96.964347839,22.807762146,43.000000000
-98.202911377,22.385391235,15.500000000
-95.446166992,23.186916351,51.500000000
-96.734191895,23.092138290,48.000000000
-95.928245544,22.199935913,38.500000000
-95.331420898,21.447612762,17.000000000
-95.224250793,23.953773499,44.000000000
-98.301116943,23.613666534,22.500000000
-95.842071533,22.332925797,43.000000000
-96.307640076,22.010364532,36.500000000
-95.374160767,24.231134415,41.500000000
-96.256202698,20.975761414,10.000000000
-96.301147461,23.348836899,61.500000000
-96.914169312,22.069362640,31.000000000
-97.083564758,23.034671783,43.000000000
-96.347496033,24.185806274,51.000000000
-95.614280701,23.729804993,53.500000000
-97.270652771,23.726959229,39.500000000
-95.584861755,24.217576981,43.500000000
-95.283088684,21.205032349,13.500000000
-97.685195923,23.133993149,34.000000000
-95.458213806,24.370206833,40.000000000
-96.869537354,25.607305527,11.500000000
-98.104393005,23.201911926,26.000000000
-95.550178528,23.062631607,52.000000000
-97.180953979,24.739439011,24.000000000
-96.372596741,23.739408493,59.000000000
-95.040748596,22.727668762,39.000000000
-96.039169312,23.111783981,59.000000000
-97.440422058,24.595233917,23.000000000
-95.703056335,23.811716080,54.000000000
-96.159492493,24.933300018,26.000000000
-98.822402954,23.239101410,12.000000000
-97.696189880,23.769514084,35.000000000
-95.018241882,22.675870895,39.000000000
-94.715454102,23.896551132,34.000000000
-95.460304260,24.334686279,41.000000000
-95.846794128,22.590810776,48.000000000
-96.966758728,23.494298935,48.500000000
-96.713653564,24.090867996,52.500000000
-98.509963989,23.869752884,17.000000000
-96.340003967,23.286855698,62.000000000
-96.338340759,21.332712173,14.500000000
-95.547760010,23.556221008,53.000000000
-93.789001465,24.245893478,9.000000000
-96.028648376,22.439643860,46.000000000
-97.129379272,22.586793900,39.000000000
-94.319923401,22.700401306,18.000000000
-97.764404297,24.449123383,22.500000000
-95.369079590,23.426549911,50.000000000
-95.301582336,23.802038193,46.500000000
-97.515563965,25.634096146,9.500000000
-98.457000732,23.184810638,18.000000000
-94.775207520,25.497390747,11.000000000
-97.167129517,23.521028519,44.500000000
-97.230331421,25.015869141,18.000000000
-95.961631775,23.178188324,60.500000000
-95.687789917,21.984857559,32.000000000
-97.499572754,23.798601151,36.500000000
-94.951812744,23.280559540,46.000000000
-95.899559021,22.496665955,46.000000000
-94.477096558,24.374658585,24.500000000
-94.907363892,25.201831818,16.500000000
-96.478919983,23.171398163,55.500000000
-98.274536133,23.084264755,21.500000000
-95.570594788,24.611461639,34.500000000
-95.965568542,23.411550522,60.500000000
-95.253669739,23.938392639,45.000000000
-96.869049072,23.381042480,52.000000000
-95.969108582,22.428155899,44.500000000
-98.999305725,24.283235550,6.500000000
-97.224807739,24.437948227,31.000000000
-95.581626892,23.398166656,54.000000000
-94.414024353,24.203060150,25.000000000
-96.593994141,25.148626328,21.000000000
-97.330307007,20.999963760,5.000000000
-96.599174500,24.475076675,46.500000000
-95.805160522,23.255371094,57.500000000
-95.542671204,22.749076843,47.500000000
-97.428405762,22.968729019,38.000000000
-96.978019714,22.501909256,39.500000000
-96.405929565,24.778144836,34.000000000
-96.559295654,22.606157303,44.500000000
-96.779861450,23.302742004,51.500000000
-95.684700012,24.305936813,44.000000000
-94.475471497,22.962287903,28.000000000
-95.734680176,23.339340210,55.500000000
-97.245132446,23.529115677,42.500000000
-98.451103210,23.135128021,18.000000000
-96.331336975,23.250291824,61.000000000
-96.980331421,24.005268097,44.000000000
-96.769165039,22.670583725,44.500000000
-96.253524780,23.186130524,60.000000000
-95.319999695,23.981924057,44.000000000
-95.131530762,22.673053741,40.500000000
-96.776275635,23.368375778,53.500000000
-95.863380432,25.149663925,23.000000000
-98.647552490,22.560371399,10.500000000
-95.536270142,23.743976593,53.000000000
-98.095947266,22.215009689,14.500000000
-97.407363892,22.989654541,38.000000000
-96.737182617,24.137708664,51.000000000
-94.776969910,23.810443878,35.000000000
-96.238632202,23.066938400,58.000000000
-96.949783325,23.365110397,48.500000000
-96.613113403,24.746206284,34.000000000
-94.761398315,22.440229416,28.500000000
-98.306907654,22.614671707,17.500000000
-98.231323242,24.422245026,16.500000000
-95.431076050,24.323471069,40.500000000
-95.479400635,24.197002411,43.000000000
-94.932044983,23.705026627,40.000000000
-95.844032288,23.304737091,58.500000000
-95.500007629,21.121337891,12.000000000
-95.499496460,24.301080704,42.000000000
-94.435028076,22.142433167,16.500000000
-96.054039001,23.336147308,60.000000000
-97.759445190,24.771436691,17.000000000
-95.799560547,24.275581360,45.500000000
-98.077995300,22.430946350,18.500000000
-96.762153625,23.049726486,48.500000000
-98.363426208,22.735546112,17.500000000
-96.410812378,23.137187958,57.000000000
-95.952438354,23.175977707,61.000000000
-97.590820312,23.434076309,36.000000000
-95.872383118,23.134313583,57.500000000
-96.090782166,26.472084045,3.500000000
-94.613220215,23.180681229,35.000000000
-97.260803223,23.661762238,41.000000000
-96.382743835,23.266122818,60.000000000
-95.424987793,23.600852966,50.000000000
-95.643829346,23.676759720,53.000000000
-93.521957397,21.913314819,5.000000000
-94.719032288,21.142084122,7.500000000
-95.325332642,22.442399979,39.000000000
-96.058494568,25.375898361,18.500000000
-95.843093872,24.419063568,44.500000000
-95.010536194,23.503684998,45.500000000
-96.990242004,23.675893784,45.500000000
-95.803894043,23.910753250,53.000000000
-94.692901611,22.800516129,33.000000000
-95.266845703,22.242311478,33.500000000
-94.137855530,23.754356384,22.000000000
-97.371208191,23.245767593,40.000000000
-96.981452942,20.942777634,6.000000000
-97.418685913,24.498300552,24.000000000
-97.482063293,24.205671310,31.500000000
-95.461441040,24.458108902,38.500000000
-96.011238098,22.574913025,46.500000000
-97.298980713,23.537204742,41.000000000
-94.951225281,24.370534897,31.000000000
-97.273452759,22.145380020,29.500000000
-96.299110413,23.936903000,58.000000000
-95.519187927,23.365158081,53.000000000
-96.354835510,22.166561127,38.000000000
-94.546058655,23.425184250,32.000000000
-95.156295776,23.334037781,47.500000000
-95.729003906,23.729766846,54.500000000
-95.460182190,22.931501389,49.000000000
-96.048133850,23.280981064,60.500000000
-96.537330627,24.629590988,40.500000000
-95.800132751,22.348583221,43.500000000
-96.376075745,23.151247025,58.500000000
-96.125480652,22.390115738,44.500000000
-95.269744873,23.697050095,45.000000000
-97.391799927,22.969335556,38.500000000
-93.809486389,25.557163239,4.000000000
-95.924819946,24.569154739,42.000000000
-94.845039368,22.141067505,23.500000000
-95.566390991,23.318296432,53.500000000
22.460756302,23.022006989,62.000000000
21.036481857,23.419513702,41.000000000
20.689100266,22.774763107,24.500000000
23.585012436,24.171678543,36.500000000
21.885759354,24.756992340,43.000000000
21.812746048,22.478126526,44.000000000
24.704029083,24.075105667,10.500000000
23.081541061,24.275695801,48.000000000
22.963518143,22.660278320,44.500000000
21.732196808,23.722709656,61.500000000
22.907640457,24.308319092,51.500000000
22.309511185,25.234766006,31.000000000
21.093990326,25.316934586,11.500000000
23.822435379,23.713708878,32.500000000
22.726057053,23.141662598,60.500000000
21.602163315,22.937105179,51.500000000
22.825649261,25.627492905,18.500000000
23.304586411,21.946649551,21.500000000
21.421413422,24.327230453,46.500000000
22.446825027,22.357074738,38.000000000
21.459949493,22.195753098,31.500000000
24.174659729,23.341005325,23.500000000
22.403766632,23.044395447,62.500000000
21.816682816,21.879188538,24.000000000
22.735971451,24.685770035,46.000000000
22.075359344,23.746860504,66.000000000
23.566570282,24.214458466,36.000000000
21.624282837,23.065313339,54.000000000
22.569091797,25.078306198,35.000000000
23.663433075,23.275075912,38.000000000
20.532545090,23.321523666,26.000000000
21.570732117,24.302593231,52.500000000
21.538127899,22.710109711,46.500000000
22.490898132,23.292432785,66.500000000
21.538129807,24.900724411,34.000000000
21.353864670,20.317592621,1.500000000
20.695789337,23.601339340,29.000000000
22.342975616,21.734306335,23.000000000
20.560035706,23.393243790,27.000000000
23.862665176,23.825588226,31.500000000
21.589630127,23.832426071,57.000000000
21.589380264,21.102182388,8.000000000
22.725858688,23.625297546,67.000000000
23.350488663,24.125093460,44.500000000
22.391761780,24.151649475,60.000000000
21.587417603,21.975942612,24.000000000
20.620864868,22.688640594,22.000000000
23.026046753,24.236986160,49.500000000
21.568243027,23.825166702,56.500000000
23.043991089,24.260744095,49.000000000
22.799831390,22.423347473,39.500000000
22.313812256,22.336315155,40.000000000
21.201826096,24.857810974,28.000000000
23.086202621,23.412538528,56.500000000
21.498004913,22.849374771,48.500000000
22.382099152,24.288400650,57.500000000
23.043439865,23.381784439,59.000000000
23.257493973,22.730230331,38.000000000
24.247753143,23.965702057,20.000000000
20.101362228,22.800945282,11.000000000
22.078767776,25.107994080,35.000000000
22.378780365,23.386226654,66.500000000
23.402870178,24.557260513,35.500000000
20.364088058,23.985874176,18.000000000
21.113334656,23.283466339,40.500000000
22.087453842,24.290843964,58.500000000
25.375543594,21.802040100,2.000000000
22.916240692,24.652463913,44.000000000
22.237121582,22.748895645,54.000000000
24.183345795,23.033277512,19.000000000
22.028680801,23.468723297,64.000000000
21.923099518,24.026899338,60.500000000
21.265863419,22.666183472,39.500000000
22.016658783,24.129457474,60.500000000
23.088584900,24.821582794,35.000000000
22.112581253,23.754709244,67.500000000
23.687299728,23.452251434,40.000000000
23.253713608,22.271148682,30.000000000
23.266801834,23.625370026,51.500000000
21.955556870,22.241044998,38.000000000
22.400394440,23.925516129,65.500000000
22.674013138,23.295221329,65.000000000
23.487623215,24.472013474,34.500000000
21.579736710,23.205829620,55.500000000
22.026714325,23.531892776,65.000000000
22.360435486,24.073268890,62.000000000
21.377376556,23.683139801,50.000000000
25.369939804,21.461730957,2.000000000
22.275787354,22.200426102,36.000000000
22.605810165,24.346261978,55.000000000
22.736593246,24.840143204,40.000000000
22.986207962,24.696348190,41.000000000
22.552444458,22.420509338,39.000000000
22.778909683,23.547077179,65.000000000
22.626317978,24.236436844,56.000000000
21.698173523,23.505735397,62.000000000
21.664651871,24.261121750,55.000000000
21.750976562,23.725139618,63.000000000
21.230012894,23.366075516,45.000000000
22.779241562,24.469186783,51.000000000
22.858230591,24.054115295,56.000000000
22.226190567,23.341657639,64.000000000
21.961547852,23.655502319,67.500000000
22.960557938,23.947166443,56.000000000
22.882568359,24.684606552,44.000000000
22.188234329,25.098976135,35.000000000
22.667572021,22.648117065,48.500000000
22.749576569,23.328992844,65.000000000
22.388561249,24.328092575,56.500000000
21.820661545,22.406444550,43.000000000
22.626165390,22.731777191,50.500000000
22.551162720,24.176820755,58.500000000
21.050241470,24.324848175,34.000000000
22.903875351,23.630138397,62.000000000
20.988439560,22.319517136,25.000000000
21.662055969,22.911788940,51.500000000
22.499914169,24.682479858,49.000000000
22.949228287,22.962163925,56.500000000
21.818397522,24.763786316,42.500000000
22.833154678,24.414560318,51.000000000
21.594284058,23.643909454,59.000000000
21.709455490,23.234796524,58.000000000
21.796253204,23.246700287,58.000000000
22.224838257,22.018682480,31.000000000
21.255151749,23.817623138,46.000000000
22.553050995,22.575128555,47.500000000
21.890865326,23.849599838,64.500000000
23.732381821,24.219974518,34.000000000
22.217252731,23.480110168,65.000000000
21.409172058,23.803852081,51.000000000
22.852352142,23.186737061,62.000000000
21.937219620,23.439474106,64.000000000
23.009576797,23.806287766,55.500000000
23.857198715,23.177633286,32.000000000
22.559694290,24.232345581,57.000000000
22.261457443,24.178205490,60.500000000
22.979455948,24.009395599,55.500000000
21.769632339,24.992572784,36.000000000
20.962629318,23.227552414,37.000000000
23.364418030,22.235866547,25.000000000
23.605379105,22.463598251,25.500000000
20.932321548,24.675506592,26.500000000
21.915164948,22.457441330,45.000000000
23.830560684,22.081996918,14.500000000
21.893184662,23.534292221,65.000000000
21.780281067,22.932338715,53.000000000
24.019826889,25.284906387,14.000000000
23.714366913,22.709749222,28.500000000
22.384830475,23.429239273,66.500000000
22.478511810,23.499328613,69.000000000
22.591297150,23.619173050,67.000000000
23.426282883,24.548683167,35.500000000
24.492954254,21.835062027,8.000000000
22.998437881,21.856662750,21.500000000
21.477890015,24.934566498,32.000000000
22.260257721,22.872674942,57.500000000
22.258386612,23.975374222,64.500000000
23.169095993,22.304821014,30.500000000
22.705902100,22.544172287,45.000000000
21.972501755,22.670198441,49.000000000
23.934333801,23.023744583,27.000000000
21.123907089,23.610113144,45.500000000
23.121440887,24.686597824,37.500000000
22.200555801,23.030868530,60.000000000
23.351554871,22.213827133,25.000000000
23.289043427,23.738330841,50.500000000
22.953884125,23.971136093,56.000000000
21.514694214,23.591217041,56.000000000
21.289783478,24.459428787,39.500000000
21.836856842,24.624616623,47.500000000
22.708513260,22.382215500,40.000000000
21.386611938,22.485727310,40.000000000
21.904266357,23.804653168,64.500000000
20.370311737,22.397054672,14.000000000
22.080850601,24.890625000,43.500000000
22.160936356,23.232204437,61.500000000
20.763317108,23.293245316,32.500000000
21.329063416,24.164808273,45.000000000
24.588098526,23.974281311,11.000000000
21.317699432,24.034421921,45.500000000
21.554538727,23.067646027,53.000000000
22.557056427,24.634124756,49.000000000
22.524305344,23.985456467,63.000000000
22.485668182,24.005390167,63.500000000
88.646865845,37.592239380,41.500000000
87.315696716,35.602672577,34.500000000
87.636711121,35.670768738,44.000000000
87.770332336,36.858444214,48.500000000
88.098617554,36.327648163,63.000000000
88.214546204,35.607128143,54.500000000
88.849807739,35.055809021,46.000000000
87.660499573,34.700042725,25.500000000
88.049339294,36.288131714,62.500000000
89.909523010,35.527557373,37.000000000
90.331718445,36.236881256,29.500000000
89.183273315,36.533470154,61.500000000
89.322082520,38.193954468,19.500000000
90.168266296,35.386432648,27.500000000
88.330047607,36.793773651,58.000000000
87.686286926,36.755241394,45.500000000
88.674827576,35.364700317,52.500000000
89.094017029,37.337741852,44.500000000
87.806526184,37.966655731,21.500000000
88.987228394,36.235862732,66.500000000
89.141937256,33.771163940,9.500000000
89.524909973,36.628974915,50.500000000
88.292861938,36.701213837,59.500000000
89.154548645,35.303112030,48.500000000
88.843307495,34.771766663,37.500000000
90.563423157,36.260601044,22.000000000
88.444374084,34.959350586,42.000000000
88.383865356,36.266784668,67.000000000
89.024749756,34.805171967,35.500000000
88.380828857,37.110626221,51.500000000
89.077568054,36.514156342,61.500000000
89.420890808,35.966037750,60.500000000
87.949508667,35.810272217,54.500000000
89.462928772,37.254753113,42.000000000
88.754119873,35.378662109,53.500000000
88.571334839,37.287872314,48.000000000
89.464157104,35.342803955,47.500000000
88.981918335,36.209144592,66.000000000
88.349624634,33.705673218,10.000000000
87.746185303,37.753345490,24.500000000
88.678260803,36.502948761,62.500000000
88.652854919,36.767173767,59.000000000
89.377761841,36.932056427,48.500000000
89.931594849,36.822765350,38.500000000
90.453392029,37.874687195,9.500000000
88.768432617,35.150844574,49.000000000
87.590072632,35.368015289,37.000000000
88.931632996,35.105861664,46.500000000
88.738708496,37.584434509,42.000000000
89.369697571,36.160659790,61.500000000
88.689834595,35.251895905,49.500000000
89.119499207,36.607048035,61.000000000
87.293930054,36.568656921,32.000000000
88.985916138,36.155403137,66.500000000
87.931015015,36.091995239,56.000000000
88.203758240,35.072669983,41.000000000
89.990905762,37.859394073,17.500000000
88.528190613,36.872955322,57.000000000
87.201881409,35.629951477,30.000000000
88.687828064,35.447360992,55.000000000
90.497909546,36.975418091,20.000000000
88.874084473,34.598590851,28.500000000
87.936462402,36.137386322,56.000000000
88.506301880,35.405399323,52.000000000
88.389793396,36.185390472,65.500000000
86.894653320,36.846881866,17.500000000
88.512199402,36.140575409,67.000000000
87.956802368,36.355258942,58.500000000
88.635780334,35.202754974,48.500000000
89.307586670,35.167644501,44.500000000
90.025718689,35.821208954,36.500000000
87.982009888,34.326038361,22.000000000
87.912200928,38.171752930,17.000000000
89.422164917,35.949676514,60.000000000
88.768676758,36.989475250,53.500000000
88.467582703,37.238937378,47.000000000
88.233314514,35.274192810,47.500000000
88.877189636,36.224533081,68.500000000
87.192100525,36.788970947,27.500000000
88.588844299,37.679298401,38.500000000
87.983390808,36.222122192,58.000000000
87.605339050,36.906002045,40.500000000
88.689247131,36.375640869,66.000000000
88.323593140,35.494728088,54.000000000
89.081718445,36.140830994,65.500000000
88.935531616,36.439620972,65.000000000
89.230873108,36.444614410,61.500000000
88.561439514,35.052867889,45.500000000
88.660888672,37.876831055,31.500000000
89.323326111,35.823055267,59.000000000
88.850791931,37.358612061,45.000000000
88.768325806,36.619731903,62.000000000
88.038436890,37.467903137,40.500000000
89.499488831,35.673881531,50.500000000
88.133499146,35.488578796,53.500000000
90.133010864,34.899799347,21.000000000
87.459037781,35.227073669,32.000000000
86.933280945,34.304752350,7.000000000
87.172264099,36.183151245,27.500000000
91.382621765,35.490207672,9.500000000
89.212265015,36.935779572,51.000000000
88.172760010,35.985931396,61.500000000
88.562171936,36.560779572,61.000000000
89.111770630,34.576206207,29.000000000
89.872901917,38.595542908,6.500000000
88.490409851,36.783763885,58.500000000
89.114334106,35.865772247,62.500000000
89.602989197,37.033924103,42.500000000
90.207107544,36.550777435,31.500000000
91.755668640,36.435203552,5.500000000
88.534118652,36.393383026,66.000000000
88.660629272,36.488452911,63.000000000
88.814147949,36.134567261,67.000000000
87.700836182,36.533599854,46.500000000
88.267227173,36.081008911,64.000000000
87.502319336,36.492374420,39.000000000
89.197502136,35.666515350,58.000000000
88.915100098,36.027774811,67.000000000
88.583892822,35.689220428,59.500000000
88.088897705,35.078315735,41.000000000
88.970077515,34.913883209,39.000000000
88.715965271,37.183429718,50.000000000
87.972259521,37.661155701,31.500000000
88.219757080,36.076808929,64.000000000
88.663284302,36.697978973,61.000000000
89.050125122,37.302051544,47.000000000
88.282402039,38.312500000,16.000000000
88.440872192,34.336803436,22.000000000
88.979843140,36.512882233,63.500000000
92.042312622,35.861686707,3.500000000
89.686447144,36.786437988,45.500000000
87.535003662,36.000705719,43.500000000
87.733238220,37.180213928,39.500000000
86.107551575,35.364471436,5.000000000
88.065322876,34.985439301,38.000000000
88.632949829,35.863132477,63.500000000
90.054542542,35.194000244,27.000000000
89.176956177,35.877182007,61.500000000
87.809646606,36.557731628,49.500000000
88.619148254,38.000469208,26.500000000
87.502296448,36.819606781,39.000000000
89.537101746,37.418937683,36.000000000
90.152511597,36.023742676,30.500000000
87.983375549,37.155120850,47.000000000
88.181533813,34.677623749,30.000000000
90.544723511,35.846984863,21.500000000
90.134971619,35.876499176,30.000000000
89.703437805,35.951320648,51.000000000
90.004180908,37.345195770,27.000000000
91.314819336,36.849559784,8.500000000
87.117652893,34.381301880,10.000000000
89.469238281,36.694736481,51.500000000
88.361625671,37.978427887,24.500000000
86.986724854,36.064823151,22.500000000
88.468009949,35.872726440,63.500000000
88.855827332,36.975105286,54.000000000
89.197845459,37.175109863,47.000000000
88.699119568,35.332275391,51.000000000
89.331947327,37.208557129,42.500000000
88.364677429,35.008975983,41.500000000
89.380302429,36.681171417,53.000000000
88.759155273,37.220890045,50.000000000
90.551605225,35.368820190,15.000000000
91.961463928,36.197959900,4.500000000
90.526252747,36.029972076,22.000000000
88.521080017,36.282966614,66.500000000
87.022460938,36.807518005,21.000000000
88.044853210,36.896553040,52.000000000
89.208457947,36.970970154,51.000000000
87.632736206,35.943531036,45.000000000
88.341392517,37.279975891,47.000000000
88.769401550,35.398105621,54.000000000
88.746475220,35.254783630,49.500000000
89.949012756,35.447128296,35.500000000
88.424514771,35.708599091,60.000000000
89.789916992,35.517219543,40.500000000
88.729507446,37.412384033,44.500000000
90.134399414,36.651733398,35.500000000
89.103858948,36.862674713,54.000000000
88.506401062,36.226799011,66.500000000
89.273078918,35.098457336,41.500000000
89.230293274,39.367183685,3.000000000
88.598342896,35.639663696,58.500000000
88.788406372,36.244239807,68.500000000
-50.825939178,41.409942627,1.000000000
6.449560642,-89.165199280,1.000000000
-72.157241821,82.355499268,1.000000000
75.156974792,63.150829315,1.500000000
14.230540276,-27.962141037,1.000000000
91.752792358,81.888160706,1.000000000
-96.594535828,-75.786773682,1.000000000
8.609848022,38.105056763,1.000000000
-7.032287598,-63.586639404,1.000000000
-15.943888664,-58.927646637,1.000000000
60.840164185,8.444566727,2.000000000
-18.229492188,-71.666770935,1.500000000
2.887623072,13.278068542,1.000000000
30.620948792,41.111003876,1.000000000
-91.634445190,-24.440563202,1.000000000
-25.592466354,-65.901664734,1.000000000
-35.556415558,-91.172439575,1.000000000
-7.571352959,2.763834476,1.000000000
-2.159406662,-71.603179932,1.000000000
-78.826995850,51.832874298,1.000000000
49.775108337,-40.607124329,1.000000000
36.005592346,88.302993774,1.000000000
67.804779053,-40.916286469,1.000000000
-73.353912354,-89.754425049,1.000000000
0.745666564,-8.492738724,1.000000000
50.227668762,53.670787811,1.000000000
-86.004249573,94.286331177,1.000000000
-48.417167664,-25.179534912,1.000000000
15.257406235,-92.343475342,1.000000000
42.576839447,-61.560028076,1.000000000
83.399810791,-50.652320862,1.000000000
-17.338464737,-55.134975433,1.000000000
29.219814301,-24.539459229,1.000000000
-52.164970398,68.784271240,1.000000000
40.589023590,-5.670265198,1.000000000
-42.812919617,74.458618164,1.000000000
-16.123237610,-6.920653343,1.000000000
-61.601394653,66.784088135,1.500000000
9.981014252,31.379549026,1.500000000
-16.236553192,-96.124526978,1.000000000
-39.897636414,-95.865570068,1.000000000
-94.014289856,97.025688171,1.000000000
-81.050659180,-9.800621986,1.000000000
67.743896484,-15.689922333,1.000000000
-50.249538422,-17.199684143,1.000000000
64.777770996,-91.021713257,1.000000000
-2.244434595,-61.298805237,1.000000000
-87.946136475,57.110897064,1.000000000
-97.103500366,-17.008411407,1.000000000
9.100555420,-65.423255920,1.500000000
79.891334534,-18.263883591,1.000000000
-63.579238892,22.235914230,1.000000000
27.889738083,-22.265714645,1.000000000
-93.706329346,32.329193115,1.000000000
-52.446674347,-70.014884949,1.000000000
64.187431335,0.848281741,1.000000000
-10.414049149,50.968448639,1.000000000
-5.862157822,22.367969513,1.000000000
-18.751880646,77.504455566,1.000000000
13.113127708,80.502212524,1.000000000
79.765914917,51.714145660,1.000000000
9.610257149,30.843919754,1.500000000
-55.583026886,83.825469971,1.000000000
71.947181702,57.428657532,1.000000000
-94.903793335,-61.094570160,1.000000000
83.339485168,61.810787201,1.500000000
69.231925964,-19.086099625,1.000000000
-48.725055695,78.139564514,1.000000000
-25.408935547,-40.225883484,1.000000000
-39.827537537,76.486480713,1.000000000
-64.613990784,66.591468811,1.000000000
-4.486453533,-47.771251678,1.000000000
16.846246719,-44.201702118,1.000000000
2.977735758,22.735164642,1.000000000
16.604764938,63.247455597,1.000000000
23.753360748,-55.872100830,1.000000000
-41.021373749,-19.564453125,1.000000000
53.897468567,80.836486816,1.000000000
-95.093528748,98.683631897,1.000000000
-1.707595229,-73.651199341,1.000000000
13.088337898,-8.293330193,1.000000000
-90.135688782,15.524858475,1.000000000
86.314231873,-5.473876476,1.000000000
-54.159465790,34.188095093,1.000000000
-46.474903107,83.038208008,1.000000000
-4.590878487,56.910896301,3.000000000
-90.172485352,46.497772217,1.000000000
-70.404777527,-56.456424713,1.000000000
72.261680603,-75.214973450,1.000000000
-41.057857513,-26.018552780,1.000000000
82.002113342,-71.422073364,1.000000000
23.386993408,-59.418445587,1.000000000
-42.238212585,-10.987992287,1.000000000
9.445315361,-64.925270081,1.500000000
19.104391098,21.448877335,1.000000000
-18.292945862,-59.855972290,1.000000000
-33.214546204,-80.392684937,1.000000000
48.967552185,-97.076538086,1.000000000
-33.641834259,84.868103027,1.000000000
-62.496135712,4.703108788,1.000000000
-70.151000977,89.953681946,32.500000000
64.115898132,-37.474906921,1.500000000
50.389171600,13.470449448,1.000000000
-55.669544220,-73.122573853,1.000000000
-50.151050568,25.798118591,1.000000000
90.954994202,55.375061035,1.000000000
80.692176819,-61.184307098,1.000000000
82.917877197,-83.063606262,1.000000000
88.837379456,-71.756866455,1.000000000
-27.694021225,-30.888914108,1.000000000
-34.028594971,47.323093414,1.000000000
67.894393921,14.094676018,1.000000000
9.215009689,-47.738410950,1.000000000
80.665016174,12.955468178,1.000000000
-17.737548828,11.899854660,1.000000000
-79.106658936,-77.713142395,1.000000000
85.457061768,-56.288852692,1.000000000
-45.943771362,11.448447227,1.000000000
-2.627606153,11.146567345,1.000000000
-26.914173126,-18.956947327,1.000000000
-66.240226746,-0.596576393,1.000000000
-15.408776283,88.016746521,1.000000000
-74.042556763,23.148086548,1.000000000
93.305206299,-80.407646179,1.000000000
44.223705292,73.103210449,1.000000000
-33.553401947,13.872685432,1.000000000
-82.073974609,-32.588668823,1.000000000
-50.233711243,37.073604584,1.500000000
-88.862442017,-3.354200602,1.000000000
10.769167900,86.250923157,6.000000000
84.224441528,-98.681388855,1.000000000
16.206207275,-20.042358398,1.000000000
7.251224995,29.920013428,1.000000000
-45.124652863,52.230148315,4.000000000
84.103904724,77.757217407,1.000000000
51.068569183,4.891316891,1.000000000
-2.961493969,48.999729156,1.000000000
54.546024323,-97.576118469,1.500000000
-92.434432983,-4.487980843,1.000000000
73.271278381,-56.998729706,1.000000000
-71.284645081,86.632453918,17.000000000
78.222465515,-46.265144348,1.000000000
68.056999207,51.402027130,1.000000000
99.078208923,-67.325126648,1.000000000
79.478721619,-88.603927612,1.000000000
34.612930298,33.831562042,1.000000000
83.138786316,-54.424896240,1.000000000
-65.673515320,2.702279568,1.000000000
90.514350891,-44.226795197,1.000000000
59.332992554,-36.011569977,1.000000000
-48.975635529,36.821140289,1.500000000
54.281200409,-97.387329102,1.500000000
16.720170975,6.180644035,1.000000000
-22.198539734,57.063545227,1.000000000
-28.815855026,8.805619240,1.000000000
-14.428355217,-10.389659882,1.000000000
-2.876489639,-68.763793945,1.000000000
60.691776276,-41.881519318,1.000000000
3.259159803,-45.386344910,1.000000000
71.856666565,66.337409973,1.000000000
90.123954773,-27.147176743,1.000000000
77.390724182,71.771492004,1.000000000
14.760861397,-70.485107422,1.000000000
40.829708099,88.957572937,1.000000000
63.861015320,-84.693786621,1.000000000
-95.495307922,-7.872817516,1.000000000
82.601745605,44.472557068,1.000000000
99.877113342,25.459720612,1.000000000
76.445999146,62.405006409,1.500000000
7.721782207,-81.909889221,1.500000000
-73.833389282,63.096382141,1.000000000
-26.125221252,20.528192520,1.500000000
-41.657672882,78.305847168,1.000000000
83.199272156,91.141067505,1.000000000
85.727348328,12.803404808,1.500000000
20.375980377,92.449539185,1.000000000
-25.473081589,26.167396545,1.000000000
-12.056344032,-31.055646896,1.000000000
85.888450623,13.928833008,1.500000000
-6.978777409,-89.174232483,1.000000000
-68.902252197,8.148691177,1.000000000
98.923667908,-8.112708092,1.000000000
25.038320541,70.338485718,1.000000000
83.679420471,-26.773984909,1.000000000
-67.281242371,94.260597229,1.000000000
5.497939110,77.155853271,1.000000000
-40.298763275,-82.267318726,1.000000000
75.680427551,-16.687324524,1.000000000
-11.884486198,96.707710266,1.000000000
-18.231462479,14.735919952,1.000000000
47.458229065,-54.960311890,1.000000000
-46.060417175,47.765075684,1.000000000
61.428958893,-59.880706787,1.000000000
-38.252178192,-98.255737305,1.000000000
-23.033456802,80.222984314,1.000000000
-19.731906891,51.802982330,1.500000000
-88.522590637,17.578948975,1.000000000
90.808784485,96.876808167,1.000000000
15.680776596,-97.136207581,1.000000000
67.979125977,46.943038940,1.000000000
-95.063766479,51.332378387,1.000000000
43.899665833,-80.681442261,1.000000000
7.275449276,9.775195122,1.000000000
78.970993042,-11.375552177,1.000000000
11.831512451,10.189288139,1.000000000
3.875187397,70.631698608,1.000000000
89.325866699,82.984397888,1.000000000
-60.709671021,73.599967957,1.000000000
-36.449035645,-97.437698364,1.000000000
6.624855518,-81.145370483,1.500000000
-0.138352111,47.955085754,1.000000000
69.155014038,-35.437324524,1.000000000
67.760772705,-88.573966980,1.000000000
23.124286652,-30.086051941,1.000000000
9.750409126,-61.610443115,1.000000000
-53.752964020,67.277145386,1.000000000
59.518768311,70.865379333,1.000000000
-4.322406292,32.426315308,1.000000000
-8.361675262,-50.175167084,1.000000000
-98.760459900,83.961349487,1.000000000
39.420696259,56.366359711,1.000000000
-85.177291870,76.582084656,1.000000000
-70.653083801,68.608215332,1.000000000
52.944053650,47.763641357,1.000000000
37.439537048,-59.499656677,1.000000000
31.558189392,-78.281929016,1.000000000
71.923492432,-59.925857544,1.000000000
-12.078933716,81.208900452,5.000000000
59.085464478,-92.375549316,1.000000000
-2.298766613,5.029227734,1.000000000
67.056640625,19.393041611,1.000000000
-86.815109253,-16.053831100,1.000000000
32.040073395,97.606887817,1.000000000
-23.183139801,96.918655396,1.000000000
9.772170067,-7.249189854,1.000000000
-16.913198471,15.867892265,1.000000000
-14.292693138,-23.304882050,1.000000000
95.633796692,-1.098332763,1.000000000
56.037731171,1.259672761,1.000000000
-53.613685608,89.673614502,1.000000000
76.261398315,-71.613319397,1.000000000
76.996459961,-60.597206116,1.000000000
13.722665787,86.203048706,45.000000000
12.898633957,-57.674297333,1.000000000
-47.009208679,35.714153290,1.000000000
49.407928467,18.350446701,1.000000000
-43.714843750,-62.645839691,1.000000000
30.929325104,-54.133750916,1.000000000
-67.444206238,-73.771743774,1.000000000
47.768913269,42.382312775,1.000000000
85.494903564,-47.657478333,1.000000000
17.890916824,83.923255920,1.000000000
-55.298896790,-9.206213951,1.000000000
93.163520813,90.976478577,1.000000000
2.317229986,-10.266225815,1.000000000
88.965370178,19.891326904,1.000000000
-50.611732483,3.465339184,1.000000000
14.510604858,10.458370209,1.000000000
-18.864151001,-70.715904236,1.500000000
73.611244202,-77.534393311,1.000000000
-72.106369019,-70.150367737,1.000000000
-92.117897034,71.546371460,1.000000000
78.341674805,-75.487274170,1.000000000
-7.686249733,-21.363075256,1.000000000
-74.769226074,72.878532410,1.000000000
72.813491821,48.163673401,1.000000000
-66.686836243,-47.274070740,1.000000000
-61.539154053,66.493713379,1.500000000
-6.476280212,-69.910751343,1.000000000
-97.980964661,-44.297878265,1.000000000
94.826110840,-93.661827087,1.000000000
82.290306091,-88.411918640,1.000000000
34.354049683,-30.060613632,1.000000000
-8.900314331,-55.772239685,1.000000000
-32.294826508,-38.378772736,1.000000000
41.780056000,74.250717163,1.000000000
-18.136682510,63.244220734,1.000000000
-97.690155029,57.539535522,1.000000000
5.190761566,66.745780945,1.000000000
-55.191875458,-24.651420593,1.000000000
39.541717529,69.684082031,1.000000000
-4.336685181,69.272010803,1.000000000
9.663867950,98.274208069,1.000000000
80.942237854,-22.874418259,1.000000000
91.096527100,53.068363190,1.000000000
5.100543976,98.208641052,1.000000000
38.996665955,-61.078620911,1.000000000
-77.192649841,-47.576847076,1.000000000
47.100444794,10.089364052,1.000000000
-20.569732666,51.685905457,1.500000000
-95.242515564,62.715015411,1.000000000
49.653594971,-63.959457397,1.000000000
-22.195371628,-92.479965210,1.000000000
-97.642448425,99.253570557,1.000000000
-2.360668421,-25.595046997,1.000000000
-60.765579224,61.438449860,1.000000000
41.150543213,-99.688758850,1.000000000
54.245334625,-77.703453064,1.000000000
89.726539612,-33.452781677,1.000000000
-9.779444695,-99.003822327,1.000000000
64.878540039,-38.366348267,1.500000000
11.289375305,85.320159912,15.500000000
-68.755523682,73.465919495,1.000000000
0.047786169,84.891235352,1.000000000
64.471008301,-11.403993607,1.000000000
-82.257644653,-93.960510254,1.000000000
74.846160889,-5.143016338,1.000000000
32.738983154,76.329681396,1.000000000
-39.068202972,79.152603149,1.000000000
-94.493515015,-44.014865875,1.000000000
62.353279114,70.644065857,1.000000000
88.967079163,-39.397747040,1.000000000
56.047115326,97.026062012,1.000000000
5.401203156,-49.480743408,1.000000000
-92.207534790,51.930610657,1.000000000
-72.230926514,-22.611478806,1.000000000
-38.144424438,-16.629865646,1.000000000
81.199798584,-14.810447693,1.000000000
82.548866272,61.080173492,1.500000000
-42.324333191,-36.382194519,1.000000000
-26.031154633,21.129438400,1.500000000
34.812503815,94.445968628,1.000000000
85.303215027,22.374343872,1.000000000
-90.752243042,9.061524391,1.000000000
-19.271955490,8.955744743,1.000000000
-91.964721680,99.152442932,1.000000000
-88.608322144,-45.464012146,1.000000000
-85.575195312,9.522221565,1.000000000
-29.636341095,-24.940031052,1.000000000
57.833503723,80.804023743,1.000000000
-66.860603333,-44.204612732,1.000000000
-5.454276085,-77.423667908,1.000000000
-22.692382812,-39.582389832,1.000000000
84.395263672,-60.293174744,1.000000000
44.242279053,-56.821357727,1.000000000
25.131675720,16.398145676,1.000000000
-8.255141258,63.381462097,1.000000000
-55.456562042,-4.543955326,1.000000000
96.483520508,-63.347640991,1.000000000
9.086490631,-41.378845215,1.000000000
-75.238784790,70.318595886,1.000000000
15.535768509,15.765852928,1.000000000
9.066946983,-63.106380463,1.000000000
13.726633072,-81.722198486,1.000000000
36.528373718,-89.708564758,1.000000000
-62.169776917,-41.156440735,1.000000000
-44.213756561,62.420455933,1.000000000
-42.449871063,-85.208419800,1.000000000
-86.403457642,-70.117294312,1.000000000
-21.161619186,-60.637153625,1.000000000
-52.995529175,-63.204868317,1.000000000
-40.252922058,0.971745729,1.000000000
94.269416809,58.398086548,18.000000000
-65.495857239,60.570137024,1.000000000
42.018604279,81.159683228,1.000000000
-13.058652878,73.419738770,1.000000000
39.618049622,-45.381484985,1.000000000
-22.044771194,67.695716858,1.000000000
61.542457581,-50.898803711,1.000000000
67.254776001,89.151412964,1.000000000
75.553894043,-23.742395401,1.000000000
8.232358932,69.192131042,1.000000000
43.280086517,41.820987701,1.000000000
-42.949707031,22.160377502,1.000000000
-89.107780457,-40.570518494,1.000000000
-59.442226410,-22.597085953,1.000000000
47.645915985,-47.891773224,1.000000000
-64.216979980,68.407135010,1.000000000
83.019592285,-10.756680489,1.000000000
-51.100444794,-49.526821136,1.000000000
-16.764022827,60.488586426,1.000000000
12.296336174,15.467189789,1.000000000
95.631462097,-84.464958191,1.000000000
-4.997321129,-4.119541168,1.000000000
10.794795036,-66.411949158,1.000000000
-66.215568542,-16.910287857,1.000000000
21.243452072,-39.439495087,1.000000000
-0.496159166,97.351455688,1.000000000
-93.913795471,-6.826542854,1.000000000
-5.219060421,38.361278534,1.000000000
-46.719978333,59.986812592,1.000000000
-19.801315308,-80.967521667,1.000000000
26.012100220,-94.721374512,1.000000000
43.360439301,-97.571937561,1.000000000
19.334039688,74.178398132,1.000000000
39.681686401,24.868751526,1.000000000
-13.641775131,-32.760894775,1.000000000
-25.940895081,-24.994716644,1.500000000
5.976726055,-71.333984375,1.000000000
76.376388550,25.175107956,1.000000000
-25.112754822,96.442436218,1.000000000
74.505508423,21.363237381,1.000000000
-25.650236130,-26.181228638,1.500000000
-86.658653259,-31.495805740,1.000000000
-50.863155365,21.710224152,1.000000000
44.032695770,-41.515037537,1.000000000
9.229499817,57.415927887,1.000000000
28.380762100,48.732261658,1.000000000
-56.384063721,27.009979248,1.000000000
-45.243137360,-53.849884033,1.000000000
-45.812545776,-26.694898605,1.000000000
-5.811916828,-54.147712708,1.000000000
-30.007301331,79.299339294,1.000000000
-73.074615479,-56.855186462,1.000000000
-87.861457825,41.776226044,1.000000000
5.882142544,-5.135931969,1.000000000
-93.116966248,92.268531799,1.000000000
68.815475464,64.074821472,1.000000000
75.043495178,55.405033112,1.000000000
-72.112487793,94.298484802,1.000000000
86.743698120,39.215423584,1.000000000
-41.597866058,-99.777778625,1.000000000
-2.827646017,18.960695267,1.000000000
98.796264648,-73.416992188,1.000000000
-82.235977173,-14.736312866,1.000000000
50.191246033,-31.985933304,1.000000000
