size,avg,std
1024,5.3,1.00056
2048,6.8,0.69602
4096,15.6,0.305505
8192,49.5,2.72539
16384,165.9,1.81016
