x,y,rho
8.874915123,41.057075500,71.705421448
9.414788246,43.194221497,247.615539551
10.992991447,44.240253448,105.393630981
9.375373840,42.735569000,243.038497925
8.714147568,41.617855072,112.747055054
8.056430817,44.988647461,32.098766327
9.253048897,42.599800110,229.816314697
8.509905815,43.815364838,132.657760620
8.148802757,42.825134277,120.549781799
8.867234230,43.424774170,196.117507935
9.251895905,41.857242584,166.863510132
9.734519005,43.466205597,241.605407715
9.829217911,43.340343475,247.817382812
9.128378868,42.675132751,224.485488892
9.090240479,42.678321838,221.546768188
8.949554443,41.311592102,97.522270203
9.940127373,42.636093140,245.545440674
8.132502556,43.500656128,106.937156677
8.855401993,43.089817047,205.275634766
10.491791725,43.166854858,215.970520020
10.902101517,41.803047180,107.582427979
10.165042877,42.353061676,217.901565552
8.891903877,42.459022522,192.904693604
9.451148033,43.094039917,251.101638794
8.597551346,43.938701630,132.400344849
10.228363037,41.501628876,121.135215759
11.250952721,44.933761597,39.574386597
10.941480637,42.857948303,167.941848755
8.691947937,44.092323303,128.095336914
9.359523773,44.260318756,153.806976318
9.970975876,44.014511108,188.411087036
10.119067192,43.744445801,209.955810547
9.773200989,44.823741913,95.285964966
9.889613152,43.439861298,241.183273315
11.645851135,41.690113068,42.912944794
8.492216110,44.007270813,116.883827209
8.589577675,44.981494904,50.841743469
9.349081993,42.290416718,213.715133667
11.685643196,44.518386841,39.647441864
11.630259514,43.943916321,70.871093750
8.901474953,44.947937012,64.192115784
9.494697571,43.840328217,206.455490112
10.709952354,42.882862091,194.994552612
10.376780510,43.960079193,175.862960815
10.139126778,41.938472748,177.796661377
10.060938835,44.364257812,146.098892212
9.068133354,42.888237000,225.711959839
9.327547073,44.887138367,82.376296997
10.434995651,43.445335388,210.424331665
8.992784500,43.577121735,199.157546997
9.088368416,43.069702148,228.198135376
9.126854897,43.714305878,199.399398804
10.339291573,42.829574585,230.030700684
10.158707619,41.944812775,177.615509033
8.271443367,43.477264404,124.063362122
9.929374695,43.672904968,223.108306885
12.145845413,43.982353210,33.808204651
8.849878311,44.154888153,135.162002563
8.446793556,42.576290131,151.195709229
9.694458961,44.751216888,102.928344727
9.017946243,42.211433411,186.215255737
9.664248466,42.374393463,230.463378906
10.889336586,41.957942963,122.516090393
8.615232468,42.600051880,171.110839844
9.264668465,44.967407227,73.371864319
10.712121964,43.125423431,194.573760986
8.537264824,43.882236481,130.704360962
8.762485504,41.493103027,104.772445679
10.950730324,43.354816437,163.068344116
10.683559418,43.356601715,191.456481934
10.619531631,42.386848450,184.347015381
8.728458405,43.719467163,162.756118774
8.959291458,42.348323822,191.823547363
9.307168007,43.055351257,244.315444946
9.408706665,41.662921906,150.766143799
9.119082451,40.814468384,58.108917236
10.387931824,41.435813904,105.716323853
8.658317566,43.090038300,182.731918335
9.023138046,44.580886841,102.170616150
8.469843864,43.304924011,154.726837158
9.723418236,41.869781494,179.175842285
10.285977364,42.866325378,234.751449585
10.534491539,43.861377716,173.520370483
11.925936699,44.374401093,33.051433563
9.393519402,42.798492432,246.029357910
10.862360001,43.693138123,156.602218628
10.402832031,41.420917511,103.272895813
9.738374710,42.299842834,224.637466431
10.042625427,42.939723969,249.995651245
10.672879219,43.355091095,192.592437744
10.549028397,42.571453094,202.288040161
8.818254471,42.627822876,194.035125732
9.745680809,43.417026520,244.577728271
12.022009850,42.995616913,54.696430206
8.806756020,42.691890717,195.213012695
9.299104691,43.519355774,226.021240234
8.221903801,43.101135254,128.330963135
9.919207573,43.270053864,248.888092041
9.165384293,42.799949646,231.754516602
8.338640213,42.544551849,137.805053711
9.219839096,43.453922272,225.293167114
8.606518745,43.819072723,142.561325073
11.257184982,40.967887878,28.431663513
10.188959122,43.714782715,208.971038818
9.125264168,42.640602112,222.711059570
9.629819870,42.740081787,251.771423340
9.453687668,41.361869812,117.051368713
10.915032387,44.117492676,121.472549438
8.949336052,41.571449280,122.554534912
10.283765793,42.462085724,218.499481201
9.904653549,42.718544006,249.968063354
10.454239845,43.732624054,190.033737183
9.037103653,41.654510498,135.392639160
8.179762840,43.648254395,106.106307983
8.573841095,42.531055450,163.844741821
9.166386604,42.985305786,234.757324219
7.826420784,43.226650238,80.758209229
10.286591530,43.126296997,233.992004395
9.451814651,43.135272980,250.488296509
10.161746979,40.265281677,21.614830017
11.718612671,43.427967072,79.576927185
9.110292435,42.646919250,221.813568115
10.256443024,42.921768188,237.479766846
7.732016087,45.102367401,19.786828995
9.652159691,44.058044434,185.584350586
9.070651054,44.574249268,105.121032715
10.049044609,43.646717072,221.245147705
8.717447281,44.249019623,115.863906860
10.452519417,44.339717865,133.233947754
9.134613037,42.556846619,219.167083740
12.066617012,41.977855682,30.552249908
9.626750946,44.174766541,171.411499023
9.860425949,43.620826721,228.976806641
9.363251686,43.407928467,236.381103516
8.456173897,44.696002960,63.183177948
9.644536972,42.357696533,228.843429565
10.429083824,42.577152252,213.714157104
8.428442001,41.691154480,98.183044434
10.456474304,42.878299713,220.716140747
9.628998756,44.115615845,178.524108887
8.635874748,42.307193756,159.061035156
9.377820969,43.132225037,247.257156372
9.720529556,42.750984192,253.020126343
9.701074600,42.930568695,256.876739502
9.043096542,42.224880219,189.191070557
10.037217140,42.146957397,204.757385254
8.605345726,42.725582123,173.850708008
9.605033875,45.294597626,50.959087372
9.058000565,43.981132507,168.691360474
10.509888649,41.848926544,144.795928955
10.535953522,41.853992462,143.363220215
7.103528500,43.644191742,23.371595383
8.006810188,43.488807678,93.382934570
9.078689575,44.697425842,92.931083679
10.831210136,42.584487915,172.510864258
9.074863434,41.823795319,154.446304321
9.321778297,42.757518768,240.924499512
9.398007393,43.194576263,246.849441528
10.341221809,43.387527466,220.835556030
8.998557091,41.600082397,127.954345703
11.127232552,42.348423004,125.775413513
9.110406876,42.516685486,215.014038086
7.919631004,42.559898376,91.632614136
9.283044815,43.658229828,214.458084106
10.461157799,43.041645050,220.665634155
10.694549561,43.377838135,189.512680054
9.747018814,43.198802948,254.167526245
9.572047234,42.643024445,246.426284790
9.494967461,41.909862518,181.058502197
10.043142319,42.044750214,193.699401855
10.604331970,42.788414001,204.610610962
9.812195778,43.531711578,236.537719727
10.406015396,41.467250824,108.315681458
9.555797577,43.918052673,199.789779663
8.064595222,43.425155640,101.818466187
7.507136345,42.015365601,42.492576599
9.801331520,41.381156921,119.059669495
8.777190208,41.566040039,112.174461365
11.410835266,43.202102661,114.176872253
10.329991341,42.815196991,230.486358643
9.409269333,41.421398163,123.132606506
9.470863342,42.276382446,217.573196411
10.620624542,44.178974152,138.768692017
11.229279518,43.890426636,109.234642029
9.164047241,41.921977997,169.223907471
10.529363632,43.394165039,204.732177734
7.994162560,43.393356323,94.901802063
10.577220917,43.096797943,208.975936890
9.577647209,42.230224609,216.365905762
8.316165924,43.838172913,110.729667664
9.453586578,42.804405212,248.871109009
11.495422363,43.722373962,92.301689148
10.133525848,43.179935455,242.734832764
11.282695770,44.757461548,48.518207550
10.692205429,43.620098114,177.415817261
7.668097496,43.161594391,66.265296936
9.632594109,43.131828308,255.286163330
10.705746651,40.298194885,16.119314194
9.193388939,43.307777405,230.793838501
9.295855522,41.620967865,142.796142578
10.631664276,43.314746857,198.204147339
8.791596413,43.352691650,191.292541504
10.584286690,43.043167114,208.794769287
10.563265800,43.116134644,210.087005615
9.367471695,41.878452301,173.776351929
9.676770210,43.232166290,253.055526733
10.638533592,42.922767639,203.120025635
10.220116615,42.073261261,188.600387573
8.980072021,42.927482605,218.124664307
8.708072662,43.858119965,149.834945679
10.225831032,43.316970825,232.280319214
10.101604462,45.058917999,69.067985535
9.293836594,40.836433411,62.504032135
9.962000847,42.987270355,253.250320435
9.245182037,42.059043884,187.157241821
9.323511124,43.219211578,242.319854736
9.259883881,45.450328827,38.371433258
8.802196503,42.244754791,170.796234131
7.474080563,43.289356232,48.381477356
7.746294022,42.498416901,73.235366821
9.487030029,42.328144073,222.589752197
11.501573563,44.032268524,77.188865662
11.081837654,42.155452728,118.426673889
10.891294479,43.533874512,162.345031738
10.534107208,44.067310333,155.294799805
8.853937149,42.613555908,197.060867310
10.625296593,40.382255554,19.707433701
11.276028633,43.591007233,119.426170349
9.716997147,43.258380890,252.246673584
8.732765198,42.687931061,187.138900757
10.862984657,44.335895538,107.238067627
12.458925247,42.963947296,26.988767624
9.104147911,42.523639679,214.934692383
8.744658470,42.960018158,193.401794434
10.145433426,43.003631592,244.778381348
10.859047890,42.803657532,176.620574951
9.415249825,42.456604004,229.749801636
8.130065918,41.470104218,62.063022614
8.583542824,44.339302063,97.861869812
10.657960892,44.412837982,113.935424805
8.430489540,41.069248199,53.466464996
9.102644920,43.213691711,226.874588013
10.261390686,44.085845947,169.865982056
10.046980858,44.780540466,98.365348816
9.540095329,42.124794006,205.199905396
8.081482887,42.148902893,95.331008911
10.004818916,42.149154663,206.086517334
10.699442863,44.450199127,107.804718018
7.393114090,43.901924133,33.482559204
7.523096561,43.439373016,49.839042664
10.987571716,43.102729797,163.693893433
8.483011246,42.452442169,150.540313721
9.501055717,42.855628967,251.897293091
9.559803963,42.927989960,254.772888184
9.976181030,41.829299927,170.765914917
9.520681381,44.556133270,123.042564392
9.378055573,42.594036102,236.635452271
10.840898514,40.478687286,19.449640274
10.944079399,42.405967712,150.148300171
9.926629066,43.134193420,252.768493652
10.705168724,42.770278931,193.362136841
9.084674835,44.335720062,131.725906372
7.398527145,43.058208466,44.998027802
8.414774895,42.276298523,134.860626221
11.773957253,42.993278503,76.152862549
9.957770348,41.256309509,101.407669067
9.033656120,43.234432220,220.232025146
10.117458344,43.654758453,217.546905518
9.771328926,43.564876556,234.507369995
10.216483116,41.208133698,88.056442261
9.799706459,43.805774689,213.145187378
10.352581024,42.674015045,224.463943481
8.957074165,41.919559479,156.326934814
9.631647110,44.170951843,171.940505981
7.810896873,42.377983093,76.970535278
8.622898102,43.822830200,143.980224609
9.208391190,42.567234039,225.080551147
9.545751572,43.483264923,238.488616943
9.370311737,39.991729736,13.739878654
10.306013107,43.476917267,218.606002808
9.543159485,41.953838348,187.039810181
10.114480972,43.417110443,233.905563354
9.292668343,42.821140289,241.104095459
8.832544327,42.859283447,202.162094116
8.212271690,43.455192566,117.897369385
8.818332672,43.275978088,197.110397339
8.356738091,42.447814941,136.453292847
9.652211189,41.377174377,119.787452698
9.877848625,42.658725739,248.053726196
8.020344734,41.734630585,69.369773865
10.367820740,43.933429718,178.929016113
9.630792618,43.442634583,242.608764648
9.986544609,43.367496490,242.273818970
11.048685074,41.530876160,72.902023315
10.439161301,42.655864716,216.396224976
9.538441658,42.735622406,249.553619385
9.387553215,41.811676025,167.060012817
9.946040154,44.708816528,107.603599548
9.706567764,43.036487579,257.070343018
9.075401306,42.920398712,226.786437988
10.228867531,42.667629242,233.292480469
9.308897018,43.441139221,231.588684082
8.844696045,43.290370941,199.495117188
10.583022118,44.397823334,119.925918579
9.672318459,44.405471802,143.764526367
10.797110558,42.041660309,138.848297119
8.544762611,42.732910156,166.948410034
10.791636467,42.965587616,186.556655884
9.162043571,44.590114594,107.507377625
10.049605370,40.717277527,47.931938171
10.079861641,43.557914734,226.650817871
9.988309860,43.487586975,235.218994141
9.695425034,41.719478607,161.119506836
9.391996384,42.092258453,197.188949585
8.829959869,41.774803162,134.433822632
10.215189934,43.135768890,238.797454834
9.314535141,42.388534546,219.828582764
9.739277840,44.117069244,179.244949341
7.758484840,43.414749146,70.226325989
9.216988564,41.153285980,90.752426147
7.816997528,42.125091553,70.077171326
9.982210159,43.430934906,238.948272705
8.823719025,44.054893494,142.843597412
11.185684204,43.433959961,134.655624390
9.171298027,44.162292480,156.250076294
10.518096924,43.905281067,171.049591064
9.106237411,40.203319550,19.898679733
11.879491806,41.426994324,23.028495789
9.726932526,45.418617249,42.328674316
10.093277931,43.987121582,187.566970825
8.260304451,41.260208130,57.040729523
9.229997635,44.128623962,163.327499390
9.416451454,42.243236542,212.570816040
9.960667610,44.119808197,176.849105835
8.317760468,41.827331543,98.818412781
8.974031448,44.132511139,146.749313354
9.997522354,45.170024872,60.212089539
10.699146271,43.002777100,196.897216797
11.027778625,43.249370575,157.091964722
9.057779312,43.717849731,193.766296387
9.066373825,42.747474670,222.111328125
11.090483665,42.936592102,151.181564331
8.959559441,42.573535919,205.344558716
10.784491539,42.485332489,172.854278564
9.375829697,42.527580261,232.631469727
9.946626663,42.652381897,246.131164551
8.160864830,42.150691986,103.078651428
8.829912186,44.281192780,121.104209900
10.575374603,43.625133514,187.728927612
9.257342339,42.222080231,202.993179321
9.255183220,41.985992432,180.386932373
12.259901047,40.792552948,5.477641582
10.326709747,41.753322601,146.193511963
9.658357620,42.049869537,199.335128784
8.585071564,41.897678375,126.117729187
11.517686844,42.904884338,101.237701416
8.996998787,43.593658447,198.364318848
9.773050308,43.757907867,217.970413208
7.938444138,43.341476440,90.184318542
10.535395622,41.376274109,91.358436584
10.210896492,44.734054565,100.119003296
9.747842789,43.859279633,208.001220703
10.433271408,42.330368042,197.429672241
9.802467346,41.470878601,129.893508911
9.311397552,43.303562164,238.647903442
10.485801697,43.062484741,218.208114624
10.482684135,41.934967041,156.150009155
9.661003113,43.057151794,256.639831543
11.612292290,42.823707581,89.801406860
9.263684273,43.059223175,241.578048706
8.843586922,43.230628967,201.255844116
9.397645950,41.246543884,103.613967896
9.704113960,42.720329285,251.830276489
8.130277634,42.970737457,118.351928711
11.252057076,43.559177399,123.173065186
10.374628067,41.696376801,136.648437500
10.239599228,43.186321259,235.938812256
10.291746140,43.460502625,220.566528320
8.402919769,42.996471405,151.941055298
9.004830360,42.987789154,220.863632202
8.865300179,44.350341797,116.632545471
8.903728485,42.138931274,171.433883667
9.837286949,41.960773468,189.123123169
9.338037491,42.207908630,205.914154053
11.173872948,43.823677063,118.360496521
9.705231667,42.646656036,248.623474121
10.703618050,43.443077087,185.796340942
10.260753632,43.011680603,237.265747070
8.074470520,42.925407410,111.865653992
9.230211258,43.682929993,209.183639526
10.774542809,42.379920959,167.593643188
10.231085777,44.773754120,95.329971313
9.094987869,44.719795227,91.378990173
8.910115242,43.060832977,211.319030762
9.751555443,43.049373627,256.952667236
8.925023079,42.446689606,195.209152222
9.094980240,43.364837646,220.598281860
10.092736244,45.263816833,51.357364655
11.133689880,42.528030396,134.324844360
10.087570190,44.034992218,182.694961548
9.793302536,42.968231201,256.875823975
9.814275742,43.905151367,202.846633911
8.914380074,42.712203979,206.876785278
10.233134270,43.349319458,230.354644775
10.002283096,42.668071747,245.011947632
10.735236168,45.171741486,44.044002533
10.169116020,42.844696045,242.275543213
10.518441200,42.498741150,201.318939209
9.013010025,43.070682526,221.404708862
7.179903984,41.883922577,21.007751465
9.414738655,41.684482574,153.390457153
8.730057716,42.601123810,183.704956055
8.119735718,42.631801605,114.863182068
9.227430344,43.063278198,239.104660034
10.916884422,43.210376740,170.463088989
9.783762932,43.137329102,255.462677002
9.990093231,42.021133423,192.819641113
9.647925377,43.346626282,248.098037720
8.391941071,43.903526306,114.387069702
10.844077110,42.406497955,161.564620972
9.521363258,42.159683228,208.209167480
10.462080956,41.976650238,162.146545410
9.540224075,42.178955078,210.587310791
9.813654900,41.243644714,102.805740356
11.089162827,42.073265076,111.790199280
9.822595596,42.825351715,254.670394897
9.000586510,42.150093079,179.851119995
10.699099541,42.512233734,183.712554932
10.033870697,42.236377716,213.654815674
9.115519524,43.510120392,214.108062744
10.693109512,42.862556458,196.562011719
8.340781212,45.035827637,39.376354218
8.906151772,41.496284485,113.039993286
12.357125282,42.633842468,29.547838211
8.300968170,42.354434967,126.599777222
10.130245209,43.228183746,241.472274780
8.910971642,44.860595703,71.444419861
9.241121292,41.853187561,165.951538086
10.723394394,44.366935730,114.104537964
8.945207596,41.636524200,128.648971558
10.793139458,40.990550995,45.841648102
8.536079407,44.005317688,121.203269958
9.707347870,42.773937225,253.723403931
10.115517616,42.885097504,245.935104370
8.464014053,44.313949585,91.021308899
11.087715149,43.243206024,150.348098755
9.807834625,45.377498627,44.948673248
9.486268044,42.778297424,249.335189819
10.127182007,44.509193420,127.546287537
11.355471611,42.779300690,116.986160278
10.071031570,41.659790039,146.892135620
9.450724602,42.197582245,209.655334473
8.755868912,44.719448090,76.345733643
8.970414162,42.506267548,202.753402710
10.128549576,44.335697174,147.572982788
10.243816376,45.797229767,18.155668259
9.688033104,43.296588898,250.663650513
10.038301468,44.472923279,133.800491333
10.269939423,42.921642303,236.509475708
8.815212250,43.282318115,196.555236816
11.164045334,42.627490997,134.835647583
10.291644096,43.284019470,229.055999756
10.626220703,42.233119965,172.090744019
12.109347343,41.758712769,23.303163528
9.397150040,43.975967407,188.498977661
10.059433937,43.867858887,200.962890625
9.266598701,42.963069916,241.771575928
9.774932861,44.607131958,120.022331238
10.453129768,43.834545135,181.885147095
9.104774475,44.006755829,169.269485474
9.988282204,44.427017212,140.151107788
11.776761055,42.731105804,71.810539246
9.356397629,42.173828125,203.610397339
9.619121552,42.655849457,248.044906616
10.122204781,42.893306732,245.670181274
9.401101112,44.102458954,174.172744751
8.824820518,43.470981598,189.201766968
9.356759071,43.762241364,208.948898315
11.147962570,42.734775543,140.298919678
10.203733444,43.216667175,237.434494019
8.963278770,43.278659821,212.137298584
10.051821709,43.450744629,234.975280762
9.564301491,43.132064819,254.053039551
8.615089417,42.679759979,173.725860596
10.318663597,43.930347443,182.240203857
9.340386391,43.142585754,245.114517212
9.990754128,43.239353180,247.647064209
10.303474426,41.219795227,85.934143066
9.713376999,43.276905060,251.529388428
8.762370110,44.711860657,77.282936096
9.924260139,44.601276398,120.255073547
8.972177505,42.130573273,176.079513550
9.986952782,41.359184265,112.663963318
9.977665901,43.135093689,251.069442749
10.778366089,43.738914490,161.729019165
9.345223427,41.940376282,179.619720459
11.475006104,42.245758057,83.205253601
8.717176437,41.953018188,141.277359009
10.880005836,42.518974304,163.749954224
9.008996010,43.175563812,219.456146240
9.555755615,42.359779358,227.246704102
10.516692162,44.103187561,153.092773438
10.748018265,43.804794312,159.949981689
10.165326118,41.261985779,95.800079346
11.431951523,43.339862823,110.111358643
10.370857239,44.152835846,157.142593384
11.196053505,43.456272125,132.815475464
10.198246956,42.438648224,222.452758789
9.795790672,42.183712006,213.570648193
9.042759895,42.144298553,182.437530518
9.606677055,44.086967468,181.573944092
12.933675766,43.227371216,10.137102127
8.414287567,44.302856445,88.101562500
9.461916924,42.377265930,225.705718994
9.972550392,41.797248840,166.960876465
9.985163689,42.949497223,252.369995117
9.861078262,43.419288635,243.032409668
9.830192566,43.054210663,256.149444580
10.047015190,43.453273773,235.033432007
8.731218338,41.607883453,112.992347717
9.701063156,41.605136871,147.146530151
9.850232124,43.976619720,194.760162354
10.369812012,41.989704132,170.256484985
8.902438164,43.366172791,202.555023193
9.361402512,42.721218109,241.768585205
10.359607697,42.050586700,177.408370972
9.361466408,42.237789154,209.708984375
8.719571114,42.180793762,158.792938232
10.440162659,43.089694977,222.047866821
8.883540154,42.806770325,206.485336304
8.123893738,42.304561615,105.982505798
11.912275314,42.947628021,63.265613556
10.494359970,42.972385406,217.812530518
10.110870361,43.701129913,214.057083130
8.658083916,43.006935120,183.300659180
11.341566086,42.242374420,96.390815735
9.196261406,42.730182648,231.791168213
10.031724930,43.562789917,228.377716064
11.030112267,43.537372589,147.591903687
9.700647354,44.297039032,157.329742432
10.466812134,41.542194366,113.329597473
12.289069176,44.807796478,9.443494797
9.594486237,43.415782928,243.683654785
11.087059975,42.865673065,150.621994019
10.493052483,44.142452240,150.844253540
8.747875214,42.435543060,177.639480591
10.684108734,43.498687744,185.019439697
10.686497688,42.905303955,197.820983887
9.473695755,41.039234161,82.659385681
8.616700172,43.084938049,177.767898560
10.587258339,43.569049835,190.184204102
9.634458542,42.766101837,252.743225098
9.979880333,43.116085052,251.367324829
11.167245865,43.184314728,142.023086548
8.281455040,41.765316010,91.787559509
11.281459808,41.866714478,79.042358398
10.527197838,42.769500732,211.920867920
9.592942238,42.903739929,255.228500366
10.984086037,42.845031738,162.628067017
9.729381561,41.507068634,135.028366089
9.969390869,43.568916321,230.207809448
10.001846313,44.435768127,138.876434326
9.817872047,43.336849213,248.158920288
11.411204338,41.487857819,46.864913940
9.306875229,44.464031219,127.550132751
10.698829651,43.716255188,170.601348877
10.595351219,43.364940643,199.828475952
11.394298553,43.415634155,112.555465698
10.002568245,43.196830750,248.558853149
9.955564499,41.880855560,177.514205933
10.533373833,42.907432556,213.725646973
11.584615707,42.962223053,94.809646606
10.183619499,43.284477234,236.302597046
9.137144089,44.030010223,168.899948120
11.667764664,43.023094177,86.777847290
9.462222099,42.682846069,244.793380737
7.870338917,42.860061646,88.883979797
10.013698578,44.092632294,178.665985107
10.722748756,42.621376038,186.373413086
9.485877991,44.161777496,169.944427490
9.589237213,42.527843475,240.308898926
11.155219078,44.075458527,104.164573669
9.781492233,42.444095612,236.309326172
7.750820637,43.627578735,64.186973572
8.866331100,41.075141907,72.920433044
11.347521782,43.685840607,108.211044312
8.623692513,41.823471069,123.429092407
10.633662224,42.159904480,165.156326294
11.058850288,43.654331207,139.036193848
10.299297333,43.442569733,221.047668457
9.954152107,43.918384552,199.096359253
9.308620453,43.123825073,243.637680054
10.514647484,43.600864410,194.540328979
8.567713737,42.537464142,163.424911499
10.015503883,42.629859924,242.775161743
11.537359238,42.644721985,93.127647400
9.600481987,43.807304382,212.233612061
10.093233109,42.892597198,247.189620972
9.006207466,43.339385986,213.889953613
10.801796913,43.516967773,172.370101929
8.984517097,44.774646759,81.755577087
8.316123009,41.455188751,73.390510559
10.723258018,43.263713837,190.450195312
9.213202477,41.939304352,173.549987793
12.083500862,43.154964447,50.513145447
10.296901703,43.355758667,225.638534546
10.197508812,43.577968597,219.071121216
10.495124817,42.662651062,211.529769897
9.471058846,41.296852112,109.945434570
8.982396126,43.308986664,212.877365112
10.807723999,43.636913300,165.302261353
9.422008514,41.774700165,163.896774292
6.985341549,44.189605713,14.697308540
9.173471451,42.589408875,223.815856934
9.894274712,41.632312775,148.365219116
9.412919044,45.061344147,68.014839172
10.268087387,43.397121429,225.659271240
8.180206299,45.281475067,25.233165741
8.339905739,44.960197449,42.985019684
7.647644997,44.443237305,34.117137909
11.380755424,42.213462830,90.818870544
10.185280800,43.585353851,219.246902466
8.948905945,41.588756561,124.214927673
8.444983482,43.578880310,139.929885864
9.677585602,42.473571777,238.105026245
10.729468346,43.545940399,178.100280762
9.007238388,41.836669922,151.731826782
10.285962105,42.500289917,220.781417847
9.861906052,44.614173889,119.128906250
10.265028954,42.175605774,196.266403198
9.923361778,42.085227966,201.572616577
11.371222496,42.476295471,104.809318542
9.969971657,43.345603943,243.963302612
9.921951294,41.079322815,82.884620667
8.316279411,42.585521698,136.438491821
10.082132339,42.900093079,247.828063965
8.805553436,41.689449310,125.094070435
9.361143112,42.569396973,234.396026611
10.275537491,42.711555481,231.726119995
10.365408897,42.443222046,211.153930664
9.506743431,42.689826965,246.715759277
8.980334282,43.662990570,191.675369263
8.949105263,42.516231537,201.395370483
9.689580917,41.740493774,163.667480469
9.437766075,42.326568604,220.661773682
9.374547005,42.977943420,248.109771729
8.962787628,42.817798615,214.633621216
11.071369171,43.012073517,153.975265503
10.907962799,43.384368896,166.777725220
10.536861420,42.263412476,182.990341187
9.867608070,43.171787262,253.380889893
9.150074959,42.215045929,195.856460571
8.272435188,44.534011841,63.321792603
8.790297508,44.384094238,108.340087891
9.295207977,42.175380707,200.813247681
10.385219574,42.406681061,207.057739258
10.331159592,42.705062866,227.314407349
10.243124962,42.069686890,186.902893066
10.594052315,43.525844574,192.081604004
8.843050003,45.680809021,23.566902161
10.302824020,45.328338623,43.270816803
11.362968445,42.849037170,117.630233765
9.350428581,42.634414673,237.325958252
7.932672024,42.342037201,87.867988586
10.009467125,44.563831329,123.617851257
8.989929199,43.919929504,169.683639526
8.510107040,42.451553345,153.458084106
9.305060387,43.409683228,233.171646118
10.220010757,44.000213623,180.733261108
10.533537865,43.281040192,208.863327026
10.153065681,44.626403809,113.499687195
9.251774788,43.812602997,198.557205200
7.954556942,43.449207306,89.004951477
9.279451370,43.040443420,242.693527222
10.802786827,43.202518463,183.368331909
10.647888184,44.511638641,104.974075317
10.151794434,44.208915710,161.234558105
9.436140060,43.029663086,251.000289917
9.240081787,44.080852509,169.308761597
10.176792145,42.530639648,229.668701172
9.917369843,44.079441071,182.275680542
9.723432541,42.088939667,203.915542603
9.894612312,41.057308197,81.162490845
10.531471252,42.616546631,206.118850708
9.293390274,43.913570404,190.540786743
8.397538185,44.984970093,43.796772003
9.282458305,42.514621735,226.725036621
10.783925056,43.746566772,160.698516846
12.213930130,42.826667786,39.662807465
9.642293930,41.558555603,141.498245239
9.430598259,42.316440582,219.528366089
9.313933372,41.293685913,107.293075562
11.423308372,41.621269226,53.329929352
6.960497856,41.849449158,12.178142548
9.158861160,41.888320923,165.544876099
10.861003876,42.900035858,178.036132812
9.788085938,43.648265839,227.697601318
10.048713684,44.016441345,186.004837036
8.653223038,42.490356445,170.658523560
10.428668022,40.503318787,27.719915390
8.387516022,43.538864136,135.165557861
9.282451630,43.973979950,183.464828491
10.571881294,41.839778900,139.047958374
10.169358253,44.239570618,157.149612427
9.910135269,42.060409546,199.159439087
10.642090797,43.673297882,178.627456665
10.305311203,43.753810883,198.818237305
6.768087864,43.918811798,11.460058212
11.570832253,43.474510193,92.933914185
9.955430031,43.734310150,217.013076782
10.100926399,43.689655304,215.477005005
9.764171600,42.271167755,222.052993774
8.758378029,42.039680481,151.582794189
8.389657974,41.970130920,114.369606018
11.523966789,43.791969299,86.756393433
9.137673378,42.647480011,223.993103027
9.875258446,42.382328033,230.610549927
9.830217361,43.815479279,211.871124268
9.726958275,43.373889923,247.026260376
10.649191856,42.765743256,199.322296143
10.047491074,42.728496552,245.558410645
9.734171867,42.713142395,251.649307251
9.233831406,43.211585999,236.942367554
10.329246521,43.184177399,229.436187744
10.261427879,42.299942017,207.765914917
8.558965683,43.454917908,159.696334839
10.450582504,43.087730408,221.141662598
11.110736847,43.945571899,116.836135864
12.443271637,42.837066650,27.165143967
8.763852119,42.297737122,170.871307373
9.197202682,43.513904572,219.937011719
7.604632378,44.356422424,34.409412384
9.523404121,42.791080475,250.971130371
8.683357239,42.923648834,186.125411987
9.775940895,42.915927887,256.651489258
10.101759911,42.448242188,228.298507690
8.866885185,43.586200714,186.497268677
20.651342392,9.173817635,251.697982788
21.611701965,7.954071999,134.642211914
19.697435379,10.233856201,135.029815674
19.069791794,7.667224407,84.784645081
21.370536804,9.214837074,202.589477539
20.657907486,8.884977341,252.950302124
20.583942413,8.884524345,254.296813965
21.908117294,8.578488350,138.785919189
20.391302109,10.771085739,100.385856628
20.580184937,11.208653450,59.051700592
20.447694778,10.344051361,150.545318604
18.897331238,9.130281448,119.035667419
18.968202591,9.821090698,102.218002319
19.339807510,9.260406494,169.213607788
20.270479202,7.818433285,171.238403320
18.933315277,8.465596199,117.229133606
22.293304443,8.683151245,97.225929260
21.469896317,8.919593811,195.356903076
21.429401398,7.149725437,74.588958740
20.149486542,9.926042557,192.661865234
20.389419556,8.890181541,254.246093750
20.122213364,10.126015663,169.571151733
20.850189209,9.020658493,246.624389648
21.195730209,9.564861298,202.414505005
20.765262604,10.523668289,126.554351807
20.492387772,9.254717827,251.108322144
19.909723282,9.126751900,231.064727783
22.140436172,8.333378792,104.421119690
19.419082642,9.973396301,136.419219971
20.403909683,9.072640419,254.868667603
20.507562637,9.055758476,255.528793335
21.403205872,8.137512207,167.466995239
19.540901184,9.061604500,196.541351318
18.946235657,7.603582859,72.011901855
22.419359207,9.734105110,69.171485901
20.542617798,10.214643478,166.269699097
19.512075424,8.661033630,188.514144897
21.176128387,9.867308617,179.906585693
21.065591812,6.435397625,29.257408142
19.584592819,9.453704834,188.775955200
20.196723938,11.516868591,35.705894470
21.479232788,9.534718513,177.772644043
19.435726166,8.941339493,185.101501465
20.793878555,10.104420662,174.995574951
21.433805466,10.009625435,146.898437500
19.628763199,10.388788223,115.303352356
19.172245026,8.440722466,142.464889526
20.983446121,8.826745033,237.380569458
19.546638489,8.155086517,162.238403320
19.004421234,9.508611679,120.783096313
21.813243866,8.876242638,155.518173218
20.152326584,7.504313469,131.330963135
21.465877533,11.187940598,45.138999939
18.755218506,7.913203716,75.861213684
19.873083115,8.412318230,208.509155273
20.780021667,10.590886116,118.536430359
21.561271667,9.504234314,170.788024902
19.828746796,7.857008457,155.734451294
19.755899429,10.524703026,108.894187927
20.490932465,8.529800415,240.962066650
20.368919373,9.801255226,211.684051514
19.239826202,10.391510963,88.601814270
20.709152222,8.760293007,248.686523438
20.995521545,9.195034027,235.331985474
20.208478928,8.723925591,244.924423218
19.683813095,9.633027077,187.478805542
20.020681381,8.020378113,183.576034546
20.718538284,10.305777550,153.239852905
20.504329681,8.368535042,229.660263062
20.956571579,10.913349152,80.918884277
19.100769043,9.358839035,137.537475586
20.757761002,10.138170242,172.128646851
21.543584824,8.789927483,185.809844971
18.868158340,9.783200264,94.187850952
19.717481613,8.029895782,165.266845703
21.701025009,8.065786362,134.821563721
21.955520630,9.312480927,133.236099243
20.871793747,9.283901215,239.794036865
18.914251328,7.200247765,46.179225922
20.768228531,9.544644356,229.894195557
20.635286331,8.155101776,210.068511963
20.571598053,8.894602776,254.596786499
19.595516205,9.990609169,150.514053345
18.822399139,9.565379143,98.754447937
20.936998367,9.986348152,182.467880249
19.547363281,9.078043938,197.069595337
22.723840714,9.638710976,46.648494720
20.653257370,9.515797615,235.314758301
20.638851166,11.167534828,62.230789185
21.536312103,8.891021729,187.882919312
20.805006027,8.585838318,238.053710938
21.762525558,7.570531845,91.495689392
18.947937012,10.435351372,65.196243286
22.705795288,9.444941521,52.157272339
20.665412903,9.633904457,226.057769775
19.905622482,9.147880554,230.332122803
20.591583252,9.603200912,229.876190186
18.994676590,8.469601631,124.067756653
21.397670746,8.301042557,179.813369751
19.559314728,11.018709183,56.455879211
20.590793610,8.397718430,231.477005005
18.860303879,9.705983162,96.916992188
21.251811981,8.677877426,212.428314209
19.450445175,8.952087402,186.816360474
19.716819763,8.034543037,165.651290894
20.449462891,7.925246239,186.463287354
20.799324036,9.584629059,225.754074097
19.713043213,7.608391285,122.913330078
22.113954544,8.036366463,93.389205933
19.892732620,9.189653397,228.328735352
21.152044296,8.720319748,222.321685791
21.013469696,8.575650215,226.603881836
19.581504822,10.402953148,110.982765198
23.041116714,10.672606468,10.828908920
20.694482803,10.810071945,95.671257019
20.908378601,8.499350548,228.500213623
21.019054413,8.882244110,235.918441772
19.569557190,8.078314781,157.889419556
21.354726791,7.130104542,75.944076538
21.156812668,7.347053051,105.667373657
18.431499481,7.137790203,25.409620285
22.519439697,8.780402184,74.637748718
20.639259338,10.395891190,143.644821167
21.486854553,7.585131168,111.898269653
21.421682358,9.160818100,198.589553833
20.210996628,9.000927925,250.214569092
21.832487106,8.090670586,123.729415894
20.953561783,8.966979027,240.875396729
18.755510330,8.174383163,88.081466675
20.745889664,10.273978233,156.455413818
21.554006577,9.573848724,167.754638672
19.737400055,10.777850151,83.408287048
20.767915726,7.970271111,188.705093384
20.369770050,9.872884750,204.395034790
20.560293198,9.863501549,206.099380493
21.656368256,9.377167702,166.024139404
19.694972992,9.112091064,212.117446899
20.597841263,10.835983276,93.684280396
18.926353455,8.841814041,123.880874634
19.968582153,9.311741829,229.874771118
18.115110397,10.091561317,28.612909317
20.566423416,7.131935596,94.197036743
20.191562653,9.585598946,225.862930298
18.961227417,8.979858398,128.084869385
19.495201111,8.420651436,175.697525024
20.579414368,9.160086632,253.327713013
20.081932068,9.249432564,239.517913818
21.370653152,8.697722435,201.841033936
21.984243393,10.438850403,69.486526489
20.123973846,8.338795662,218.111129761
18.888502121,8.850067139,119.513061523
20.189237595,9.755687714,211.226806641
19.043014526,8.699245453,135.841262817
21.521419525,8.246279716,164.554107666
19.790313721,7.529696465,118.973007202
23.173248291,8.229163170,21.885583878
19.252328873,8.172785759,136.026916504
19.778379440,8.707246780,216.277725220
21.378047943,8.678313255,200.509017944
19.629852295,7.525298119,109.703796387
20.574533463,9.019175529,255.246170044
22.083606720,9.069084167,122.615821838
20.453666687,7.925982952,186.581039429
20.246723175,8.538162231,237.180191040
20.182510376,8.017381668,190.409469604
21.091005325,8.834191322,229.932479858
20.352321625,7.262590408,107.701004028
21.046319962,9.463651657,220.199218750
19.713546753,9.966757774,162.240890503
19.187917709,8.954766273,155.559356689
20.281467438,7.659461975,153.013122559
20.742378235,10.679206848,109.241683960
20.620309830,8.513614655,239.055908203
20.999698639,9.082356453,237.286117554
20.580436707,8.551094055,241.833969116
21.974651337,9.432999611,127.089607239
20.024003983,8.868632317,239.358230591
19.811807632,8.368345261,200.781982422
19.911949158,7.842325211,159.057022095
21.329952240,8.685595512,205.434082031
21.106801987,8.306510925,203.566940308
20.492313385,8.265596390,221.047393799
21.272342682,8.728217125,212.128021240
19.821802139,7.334933281,100.163284302
20.828342438,8.268251419,215.352020264
20.536895752,8.484906197,238.035507202
21.506864548,9.520781517,175.679504395
20.999887466,8.360515594,214.294799805
21.018964767,10.691468239,101.387725830
19.720489502,9.148975372,213.951217651
18.903457642,10.375198364,65.623390198
20.154762268,9.759215355,209.507110596
18.829446793,10.774175644,40.084568024
20.195804596,9.522294044,230.681060791
20.703493118,8.721165657,247.525482178
22.238468170,7.328590393,45.959930420
20.851388931,9.887282372,196.499862671
20.522819519,8.858466148,254.374740601
20.409988403,7.749000072,165.857269287
20.590803146,9.489354134,238.231674194
20.621274948,8.704360962,248.767318726
20.062950134,8.697340012,236.834487915
21.810419083,6.890001774,40.459854126
20.592746735,8.648881912,246.816329956
22.008483887,9.032129288,131.902557373
22.037601471,6.852746487,31.149763107
21.012260437,9.256694794,232.288101196
21.943208694,7.335288048,62.574119568
20.397640228,9.042696953,255.040740967
20.056879044,10.193214417,159.291473389
20.213993073,11.011399269,74.195831299
21.606853485,9.927470207,138.305999756
21.111974716,7.912940979,168.260238647
20.121578217,9.549387932,225.434936523
21.230232239,10.283820152,134.980468750
20.085233688,8.116483688,196.385589600
21.411779404,8.167010307,168.994842529
21.425987244,10.176372528,132.371276855
21.008829117,8.619057655,228.950210571
20.593757629,9.570102692,232.424224854
20.562860489,11.174932480,61.839649200
19.562004089,7.973968029,148.160568237
19.575778961,8.387056351,181.548263550
18.373743057,8.346985817,60.104667664
19.899391174,9.055150986,231.204681396
20.970476151,7.736420155,156.380554199
21.452730179,10.778879166,75.758590698
20.344390869,10.551008224,124.852500916
20.751665115,10.965368271,79.427154541
21.669958115,7.412732124,84.770614624
20.571302414,10.030961990,187.699859619
20.583221436,8.939753532,254.951492310
21.822439194,8.266782761,135.144729614
20.570190430,9.300262451,248.845901489
20.218883514,8.956507683,250.405288696
21.327697754,9.409474373,199.488052368
19.743957520,7.872512817,151.873519897
19.763572693,8.977885246,219.767044067
20.392734528,8.144679070,208.870712280
19.954524994,7.456597328,118.765380859
20.970529556,8.936617851,239.671844482
19.292888641,9.005256653,168.108978271
21.895298004,8.236701012,125.864326477
21.867813110,8.653179169,145.515655518
20.750503540,9.074387550,250.521362305
21.954198837,9.135070801,137.287887573
19.410774231,7.665666103,108.928382874
19.019754410,7.264666557,54.765556335
20.598810196,8.018261909,196.639724731
20.471862793,8.272777557,221.596939087
19.781890869,8.495791435,206.683029175
21.256259918,9.905781746,170.447540283
20.923847198,7.986814022,185.146896362
21.196306229,9.665533066,195.232254028
20.827322006,8.373016357,223.685195923
21.261535645,9.399455070,206.174728394
17.435817719,9.621088982,11.233591080
18.638933182,9.640197754,77.991432190
20.398603439,10.170248032,171.135086060
20.454513550,8.090022087,204.102142334
20.405321121,10.036442757,186.869873047
20.578922272,8.862301826,253.982101440
21.296228409,9.186995506,210.677642822
20.546747208,10.342697144,150.773849487
22.107789993,9.589962959,106.013610840
20.266716003,10.473547935,132.780258179
21.735794067,9.695533752,141.237045288
19.336599350,9.117308617,172.148986816
19.809003830,8.817624092,222.069061279
20.792732239,9.076795578,248.824615479
20.077499390,10.249589920,153.677352905
18.856544495,9.706820488,96.500396729
18.695192337,9.359234810,91.913841248
19.665771484,9.854940414,168.369018555
20.639127731,9.224343300,250.531372070
19.534395218,8.322066307,173.392089844
20.759893417,9.560206413,229.065597534
23.481771469,9.199495316,12.244844437
21.528713226,7.419702530,93.929168701
19.222784042,8.621141434,154.866836548
19.355247498,10.463035583,90.937950134
20.142456055,10.358818054,143.237411499
22.039457321,9.019415855,128.271072388
21.054475784,8.920536995,233.791656494
21.091112137,9.459978104,217.165985107
20.429025650,9.481606483,239.173339844
22.276371002,9.689652443,84.424507141
20.878475189,9.101406097,244.385940552
19.540002823,7.949339867,144.203369141
20.876031876,7.607245445,144.969833374
19.786348343,10.258148193,138.170257568
22.466905594,7.310680389,34.172393799
22.179325104,8.765198708,111.068428040
20.537670135,8.863224983,254.385452271
21.633218765,7.368959904,83.301322937
21.008838654,8.031765938,185.662643433
21.123464584,10.519433022,115.623016357
20.552257538,9.350791931,246.714981079
20.962226868,8.177042961,201.568618774
22.064313889,10.683104515,50.002063751
21.254459381,9.049921989,216.947631836
20.090782166,8.350146294,217.410614014
22.263511658,10.391051292,52.956966400
20.489013672,7.396706104,124.567253113
17.720663071,7.893209934,16.082210541
20.422054291,10.377326012,146.358215332
19.901018143,9.481451988,216.064102173
21.855855942,9.105173111,149.571289062
20.410226822,7.667872906,156.283676147
19.350200653,9.392736435,165.682312012
20.351768494,9.099167824,253.699584961
20.505397797,9.640780449,227.437423706
19.767988205,8.641056061,212.819244385
22.448858261,8.176850319,68.919708252
20.271099091,8.387249947,227.555419922
20.997457504,9.999029160,178.136367798
20.054464340,8.545222282,228.883514404
20.273693085,9.506470680,234.505691528
19.813280106,8.600676537,214.871322632
18.180480957,7.594891548,28.741970062
20.440231323,9.874501228,205.001190186
20.847751617,7.877868176,176.446594238
19.152418137,9.151316643,149.250213623
18.899871826,10.042563438,83.949127197
20.616571426,7.369316578,121.275543213
19.586721420,8.252325058,173.287872314
19.779481888,7.486703396,113.909111023
19.678012848,8.292235374,184.260025024
19.841388702,10.104593277,157.603927612
20.657503128,7.983379364,192.291717529
20.218053818,8.097079277,199.858016968
20.252668381,9.852146149,203.924316406
20.804946899,11.262237549,53.540775299
20.928602219,8.063041687,192.547943115
21.362415314,10.056568146,148.378692627
21.646842957,7.882395744,125.854141235
20.405036926,10.108448982,178.512939453
18.867946625,8.477219582,110.543609619
19.125738144,8.044066429,115.536994934
19.540218353,10.227206230,124.584136963
20.318138123,8.113281250,204.337066650
19.517068863,9.118303299,193.116683960
20.541540146,10.320711136,153.456314087
21.052692413,7.544838905,131.611511230
19.923694611,10.046709061,168.660476685
19.931592941,10.711208344,97.145668030
19.454385757,9.549249649,169.662673950
19.691459656,8.467041016,197.149398804
21.651256561,8.849569321,174.426742554
21.366127014,9.449927330,193.742248535
21.306541443,8.088448524,171.402435303
20.331100464,9.400889397,242.582641602
19.703601837,10.606136322,98.239570618
19.775447845,8.676632881,214.905151367
19.546115875,6.833328724,46.708477020
22.349594116,8.772297859,92.148147583
20.104761124,8.777921677,241.951339722
21.972539902,8.011529922,105.292800903
21.232242584,8.552848816,209.027084351
19.956005096,9.543694496,216.000915527
21.540916443,8.462733269,175.125305176
19.783826828,7.807540894,147.824493408
21.656179428,8.401380539,159.923934937
18.703544617,10.386589050,51.700778961
19.182815552,9.756096840,128.019714355
20.736103058,9.264552116,246.427001953
19.968299866,9.342227936,228.507644653
18.884895325,9.564674377,105.391380310
22.109685898,9.860663414,93.135261536
18.533134460,7.992427826,62.099807739
20.364879608,9.463573456,239.508422852
20.446022034,8.483422279,237.782073975
21.147975922,10.140788078,154.804016113
20.320381165,9.705566406,219.832839966
17.973625183,8.039127350,28.191013336
20.231416702,8.488070488,233.485549927
20.885473251,9.990386963,184.327514648
21.059343338,8.354411125,210.199234009
19.029907227,9.533600807,122.614807129
18.714498520,9.629673958,85.515686035
20.364225388,7.800801754,171.219238281
20.839933395,8.973760605,247.169692993
20.516077042,8.892413139,254.977279663
20.972198486,9.901070595,189.458694458
21.049289703,9.988769531,176.355529785
20.508535385,10.595095634,120.675437927
21.123785019,8.432942390,211.017303467
19.458780289,9.182433128,185.209976196
19.246152878,8.003260612,123.619255066
20.791761398,8.368749619,224.688369751
19.619358063,8.942161560,205.391998291
20.625352859,8.770802498,251.017379761
20.175128937,9.831279755,203.385284424
20.895103455,8.753210068,240.733200073
23.016996384,9.170468330,33.197753906
21.684680939,8.415655136,157.570312500
19.189733505,8.184880257,130.659698486
20.284666061,8.480028152,234.641220093
21.889060974,8.856595039,146.279098511
21.014144897,8.930155754,236.730712891
20.119121552,9.014632225,245.962493896
22.266727448,8.208687782,86.791275024
21.319665909,7.950629234,158.222106934
20.093048096,8.980219841,244.566238403
20.879051208,10.459765434,131.188003540
20.502592087,8.133021355,208.659362793
21.202716827,8.612466812,214.202713013
20.791357040,8.860414505,248.228271484
18.609218597,9.484935760,80.015243530
21.136043549,9.903241158,179.366302490
22.353137970,7.781532764,60.784141541
21.069183350,9.385931969,222.767456055
20.133592606,9.373743057,236.910675049
21.052322388,7.757952690,155.150314331
20.798898697,8.058651924,196.963958740
19.900817871,7.201891899,89.713462830
20.079315186,8.773065567,240.417617798
21.102531433,8.977536201,230.365280151
19.010387421,9.838784218,105.484207153
20.434087753,9.465006828,240.294891357
21.518611908,10.399241447,105.295585632
22.513902664,8.904397964,75.600708008
20.863800049,7.898275375,178.129806519
21.614274979,7.791749001,121.067398071
18.747423172,9.807023048,81.637298584
20.030979156,9.754243851,203.839172363
20.960750580,7.346633911,112.573875427
17.832996368,7.880034924,19.834321976
20.569166183,7.754860401,167.307571411
19.899913788,7.517695904,123.070487976
20.722553253,9.067462921,251.569717407
20.071283340,10.373702049,139.134750366
22.050390244,9.541903496,114.293853760
18.752904892,7.871946335,73.591255188
20.959806442,8.348078728,215.640487671
20.065584183,9.875603676,194.082366943
21.063550949,10.290790558,143.210083008
20.123466492,10.351861954,143.451095581
19.998544693,10.476127625,124.814331055
20.658510208,8.116127014,205.938354492
18.921455383,8.675164223,121.324363708
20.296442032,9.834298134,206.915161133
20.442085266,8.544204712,241.603012085
21.629713058,8.751810074,175.408370972
19.976432800,9.551245689,216.860565186
20.062847137,9.635438919,215.787872314
19.955759048,8.753677368,231.965652466
20.704853058,8.602510452,242.287902832
20.539224625,9.792108536,213.464859009
20.963277817,9.457606316,226.016174316
19.917243958,9.829466820,189.917785645
21.222236633,9.981056213,165.959182739
19.826309204,8.804178238,223.255294800
21.186208725,8.367821693,202.139480591
20.326553345,10.902441978,86.088966370
22.504436493,10.216577530,44.462997437
21.491260529,7.957385540,145.264343262
21.065237045,8.617520332,225.067916870
19.494102478,8.467630386,178.173995972
20.668340683,8.429281235,232.569274902
20.001874924,9.768677711,200.843795776
20.696781158,9.210094452,249.508300781
20.664546967,8.300933838,222.717346191
19.182104111,9.287200928,149.540039062
20.045639038,6.965854168,70.770317078
20.160108566,7.884418488,175.217971802
21.251325607,9.498261452,201.813720703
21.049568176,8.311594963,207.682785034
21.284227371,9.296286583,208.462341309
20.142820358,8.523299217,232.128982544
21.445383072,8.503032684,186.809616089
20.856330872,10.010593414,183.317535400
22.462017059,10.640509605,31.342142105
21.453498840,7.470725060,103.156883240
19.863626480,8.428549767,208.915115356
22.205825806,8.277318954,95.498474121
20.938840866,9.077503204,241.261550903
19.617547989,9.358460426,196.769790649
20.950971603,7.720861912,155.406356812
21.775552750,6.890126705,41.651885986
19.961917877,9.948606491,181.060577393
19.359416962,9.326902390,169.322952271
19.256315231,8.883612633,163.653533936
18.238903046,8.134064674,45.332733154
19.009754181,8.574872971,129.080474854
20.137443542,8.302972794,215.782272339
21.350587845,8.089756966,168.010681152
21.187061310,10.605912209,103.885032654
20.691740036,8.118966103,205.632980347
19.303337097,8.266851425,147.087341309
21.257318497,9.132226944,215.552703857
21.489469528,9.746967316,163.041213989
20.693485260,9.450124741,238.601013184
22.407920837,10.392292976,43.695106506
20.249929428,9.966316223,191.751678467
21.138526917,10.113024712,158.265136719
21.224290848,8.002469063,169.827011108
18.932991028,9.549263954,111.208694458
22.455293655,8.200972557,69.148017883
20.364585876,7.940888882,187.081024170
21.730504990,6.671469688,30.884777069
18.289014816,9.351656914,55.223556519
20.470331192,8.497014046,238.826843262
20.251581192,9.513624191,233.317871094
20.138872147,7.879711628,173.895874023
19.625312805,9.864975929,164.005355835
20.027933121,7.591359138,136.871444702
20.654853821,9.481631279,237.581298828
21.881635666,9.194540024,144.947219849
19.892963409,9.450644493,217.282791138
21.279850006,8.937731743,214.818481445
20.508075714,9.236769676,251.712036133
20.482818604,9.226750374,252.063934326
19.530761719,7.826199055,132.241363525
19.716564178,9.618847847,191.474609375
20.811471939,10.016875267,184.248031616
20.365983963,7.832995415,174.957092285
21.697229385,8.957869530,169.596984863
21.836130142,9.574583054,136.841094971
22.741292953,8.756863594,54.267227173
21.453399658,9.868000984,157.161178589
19.997549057,8.804154396,236.267608643
19.090936661,7.427840233,69.271415710
20.679243088,9.769643784,213.650024414
21.190698624,9.316660881,216.140228271
21.415693283,8.386939049,183.519470215
20.280141830,9.714158058,218.049026489
20.985794067,8.766448021,235.788711548
21.873470306,7.684635162,91.906761169
20.033996582,8.693239212,234.954742432
21.369209290,8.979022026,206.068511963
19.291183472,9.490640640,154.474319458
21.640220642,9.715941429,150.026260376
21.171829224,7.102323055,80.032051086
19.652788162,9.458717346,195.444839478
20.497787476,9.499194145,238.255187988
19.286333084,8.915142059,167.408584595
19.162893295,7.022957802,46.141613007
20.848453522,9.819225311,203.371337891
20.798292160,8.943639755,248.934478760
18.990661621,9.982743263,95.463287354
20.508630753,10.936198235,83.646415710
21.494989395,6.971511364,57.152397156
21.307723999,7.580101490,122.607688904
19.793180466,8.725879669,218.200759888
20.458612442,9.374201775,245.736267090
19.529819489,7.825944424,132.148284912
21.153280258,8.963386536,226.227584839
20.727048874,6.782953262,58.204620361
20.375537872,8.085906982,202.709197998
19.632049561,9.898571014,161.712432861
19.457004547,7.883739948,131.778625488
20.221664429,9.426925659,237.817169189
19.668661118,10.210781097,135.371307373
22.002523422,8.095189095,107.248085022
20.307594299,8.197960854,212.311660767
18.867292404,9.279647827,112.608581543
21.286270142,10.988500595,65.065109253
19.655265808,10.312871933,124.411720276
21.895029068,9.174489975,143.734939575
21.154838562,9.849909782,183.007965088
22.526775360,9.454444885,67.562248230
20.492536545,8.110467911,206.384979248
20.857995987,10.000801086,184.314575195
20.797285080,8.196713448,210.205642700
20.641752243,8.847482681,252.646301270
20.817413330,7.314788342,112.442680359
21.103464127,9.572059631,209.141937256
20.997528076,8.972873688,238.041213989
18.746738434,8.957313538,103.452796936
21.613389969,8.116507530,146.772048950
18.563405991,7.436078548,41.223236084
20.866701126,9.349513054,237.220413208
21.438968658,8.921377182,198.682769775
19.052347183,8.158132553,115.583190918
21.371515274,9.117132187,204.622573853
21.202505112,9.411425591,210.819168091
20.347715378,8.802629471,251.650924683
22.409776688,9.391310692,80.451652527
20.424087524,9.432056427,242.249923706
20.775581360,6.819280148,61.079265594
21.202758789,10.797575951,84.569297791
19.772396088,10.430672646,119.383247375
20.295804977,9.270108223,247.853973389
21.623035431,8.256634712,155.202560425
21.795169830,7.762419224,103.962463379
19.677520752,8.383116722,190.629348755
21.214679718,8.635762215,214.134307861
19.032701492,8.760104179,135.622650146
19.768453598,9.707930565,189.283859253
20.209440231,9.047410965,249.978286743
20.147203445,9.410575867,235.594573975
20.369085312,9.301835060,248.215637207
17.959285736,9.073887825,35.438304901
20.966588974,8.777356148,237.298019409
21.222066879,9.715243340,189.334045410
21.856889725,9.081448555,149.739608765
18.638874054,6.691137314,17.653047562
18.950834274,8.938729286,126.973716736
20.395370483,9.252876282,250.542617798
19.927429199,8.240145683,198.906219482
21.107723236,9.632560730,204.482345581
20.296024323,8.938159943,252.835754395
20.956989288,9.480979919,224.980117798
19.408695221,8.257062912,156.913314819
19.322128296,8.469730377,160.145980835
21.365009308,9.522908211,189.845733643
19.454576492,9.488903046,172.985885620
20.638517380,8.482709885,236.781250000
19.146215439,8.801813126,149.678527832
21.232618332,6.813539028,52.598880768
20.156551361,11.230919838,54.725234985
21.225311279,9.236469269,215.929550171
19.815490723,8.298306465,195.818176270
20.469387054,10.579500198,122.440422058
21.018264771,8.104477882,192.066696167
21.729461670,8.684041977,162.417114258
22.250020981,8.410033226,95.599449158
19.549409866,9.151266098,196.098068237
21.535001755,10.014081001,137.877120972
20.711866379,7.988539696,191.919921875
20.047334671,6.958354950,70.104812622
19.639553070,8.798179626,205.642257690
20.941677094,8.637182236,233.846649170
20.495697021,8.580451012,243.925308228
21.303701401,8.077523232,170.694274902
21.390222549,10.937517166,65.464256287
21.025465012,8.449544907,218.741409302
20.016405106,10.186473846,158.266891479
19.426086426,8.022831917,141.016784668
19.388227463,7.698122978,110.202842712
19.507858276,9.766541481,160.885726929
21.654958725,8.279563904,153.350173950
20.760009766,9.735793114,214.544067383
20.653240204,8.021694183,196.406005859
19.082273483,9.987064362,103.754570007
21.048854828,9.553592682,214.308395386
19.445028305,9.211613655,182.902603149
21.181674957,9.290670395,217.923522949
19.807651520,9.988897324,167.079711914
19.025043488,9.905378342,103.185760498
21.633731842,10.548967361,84.992218018
20.210182190,7.977206707,187.107986450
21.346555710,8.277420998,182.756332397
20.596670151,8.659173965,247.234878540
19.650602341,9.297636032,202.630920410
19.160659790,9.568841934,135.777236938
19.585744858,7.244905472,80.844116211
20.502567291,9.408270836,243.931213379
21.129610062,9.794990540,189.687286377
18.199035645,7.971492290,38.989067078
20.659328461,10.495639801,131.502655029
21.336420059,10.877976418,72.377601624
20.027736664,9.251053810,236.188217163
19.452703476,8.572284698,178.798675537
19.817378998,8.342647552,199.336776733
20.159225464,8.979353905,247.949340820
20.574888229,9.520090103,236.326141357
20.692663193,8.632591248,244.096710205
20.030096054,8.669505119,233.734252930
20.103637695,9.467607498,230.032089233
21.418199539,10.250680923,125.966835022
19.754972458,9.446008682,205.878494263
19.157995224,9.349811554,144.642349243
21.635347366,8.827047348,176.002868652
21.625310898,7.838068962,124.047142029
19.664030075,8.840826988,208.919570923
21.574886322,8.559206963,175.770980835
20.099123001,7.985008240,183.646408081
20.755556107,10.223331451,162.223480225
21.253355026,9.673287392,189.967163086
20.345701218,8.413327217,231.407669067
21.229921341,8.944725990,219.482788086
20.379066467,9.874876976,204.322113037
20.354887009,8.138860703,207.657287598
21.461864471,9.057356834,195.887237549
19.515645981,7.863730907,134.555419922
20.648086548,11.314045906,50.763896942
20.159854889,8.640362740,239.310485840
22.076446533,8.919355392,124.092224121
19.104207993,7.403840065,68.362251282
21.779338837,9.642991066,139.557388306
21.378801346,8.918880463,204.950378418
19.825963974,8.759473801,222.051223755
20.688707352,8.138325691,207.574508667
21.114124298,7.717040539,147.685714722
20.219917297,8.772628784,247.033309937
19.861656189,6.771131039,50.110748291
21.000545502,8.220886230,203.331970215
21.878383636,8.634654045,143.810104370
20.011316299,9.068158150,239.237289429
21.606115341,8.413228989,165.833755493
21.567413330,10.416940689,100.434371948
21.542997360,10.603068352,85.928604126
21.845321655,10.491518974,75.542579651
22.157001495,9.184705734,112.448204041
20.123451233,6.714393139,50.158832550
19.229942322,8.528353691,152.482543945
20.170940399,8.823842049,246.419769287
19.551914215,7.380858898,91.552238464
20.422452927,8.787219048,252.357360840
19.745121002,8.234484673,185.291671753
19.612518311,8.580112457,195.612823486
19.696372986,10.236512184,134.693634033
20.793672562,8.004318237,191.575546265
20.272228241,7.796350956,168.750534058
21.564844131,10.360823631,105.502220154
21.804677963,7.831943989,108.385780334
20.461408615,8.575065613,243.522140503
21.114688873,7.968726635,173.644378662
19.876783371,8.563419342,218.044525146
20.705963135,9.670764923,221.942321777
20.223947525,9.640602112,222.683090210
21.374752045,8.763421059,203.155990601
19.307016373,7.805446148,113.244651794
21.144401550,8.500411987,213.436447144
18.840045929,9.589589119,99.673370361
20.682229996,7.570669651,144.657836914
21.732095718,9.813272476,134.192901611
20.691419601,7.702317238,160.101287842
19.150344849,8.669568062,147.773498535
18.838760376,9.381716728,106.673141479
19.141851425,9.141549110,148.142868042
20.264543533,9.688422203,219.906860352
19.614727020,9.250366211,200.549179077
19.157835007,9.772186279,124.432968140
20.437713623,9.472487450,239.838592529
19.232149124,9.475720406,148.357864380
20.858879089,9.340334892,238.045425415
20.865308762,8.783172607,243.132400513
21.793973923,8.820738792,157.316284180
19.813505173,8.917910576,223.989578247
19.602157593,8.512639999,191.316970825
20.375429153,8.597082138,243.790298462
20.752071381,10.922397614,83.581558228
21.123624802,10.048936844,165.787124634
20.048965454,8.389620781,218.231994629
-15.647217751,30.031711578,194.786758423
-17.417158127,28.145658493,47.202816010
-15.166704178,28.954730988,239.885650635
-13.301310539,29.626504898,72.655715942
-15.931231499,27.601215363,109.144996643
-15.609600067,27.875602722,149.049835205
-14.802289009,29.339929581,225.267166138
-14.949007988,31.257999420,68.747474670
-16.176506042,28.986417770,196.020156860
-16.481555939,29.098224640,165.926879883
-13.675766945,29.747545242,103.525062561
-15.383526802,29.430452347,240.602127075
-16.479896545,28.785089493,159.734207153
-15.183787346,29.278244019,242.932495117
-16.799655914,29.506444931,126.817665100
-14.989843369,28.801771164,229.246490479
-15.264864922,27.695331573,133.526977539
-16.748836517,29.313508987,135.589584351
-15.936763763,29.167266846,219.200942993
-14.429549217,29.004892349,196.252349854
-18.079708099,29.028169632,24.718587875
-15.750083923,28.944128036,227.822570801
-14.369309425,27.600292206,96.263923645
-15.025083542,30.749126434,118.740829468
-15.894983292,29.651149750,210.078781128
-14.302734375,29.389053345,180.472229004
-15.954136848,28.469301224,189.069107056
-14.525239944,29.770971298,184.511413574
-16.055507660,28.002349854,142.452774048
-16.549846649,30.840475082,74.176078796
-15.336985588,31.539051056,50.573169708
-14.713494301,29.618345261,208.336303711
-14.962767601,30.177972794,178.235198975
-16.235103607,31.338836670,51.812244415
-15.369341850,28.475421906,212.933395386
-14.966479301,30.271162033,168.806274414
-16.276594162,29.745691299,172.747497559
-15.985484123,28.672548294,200.121353149
-15.758522987,29.942363739,198.036544800
-16.378112793,29.371438980,175.690277100
-15.612458229,28.331611633,194.991836548
-16.482563019,27.975934982,110.591506958
-16.902835846,30.074989319,96.071327209
-15.510693550,29.337474823,240.761840820
-14.090850830,27.958705902,109.229110718
-16.210586548,29.433538437,191.617263794
-17.093120575,28.600114822,89.870620728
-16.193933487,29.508344650,191.040649414
-15.694855690,31.186971664,75.164093018
-14.331149101,28.325584412,157.286209106
-15.656353951,28.831237793,228.189819336
-11.962466240,27.668622971,4.034035683
-15.065500259,27.094390869,69.831405640
-15.275977135,31.088712692,86.775749207
-15.677495956,30.283376694,168.423782349
-15.335155487,28.756324768,232.507904053
-15.520696640,28.591920853,219.020446777
-15.895098686,27.848628998,135.794860840
-13.762239456,28.785745621,121.131584167
-14.975265503,28.302289963,193.696716309
-14.152050018,28.905267715,166.405014038
-15.360073090,27.349845886,95.999549866
-14.873064041,30.990327835,91.085845947
-16.138116837,28.720594406,190.285369873
-16.407363892,29.307985306,173.496246338
-15.205016136,29.883903503,212.671524048
-14.717566490,28.366306305,188.059356689
-15.044092178,28.850521088,233.203643799
-16.360073090,29.051967621,178.608489990
-11.467379570,31.493993759,0.926278174
-15.129213333,30.917680740,102.656425476
-15.314423561,29.125684738,244.444259644
-17.218612671,28.218717575,64.577705383
-16.052539825,29.286340714,209.150375366
-15.255055428,28.599880219,222.833328247
-15.857852936,29.012668610,222.960708618
-16.650451660,28.566184998,133.297241211
-15.650329590,27.929874420,153.681716919
-15.599278450,28.344015121,196.550354004
-14.033658028,28.935018539,153.973068237
-15.458585739,29.606851578,232.066223145
-14.712071419,27.442581177,95.729240417
-15.645824432,28.269790649,188.134246826
-15.414210320,28.642490387,224.778732300
-15.111970901,28.198364258,186.834747314
-15.836807251,28.587663651,204.854049683
-14.186449051,29.546825409,163.346038818
-14.900151253,28.892503738,228.867385864
-15.653758049,29.739826202,218.220489502
-14.491605759,29.193969727,202.491027832
-14.127391815,30.452978134,102.801628113
-16.933738708,29.609201431,110.300247192
-15.311641693,29.567111969,235.221160889
-14.153063774,28.258283615,136.929107666
-16.889314651,30.285013199,86.761230469
-16.267524719,28.492603302,166.214111328
-15.064418793,28.492721558,212.293167114
-16.861249924,29.213012695,123.856887817
-16.050525665,29.776681900,191.041397095
-15.775116920,28.490377426,201.303558350
-15.479041100,30.230976105,178.789688110
-14.361136436,28.085596085,140.526367188
-12.469332695,28.853046417,20.679826736
-16.421455383,30.067054749,139.695938110
-15.630712509,31.332542419,64.126617432
-14.421631813,28.980102539,195.174743652
-13.693733215,30.027936935,93.292663574
-16.497936249,30.067216873,132.875198364
-15.785527229,29.095497131,229.122726440
-15.137985229,28.299726486,197.010391235
-16.602382660,29.546606064,147.129486084
-16.657274246,26.603620529,16.464824677
-16.105146408,29.509914398,199.311752319
-15.538921356,30.445953369,154.076660156
-15.085287094,28.412513733,206.213104248
-15.708623886,27.742280960,131.875488281
-14.183242798,27.797721863,102.738189697
-16.189447403,29.018535614,195.402572632
-15.266686440,27.676172256,131.395126343
-16.174575806,29.443862915,194.855712891
-14.139316559,29.527826309,159.115402222
-15.294850349,27.616413116,124.761001587
-15.886382103,29.700317383,207.920120239
-14.188093185,30.068199158,135.261444092
-15.130968094,30.383422852,161.087997437
-12.387578964,28.584960938,16.424451828
-16.032155991,30.697305679,111.455520630
-15.033576012,29.291130066,238.429656982
-14.876666069,28.524335861,208.244949341
-16.303834915,28.401674271,157.115112305
-14.023094177,27.742181778,87.238121033
-14.770385742,28.621135712,209.169296265
-15.622406960,29.921773911,205.498092651
-14.425051689,29.521799088,188.219284058
-17.142160416,30.749786377,47.409095764
-13.958843231,29.270259857,145.787628174
-15.258782387,30.980272293,97.265449524
-14.321815491,29.149528503,186.112579346
-15.561378479,28.985284805,237.567123413
-14.091808319,30.218814850,116.770683289
-16.882463455,29.643465042,114.596054077
-14.404918671,27.672359467,104.991966248
-15.272005081,27.401779175,101.515419006
-15.139547348,27.095588684,70.657798767
-15.950785637,28.567756653,196.195922852
-15.977890015,30.630350113,120.350944519
-14.733529091,28.779253006,214.984649658
-16.202117920,28.940046310,192.494522095
-16.298152924,30.151903152,143.985488892
-13.272274017,30.232023239,51.702217102
-14.937349319,29.013193130,233.783645630
-15.674146652,30.924106598,99.867416382
-15.844975471,30.739921570,114.251808167
-16.400579453,28.882591248,171.011047363
-16.983097076,29.338056564,110.002571106
-16.532768250,30.843872070,74.813606262
-14.856767654,29.716218948,212.054473877
-14.986361504,28.086282730,172.844665527
-15.144922256,31.015903473,92.997322083
-15.260485649,28.161806107,184.323486328
-17.121383667,28.465496063,82.607276917
-17.031269073,30.009340286,87.730819702
-14.487873077,28.303140640,167.989181519
-14.655058861,28.602367401,200.758636475
-15.314654350,29.550777435,236.021377563
-15.713000298,29.597026825,223.879409790
-16.954769135,29.296297073,113.343704224
-15.303992271,27.132429123,74.731208801
-17.078729630,27.319299698,31.951284409
-14.854733467,29.302782059,229.347290039
-14.995082855,27.852443695,147.949234009
-14.130065918,30.161663055,123.889839172
-16.036003113,30.354883194,144.566131592
-15.519962311,27.402618408,100.060729980
-16.901735306,29.912546158,103.276107788
-15.373088837,30.060047150,197.486434937
-15.357413292,29.446493149,240.235839844
-13.145513535,30.575672150,32.395217896
-15.701867104,29.553791046,226.491378784
-14.774594307,29.940214157,190.653717041
-15.198031425,28.685291290,228.047515869
-15.272663116,28.698535919,229.314758301
-13.585672379,30.419548035,65.345062256
-15.472655296,29.607114792,231.793838501
-15.434499741,30.372064590,163.786285400
-14.220159531,29.747432709,157.705337524
-14.397775650,29.839393616,169.091583252
-14.094978333,29.709953308,147.052124023
-15.117139816,28.601596832,221.411209106
-16.840791702,29.150974274,126.146034241
-16.010095596,29.238832474,213.193389893
-14.128551483,29.351646423,162.972122192
-15.684041977,28.325693130,191.792724609
-16.699174881,30.511627197,87.577400208
-17.045730591,28.244039536,80.119506836
-17.582242966,28.862680435,52.972713470
-15.611324310,28.774528503,227.303146362
-15.332170486,28.357557297,203.066970825
-16.182695389,30.996648788,78.615737915
-15.603102684,30.086481094,190.966964722
-16.105812073,30.791551590,99.455574036
-13.754858017,29.409841537,121.271438599
-16.368572235,29.265823364,178.106079102
-15.221735954,29.418445587,240.477874756
-16.247261047,27.655822754,98.834686279
-15.106677055,29.168531418,241.769927979
-15.266964912,30.205623627,182.306549072
-16.744199753,30.189516068,103.856002808
-16.012268066,28.783599854,203.682296753
-16.094820023,29.268442154,205.524490356
-17.174858093,28.610736847,82.415786743
-15.784796715,30.442752838,147.619338989
-15.118342400,29.874340057,211.599639893
-15.263101578,28.129922867,181.046936035
-14.361835480,28.333381653,160.414718628
-15.795283318,29.360921860,227.552047729
-14.323501587,28.977437973,185.479660034
-13.758515358,28.607343674,115.495834351
-14.603450775,29.182439804,212.480529785
-13.722368240,29.393228531,118.145622253
-17.146352768,30.267158508,68.054687500
-15.350588799,28.625761032,224.395141602
-14.046075821,28.847513199,153.739990234
-14.669053078,28.410438538,188.662033081
-16.105171204,30.989404678,82.006080627
-16.056072235,28.594051361,190.136138916
-16.977361679,30.808805466,53.374057770
-14.871042252,29.416603088,227.467758179
-14.293901443,27.849485397,114.775093079
-15.810087204,29.087385178,227.479003906
-16.817510605,30.490249634,80.664154053
-15.287468910,28.855533600,237.435272217
-15.032814980,28.426240921,206.152679443
-15.223927498,32.606361389,7.743462563
-14.664358139,30.847133636,98.511505127
-15.624123573,28.427253723,202.914428711
-14.959336281,27.837118149,145.422515869
-17.575998306,29.910415649,48.870838165
-14.627701759,30.012674332,175.006027222
-15.240870476,31.157196045,80.337570190
-15.356368065,28.624856949,224.284210205
-18.275539398,29.131656647,17.193330765
-14.437162399,29.185684204,197.402435303
-14.144818306,31.473703384,35.215065002
-15.442390442,30.410076141,159.437210083
-16.854892731,30.210142136,93.458900452
-15.205549240,28.957431793,240.552368164
-15.432438850,29.022520065,241.784454346
-15.577842712,29.377494812,237.850982666
-15.443332672,28.023029327,168.414138794
-14.851985931,28.570955276,210.323730469
-14.221053123,29.144994736,175.577606201
-15.142016411,27.129590988,73.790603638
-16.525720596,30.118436813,127.114372253
-16.002857208,28.646385193,197.329727173
-15.546979904,30.542564392,143.087142944
-14.894902229,30.489088058,143.178268433
-15.536787987,29.391998291,238.818084717
-16.472284317,30.356853485,114.793113708
-15.160391808,29.222951889,242.971603394
-14.930724144,30.625614166,129.705932617
-15.483534813,30.841861725,111.001426697
-16.120563507,29.601007462,194.338333130
-13.259821892,28.689008713,68.653488159
-15.023784637,30.056327820,192.396057129
-15.406939507,27.678468704,131.063735962
-16.324998856,29.759756088,167.338485718
-14.377524376,29.963376999,159.020401001
-14.122608185,29.250808716,164.053634644
-15.060807228,27.659954071,127.859909058
-14.951711655,29.791503906,211.884826660
-15.852251053,29.822824478,202.155227661
-17.084928513,29.929922104,86.044776917
-14.968755722,31.289430618,66.480957031
-13.855954170,30.685802460,68.724372864
-14.451642990,29.825437546,174.738784790
-16.450672150,28.843730927,164.657531738
-13.442311287,27.722658157,47.684967041
-15.719322205,27.759588242,133.377166748
-13.818088531,28.613040924,122.024063110
-13.724505424,28.765060425,116.544464111
-15.773172379,30.457351685,146.486007690
-14.330208778,26.462541580,18.340120316
-14.817899704,29.778989792,205.531219482
-15.059233665,28.521163940,214.349334717
-15.240632057,28.780761719,233.759521484
-15.057717323,28.976428986,237.762649536
-15.890968323,29.342592239,221.421676636
-14.466601372,29.467828751,194.172332764
-15.822682381,29.515075684,221.232223511
-14.199247360,30.774227142,83.057380676
-14.061487198,29.716203690,143.368011475
-16.278163910,27.813270569,111.166481018
-15.471421242,27.769638062,140.358261108
-16.053825378,29.008699417,207.636901855
-15.753250122,28.850904465,224.208587646
-16.597043991,29.410289764,151.014663696
-14.272532463,28.630685806,170.041046143
-14.543284416,31.841548920,25.931970596
-15.360851288,29.830032349,218.117019653
-15.072270393,30.148447037,184.842163086
-16.987689972,28.121866226,78.967933655
-15.125576019,30.065784454,194.462493896
-15.138516426,27.514249802,112.827583313
-16.092653275,28.384117126,172.902481079
-14.880047798,28.416784286,200.168289185
-15.949847221,30.263570786,158.267105103
-13.933723450,28.765548706,139.401184082
-14.844137192,27.297338486,85.069129944
-15.070713043,30.368801117,161.425155640
-14.742258072,29.279884338,222.288681030
-15.657683372,28.532030106,209.931762695
-15.448122978,27.627382278,125.007171631
-13.658580780,29.743032455,102.034362793
-15.371477127,28.559017181,219.443298340
-15.339379311,29.976617813,205.538711548
-14.257592201,28.275131226,147.355804443
-16.242568970,31.257053375,57.040817261
-14.132447243,29.887342453,141.499237061
-15.407686234,30.102842331,193.001388550
-16.542272568,30.710590363,83.868972778
-15.304812431,29.969684601,206.115447998
-14.622822762,29.047252655,213.818099976
-15.444406509,30.400405884,160.506027222
-14.242542267,27.406591415,72.726448059
-16.961446762,28.232601166,86.951477051
-16.162586212,28.060297012,140.953811646
-14.996929169,28.715118408,225.173492432
-14.062915802,30.631700516,85.430229187
-15.297723770,30.862279892,109.521179199
-15.244825363,28.744031906,231.837387085
-15.204254150,30.123682022,190.183792114
-16.883501053,28.970222473,120.135467529
-14.971634865,29.541906357,227.870590210
-15.637476921,29.667608261,223.446228027
-14.976918221,28.586914062,216.603515625
-13.087441444,29.618371964,55.526332855
-15.600223541,28.607103348,217.562377930
-14.239631653,29.280881882,176.197906494
-12.720927238,28.742898941,31.496603012
-16.511646271,29.151124954,162.832672119
-15.093972206,27.060371399,67.102569580
-15.578208923,28.810407639,230.326324463
-15.637804031,28.548597336,211.966400146
-16.612232208,29.936861038,129.824020386
-15.852881432,28.155120850,168.229598999
-16.028974533,28.706499100,198.628448486
-15.160392761,29.847162247,214.841415405
-16.222219467,28.699525833,181.761169434
-16.614547729,25.786521912,3.872079134
-15.113245964,30.698825836,125.703727722
-14.746956825,28.671762466,210.653930664
-15.172560692,28.004001617,167.294631958
-15.391332626,28.751113892,231.714553833
-16.121753693,29.584474564,194.941390991
-12.669173241,30.844272614,9.810862541
-15.341113091,30.062936783,197.273620605
-14.406332970,28.531284332,177.185165405
-14.625136375,27.737831116,122.701148987
-16.074338913,29.417575836,204.856781006
-15.683827400,30.935300827,98.576828003
-14.620999336,28.796785355,207.696182251
-15.739620209,29.365793228,230.739120483
-16.324571609,29.774435043,166.606155396
-16.644342422,29.801832199,133.222732544
-15.433634758,29.593435287,233.170349121
-16.281625748,29.423807144,184.710815430
-12.856692314,28.721605301,39.038063049
-14.951640129,30.684389114,123.989883423
-14.507335663,29.610708237,191.882019043
-16.282730103,27.901233673,118.695121765
-15.215607643,28.715587616,230.020019531
-15.288098335,29.384479523,242.090789795
-15.945467949,29.672925949,205.266510010
-13.410484314,28.169481277,65.043998718
-15.738586426,29.129211426,232.241561890
-14.128580093,27.992441177,114.872306824
-16.334188461,27.015161514,43.967838287
-15.709402084,29.858968735,207.140106201
-14.203815460,29.535976410,165.552276611
-15.869997025,29.885293961,196.432769775
-15.064721107,27.258117676,85.291458130
-16.497135162,30.690687180,87.953918457
-14.946835518,27.804027557,141.469314575
-14.449087143,30.240257263,143.129852295
-15.704073906,29.836503983,209.113311768
-19.009140015,30.152399063,1.510283470
-14.093884468,28.054119110,116.863357544
-14.986954689,28.840702057,230.800750732
-15.371569633,28.753942490,232.093643188
-16.601335526,31.069227219,56.566841125
-15.579351425,29.283576965,239.431838989
-16.278440475,28.141956329,139.624343872
-14.856441498,29.705215454,212.737106323
-14.391116142,30.282596588,135.394226074
-15.479248047,28.734619141,229.219818115
-14.522226334,28.541383743,187.341674805
-14.397281647,29.553323746,184.273269653
-14.114013672,29.849214554,141.868942261
-16.323486328,28.313188553,149.245635986
-14.536555290,31.085878372,73.043014526
-16.591852188,29.202033997,153.873901367
-14.987365723,27.653045654,125.750923157
-14.790915489,29.085699081,226.473373413
-17.365596771,30.800550461,34.476978302
-16.132247925,27.896318436,127.845726013
-14.848898888,29.736309052,210.283004761
-14.532629013,28.792819977,200.454833984
-15.279954910,28.448015213,211.146255493
-16.579236984,30.257953644,113.393898010
-15.371803284,28.996507645,241.943969727
-17.268308640,29.000452042,81.234092712
-16.111534119,29.004209518,202.427825928
-15.488284111,28.732357025,228.877777100
-14.330201149,29.625877380,174.541625977
-14.141885757,27.853994370,104.590103149
-15.917996407,29.138542175,220.486404419
-15.675679207,29.099565506,235.193588257
-16.451143265,28.462644577,147.596069336
-16.910594940,28.288797379,94.381355286
-14.574863434,28.964614868,208.699676514
-13.763286591,28.583288193,115.137573242
-15.149969101,27.965570450,162.911209106
-12.668368340,29.000202179,30.528560638
-14.439410210,29.592206955,186.555908203
-15.852918625,27.847921371,137.592376709
-15.112896919,28.622032166,222.706649780
-15.424544334,29.830123901,217.644943237
-15.190798759,29.555938721,234.472076416
-15.118993759,27.711572647,134.405502319
-13.872978210,30.354675293,90.321121216
-16.405204773,29.684123993,162.974731445
-15.931064606,28.431905746,187.751632690
-15.273881912,30.926490784,102.771842957
-14.211082458,29.784044266,154.867660522
-16.419645309,31.733272552,26.772939682
-14.395309448,26.829984665,36.520023346
-14.869565964,28.690128326,218.437240601
-14.859057426,29.579462051,220.045333862
-16.187559128,31.004709244,77.779129028
-15.069255829,30.120170593,187.607330322
-13.917616844,28.440664291,125.028556824
-16.180809021,30.300729752,140.419250488
-13.876202583,27.801803589,81.266639709
-13.257797241,28.943319321,72.594245911
-14.577255249,29.743211746,190.557312012
-16.240383148,28.314773560,156.214813232
-17.352632523,28.027671814,47.258342743
-16.751516342,29.219013214,135.954635620
-13.899638176,29.151678085,140.188400269
-14.930186272,29.956825256,197.659637451
-14.589330673,28.792991638,205.087890625
-16.732385635,28.749017715,131.661804199
-15.206080437,28.307176590,198.394119263
-14.907079697,28.886110306,228.995285034
-14.647218704,28.375583649,184.599411011
-16.191007614,30.952878952,81.906265259
-15.240283966,29.731786728,224.867050171
-16.367462158,28.801557541,171.910583496
-14.586870193,30.744438171,105.065498352
-15.993525505,28.375905991,179.276290894
-15.291708946,27.654426575,128.977493286
-15.299173355,29.114093781,244.329055786
-14.544290543,30.593431473,117.198577881
-14.699195862,29.920373917,187.352218628
-15.216761589,28.819078445,235.431915283
-17.265016556,28.292602539,63.747131348
-15.051773071,27.533229828,113.791366577
-15.026150703,28.777988434,229.409820557
-16.290599823,28.708797455,175.785034180
-14.540258408,30.064323425,164.456024170
-17.206062317,29.029338837,87.434516907
-14.355155945,28.920927048,187.718872070
-15.160224915,27.683412552,131.687301636
-15.749073982,31.007598877,90.323196411
-16.057107925,27.738189697,116.875381470
-15.119568825,29.967451096,203.565841675
-14.075229645,28.661100388,151.245498657
-15.046564102,29.723176956,220.663192749
-14.619829178,28.631620407,199.934631348
-13.556315422,28.491525650,90.707298279
-14.561167717,29.156911850,208.968582153
-15.856258392,28.535970688,200.119781494
-15.855386734,28.731950760,212.399078369
-16.287925720,29.876232147,164.184890747
-15.972555161,28.563800812,194.415267944
-14.780349731,29.070859909,225.658233643
-16.690944672,28.242813110,111.930320740
-15.465597153,28.603834152,221.197280884
-14.518557549,28.414421082,178.645385742
-16.236167908,28.168275833,144.981536865
-14.862382889,29.662294388,215.708496094
-16.941484451,29.800897598,103.721611023
-14.408066750,27.487825394,87.756767273
-15.959471703,30.607715607,123.404319763
-14.262938499,29.203615189,179.641082764
-14.767790794,31.290842056,62.866889954
-14.766242981,27.958013535,151.941757202
-13.904101372,28.307884216,116.596229553
-14.275137901,29.835092545,158.095733643
-14.379526138,30.719755173,97.227798462
-16.734954834,29.109233856,137.761764526
-13.322990417,30.155204773,58.071998596
-15.091881752,28.155649185,182.218566895
-15.162319183,28.266941071,194.197891235
-16.737407684,29.755300522,125.682922363
-15.203734398,28.405309677,207.238098145
-14.874092102,28.674932480,217.808868408
-13.489480972,29.148250580,96.081703186
-13.691951752,28.366020203,98.834625244
-14.655691147,31.022521973,82.244705200
-14.997949600,30.315269470,165.200637817
-17.007371902,29.885957718,94.530509949
-15.238654137,29.943824768,207.939407349
-14.401374817,26.922573090,42.344676971
-15.712642670,28.508798599,205.772674561
-15.116875648,27.238288879,83.931144714
-16.359548569,30.180744171,136.832275391
-15.092147827,28.090808868,175.538436890
-15.522257805,30.277095795,173.089126587
-17.108606339,28.967393875,96.442092896
-15.498703003,29.365802765,240.480285645
-14.765260696,31.089164734,79.472160339
-14.715258598,28.591341019,204.044708252
-14.011090279,28.320154190,127.676246643
-14.832853317,30.750286102,113.733772278
-14.191724777,29.989912033,140.759307861
-17.500577927,29.077819824,61.570892334
-15.856414795,30.503690720,138.391296387
-14.428391457,29.439928055,191.488174438
-14.474598885,28.529205322,182.797683716
-14.634756088,29.273824692,214.094116211
-16.952247620,29.522869110,110.405426025
-14.561882019,30.372236252,138.878570557
-14.741651535,30.185525894,166.999694824
-17.001367569,28.805410385,104.650505066
-15.411550522,28.849081039,236.300674438
-15.358081818,28.601427078,222.645172119
-14.532875061,28.187616348,161.501098633
-15.143865585,29.251976013,242.377151489
-15.125102997,28.231098175,190.257400513
-13.869810104,28.952699661,135.993820190
-16.707893372,29.980123520,118.451469421
-15.272371292,29.081880569,243.851821899
-15.364912033,29.574258804,234.802734375
-15.322282791,28.405323029,207.373138428
-16.688224792,29.482275009,139.452697754
-16.787246704,30.298530579,94.085281372
-16.222900391,28.329208374,158.699813843
-16.250940323,27.815744400,113.104110718
-16.041639328,28.895196915,205.636978149
-17.596643448,26.733594894,6.431879520
-15.984905243,30.062219620,174.597518921
-16.569480896,29.102483749,156.217422485
-13.838482857,27.855413437,82.138565063
-15.707396507,28.435670853,200.239044189
-14.377072334,29.642694473,178.267456055
-14.651379585,31.675239563,35.596984863
-13.639564514,29.079778671,111.653007507
-15.471032143,27.729997635,135.994796753
-16.983203888,29.129180908,110.699493408
-16.568435669,29.804178238,140.806335449
-16.060758591,28.595878601,189.882293701
-16.821720123,31.288976669,36.312961578
-14.510210991,28.468893051,181.782638550
-15.117893219,30.501913071,147.644180298
-16.196865082,31.085420609,71.036247253
-16.301214218,29.001461029,183.979583740
-16.919418335,26.640312195,13.059800148
-14.258949280,29.264524460,178.490783691
-17.002901077,27.538221359,45.984249115
-14.123679161,29.028226852,164.863388062
-13.837596893,29.815408707,116.504302979
-15.335602760,29.211153030,244.659484863
-15.824113846,29.276609421,226.966873169
-15.330024719,30.016338348,201.801239014
-15.432458878,30.002378464,202.593063354
-14.348407745,29.359584808,185.866806030
-16.582008362,29.018346786,154.056732178
-17.175115585,27.972200394,57.066303253
-14.538621902,29.673715591,191.355621338
-15.272249222,28.876388550,238.266372681
-16.008441925,28.666009903,198.028930664
-14.303788185,29.655502319,170.549865723
-16.640256882,29.377676010,146.800918579
-15.129076958,30.827495575,112.040122986
-17.026592255,28.395692825,88.631118774
-14.295413971,28.067890167,134.085372925
-12.883418083,27.999877930,27.051506042
-15.239917755,29.738370895,224.405624390
-14.388003349,29.894031525,164.672531128
-15.731117249,30.092029572,185.796600342
-16.023693085,28.643844604,195.601394653
-14.812397957,30.688400269,119.404685974
-15.497211456,28.288480759,194.260299683
-14.059267998,27.914022446,103.275581360
-13.430858612,28.194740295,67.725875854
-14.628091812,30.105514526,167.216049194
-14.484005928,29.405824661,197.807312012
-15.219511032,27.525642395,114.647399902
-16.049860001,29.903467178,182.551345825
-14.605670929,28.140941620,161.872802734
-14.922060966,29.430852890,229.850845337
-13.518121719,28.760421753,94.740921021
-15.788897514,28.255378723,180.757781982
-16.268318176,29.553770065,182.139892578
-15.973381042,30.253526688,157.896255493
-15.896339417,30.712818146,115.269569397
-14.851314545,29.437206268,225.606307983
-16.419467926,29.507936478,167.999053955
-15.223518372,29.810905457,218.850509644
-15.779887199,27.725193024,127.689369202
-14.993818283,29.318609238,236.307907104
-15.025147438,30.184473038,179.754638672
-16.208681107,26.797073364,34.444358826
-14.794013023,29.584735870,215.693389893
-15.746096611,29.349420547,230.705886841
-16.316820145,27.072626114,48.347473145
-16.961952209,29.221183777,112.965049744
-13.886329651,28.789304733,134.815444946
-14.455101967,28.584489822,184.367904663
-15.324479103,29.975383759,205.642532349
-15.135860443,28.637144089,224.131973267
-16.134342194,29.086294174,201.614410400
-14.086937904,27.608167648,80.777740479
-14.409708977,29.462469101,188.936431885
-16.238151550,29.160448074,192.016708374
-15.473075867,28.231082916,189.253524780
-15.808475494,27.922534943,147.160552979
-17.340562820,29.330059052,75.387290955
-14.224550247,30.812171936,81.520507812
-16.380418777,31.326187134,48.469028473
-13.742733002,30.602296829,66.372421265
-16.054706573,28.616571426,191.600631714
-17.207397461,29.369981766,87.305015564
-15.662643433,29.340612411,235.170074463
-16.103557587,29.851692200,181.883560181
-14.925851822,28.034700394,165.771499634
-15.314928055,29.463506699,239.697799683
-13.260598183,29.274602890,73.831993103
-16.209449768,28.862560272,189.533355713
-15.300263405,29.045227051,243.328414917
-17.110511780,28.847246170,94.389984131
-15.962348938,28.918310165,212.770187378
-13.148077965,28.346532822,51.051017761
-13.831099510,30.339441299,87.983718872
-14.585542679,29.181932449,210.963226318
-14.614646912,28.728902817,204.407592773
-15.815499306,28.430961609,194.512588501
-14.995138168,28.969051361,235.335205078
-15.508625031,30.599050522,137.324844360
-15.973788261,29.914188385,187.354354858
-15.790967941,27.586627960,112.863853455
-16.694990158,28.687271118,133.583023071
-14.639429092,29.820608139,190.399978638
-15.509727478,29.797245026,218.734008789
-15.192776680,28.917331696,239.108749390
-14.414308548,30.366716385,129.891418457
-14.253012657,28.871950150,176.365753174
-14.701332092,27.049577713,59.327468872
-15.073973656,29.539825439,232.126419067
-15.117064476,28.956550598,238.899291992
-13.964266777,29.085584641,147.453262329
-15.408577919,28.937885284,239.782852173
-14.234934807,28.886362076,174.809097290
-16.103389740,29.070064545,204.273269653
-13.561326027,28.878135681,101.424438477
-14.653268814,28.900711060,213.519027710
-15.545786858,28.617980957,220.116699219
-16.485343933,29.069040298,165.278991699
-14.550584793,30.755016327,102.476860046
-14.827170372,28.361961365,193.313201904
-14.523535728,29.632852554,192.208221436
-13.870676994,31.268432617,36.940368652
-14.054431915,28.786064148,153.126724243
-15.428269386,30.336763382,167.788101196
-15.776733398,29.038339615,228.711669922
-14.634699821,30.249427795,154.718582153
-15.046129227,26.286302567,18.504390717
-14.929674149,28.866773605,229.386672974
-16.244960785,29.202953339,191.340484619
-14.148575783,28.048944473,120.953186035
-13.679117203,30.157552719,85.695373535
-14.334876060,28.364114761,160.323364258
-15.520282745,28.795988083,231.454055786
-15.268699646,29.116617203,244.240386963
-15.586388588,29.000894547,237.095520020
-15.480660439,29.446306229,238.647109985
-16.920856476,29.665401459,110.069793701
-13.571768761,30.251323700,72.524749756
-16.214937210,30.223430634,144.638778687
-12.979412079,28.936265945,49.750469208
-14.548007965,31.478202820,45.016799927
-14.238744736,30.729543686,88.722229004
-16.364265442,29.414443970,176.301742554
-14.877071381,29.743110657,211.442520142
-14.479532242,29.334997177,199.229019165
-16.581434250,30.245094299,114.068489075
-14.890179634,28.000205994,161.018142700
-14.510044098,29.731801987,185.585876465
-14.732005119,28.891986847,218.931106567
-13.634634018,29.750049591,99.494697571
-16.058994293,27.636064529,106.863624573
-16.036373138,26.809198380,39.165729523
-15.529600143,29.307779312,240.735641479
-16.476707458,28.633378983,154.023223877
-13.715757370,29.286113739,119.018051147
-13.733696938,28.993871689,121.357582092
-15.445822716,26.979568481,60.820125580
-14.539751053,30.279380798,145.955001831
-15.611408234,28.868518829,231.693817139
-14.456004143,28.442525864,175.749191284
-16.051364899,29.495920181,204.560714722
-15.875291824,29.789880753,202.990768433
-16.189350128,30.688331604,104.964363098
-14.612576485,29.244674683,212.672058105
-16.142671585,28.121068954,147.680831909
-16.166276932,27.746620178,111.778388977
-13.928609848,29.520896912,136.990524292
-14.198411942,30.917886734,72.252166748
-13.962433815,29.628438950,136.863601685
-15.680090904,29.928121567,202.779449463
-15.057902336,28.918170929,236.094909668
-15.784238815,30.258039474,167.020050049
-13.791577339,28.903713226,126.643386841
-15.706048012,29.876993179,205.871322632
-15.904216766,29.782499313,201.567565918
-13.532110214,28.760988235,96.178047180
-15.244526863,31.168516159,79.334312439
-15.642208099,29.319858551,236.444854736
-16.210855484,28.475988388,170.029342651
-16.647876740,32.104072571,11.730063438
-14.697288513,29.132947922,220.094589233
-16.326105118,27.354129791,68.873062134
-15.027301788,29.033670425,237.938385010
-14.767047882,29.871150970,195.630142212
-14.256765366,29.136646271,179.390960693
-11.860547066,77.947067261,214.653762817
-13.334004402,78.016418457,196.653518677
-11.713589668,78.961097717,189.311248779
-12.495170593,78.677024841,241.686584473
-10.875049591,76.552192688,42.581104279
-13.737626076,78.341567993,160.049362183
-11.782200813,78.139328003,215.122009277
-11.579469681,75.347160339,11.196945190
-14.813025475,77.786796570,43.199115753
-9.815236092,78.354530334,29.323984146
-14.724006653,77.994567871,53.521125793
-11.865063667,79.316825867,171.149307251
-12.012008667,78.118797302,230.930541992
-11.803768158,79.508216858,148.834716797
-13.037290573,78.231002808,227.799118042
-12.618655205,76.649055481,107.907447815
-13.739654541,76.035972595,28.129301071
-12.398220062,78.056930542,242.452316284
-12.821590424,78.320198059,241.261169434
-11.963288307,77.682014465,205.311630249
-11.308946609,76.762367249,80.505371094
-12.496207237,78.256256104,248.103012085
-11.632680893,77.859611511,191.745483398
-11.413826942,78.120735168,179.294311523
-12.584362984,78.205520630,246.587707520
-11.784461975,79.207748413,175.748260498
-13.087298393,76.945709229,126.742774963
-13.463659286,78.519783020,189.806457520
-12.499203682,78.495529175,247.372589111
-13.207730293,79.150337219,181.771865845
-12.658996582,76.721168518,115.322158813
-12.327207565,78.902023315,226.871383667
-12.338797569,78.484817505,245.915817261
-12.255385399,77.300872803,181.169128418
-10.950804710,78.028106689,125.305526733
-11.015712738,77.800468445,125.119476318
-11.515882492,78.594779968,188.589172363
-12.382243156,77.415809631,194.934494019
-11.276739120,78.773574829,157.548736572
-12.572808266,79.561973572,164.728485107
-12.393977165,80.564407349,59.768291473
-11.465880394,78.023887634,182.225097656
-11.124176025,78.415458679,148.791076660
-10.476666451,78.436256409,78.349372864
-12.561767578,78.448570251,247.823532104
-12.083050728,79.903907776,119.302902222
-12.189701080,78.247886658,242.193481445
-12.976017952,79.140281677,197.154327393
-13.036902428,77.185768127,154.433334351
-13.424803734,77.889671326,182.181991577
-12.606991768,79.407775879,181.752227783
-13.059801102,79.551727295,152.207183838
-14.120264053,80.989204407,14.636763573
-14.068982124,78.552688599,120.623260498
-12.700138092,77.569282532,206.624130249
-11.806149483,79.411811829,158.441848755
-12.654744148,79.563987732,163.673339844
-12.418499947,77.290817261,181.913009644
-12.561745644,77.827102661,230.012725830
-12.022342682,77.955436707,225.443267822
-12.556740761,77.269241333,178.976211548
-11.413201332,77.998970032,175.907562256
-13.552035332,80.986076355,23.482408524
-13.895531654,78.862030029,132.688873291
-14.646223068,78.663124084,62.484371185
-12.294444084,78.102218628,242.269226074
-13.846101761,77.496070862,117.622581482
-13.289118767,77.180473328,139.046447754
-13.430603981,79.789726257,108.048995972
-12.091348648,79.685424805,143.545806885
-13.471400261,77.923294067,179.166000366
-14.219607353,77.164146423,65.872306824
-12.773671150,77.933990479,231.197189331
-10.705204010,78.462646484,101.446174622
-12.747657776,78.814064026,230.923339844
-12.455678940,77.268898010,179.550979614
-13.109445572,79.753555298,128.345901489
-11.178770065,78.611831665,151.987106323
-11.463072777,79.997406006,83.147750854
-12.924283028,78.538917542,234.400360107
-12.261466980,77.527786255,204.131042480
-12.036126137,77.210922241,164.990661621
-12.380297661,78.085685730,243.308822632
-12.053010941,76.999740601,142.407470703
-13.003657341,80.237762451,82.675437927
-12.617403984,78.422744751,247.384841919
-13.152129173,78.399971008,220.381546021
-12.102786064,77.879035950,225.533020020
-12.732053757,78.188140869,242.749053955
-12.186820030,79.485115051,168.704086304
-13.151883125,79.160583496,184.841903687
-11.677951813,78.609436035,203.665847778
-11.400905609,78.453666687,179.406875610
-12.374741554,78.181045532,245.968917847
-12.752921104,78.144104004,240.871841431
-14.343379021,78.954872131,83.863479614
-12.804814339,76.885734558,130.694229126
-11.512235641,77.379058838,148.139785767
-11.623065948,77.613044739,175.712966919
-11.523670197,80.253524780,65.311241150
-14.077620506,78.099639893,117.772613525
-11.525749207,78.634292603,188.397445679
-12.200860977,79.270202637,191.651229858
-13.271417618,77.071556091,129.623199463
-13.196367264,79.688156128,130.981445312
-13.246463776,76.819641113,106.219367981
-11.325777054,77.842422485,160.457733154
-12.931566238,76.960731506,134.916519165
-11.952169418,78.922569275,209.181335449
-13.033013344,77.160865784,152.025787354
-14.374657631,78.922660828,81.821365356
-9.886062622,78.758926392,30.846401215
-11.874236107,78.501159668,222.779754639
-12.132981300,78.121582031,237.275344849
-12.188368797,77.553596497,204.586563110
-13.723251343,78.465835571,161.474166870
-12.384395599,77.180175781,169.486038208
-13.033988953,78.004524231,220.801910400
-11.766774178,78.513267517,213.982650757
-12.650167465,76.762382507,120.047279358
-12.212146759,78.883796692,224.750473022
-10.284444809,78.800933838,57.165191650
-11.558446884,79.288261414,151.908523560
-14.295259476,78.229980469,95.942543030
-12.652203560,77.894630432,232.687393188
-11.626024246,79.981323242,92.947875977
-13.407027245,78.198608398,194.921813965
-12.057559967,77.575050354,201.534942627
-14.599094391,78.139533997,65.791603088
-13.586647987,76.416137695,55.760414124
-11.580660820,79.990081787,89.888999939
-11.953631401,78.770561218,218.426284790
-12.048474312,78.276992798,235.778442383
-12.033389091,78.223297119,234.342193604
-13.233492851,79.632255554,134.683990479
-11.733796120,81.011871338,25.177427292
-13.301164627,76.909446716,112.069427490
-11.140794754,78.249412537,150.590576172
-11.125770569,80.368614197,41.435153961
-13.855187416,77.497169495,116.815406799
-14.163846016,78.204002380,109.813247681
-13.203621864,76.413719177,70.449623108
-12.382652283,79.636436462,155.706710815
-13.452636719,79.599975586,124.115150452
-11.785686493,78.290046692,217.469543457
-13.540397644,77.885375977,170.340652466
-10.354162216,77.965362549,63.975669861
-11.912944794,78.080299377,223.470809937
-13.580974579,79.044319153,156.933807373
-10.833309174,79.419731140,81.304634094
-10.873513222,78.497619629,119.569000244
-12.485115051,78.882278442,230.245346069
-12.705179214,77.863113403,229.344314575
-14.076396942,79.372970581,91.142082214
-12.432872772,76.752754211,120.441864014
-14.300968170,80.126258850,39.740913391
-11.406954765,78.738006592,172.614089966
-13.949555397,78.089820862,132.059127808
-13.514636993,77.990165710,177.556427002
-12.699432373,77.629318237,211.959060669
-13.876327515,79.093307495,124.501747131
-12.233210564,78.903152466,224.164718628
-11.347659111,79.457550049,121.075523376
-10.819327354,79.280464172,87.559043884
-12.023442268,77.942253113,224.873641968
-13.772289276,78.944862366,142.578155518
-12.774618149,80.352226257,76.408943176
-12.987111092,78.634681702,228.047897339
-12.197893143,76.881362915,132.797668457
-13.247654915,76.367942810,65.152847290
-12.208054543,78.541282654,240.806411743
-11.738794327,77.629409790,186.271255493
-13.542083740,78.032638550,176.214309692
-12.069301605,77.271606445,172.709579468
-12.100708961,78.844856262,222.536117554
-11.662240982,77.997131348,200.461059570
-12.395420074,79.583099365,161.954254150
-13.182526588,78.316352844,217.654495239
-10.476531029,78.658645630,76.207252502
-11.539283752,78.655075073,189.050979614
-11.475624084,78.839279175,174.986389160
-12.701977730,78.114318848,241.607910156
-12.710977554,79.012390137,218.158279419
-12.458185196,78.337860107,248.664459229
-12.402112961,78.629096985,242.953155518
-10.919310570,77.428016663,97.030860901
-11.403986931,77.928382874,172.371765137
-12.817609787,78.206306458,239.861846924
-13.837141991,77.719757080,131.005996704
-12.618430138,77.757827759,224.222640991
-11.185476303,77.530456543,128.913024902
-12.649810791,77.750564575,223.016693115
-11.231265068,77.011734009,95.268524170
-12.067306519,79.551467896,157.332931519
-11.074853897,78.531486511,141.868927002
-10.754225731,77.402915955,80.771499634
-13.034134865,77.815483093,210.317581177
-12.225286484,76.240669250,66.699295044
-11.534025192,79.585876465,123.999038696
-12.770744324,79.612800598,155.912902832
-11.908801079,77.377723694,175.980987549
-13.173586845,77.847305298,202.196060181
-12.153804779,79.295188904,187.520629883
-11.810550690,77.734321594,199.023681641
-12.369708061,77.741394043,223.984008789
-10.900286674,77.970161438,118.220397949
-12.549932480,78.071189880,243.044952393
-13.682075500,78.275566101,166.015045166
-11.660684586,78.183853149,205.328506470
-14.133588791,78.145973206,112.357818604
-13.193505287,78.406944275,216.901611328
-11.517197609,77.654388428,169.144943237
-12.638065338,78.400962830,247.165496826
-13.910233498,78.707534790,135.823608398
-12.776716232,77.398284912,187.726348877
-13.828330994,78.312103271,149.322875977
-11.662055969,78.845596313,191.976119995
-13.660599709,78.013519287,162.666244507
-12.023878098,79.547409058,155.999877930
-10.974942207,78.570533752,129.929641724
-11.406357765,76.955245972,103.136245728
-11.973935127,79.947029114,111.220100403
-12.524000168,79.730545044,145.425888062
-11.126954079,78.979927063,132.545715332
-10.807056427,78.064407349,110.159912109
-12.711553574,79.879249573,126.559417725
-12.093362808,77.111656189,156.199676514
-12.455458641,81.334579468,17.950321198
-14.851361275,79.676795959,30.017524719
-12.991232872,78.883041382,215.763824463
-11.657341003,77.006172180,124.240478516
-14.040681839,77.484733582,98.369628906
-12.580395699,76.672096252,110.812568665
-11.826297760,78.946830750,198.975555420
-12.184222221,78.579383850,238.777542114
-13.801435471,78.038696289,147.652252197
-12.440879822,79.128120422,210.297348022
-12.351575851,80.021759033,111.581481934
-11.858110428,78.409164429,222.956314087
-12.030158043,79.969398499,110.720771790
-13.609398842,77.994514465,167.610168457
-12.832248688,77.683837891,211.753829956
-13.439137459,78.952537537,176.157028198
-12.939332008,78.965698242,213.042587280
-12.943011284,77.092582703,148.858871460
-11.284510612,80.153015137,61.971939087
-12.257879257,78.877685547,226.687026978
-10.745790482,78.863250732,98.021682739
-11.317519188,79.067718506,146.624694824
-11.162580490,78.665710449,148.784210205
-12.183625221,78.963272095,218.050567627
-13.832103729,77.481285095,118.052406311
-11.121516228,79.775253296,79.892654419
-12.052183151,77.402610779,185.377899170
-11.279789925,78.434524536,166.294876099
-13.652818680,78.974143982,153.664321899
-11.590068817,79.230712891,159.170852661
-12.792139053,77.834999084,224.490493774
-13.789429665,79.874198914,79.888427734
-12.269696236,79.921096802,121.668479919
-12.741462708,80.066085815,105.420089722
-14.303374290,78.518096924,95.466003418
-13.295674324,77.749244690,185.952941895
-13.810081482,77.710426331,133.362579346
-10.573674202,77.791053772,79.612953186
-11.400085449,76.402687073,57.228477478
-10.041341782,78.337318420,42.780937195
-11.570275307,79.594261169,125.705253601
-13.055925369,78.779487610,217.518615723
-12.753817558,77.671035767,213.763946533
-14.019995689,78.253227234,126.563476562
-11.735892296,79.283782959,165.683715820
-12.253139496,78.769004822,233.127334595
-12.172834396,77.617141724,209.636978149
-14.019477844,77.792343140,114.971710205
-14.082068443,79.178993225,100.242187500
-9.991071701,79.366455078,26.959985733
-12.763795853,78.371307373,243.730880737
-11.328638077,77.753684998,156.415435791
-12.349620819,76.184623718,62.850101471
-13.599116325,77.785232544,159.222869873
-11.846290588,77.586952209,190.700576782
-11.864078522,78.537757874,221.179763794
-10.623206139,77.279083252,64.145271301
-14.501777649,75.917137146,7.786949158
-12.631121635,79.505752563,170.592193604
-12.297234535,79.013061523,217.808761597
-12.532094002,78.591995239,244.823898315
-13.994137764,80.286972046,44.391056061
-12.000135422,77.038818359,144.856781006
-14.446172714,78.887664795,76.178077698
-12.591880798,78.071418762,242.535110474
-11.048813820,77.785980225,128.095413208
-13.332404137,79.079048157,177.475357056
-11.876659393,77.064338684,142.263122559
-11.693124771,80.315513611,66.879440308
-12.818097115,77.746986389,217.241912842
-13.209799767,79.206008911,176.954299927
-11.594141006,77.243278503,142.725662231
-11.344713211,79.630149841,106.737709045
-12.187958717,76.168922424,60.193401337
-11.690179825,76.729560852,98.595832825
-11.742727280,79.368865967,158.414611816
-11.524349213,75.739227295,22.707078934
-13.210688591,79.097099304,185.802398682
-12.564702034,76.829696655,128.686401367
-12.920737267,78.349205017,236.418334961
-14.194643021,80.060188293,47.350059509
-11.671367645,78.503959656,205.773468018
-13.218013763,78.041633606,208.137451172
-13.135973930,77.363372803,166.515869141
-12.333591461,79.457923889,175.192672729
-12.672606468,77.942337036,234.902496338
-12.303937912,79.136283875,207.369628906
-13.007198334,76.973503113,133.271942139
-11.537081718,76.992912292,115.356742859
-11.947569847,78.258644104,229.420562744
-13.378964424,79.741783142,115.531272888
-11.485164642,78.931068420,170.954177856
-12.042556763,78.830070496,220.418090820
-13.466135025,77.792610168,172.944808960
-14.123560905,78.646881104,113.208442688
-11.049452782,77.970886230,134.854766846
-12.245064735,77.821846008,227.221160889
-12.953737259,78.014518738,226.379730225
-13.945763588,79.493202209,94.994979858
-12.487582207,79.326187134,190.976196289
-12.180216789,77.548362732,203.862945557
-12.799469948,76.767738342,117.733444214
-11.693870544,78.491821289,208.055526733
-13.267738342,76.848030090,107.904579163
-13.058967590,77.247314453,159.611358643
-12.347274780,77.301818848,182.643478394
-10.430264473,79.339912415,53.899761200
-12.855398178,76.868362427,127.313003540
-12.594219208,76.394981384,81.854125977
-11.421856880,79.145896912,151.197448730
-11.033912659,77.797943115,126.984848022
-11.676993370,79.738639832,118.646171570
-12.918222427,77.620758057,202.497192383
-11.134444237,78.500076294,149.101638794
-12.057259560,78.266563416,236.179504395
-13.731031418,79.459197998,114.752311707
-14.511943817,79.352577209,58.069759369
-12.761795998,78.166969299,241.184356689
-13.015098572,78.881446838,214.432083130
-12.073812485,79.966094971,112.363143921
-12.666629791,78.172538757,244.258285522
-12.836353302,78.458534241,240.203948975
-12.931538582,79.509864807,162.346679688
-11.112157822,76.432212830,46.742198944
-13.771418571,77.335815430,113.986083984
-11.820940971,77.462562561,178.532318115
-11.930668831,79.725929260,132.873413086
-11.711672783,77.309783936,157.265197754
-13.682461739,75.686538696,16.092386246
-11.992546082,77.099563599,151.215240479
-12.440163612,78.585388184,244.858718872
-13.792331696,79.297996521,120.633392334
-13.518524170,77.760444641,165.957717896
-13.664833069,78.403640747,168.508712769
-13.147201538,80.624656677,48.634647369
-13.126152039,78.540977478,220.821472168
-12.762872696,79.241256714,196.228973389
-12.478649139,76.892829895,136.470062256
-12.283681870,78.794578552,232.610412598
-13.761693001,77.311805725,113.140731812
-13.138164520,78.611755371,218.135086060
-12.839366913,76.102355957,53.817485809
-13.242833138,79.489753723,148.374557495
-11.849876404,79.008460999,196.312423706
-12.538626671,80.527595520,62.873394012
-12.551288605,78.123283386,244.836654663
-12.954903603,77.955909729,223.492492676
-11.700277328,76.270599365,58.070636749
-13.667776108,79.755378723,96.448005676
-13.258320808,77.227020264,145.533081055
-12.649806023,77.606300354,211.210372925
-12.189686775,77.158271790,164.099487305
-10.983456612,77.043670654,78.808425903
-12.566504478,78.410423279,248.160705566
-12.236166000,78.293991089,244.293884277
-12.488337517,78.284599304,248.427825928
-11.176874161,78.229202271,154.549133301
-11.519004822,77.622337341,167.173034668
-12.484976768,78.224426270,247.623779297
-11.482087135,77.767997742,172.674194336
-13.174280167,78.198516846,216.629241943
-12.503761292,76.252250671,68.972465515
-13.341038704,79.464775085,144.278732300
-12.737131119,78.112976074,240.447921753
-11.912312508,78.895133972,208.415130615
-10.743282318,78.985847473,93.606338501
-12.922842026,78.409637451,236.233215332
-11.708453178,79.316268921,160.843032837
-13.385181427,79.024383545,176.673324585
-10.715426445,78.181182861,101.991874695
-12.471247673,77.429138184,196.512115479
-13.544431686,78.366134644,182.076446533
-11.694465637,78.055854797,205.355957031
-11.376906395,79.262405396,138.718307495
-12.848704338,79.084693909,207.781265259
-12.611898422,78.447547913,247.217025757
-11.408699036,80.793281555,28.750106812
-13.878772736,78.024269104,138.463500977
-11.322298050,78.110359192,169.106979370
-12.911920547,80.022293091,106.548408508
-12.543394089,79.141899109,209.258712769
-12.791893959,76.795959473,121.030372620
-12.993659019,79.038368225,204.652572632
-12.289575577,77.556739807,207.370101929
-10.418685913,78.472496033,72.712913513
-13.477917671,79.654113770,117.523147583
-11.565955162,77.794662476,182.169860840
-11.828383446,79.145149231,184.085754395
-12.020215988,78.484451294,232.928085327
-14.250636101,78.031219482,97.608665466
-12.535471916,77.771240234,226.380416870
-12.838803291,79.056106567,210.563095093
-12.981260300,76.658424377,100.924064636
-13.108386040,77.819015503,205.402114868
-12.644449234,77.127838135,161.859939575
-12.793195724,77.477737427,195.019561768
-11.703010559,78.161064148,208.775329590
-11.934988976,78.631408691,223.380447388
-13.767127991,78.312240601,156.471694946
-10.812673569,76.743751526,49.488124847
-11.534710884,78.453247070,193.407867432
-13.993222237,78.928016663,119.728668213
-11.479103088,78.293609619,188.419616699
-12.175392151,80.176994324,92.801803589
-13.087975502,80.182617188,85.544357300
-10.840769768,77.029304504,67.361167908
-12.359016418,78.421531677,247.215759277
-11.189146996,79.523681641,103.335960388
-10.972398758,76.735275269,58.184383392
-11.105401993,78.922515869,133.059600830
-14.321230888,79.667686462,58.738838196
-13.589650154,79.127555847,150.833709717
-13.068639755,78.148757935,223.656158447
-12.038953781,78.144905090,233.148086548
-13.934730530,78.660400391,134.131301880
-13.635077477,78.898956299,159.281997681
-13.734827995,78.493934631,159.884780884
-12.118350029,80.368316650,73.633956909
-14.420155525,78.670761108,82.325141907
-13.742894173,78.833213806,150.524475098
-12.594805717,79.123779297,210.579467773
-11.066371918,78.017135620,138.052719116
-12.495927811,79.258743286,197.960220337
-13.011698723,78.757766724,221.470077515
-11.643698692,77.278411865,149.564315796
-14.007530212,78.530311584,127.860252380
-11.605831146,76.849632263,105.885345459
-11.991463661,77.989204407,225.178756714
-12.654161453,79.386260986,183.503494263
-12.342053413,77.499511719,202.833740234
-12.494812965,78.120979309,245.093948364
-12.763707161,79.533935547,165.013626099
-13.137245178,77.561485291,184.221115112
-12.232104301,78.993515015,217.466445923
-12.616394997,77.123046875,161.792633057
-12.373811722,80.778854370,44.205471039
-11.916244507,76.692382812,104.190254211
-13.434203148,78.448097229,193.691696167
-11.940731049,77.658927917,202.259216309
-10.318385124,78.892456055,58.149059296
-12.149913788,79.611549377,153.636123657
-12.236938477,76.389137268,80.512123108
-12.876780510,77.715316772,212.187042236
-12.819864273,78.468627930,240.801940918
-11.790050507,77.580833435,186.347030640
-13.247783661,78.276962280,211.550750732
-11.906887054,78.905632019,207.371215820
-11.882264137,79.464157104,157.733627319
-12.843543053,79.474731445,169.336105347
-12.148013115,78.512496948,239.032501221
-10.681113243,78.035858154,96.190483093
-13.248823166,79.819747925,114.911369324
-12.527417183,79.459899902,176.463684082
-12.084079742,76.602180481,99.536453247
-12.201535225,78.979209900,217.515213013
-12.555104256,78.977951050,223.202255249
-11.290382385,79.826133728,87.083557129
-11.690587044,77.509841919,173.271118164
-12.358413696,77.640693665,215.810455322
-12.942980766,77.878921509,219.900405884
-12.535956383,78.576477051,245.285385132
-10.398664474,78.602111816,69.782302856
-10.699811935,78.341110229,101.239669800
-11.714586258,77.999107361,205.175552368
-12.446345329,77.637954712,216.148406982
-11.789814949,77.575469971,185.904129028
-12.779978752,78.574935913,240.195236206
-12.047574043,78.879501343,217.610610962
-12.956348419,76.995277405,137.729614258
-14.742533684,77.461120605,39.859195709
-13.139272690,77.661613464,192.112670898
-13.324211121,78.815223694,194.262954712
-12.757459641,78.217445374,242.505828857
-13.268841743,79.986381531,97.641891479
-12.758583069,76.003448486,47.593162537
-13.259791374,77.026222229,125.862808228
-13.883754730,78.817291260,135.555450439
-10.100871086,77.145614624,28.033815384
-12.901425362,77.569282532,198.886459351
-14.647109032,79.499183655,44.971393585
-13.433059692,79.118721008,165.895965576
-11.163067818,78.234275818,153.015930176
-13.536867142,75.595672607,15.723973274
-11.822802544,80.498008728,56.600101471
-12.933434486,78.819709778,222.777038574
-12.870302200,77.747863770,214.949127197
-10.945999146,78.525756836,127.361923218
-12.468994141,78.483123779,247.551528931
-12.358772278,76.741912842,118.951400757
-12.652463913,80.073394775,105.774726868
-11.687281609,77.792411804,192.883453369
-12.288607597,79.614906311,156.754211426
-12.149934769,80.850593567,38.315391541
-12.147685051,78.598686218,236.592376709
-13.564032555,76.683387756,77.260566711
-11.453105927,77.959045410,178.666351318
-13.247339249,78.918601990,195.308349609
-13.096487045,79.060234070,196.690994263
-12.241485596,77.729331970,220.640930176
-12.224962234,76.878097534,132.920928955
-12.042926788,77.841186523,220.417572021
-12.519464493,79.588661194,161.865203857
-12.451463699,77.699981689,221.277130127
-11.496129036,78.309043884,190.244384766
-11.279275894,77.608734131,143.119979858
-12.780403137,77.372367859,184.952972412
-13.804383278,78.517959595,151.549850464
-13.107524872,77.612884521,190.500778198
-12.346335411,77.295150757,181.912216187
-12.563531876,77.830055237,230.188140869
-10.644291878,77.518531799,76.380332947
-13.841715813,77.801109314,134.376022339
-12.327820778,77.476737976,200.444488525
-13.037080765,77.078712463,143.160049438
-13.329833031,78.694091797,198.838256836
-11.595773697,78.751602173,190.664245605
-11.519598007,78.274871826,192.526519775
-11.837715149,78.759269714,210.865722656
-12.503840446,75.916465759,42.979930878
-12.648268700,79.276954651,195.091156006
-13.288046837,80.172256470,79.848724365
-11.655978203,79.873115540,104.557601929
-10.719104767,76.253921509,23.779365540
-11.525245667,78.602478027,189.312057495
-11.299985886,79.333122253,126.753410339
-13.055722237,77.370155334,172.022369385
-13.476743698,78.523910522,188.361709595
-13.414272308,77.400238037,149.588821411
-13.095164299,78.681076050,219.082000732
-13.284127235,79.403144836,153.972869873
-13.264136314,79.722084045,123.921257019
-13.503983498,78.153686523,183.808425903
-12.380005836,77.390991211,192.368209839
-13.217190742,78.601486206,211.911727905
-12.948719025,77.787338257,213.662216187
-12.899330139,78.537399292,235.781997681
-13.321974754,80.018020630,92.362205505
-14.366203308,78.393669128,89.416206360
-12.631342888,77.998428345,238.708267212
-13.883930206,78.974487305,129.397521973
-14.154121399,78.876609802,104.598884583
-12.585297585,77.815605164,228.912521362
-13.760943413,77.633277893,134.194168091
-14.833868980,78.971771240,45.156726837
-12.344463348,78.867141724,229.605041504
-13.683677673,77.758186340,149.039901733
-11.887422562,78.588508606,221.485412598
-11.381926537,78.779335022,168.338287354
-12.145315170,78.493537903,239.317047119
-11.076614380,77.876243591,134.726074219
-13.127476692,78.367752075,222.389328003
-12.520033836,78.110984802,244.679138184
-11.603153229,78.741867065,191.783538818
-12.986812592,80.512298584,59.581161499
-13.051843643,78.943588257,208.092956543
-13.334467888,77.813980103,186.558883667
-12.833816528,80.213806152,88.642166138
-12.375430107,78.542724609,245.301361084
-13.921335220,78.582450867,137.099624634
-13.512729645,77.678405762,161.513198853
-12.038561821,77.883438110,222.632293701
-10.969118118,79.646667480,78.070304871
-12.297507286,78.427032471,245.803619385
-12.663521767,78.678413391,239.941833496
-12.012513161,78.100273132,230.434539795
-13.646779060,78.611328125,168.072189331
-12.305685997,77.680480957,218.297271729
-12.536960602,77.537841797,206.767578125
-11.879894257,78.511764526,222.972427368
-12.297721863,79.079223633,212.293350220
-10.290924072,78.394126892,61.690654755
-11.894027710,79.440834045,160.727844238
-12.575902939,79.252021790,198.422256470
-11.227952957,78.367019653,160.860824585
-9.640789986,76.607353210,7.176520824
-13.255268097,77.189727783,142.148071289
-11.333670616,78.633003235,168.454177856
-13.231385231,79.153358459,179.784713745
-12.774157524,80.984657288,31.880693436
-12.986652374,79.443687439,167.092575073
-13.489589691,78.893600464,174.483764648
-12.932459831,77.053970337,145.085388184
-14.532581329,78.069366455,70.704238892
-11.500686646,78.393806458,190.523376465
-13.898716927,79.765220642,80.705764771
-12.057803154,79.136825562,198.325927734
-12.035444260,80.891517639,34.842296600
-12.302033424,77.553985596,207.345184326
-11.402738571,76.171730042,41.844276428
-12.194247246,77.975860596,234.268142700
-11.199576378,78.400955200,157.490875244
-13.237800598,78.493759155,212.282440186
-13.790728569,80.202011108,57.379737854
-12.712457657,79.043548584,215.581634521
-13.111774445,78.794219971,212.852920532
-12.566205025,80.281158447,84.979423523
-13.954298973,77.941299438,127.455581665
-12.991524696,77.123550415,150.067001343
-12.611123085,79.208236694,202.440948486
-13.210309029,78.341972351,215.420837402
-12.028145790,78.904411316,214.900482178
-13.000534058,75.942237854,40.409019470
-12.929549217,80.424072266,67.691993713
-13.421981812,77.302474976,140.649826050
-12.278861046,78.361732483,245.739212036
-13.169608116,78.339019775,218.878997803
-12.647302628,78.727081299,238.054153442
-12.040778160,77.271636963,171.603530884
-11.786850929,78.134513855,215.395050049
-13.120984077,79.399642944,164.660354614
-12.510091782,77.994636536,240.071044922
-12.745493889,78.883361816,226.676712036
-12.299639702,79.031433105,216.375259399
-14.308903694,79.484977722,67.553398132
-12.566786766,78.909286499,228.209625244
-11.085197449,79.724449158,81.034416199
-13.855631828,79.369720459,110.358741760
-12.217838287,79.386123657,180.269790649
-14.061016083,77.363838196,89.882980347
-12.225831985,77.454971313,196.347000122
-12.869333267,79.764373779,136.074234009
-10.252583504,78.164978027,57.903499603
-11.530091286,78.524810791,191.722213745
-11.542673111,78.886764526,178.888412476
-13.721332550,79.644035339,101.551673889
-13.340764046,77.053802490,123.595420837
-11.284370422,78.017951965,162.552368164
-11.640610695,78.897972107,187.111389160
-13.445545197,76.753646851,89.639846802
-10.725220680,79.048194885,89.511444092
-11.017077446,78.174858093,135.576522827
-11.238800049,80.067169189,65.778282166
-12.731562614,78.085960388,239.694915771
-12.389519691,78.317039490,247.995208740
-15.142580032,77.403686523,18.063301086
-12.201918602,78.648277283,237.028305054
-12.225826263,78.053176880,238.614425659
-14.515845299,78.477645874,74.867912292
-12.268830299,77.447067261,196.532165527
-12.129865646,78.610961914,235.355056763
-13.023334503,78.230926514,228.761657715
-11.645533562,78.647689819,199.436141968
-13.413925171,79.921760559,96.844306946
-11.321006775,77.537841797,142.709136963
-13.200767517,77.721221924,191.858703613
-11.896918297,79.032691956,197.679992676
-11.893526077,79.066963196,194.789810181
-13.767453194,77.793670654,141.989273071
-14.393974304,79.192489624,72.232215881
-11.466840744,79.449913025,131.070159912
-12.882641792,78.688957214,231.801101685
-12.096237183,79.871269226,123.235321045
-14.395026207,79.097023010,75.185035706
-12.820795059,78.003616333,232.794143677
-11.852180481,78.785682678,210.597183228
-13.332262993,78.876739502,190.366882324
-12.077951431,80.004852295,108.375099182
-12.233336449,79.138755798,205.211227417
-13.964978218,77.900054932,124.887130737
-13.454831123,78.303665161,191.443557739
-10.775104523,76.629180908,41.650321960
-12.791559219,78.309219360,242.454177856
-12.988376617,79.741760254,134.626968384
-11.361785889,79.367027283,129.412536621
-12.786297798,78.249191284,241.966613770
-11.958789825,78.497573853,228.806640625
-13.301305771,79.100433350,178.475921631
-14.592925072,79.427421570,50.368045807
-10.751273155,78.713905334,102.610458374
-11.605975151,78.326362610,201.317474365
-13.519960403,79.704132080,110.320640564
-13.362368584,80.569419861,47.624763489
-12.836093903,78.418083191,240.594436646
-12.476110458,78.764846802,237.367843628
-13.060233116,78.026367188,219.933914185
-11.270194054,76.923187256,91.003196716
-13.164947510,77.468139648,174.244003296
-12.589126587,78.421928406,247.811203003
-12.690052986,78.645812988,240.645339966
-11.529078484,79.152465820,160.193405151
-12.652698517,78.583274841,243.613555908
-13.352660179,79.676818848,123.311012268
-12.301052094,75.915191650,42.374416351
-12.829970360,77.447616577,190.686264038
-11.494406700,77.760200500,173.435592651
-13.160250664,77.849128723,203.349258423
-14.238578796,76.891273499,50.350955963
-11.950242043,77.554573059,194.369689941
-11.314227104,77.309829712,125.559852600
-12.418987274,78.018920898,241.067062378
-13.630205154,78.497581482,171.832931519
-13.130830765,78.361824036,222.112609863
-12.046635628,77.466751099,191.299072266
-10.017161369,77.768043518,36.781986237
-11.695074081,78.277381897,209.533843994
-12.391891479,78.528732300,245.904129028
-13.197502136,78.311149597,216.335678101
-12.458580971,78.522026062,246.709136963
-12.864586830,78.321983337,239.262725830
-13.764206886,78.064872742,152.615112305
-13.077252388,78.397659302,226.209716797
-12.107606888,78.366722107,239.059600830
-10.719075203,77.003555298,57.497379303
-11.294407845,78.846115112,156.313262939
-12.481623650,76.463241577,89.132446289
-12.028903008,77.982261658,227.027313232
-12.251296997,76.940910339,140.570205688
-13.066608429,78.248161316,226.001083374
-11.106354713,77.929481506,139.910842896
-14.390139580,78.637336731,85.623222351
94.227806091,-23.609294891,131.509262085
91.986434937,-22.989252090,211.010192871
91.324279785,-23.165653229,141.583724976
92.577674866,-23.569446564,249.320465088
92.524787903,-23.986431122,220.818099976
92.216377258,-24.054460526,202.246994019
92.998657227,-23.242137909,251.193313599
92.246513367,-22.787206650,220.691894531
93.205619812,-21.549352646,91.495903015
93.631668091,-23.330127716,203.690994263
91.682144165,-23.056529999,181.308212280
91.545455933,-22.652339935,147.534866333
92.418907166,-22.093999863,157.857574463
91.645088196,-23.363235474,181.405364990
92.938682556,-23.938222885,225.940780640
94.124717712,-20.485925674,9.747876167
93.766105652,-24.120344162,159.271636963
91.642425537,-23.622364044,177.530960083
92.569290161,-23.772037506,238.446960449
91.398414612,-22.796243668,138.724594116
92.242607117,-23.008413315,232.664306641
95.185546875,-25.185331345,15.560908318
92.664443970,-23.254468918,255.896194458
92.736976624,-23.377056122,256.209594727
92.966384888,-24.450895309,172.006317139
92.722152710,-23.832635880,236.310745239
91.643333435,-23.657899857,176.625213623
90.887145996,-25.910617828,8.717704773
92.930770874,-23.795875549,237.038803101
92.939582825,-22.556709290,211.539901733
94.091972351,-22.615623474,125.528907776
93.414756775,-23.322910309,224.979705811
94.077316284,-24.143188477,127.331436157
92.324577332,-24.642499924,145.344131470
93.085151672,-23.849580765,228.363281250
93.125999451,-23.025178909,238.648880005
94.775085449,-24.231157303,59.373672485
92.847221375,-23.449119568,254.359909058
94.098075867,-23.573333740,147.681991577
91.446311951,-24.966354370,67.577972412
92.769783020,-22.041395187,154.987197876
92.589279175,-22.516441345,210.241516113
92.660476685,-24.054121017,217.016342163
93.958206177,-25.517084122,35.641674042
92.201911926,-23.143482208,234.082412720
91.763702393,-23.002042770,188.665344238
93.672660828,-23.475086212,198.817703247
92.411666870,-23.715127945,236.675827026
92.068489075,-23.427984238,224.413040161
92.316146851,-23.522321701,240.230911255
95.344352722,-24.128791809,28.900238037
92.962242126,-23.176410675,251.316421509
94.747863770,-24.295291901,59.334949493
92.692710876,-24.021682739,220.334243774
92.984458923,-22.301645279,182.401107788
91.985557556,-23.538835526,214.815734863
93.575019836,-23.314540863,209.533798218
92.789871216,-24.102851868,212.596801758
94.244056702,-23.740900040,126.683868408
92.451065063,-23.610345840,243.574447632
93.703918457,-22.145761490,125.094390869
92.548049927,-23.305110931,253.801406860
93.239097595,-23.115913391,235.055511475
93.517768860,-22.212446213,144.739395142
92.094390869,-23.537508011,224.265213013
92.680664062,-23.802732468,238.184204102
90.486564636,-24.110206604,45.344139099
91.923156738,-23.071264267,207.728866577
93.170249939,-23.009532928,235.289352417
93.009361267,-24.224006653,196.544067383
91.268905640,-22.510585785,110.164062500
91.254951477,-21.351409912,35.762611389
93.024551392,-23.196792603,249.398971558
93.121849060,-23.773546219,231.921600342
93.454574585,-23.445072174,221.017959595
91.894607544,-22.867612839,196.510650635
95.456123352,-24.427520752,21.120515823
92.504798889,-21.979982376,145.766250610
92.240409851,-21.952650070,134.942459106
93.817321777,-23.296079636,182.535202026
92.559120178,-22.371412277,193.955780029
91.955085754,-22.550800323,180.554885864
94.134307861,-22.080043793,87.071708679
93.733711243,-24.289747238,148.363861084
93.410507202,-23.381160736,225.414001465
91.675193787,-23.451816559,184.345077515
91.299057007,-23.490777969,139.944671631
92.609512329,-22.773500443,233.996093750
93.798027039,-24.713016510,104.926567078
91.404945374,-25.358011246,37.662353516
93.571083069,-23.998626709,185.757507324
92.170539856,-23.355983734,233.448822021
92.727813721,-22.627510071,222.063705444
90.572280884,-23.509056091,63.260311127
91.500022888,-21.619855881,64.416709900
93.263839722,-22.959728241,226.433944702
94.904647827,-23.457902908,62.487201691
93.628746033,-24.772897720,109.057106018
92.933967590,-21.037040710,50.630977631
93.230560303,-24.063550949,203.921783447
91.756958008,-24.885562897,92.760437012
93.176193237,-22.450645447,190.595581055
92.859657288,-24.123043060,209.992630005
92.974372864,-23.998439789,219.836318970
93.953285217,-23.722564697,161.241012573
91.849784851,-23.857324600,189.038879395
93.119354248,-24.542186737,157.350692749
93.399581909,-23.582958221,222.874252319
92.814369202,-23.441661835,254.903045654
94.996612549,-23.481201172,55.141933441
93.577774048,-20.858467102,30.947036743
93.158302307,-21.464099884,84.333534241
92.830009460,-22.514989853,209.807907104
92.143844604,-24.423875809,162.396347046
91.763778687,-23.335851669,194.799148560
93.018287659,-24.428600311,173.422637939
91.354194641,-25.188425064,46.429431915
94.859260559,-23.204103470,65.860893250
90.587280273,-23.320787430,65.171165466
92.573280334,-24.688869476,145.234985352
93.891860962,-23.769058228,166.577911377
92.773841858,-23.596008301,250.283508301
92.778938293,-22.294162750,185.680725098
93.338226318,-23.763582230,219.684921265
94.308036804,-21.771503448,55.832744598
91.269348145,-24.426246643,96.641517639
92.121391296,-21.786611557,111.096633911
92.549835205,-23.883617401,229.967590332
92.698554993,-23.535839081,252.454391479
92.576576233,-24.381334305,181.328247070
91.939392090,-23.578857422,209.424728394
94.114128113,-22.022535324,84.617851257
93.648239136,-22.948369980,191.115493774
90.120674133,-21.531328201,6.820253372
93.850563049,-23.681015015,174.386306763
92.084167480,-23.125623703,224.257568359
92.777259827,-24.004369736,222.086532593
94.226531982,-23.966749191,120.745376587
92.982421875,-24.515947342,164.040191650
92.477264404,-22.229429245,175.710327148
92.775123596,-23.898609161,231.238677979
90.784378052,-23.652687073,81.107879639
92.377899170,-22.578350067,210.453140259
94.054771423,-24.530267715,102.326606750
93.534240723,-24.280431747,164.522003174
93.881889343,-23.748491287,168.494049072
93.289833069,-21.762866974,110.518959045
91.028884888,-23.164836884,107.550979614
94.309944153,-22.532573700,99.475692749
94.898490906,-23.807945251,59.682605743
93.817764282,-22.593255997,151.845977783
92.783142090,-24.324016571,188.928390503
92.956283569,-21.377935410,79.052589417
93.982429504,-22.823280334,148.381683350
92.238632202,-24.719209671,133.656784058
92.533523560,-24.220684052,198.242187500
92.376640320,-22.209068298,170.426879883
93.957794189,-22.224517822,111.583297729
93.276702881,-23.841491699,218.999160767
93.171546936,-25.038404465,99.590576172
93.836601257,-24.411039352,129.471328735
94.066688538,-23.945240021,139.251922607
94.965667725,-23.575553894,57.028671265
92.616851807,-22.549295425,213.956024170
91.390686035,-23.093095779,148.026855469
91.727272034,-22.634845734,165.538391113
93.232307434,-23.087366104,234.524978638
93.968734741,-23.168199539,162.478790283
90.537788391,-24.064912796,50.211559296
91.772972107,-22.648309708,171.061676025
92.530189514,-23.954725266,223.691909790
91.919097900,-23.653314590,205.034820557
93.154388428,-22.422189713,188.765167236
92.770057678,-23.754575729,241.752868652
92.771804810,-24.522796631,165.832351685
92.274627686,-21.883083344,127.966918945
93.804756165,-21.075233459,37.255104065
91.999351501,-20.711454391,22.947406769
92.225700378,-23.964849472,210.161911011
93.029548645,-22.820392609,231.270385742
92.926795959,-23.389270782,253.684646606
94.794380188,-24.509639740,48.917461395
91.636001587,-23.098857880,177.150253296
92.635246277,-23.260782242,255.558746338
95.050430298,-21.640016556,17.321111679
93.375816345,-24.077562332,194.117019653
92.987655640,-25.053525925,101.817169189
91.883712769,-22.561946869,175.230270386
91.793075562,-23.925754547,179.808792114
92.956764221,-26.249160767,15.173948288
92.945182800,-22.998174667,245.414733887
93.300376892,-21.629035950,96.587692261
92.216262817,-23.517551422,234.026657104
91.946609497,-23.932580948,192.898040771
92.010246277,-24.031032562,190.799255371
90.771682739,-24.453405380,54.125545502
93.528427124,-23.651880264,209.141891479
92.240402222,-23.746658325,225.867492676
93.046340942,-24.638860703,148.066085815
93.643173218,-25.391181946,53.188991547
93.750335693,-22.885021210,177.037063599
90.673469543,-23.225130081,72.385345459
93.132522583,-24.505868912,161.136978149
92.666954041,-24.828432083,129.462249756
93.600425720,-22.607660294,173.665725708
92.718391418,-25.863033295,33.477809906
92.673446655,-23.489959717,253.659210205
92.060417175,-24.769432068,120.677848816
91.891021729,-23.804124832,195.687622070
92.627090454,-22.652990341,224.055175781
93.360313416,-23.108989716,225.466949463
91.703933716,-23.111837387,185.263885498
93.389732361,-22.621217728,192.666152954
93.691505432,-25.633764267,35.811374664
91.289398193,-23.704801559,135.101089478
93.516380310,-22.468587875,169.122299194
92.105056763,-21.231491089,56.344490051
90.870201111,-23.636882782,90.004570007
93.424415588,-23.776163101,212.438888550
91.793632507,-22.099357605,125.839736938
92.601989746,-23.099388123,251.848175049
93.933837891,-24.111127853,143.771835327
92.935417175,-23.727010727,241.350082397
91.534172058,-22.243560791,117.583717346
93.271537781,-23.027078629,229.216567993
92.815101624,-21.905494690,138.025283813
90.152191162,-23.599693298,33.179595947
91.278404236,-23.069280624,134.202163696
93.956352234,-24.162923813,138.080856323
94.259140015,-22.942245483,122.198646545
93.514289856,-22.504110336,172.462417603
93.127792358,-24.247983932,190.179016113
92.007835388,-23.344497681,219.706008911
92.260940552,-22.747926712,218.776794434
90.464622498,-22.969041824,52.455249786
92.634582520,-23.551940918,251.127639771
92.636245728,-25.506082535,59.071674347
93.426826477,-23.282575607,223.580795288
95.185585022,-22.592903137,33.573612213
92.945945740,-24.399152756,178.417999268
91.845207214,-24.252000809,159.994567871
94.654670715,-24.138393402,71.952499390
91.210189819,-22.389671326,97.510200500
93.605514526,-23.412246704,206.491714478
93.673004150,-23.036758423,192.417465210
91.459030151,-21.204700470,34.834590912
90.517593384,-23.653984070,57.166572571
94.199378967,-21.341405869,37.755172729
91.807456970,-23.317768097,199.533645630
91.744262695,-21.822925568,95.719390869
93.012962341,-23.660606384,242.729858398
93.286804199,-24.853937149,116.002853394
91.475021362,-23.040193558,156.670181274
94.022781372,-23.558237076,157.016525269
93.075035095,-24.342128754,181.686538696
94.497497559,-22.464136124,79.172355652
94.067230225,-21.636962891,61.218860626
92.495674133,-23.667398453,242.491806030
90.700057983,-23.754531860,71.262763977
93.403999329,-22.227334976,153.796035767
93.009017944,-23.427244186,250.564544678
93.720924377,-22.900402069,180.995101929
92.105545044,-23.457752228,227.038421631
93.005485535,-24.410638809,175.809692383
89.975288391,-22.555561066,19.101154327
91.749786377,-22.400846481,149.893341064
93.392967224,-23.440628052,226.489440918
94.560562134,-22.635734558,80.648475647
92.380599976,-21.690170288,108.513771057
91.644287109,-25.838832855,20.057191849
92.375419617,-22.363719940,188.169937134
93.169433594,-23.583425522,238.941009521
93.431915283,-24.089717865,189.249053955
91.546180725,-23.870067596,157.911224365
91.996574402,-24.336885452,162.859176636
92.568664551,-22.060649872,156.713928223
92.415298462,-24.232637405,193.869216919
92.194725037,-23.536052704,231.977432251
93.289894104,-22.532859802,191.901168823
94.499114990,-23.876508713,94.806495667
93.239906311,-23.499454498,237.094314575
91.729461670,-23.309679031,190.927001953
90.523490906,-23.703666687,56.914279938
92.643257141,-23.588502884,249.818908691
91.994262695,-22.833526611,204.103897095
92.205429077,-24.168212891,191.372131348
92.721061707,-23.652664185,247.580917358
93.654586792,-22.856872559,185.557586670
93.843063354,-24.165742874,148.728652954
92.198310852,-23.470418930,233.924743652
93.111206055,-21.689132690,108.198890686
90.327041626,-24.278423309,31.562187195
93.438323975,-23.094820023,218.142654419
90.878646851,-24.623785019,53.735031128
91.567230225,-23.849142075,161.122482300
92.237403870,-22.701086044,213.768127441
94.197624207,-23.028350830,131.813491821
92.735961914,-23.771856308,240.615127563
92.024803162,-23.473686218,219.828033447
92.361480713,-22.092588425,155.988739014
94.213195801,-24.398567200,98.493179321
90.667678833,-24.224123001,55.203376770
90.743263245,-22.416549683,58.396236420
93.543518066,-22.515325546,171.013839722
93.495185852,-22.641794205,185.726501465
94.042549133,-23.133768082,152.861923218
93.130561829,-23.534059525,242.676788330
93.474578857,-25.717456818,35.548538208
93.475090027,-22.537715912,178.623062134
94.539566040,-24.696361542,57.081958771
92.920555115,-23.502647400,251.641433716
91.215148926,-22.067359924,77.975418091
93.175033569,-22.563215256,201.886489868
90.896591187,-24.407850266,65.798057556
92.212432861,-23.789068222,221.634506226
90.611160278,-24.103250504,54.710842133
92.563781738,-23.701608658,242.626739502
93.022148132,-23.662817001,242.294631958
91.383773804,-23.404720306,150.495941162
93.102210999,-23.704481125,236.868041992
92.883804321,-20.366712570,15.546671867
94.361366272,-23.658115387,115.031135559
91.713783264,-23.177034378,187.740402222
92.591850281,-23.572673798,249.518936157
93.549598694,-23.237941742,211.190597534
93.330764771,-23.162034988,229.521560669
95.452636719,-24.925479889,14.182175636
94.255554199,-25.696712494,20.433908463
93.649261475,-24.396394730,145.166213989
92.916091919,-21.462896347,87.639434814
93.131500244,-22.419733047,189.644317627
93.964050293,-23.335109711,165.323318481
91.984352112,-23.162900925,215.991180420
93.170700073,-22.928041458,230.911102295
94.281684875,-24.038280487,111.715332031
93.707748413,-24.596483231,121.782119751
94.836738586,-23.084438324,66.667297363
91.603385925,-23.593029022,173.893753052
91.993133545,-25.896017075,23.755516052
91.555908203,-22.340494156,127.144454956
91.492530823,-22.633125305,140.699508667
93.513153076,-22.380685806,161.280532837
92.963356018,-24.263883591,193.329010010
91.675613403,-23.301591873,184.788238525
94.023361206,-22.468261719,123.192687988
91.701141357,-24.693416595,108.100654602
92.675483704,-22.901893616,243.584411621
93.455406189,-23.473638535,220.565856934
92.619758606,-24.672233582,147.668518066
94.428535461,-23.413612366,109.836486816
93.818298340,-23.504758835,182.083099365
93.245590210,-23.109029770,234.365493774
93.514411926,-23.907293320,196.989959717
92.926460266,-23.557813644,249.720870972
92.437263489,-22.209203720,172.278442383
93.174461365,-24.490213394,161.470230103
92.598518372,-23.687547684,244.195785522
92.849105835,-24.448678970,174.057159424
93.704849243,-23.141744614,192.478958130
91.582786560,-23.869461060,161.830123901
95.165107727,-21.281633377,8.667009354
93.049766541,-22.269641876,176.509078979
94.129554749,-24.697727203,84.223358154
93.408203125,-23.520498276,223.828781128
92.774162292,-23.676488876,246.369949341
91.349891663,-23.278982162,146.072662354
91.002510071,-23.923732758,96.712898254
93.898422241,-22.526817322,139.255752563
92.199165344,-21.941503525,131.993896484
92.126152039,-24.220369339,182.030380249
95.017440796,-22.623390198,44.359447479
93.394950867,-22.422800064,174.057907104
93.276924133,-24.038217545,203.655349731
92.045608521,-22.975786209,215.856323242
93.221046448,-22.390174866,181.833007812
92.622917175,-21.463729858,87.592437744
91.407402039,-21.381559372,43.475830078
94.135841370,-22.984786987,137.630599976
93.039466858,-23.556833267,246.130874634
91.915573120,-23.761388779,200.069549561
93.139053345,-21.071002960,51.491741180
93.617996216,-24.751844406,111.757064819
91.734825134,-22.371265411,146.051773071
92.760231018,-24.341421127,187.025283813
91.773361206,-24.502742767,131.527175903
94.488067627,-23.357490540,103.185943604
92.717178345,-23.654100418,247.487060547
92.130088806,-24.819307327,118.216247559
93.049377441,-22.012725830,146.490249634
92.388763428,-22.951635361,238.518890381
93.879981995,-22.484037399,137.973770142
91.937690735,-23.633182526,207.499710083
92.882499695,-21.620189667,104.394981384
93.976837158,-23.423419952,163.876464844
90.845954895,-23.376972198,89.543342590
91.884140015,-22.395902634,161.105575562
91.851539612,-23.988386154,181.078689575
92.804306030,-23.406063080,255.603576660
91.851539612,-21.797771454,99.347351074
91.667274475,-26.380903244,7.876850605
91.009201050,-23.097156525,104.312713623
92.656387329,-24.964189529,113.732345581
90.873443604,-23.305252075,92.228996277
94.176071167,-22.872907639,129.003295898
91.903038025,-22.866069794,197.266616821
91.902786255,-25.596313477,38.341884613
93.039268494,-23.073198318,245.091949463
93.663894653,-22.573402405,165.136276245
92.705169678,-22.546846390,214.168807983
91.900825500,-24.722553253,117.486137390
90.934272766,-24.009855270,86.697982788
93.339454651,-22.461509705,181.692016602
91.881652832,-22.873329163,195.515090942
93.357398987,-22.437751770,178.141220093
93.113235474,-24.275146484,187.793228149
92.627220154,-24.362180710,184.128128052
91.515235901,-21.840684891,82.975837708
93.399612427,-23.285957336,226.029998779
91.811408997,-23.849121094,185.899383545
92.695503235,-22.410095215,199.471649170
93.356849670,-23.316711426,229.903961182
93.570899963,-23.968265533,187.967834473
94.561157227,-22.732793808,84.006629944
90.414772034,-23.897550583,45.258110046
92.392173767,-21.590501785,97.654449463
92.692184448,-23.312269211,256.374877930
93.716278076,-22.141235352,123.775695801
90.677497864,-22.712621689,63.268985748
91.426742554,-23.415029526,155.591003418
92.400863647,-22.407649994,193.922683716
95.688949585,-24.896455765,10.615336418
93.229644775,-22.046031952,143.654602051
92.550529480,-23.949600220,224.620986938
94.496757507,-23.665218353,99.831619263
92.342086792,-23.229772568,244.644989014
92.236503601,-22.671596527,211.356597900
91.579269409,-24.032312393,152.598892212
92.330062866,-22.569036484,207.433349609
93.401992798,-21.876911163,117.530059814
92.425987244,-22.943784714,239.803192139
94.000709534,-23.246244431,160.011245728
93.567123413,-24.427347183,147.839736938
93.580207825,-23.073125839,203.576004028
92.268966675,-24.457450867,164.366226196
92.713798523,-22.772979736,234.694793701
92.987419128,-23.403272629,251.676834106
93.801033020,-22.226482391,124.602310181
91.893142700,-23.492666245,207.019515991
92.340118408,-23.166603088,243.568267822
92.673843384,-22.625226974,221.823684692
91.690780640,-23.015356064,180.996948242
95.683349609,-25.236764908,7.398212910
92.589195251,-24.498069763,167.989883423
92.919219971,-22.352231979,190.039093018
93.050003052,-21.858352661,128.514389038
93.299613953,-22.002147675,135.626007080
92.865852356,-24.277986526,193.417800903
93.092315674,-23.151418686,245.128906250
92.939727783,-22.462059021,201.676742554
92.011581421,-23.192760468,219.085876465
91.978057861,-22.437374115,172.458557129
92.064384460,-22.973356247,217.398101807
91.543418884,-23.332420349,169.493179321
93.092651367,-22.229307175,170.248275757
93.171638489,-22.644380569,209.604507446
92.539596558,-23.356838226,253.347137451
92.274955750,-23.042993546,236.130798340
93.273963928,-22.751329422,211.932205200
93.195976257,-22.013889313,141.478988647
92.501640320,-21.599519730,100.663787842
92.980979919,-24.050378799,214.866592407
93.062980652,-23.369501114,248.945480347
92.701972961,-22.370403290,194.959320068
92.134071350,-24.292051315,175.481155396
92.939575195,-23.966718674,223.471359253
92.864570618,-22.521675110,209.864151001
91.363647461,-22.373647690,111.201164246
93.217285156,-23.068357468,234.822326660
91.301849365,-24.378978729,102.817703247
91.975463867,-23.786706924,204.051437378
92.813323975,-22.016016006,151.527862549
93.262634277,-23.736331940,226.329101562
92.131805420,-21.934709549,128.290130615
93.146560669,-22.283935547,174.118896484
91.907691956,-23.054586411,205.658950806
92.022865295,-23.463699341,219.838882446
92.109664917,-23.451793671,227.483505249
92.538246155,-24.679813385,145.852188110
91.568557739,-22.880872726,161.883163452
92.866462708,-24.123367310,209.878616333
92.204277039,-22.848896027,221.893173218
94.045791626,-22.478521347,121.718826294
92.530662537,-23.218385696,252.732208252
91.722579956,-22.894643784,179.792526245
93.165763855,-23.511758804,241.375671387
92.250625610,-23.259019852,239.214645386
93.322982788,-22.892208099,218.070907593
94.170608521,-23.520862579,139.620697021
92.873100281,-22.466150284,203.796569824
92.574867249,-22.520290375,210.423660278
93.292861938,-22.689100266,205.609848022
92.083038330,-21.705923080,100.716567993
91.276039124,-23.470943451,137.382705688
93.677825928,-24.462629318,136.769775391
93.918785095,-24.234897614,136.538009644
91.245727539,-22.022989273,77.415954590
92.228569031,-24.241052628,185.471694946
94.143966675,-24.616498947,89.127624512
92.206588745,-23.164203644,234.861267090
92.093688965,-23.766157150,214.683059692
94.333236694,-21.413587570,35.809116364
94.027778625,-23.988746643,141.293243408
92.698242188,-23.269254684,256.294708252
92.791915894,-23.199167252,255.355392456
92.904708862,-23.079322815,250.108184814
93.739692688,-22.149812698,122.788589478
94.806365967,-24.863433838,35.930084229
93.311843872,-24.841833115,116.414489746
91.791297913,-21.763929367,92.737693787
92.573661804,-23.825820923,234.854965210
92.571792603,-22.723121643,229.334075928
93.482505798,-24.393674850,156.712661743
93.019309998,-24.154321671,203.572143555
92.285911560,-24.028297424,208.143280029
94.247741699,-23.674751282,127.869964600
91.437316895,-23.088382721,153.461257935
93.434844971,-22.011896133,129.696533203
92.513961792,-23.667627335,243.076843262
93.664962769,-24.484668732,135.539031982
93.602447510,-22.960165024,196.425155640
93.267288208,-22.727357864,210.518569946
91.828102112,-23.107278824,198.866851807
91.603187561,-22.239067078,123.275169373
92.150260925,-22.073879242,145.132904053
93.021919250,-24.316280365,186.112854004
91.700019836,-24.212768555,151.279159546
92.217674255,-22.893842697,225.427825928
90.683715820,-24.301441193,53.668308258
92.394256592,-21.807868958,122.538055420
92.474342346,-23.466291428,249.377563477
91.076728821,-23.405250549,114.488288879
91.642471313,-22.533687592,149.927124023
94.901504517,-22.724214554,54.875724792
91.631111145,-22.664073944,157.418273926
91.867942810,-23.630849838,200.922683716
92.870460510,-22.064371109,156.730514526
92.837715149,-22.713039398,228.638610840
92.799072266,-22.693103790,227.492340088
92.629798889,-22.083515167,160.145645142
91.298629761,-24.073081970,121.414932251
91.619644165,-24.004987717,158.278289795
91.753265381,-22.817312241,179.301757812
92.081550598,-23.348108292,226.269790649
92.197486877,-24.068626404,199.965377808
92.832748413,-24.619947433,153.879028320
91.643440247,-24.975715637,77.911567688
92.032272339,-23.387622833,221.687911987
93.892463684,-24.148200989,145.299835205
94.314659119,-23.438875198,122.955612183
93.166206360,-23.142288208,240.688079834
93.305015564,-21.481803894,82.405838013
94.151206970,-24.289323807,111.046928406
92.312988281,-22.881982803,230.737213135
91.669227600,-22.920513153,174.990768433
92.657768250,-24.311056137,190.167419434
93.076957703,-22.338014603,183.186798096
91.789466858,-21.709100723,87.388160706
92.970169067,-23.439891815,251.699905396
93.124877930,-25.904590607,29.713891983
93.507843018,-23.046779633,209.761093140
92.275794983,-22.974540710,233.355407715
93.137489319,-24.372644424,176.165115356
92.826248169,-24.903987885,120.414001465
94.546356201,-23.415153503,96.821517944
92.427314758,-24.716403961,139.504165649
92.366798401,-23.408969879,245.603103638
93.007690430,-24.870586395,121.871574402
92.363761902,-22.565132141,208.596023560
93.060508728,-23.161600113,246.977005005
93.403831482,-23.709716797,217.512191772
91.932449341,-23.865484238,195.929687500
93.445861816,-22.421001434,170.183151245
92.737052917,-24.297092438,192.046615601
92.554275513,-22.387882233,195.742919922
93.447097778,-24.332950592,165.127761841
92.964851379,-23.466611862,251.331893921
92.332557678,-25.970083237,24.894443512
91.729125977,-21.922412872,104.270385742
92.661201477,-23.172807693,254.669525146
92.635787964,-22.908580780,243.616302490
93.360702515,-22.743698120,204.860046387
93.914535522,-22.852991104,157.388229370
94.436325073,-21.801069260,49.986228943
92.751365662,-24.524909973,165.637283325
91.573013306,-24.307741165,132.595535278
92.914566040,-24.569892883,158.879486084
92.721649170,-22.091320038,161.344390869
93.352630615,-23.515096664,228.514526367
92.672775269,-24.423860550,177.388183594
93.102432251,-23.068708420,241.807754517
91.276863098,-23.107099533,134.862838745
92.968849182,-23.520353317,249.801010132
91.913948059,-23.583761215,206.863433838
92.186698914,-24.603086472,144.759124756
93.973846436,-21.816360474,79.291282654
92.511123657,-22.802799225,234.059188843
91.184814453,-24.045804977,110.882347107
92.670768738,-24.228395462,199.344406128
94.480850220,-22.700338364,90.491462708
92.857025146,-25.077165604,100.803245544
91.919395447,-23.538368225,208.609527588
92.489234924,-24.270357132,191.950195312
92.372726440,-23.490365982,244.217987061
90.877593994,-22.828876495,84.370994568
92.495140076,-23.535181046,248.144348145
91.939743042,-23.320497513,213.219253540
92.618713379,-24.472999573,171.247879028
93.290527344,-24.508111954,154.683456421
94.008651733,-23.854547501,149.860229492
91.964942932,-25.349718094,58.731136322
91.895133972,-21.504003525,73.034805298
93.405105591,-23.726078033,216.614349365
92.751609802,-22.686279297,227.335342407
92.450515747,-22.436819077,198.709976196
92.216247559,-24.401561737,168.232818604
92.860122681,-23.451223373,254.120162964
91.175041199,-22.886783600,117.115371704
92.571777344,-21.996456146,148.800308228
91.966323853,-23.453632355,214.798416138
91.588279724,-22.769756317,158.796218872
92.672187805,-23.300115585,256.195770264
92.306526184,-24.181030273,194.998672485
93.064659119,-23.534925461,245.802108765
92.918472290,-23.236135483,253.712890625
93.213806152,-23.231142044,239.678497314
92.544372559,-24.622888565,152.677337646
92.643829346,-21.798925400,125.289993286
93.306259155,-23.852699280,216.342590332
92.833732605,-22.317144394,187.713317871
92.751266479,-23.056024551,251.476943970
92.021377563,-22.207855225,152.639450073
93.482429504,-24.001873016,192.739318848
92.116439819,-24.187177658,184.579269409
94.115951538,-24.775955200,79.339179993
91.441978455,-24.448684692,110.003890991
90.916213989,-25.371004105,21.946519852
91.155204773,-23.492607117,123.083641052
95.365554810,-24.185548782,27.345815659
93.195198059,-22.739976883,216.284729004
92.155700684,-23.689825058,223.174148560
92.545112610,-23.114976883,250.987426758
93.094703674,-25.099550247,94.957405090
93.855834961,-21.080211639,36.048351288
92.473350525,-22.891992569,238.742721558
93.097274780,-23.809984207,230.639144897
93.585922241,-22.641830444,177.656890869
94.190040588,-23.124977112,135.093627930
95.738601685,-23.240552902,16.962724686
92.517051697,-23.282373428,252.824768066
92.643562317,-23.187301636,254.740524292
92.797088623,-23.541191101,252.312026978
91.683776855,-23.142158508,183.651214600
92.250167847,-23.594747543,233.721389771
91.485252380,-23.183382034,161.108840942
93.180435181,-24.009241104,211.280685425
92.898040771,-23.647979736,246.476211548
92.566825867,-23.986534119,221.789459229
92.071838379,-24.597440720,140.058746338
92.953010559,-24.761873245,135.483734131
92.698905945,-22.492326736,208.481582642
91.955200195,-22.014600754,127.850639343
92.202690125,-23.598947525,230.397781372
92.646217346,-22.977777481,247.545211792
93.033058167,-22.373704910,188.885513306
92.265335083,-21.363254547,71.748741150
92.423805237,-25.338953018,71.746520996
92.962783813,-23.162876129,250.975555420
96.025245667,-23.814071655,12.022591591
93.669380188,-22.889318466,185.847473145
91.517936707,-23.675048828,162.119705200
91.716178894,-22.495542526,154.369277954
90.090484619,-24.311286926,20.634624481
92.048255920,-24.690317154,128.755004883
92.615890503,-23.812623978,236.628356934
94.037483215,-24.481756210,107.420677185
93.159889221,-23.798572540,228.476028442
91.792587280,-23.118024826,195.291427612
92.602088928,-21.675285339,110.454544067
91.485237122,-22.856147766,151.269302368
93.520042419,-22.256816864,148.913101196
94.135444641,-23.652011871,141.676132202
91.966308594,-22.520635605,178.941574097
92.164466858,-24.998134613,99.939575195
94.527656555,-23.828771591,93.133560181
94.117912292,-23.799257278,139.519500732
93.686378479,-23.724433899,190.693069458
93.987121582,-22.330560684,116.945411682
95.297752380,-22.826194763,31.323793411
91.100585938,-25.294454575,30.466905594
93.452178955,-22.981018066,212.028564453
92.344566345,-21.697328568,108.443832397
90.969657898,-23.610933304,100.918693542
92.450942993,-23.803030014,232.798767090
92.838760376,-22.700653076,227.548965454
93.180778503,-22.500644684,195.429199219
92.682060242,-24.343481064,186.670471191
93.314888000,-22.467197418,183.903289795
92.347610474,-24.666778564,143.230590820
93.363243103,-22.994585037,220.467758179
92.742088318,-22.454866409,204.319076538
94.534538269,-24.306936264,75.695678711
95.944396973,-23.477796555,12.896878242
94.509185791,-23.645786285,98.805999756
92.504020691,-23.392787933,251.826553345
91.005393982,-22.868236542,98.296501160
92.027793884,-22.779205322,203.746536255
93.191390991,-22.704788208,213.645385742
91.615676880,-23.732225418,171.135726929
92.324325562,-22.395780563,189.619918823
92.752334595,-24.277650833,194.204589844
92.729415894,-24.420972824,177.889236450
93.931945801,-24.228630066,135.775665283
92.407455444,-23.967155457,218.701629639
93.772850037,-24.158536911,155.750793457
92.712440491,-22.263374329,182.371841431
94.117340088,-23.024023056,141.027069092
93.086799622,-22.813083649,228.039932251
92.489341736,-23.448957443,250.326141357
93.256019592,-24.577301025,148.344558716
93.213226318,-20.308572769,12.409468651
92.581283569,-24.036090851,217.584625244
92.771339417,-23.431514740,255.381027222
93.553398132,-24.319192886,159.445007324
92.064758301,-23.263393402,224.702987671
92.907592773,-23.103380203,250.885940552
90.813491821,-22.335044861,60.465244293
94.623870850,-22.884351730,82.470603943
57.016414642,5.632049561,167.813217163
56.988735199,5.412021160,158.120010376
58.536964417,7.161976337,142.514541626
57.280197144,5.508133411,196.588317871
61.106033325,6.379433155,20.066162109
59.656173706,6.755587101,111.179473877
58.226348877,5.334094048,247.330520630
57.247138977,5.352633476,186.294479370
58.070983887,5.672116756,259.163696289
59.433322906,2.797611952,8.669435501
57.190410614,5.744163513,190.542495728
58.610206604,5.375672340,240.054870605
57.503929138,6.809954166,160.379867554
58.748611450,5.943553925,243.134231567
57.845928192,6.606037140,202.981445312
55.218807220,6.053465843,9.520130157
59.155139923,6.537145138,177.282196045
57.626880646,4.398113251,128.309692383
57.837348938,5.862861633,249.536163330
57.459667206,6.391312122,195.427017212
58.182392120,6.046730042,256.016754150
56.932353973,5.334743023,147.955398560
57.082504272,7.282279491,82.372467041
58.956031799,5.315592289,212.212677002
58.083663940,7.649741650,84.384307861
59.021213531,5.390172958,210.657928467
57.304313660,3.354446650,29.909643173
58.800247192,5.359072208,227.285781860
60.353755951,6.417914867,62.071949005
58.030342102,5.725833416,258.614288330
58.236877441,4.884747028,205.724380493
58.073005676,6.953400135,170.784210205
57.829795837,4.273774624,121.376182556
56.947746277,5.727823734,160.221343994
58.303768158,5.543542385,257.615478516
57.069332123,5.956434250,174.219650269
58.146160126,6.648803711,208.165115356
58.760070801,4.592194557,156.606842041
57.078388214,7.365536213,74.759689331
58.406105042,5.601889133,257.727355957
57.759574890,5.340449333,232.337387085
58.362602234,7.110446453,152.144363403
59.929084778,5.455320358,112.552131653
60.686130524,5.165426731,41.076900482
59.269931793,5.555202484,191.949783325
59.236129761,5.924139977,199.240859985
58.589824677,6.156596661,244.038497925
60.374706268,6.411391735,60.529983521
58.703948975,6.228671551,234.302154541
58.039161682,6.888392448,178.064834595
58.832286835,5.475132942,230.976531982
56.887691498,4.858460426,114.972763062
59.027671814,5.423511028,211.753128052
58.737747192,5.397907734,233.855834961
56.638626099,5.618728638,119.437385559
56.728038788,6.395247459,117.466987610
60.751594543,6.094186306,39.214233398
59.605796814,6.109987259,151.749221802
57.044788361,6.331757545,156.883728027
57.580448151,4.175907612,100.971282959
58.627613068,5.967409611,249.643218994
57.239753723,5.753358841,196.405532837
56.883235931,8.085915565,20.293664932
58.446418762,5.190203667,233.336257935
58.296779633,6.539476871,220.674362183
59.057613373,4.650100708,145.398849487
58.733768463,5.561400890,241.463088989
59.837409973,5.658595085,126.853050232
57.944156647,5.279097557,237.855316162
57.435741425,4.344138622,112.213226318
57.098602295,6.269567013,166.358566284
57.886520386,4.016541958,92.740409851
57.060131073,5.965907574,172.909011841
60.013069153,7.264717579,50.452564240
57.035724640,5.378846169,162.556045532
57.654747009,5.493799686,232.537139893
58.906177521,5.556535244,228.219635010
58.447597504,4.415736675,144.785507202
57.794506073,6.720840931,188.216598511
58.761718750,7.337789059,113.228454590
57.882579803,5.426928997,244.150924683
59.037380219,4.433024883,123.618408203
56.948230743,4.526677132,95.706825256
59.538002014,4.921137810,128.342636108
58.590988159,6.963877678,166.412139893
56.677391052,6.100886345,122.319961548
58.487594604,6.666786671,204.699981689
59.729400635,3.715453386,34.012969971
58.763137817,4.100981712,98.806404114
61.210609436,5.103468895,17.310880661
57.131034851,4.055440426,69.316192627
58.333450317,4.495538235,156.594360352
59.005924225,5.663280010,222.155212402
58.645717621,4.817116737,188.201995850
59.023849487,6.189648628,212.688491821
59.114170074,3.918634653,68.848258972
58.084739685,5.123502731,229.239196777
59.160137177,4.674506664,140.411102295
58.319164276,5.094289303,227.354751587
59.088035583,5.871757507,215.460067749
56.534175873,7.243219376,49.417846680
60.454746246,6.290286541,56.980022430
59.266479492,4.982872486,159.146270752
58.500793457,7.405474663,112.047386169
60.028984070,5.677206039,104.980796814
58.318008423,5.222886562,238.667022705
58.010066986,6.209548473,243.565734863
58.030155182,6.311317444,237.112625122
58.825870514,6.415654182,213.617523193
59.535881042,6.997361183,102.463027954
58.257831573,5.912154675,260.583892822
58.398273468,4.484504223,154.437545776
57.717910767,6.812192440,173.956466675
59.186164856,4.660162926,137.033996582
59.255641937,8.242478371,22.689233780
59.650482178,5.271134853,137.266265869
58.985172272,3.684081316,53.182662964
56.809108734,3.646044493,32.569900513
57.123588562,5.727890015,182.352661133
57.718055725,6.687521458,187.556060791
56.574867249,5.906096458,112.739265442
58.547542572,5.998370647,252.397338867
58.203056335,6.250242710,244.999420166
57.223377228,6.013874054,191.143600464
58.611080170,5.901105404,251.832168579
58.311050415,5.367071629,248.966171265
58.584613800,6.224023342,240.419906616
58.490619659,5.957360744,255.613708496
57.465446472,5.861901760,220.289230347
58.567077637,5.519123554,249.284484863
59.642101288,4.128238201,61.765235901
58.956516266,5.453669071,219.697799683
58.456710815,6.526910782,220.004806519
58.802181244,5.879745960,240.409774780
59.783359528,4.378795147,70.342323303
56.390285492,5.020127296,73.896469116
58.464435577,6.515394211,220.955429077
57.679134369,5.726872921,239.620880127
58.487022400,4.578160286,164.783081055
58.330879211,5.951265812,259.242034912
59.363510132,6.141539097,179.429168701
58.125724792,6.464324951,226.536331177
59.355972290,5.851022720,186.127960205
57.813236237,5.518494606,244.385467529
58.127578735,6.765076160,194.681869507
58.664981842,5.739662170,249.540359497
59.859230042,3.905570984,39.003597260
57.488700867,6.518404007,187.564208984
59.267005920,4.889890194,151.395904541
57.798377991,6.339748859,224.554397583
59.162288666,5.544328213,203.282211304
59.780597687,5.232163906,121.228645325
58.469772339,5.150708675,229.244003296
58.093757629,5.819543362,260.195068359
58.841697693,6.498248577,205.587448120
57.832828522,6.057667255,243.632369995
60.672721863,7.511447906,16.819816589
58.209503174,6.719686985,200.958267212
60.123512268,7.844134808,21.765081406
59.519996643,5.843449116,166.467376709
58.679531097,5.503049374,242.668991089
57.441139221,5.852777481,217.979202271
60.059528351,5.774037361,101.988975525
57.886928558,6.672915936,197.825881958
56.784049988,6.978744507,85.221878052
56.987895966,5.993759155,163.406555176
58.949157715,5.296280861,211.580062866
58.771320343,6.137037754,235.109909058
60.440608978,5.499641895,63.067028046
56.723049164,5.508685112,127.787567139
59.347595215,6.480159760,162.790847778
58.517257690,5.601598740,254.207687378
59.124107361,6.642583847,170.756622314
57.340106964,6.411307335,182.849136353
57.581188202,6.086906433,224.481079102
58.016204834,6.173614025,245.968719482
59.223495483,5.648318291,199.498184204
61.439987183,4.364326477,6.737817287
58.678146362,6.930895329,167.392852783
58.216648102,5.084841251,226.974365234
58.459720612,5.751544476,258.696960449
56.615619659,8.110260963,14.036991119
59.999263763,4.015754700,38.822284698
56.403453827,4.588245869,57.270595551
58.340156555,6.201225758,248.125335693
58.379203796,7.300299168,127.246574402
58.168403625,6.003383636,257.505554199
59.073268890,5.894916058,216.737518311
56.929519653,6.095552444,153.532730103
59.223331451,4.622880936,130.609832764
58.902271271,7.279399872,114.449005127
57.493843079,5.185034752,200.973083496
57.151378632,6.460964680,160.227386475
58.313671112,5.750336647,261.648315430
59.233905792,6.780858040,148.174850464
58.202484131,6.034666538,256.687530518
59.110233307,5.942116261,212.396942139
58.095142365,4.278131008,127.684043884
55.417675018,6.439723969,13.329977989
58.477756500,6.372707844,233.373458862
58.457553864,4.135230064,109.448394775
59.879158020,7.907558918,25.195346832
57.265392303,5.490985870,194.319412231
56.053535461,4.954532146,44.375236511
58.751621246,6.393700600,220.006408691
57.825691223,5.046415806,212.682144165
58.806171417,5.352180958,226.441665649
57.160659790,5.669270515,186.291824341
57.178722382,7.111845970,105.074996948
56.852184296,5.540754318,144.951141357
57.073867798,4.709348679,121.314636230
59.042625427,6.171525002,211.830749512
59.588932037,5.422260761,150.580139160
59.608100891,5.877213955,155.522094727
57.766304016,4.483330250,144.962554932
59.163902283,6.243660450,196.496704102
59.551239014,5.703469276,162.003311157
58.568401337,5.800951481,254.701919556
58.118770599,6.579536438,215.069931030
58.603340149,5.792400837,253.063674927
57.388370514,6.389763832,189.029083252
58.016719818,5.246342659,237.933471680
58.703041077,7.450400829,101.529060364
59.768081665,5.212635517,121.704139709
57.619186401,6.342459679,212.290557861
57.909374237,5.674431324,253.419067383
56.023735046,5.564889431,52.781532288
58.888412476,5.241529942,212.857391357
57.964733124,6.044456959,250.572280884
58.199577332,6.169058800,250.104675293
58.202079773,5.764865875,261.901275635
57.803714752,6.694324017,191.570648193
59.113117218,5.880618572,212.841705322
59.154449463,5.779439449,208.673721313
58.118289948,7.060701370,157.967285156
58.271507263,6.848618507,185.896179199
59.137023926,6.118691444,204.880126953
58.978519440,5.466293812,218.301742554
58.710689545,6.101749897,240.478149414
58.211032867,6.081521034,254.751983643
56.684345245,5.960258007,125.791206360
58.029655457,4.771617413,189.865051270
57.596584320,4.062301636,89.534317017
58.187801361,6.640879154,209.575683594
57.349399567,4.620767117,135.923049927
59.662635803,4.155683994,62.558250427
58.524902344,6.464842796,224.085845947
58.405303955,5.175103664,233.140533447
59.393920898,3.521816015,32.964954376
58.286575317,5.665097713,260.967468262
58.430561066,5.010109425,216.931213379
57.090873718,4.288692951,86.286231995
58.474502563,5.871666908,257.772277832
57.826190948,4.994257927,207.517990112
57.340713501,5.708234310,207.588409424
56.808010101,4.897830963,109.473838806
57.440811157,6.483010769,186.498489380
59.544067383,7.616654873,51.333026886
59.671840668,5.606170177,145.867813110
58.219955444,4.252792358,125.371910095
56.534656525,6.176524162,103.400924683
60.094417572,7.502861977,35.212234497
57.016807556,5.969815731,167.486389160
57.489959717,5.922603607,221.633743286
58.014179230,5.913694382,256.566345215
57.746814728,4.875368118,190.674118042
59.189857483,5.180557728,181.429550171
57.947845459,5.581121922,253.172241211
57.088466644,5.340466499,167.198471069
57.672454834,5.215066433,217.782211304
58.391044617,3.871979475,80.336364746
58.803848267,5.282830715,222.135604858
58.877876282,6.054864407,230.730300903
59.411605835,5.589275837,176.651336670
57.272422791,6.715350151,151.002914429
59.453479767,5.418015480,166.111740112
57.740589142,6.509796619,206.599197388
58.055442810,6.700451374,200.586273193
59.538677216,5.921004772,163.678833008
59.335311890,6.803838730,137.134277344
59.126991272,4.263398647,100.963592529
58.224533081,5.514380455,256.850708008
57.866851807,4.521182060,153.590713501
57.457046509,6.662387371,171.719131470
58.713108063,5.433431625,237.349670410
58.236656189,6.615247726,212.728897095
57.533145905,4.941325665,183.101654053
59.660293579,5.414460659,142.002502441
60.338577271,7.363862514,30.864524841
56.240345001,3.225865602,10.005368233
57.102340698,5.980970383,177.731491089
58.039676666,4.583397388,166.374237061
56.767105103,6.628896236,108.400863647
58.672595978,5.777314186,249.312149048
58.309444427,5.289732456,243.843139648
60.275505066,5.516339302,77.879341125
59.170940399,5.135716915,180.074447632
57.516025543,5.576249599,223.244995117
58.087142944,5.849798679,259.736572266
59.342853546,6.039064884,184.969329834
59.270072937,7.255059719,96.997901917
56.465755463,4.996455193,80.147987366
56.942802429,4.323698044,79.655181885
57.192672729,5.875532627,190.344558716
58.637287140,6.665705204,199.951553345
58.458229065,5.749502182,258.732635498
58.623264313,6.749416828,191.178863525
56.913745880,4.376749039,81.687271118
58.150382996,5.243486881,240.405548096
58.949283600,4.363272190,120.760124207
57.372692108,6.810266972,150.320358276
59.798881531,6.012691498,130.560607910
59.653030396,6.540752888,126.122589111
58.937171936,4.542820930,141.495025635
57.436599731,5.015765190,181.948440552
57.542968750,4.402563095,124.545066833
56.794773102,5.612590313,139.119552612
59.104896545,5.491437435,207.253738403
58.004173279,5.340916634,244.168701172
58.487422943,5.479467392,250.837692261
56.244483948,8.184699059,7.700781345
58.683227539,6.142225266,240.178787231
58.658313751,6.203340530,238.240783691
58.527809143,6.183339596,244.995437622
60.887340546,5.399840355,32.497150421
58.195434570,4.944283962,212.351409912
57.570732117,6.993948460,144.666381836
59.105625153,6.096091747,208.869735718
58.177787781,5.902030468,260.402038574
57.811000824,5.716655731,248.578216553
58.844387054,5.167722225,210.624710083
58.572986603,4.515687943,154.563247681
57.267704010,6.139728546,191.519454956
58.087345123,6.560831070,216.334594727
57.868652344,7.084429264,148.597076416
59.029319763,6.231753349,210.022460938
55.897804260,6.415135384,37.873790741
57.752727509,5.638239861,243.860244751
57.226356506,5.507741928,190.387741089
58.680328369,6.683265209,196.198608398
56.155994415,5.388744831,62.093292236
57.129150391,4.310895920,90.584175110
58.070201874,6.654030323,206.092910767
57.336666107,5.314198971,194.031768799
58.158409119,3.690037489,62.888172150
57.784919739,4.430302620,139.138412476
57.980838776,6.958382130,167.893005371
58.544727325,7.465518475,103.739013672
57.269779205,6.360141277,179.452392578
58.647380829,5.184038639,224.504638672
59.728439331,6.105073452,137.047348022
56.840480804,5.167119980,128.784545898
58.543685913,6.873593330,179.045623779
59.327804565,5.710923672,188.755554199
57.299282074,4.031999588,74.924728394
57.749130249,5.385474205,234.272827148
59.126991272,5.910562515,211.114501953
59.681575775,6.992728233,91.008087158
58.777992249,6.554473400,204.354080200
59.548206329,5.286876678,149.452590942
61.364677429,6.381439686,13.039443016
58.572738647,6.305896759,235.424179077
58.193363190,5.520099163,256.958343506
57.820472717,6.050696850,243.215377808
57.457519531,4.882519722,171.230438232
58.148139954,5.870181561,260.595428467
57.457702637,3.910801649,70.284255981
58.268909454,4.998386860,218.161804199
58.825252533,5.811020374,239.082458496
57.638301849,5.315828800,222.178680420
57.171463013,6.323507786,171.404739380
57.043296814,6.148960114,165.456344604
58.260005951,5.055281639,224.025192261
57.598548889,6.029939651,228.241668701
56.220317841,7.451354027,24.587831497
57.628021240,5.244156837,216.577148438
58.702602386,5.539444923,242.693725586
60.337333679,5.977188587,72.309280396
56.881980896,5.273654938,139.030532837
59.210060120,4.472404480,116.872360229
57.692192078,7.480384350,94.820251465
58.565204620,4.161380291,110.790725708
57.759189606,6.125158787,235.984848022
60.137523651,4.913118362,73.234481812
58.364429474,5.531704903,256.328796387
57.361991882,4.532967091,127.689636230
56.943820953,3.438597679,27.036565781
57.555759430,5.591105938,227.282653809
58.320899963,4.541547775,162.682479858
58.789501190,7.225479603,125.998931885
57.716934204,5.845747471,242.019439697
59.030921936,7.631690979,70.427413940
59.926700592,5.873371601,116.918556213
57.678211212,6.445028782,208.340820312
58.877044678,4.728176117,165.722152710
57.816089630,3.799990177,69.359786987
58.251358032,5.225275993,239.365783691
58.502769470,6.150420189,247.635543823
58.798648834,6.915197849,163.792709351
58.757762909,5.853590965,243.768951416
59.817935944,5.726794720,129.800994873
58.011604309,5.554010868,254.693237305
57.827079773,4.732348919,178.219238281
59.329872131,5.679540157,188.060180664
60.086875916,6.910331249,64.203811646
59.908073425,4.718776226,82.247817993
60.011940002,4.300004005,52.152931213
56.439235687,6.134257317,93.482971191
57.600284576,5.909659863,231.842346191
59.273742676,5.669729710,194.307373047
58.702938080,5.841038227,247.400207520
59.279136658,4.457242489,110.760215759
58.156223297,6.323986530,239.046386719
59.539619446,5.894531727,163.807785034
58.329338074,5.860802650,261.013519287
58.657825470,5.261404037,229.935958862
57.395675659,5.278064728,197.980636597
58.703201294,5.087319374,213.029586792
59.053615570,6.990646362,139.795364380
57.761035919,5.676657200,245.020660400
57.941844940,5.701414108,255.188751221
58.233383179,6.336106777,238.876022339
58.998630524,5.896499157,223.896759033
57.118412018,6.063572407,177.411895752
58.010814667,4.875511169,201.700103760
58.726615906,5.726904392,245.636474609
59.704036713,6.019181728,141.955566406
57.834667206,7.182972908,135.204132080
59.354907990,5.310779095,172.160110474
58.154693604,6.006555080,257.211456299
58.674678802,7.092918873,147.209533691
58.699531555,7.454665661,101.123298645
57.885112762,5.875853539,251.892639160
59.246215820,5.166050911,174.808380127
58.905765533,7.536040306,84.860656738
59.029987335,5.592105865,218.125808716
57.934711456,4.334609985,131.895523071
58.292747498,8.024003983,47.355129242
58.524868011,6.533846378,217.563735962
59.530612946,6.063320637,162.107025146
57.934265137,6.215418339,240.265090942
59.604099274,5.472558498,150.532546997
59.049793243,6.259569168,206.614746094
58.172439575,4.722595692,185.972885132
59.365848541,6.705759048,143.129516602
58.534183502,5.396781921,244.797515869
56.863262177,7.016936779,88.775741577
56.768760681,4.896877766,105.405601501
60.068279266,5.213502884,90.881767273
58.278980255,4.610798836,171.897094727
57.682163239,6.551232338,198.998367310
58.605731964,7.981281757,48.454563141
57.576190948,5.782357693,231.228637695
58.227680206,4.865298748,203.473815918
58.671760559,5.634879589,247.466232300
57.122592926,6.662468433,141.700790405
57.686164856,5.554179668,237.049789429
57.531421661,4.655262947,152.613296509
57.279472351,6.240894318,187.751831055
57.594615936,6.126720905,223.747604370
58.610580444,6.606817722,207.252319336
57.058025360,6.097809792,169.085556030
57.488750458,6.560378551,183.835556030
58.960464478,6.436554909,202.152679443
58.524711609,3.500604630,46.374847412
56.945522308,6.542705536,132.756393433
57.742771149,6.836329937,172.588790894
57.103294373,6.623417854,142.997833252
58.764106750,6.319832802,224.796676636
58.487693787,4.785806179,190.386734009
57.965538025,6.374381065,229.861892700
57.453868866,7.033885002,132.704940796
59.415946960,7.147101879,97.981437683
59.099048615,4.417193890,118.308555603
58.559898376,6.545653820,215.286102295
57.772861481,4.846379757,188.872879028
56.998687744,4.720629692,115.405281067
58.653228760,5.905289650,249.575958252
59.819664001,5.798849583,129.851394653
58.191665649,6.321709156,239.673034668
57.446765900,6.851818085,151.774703979
59.266208649,4.733001232,137.572586060
58.584892273,5.538996696,249.213317871
58.546535492,6.874357700,178.870605469
57.580860138,4.719902515,163.137298584
59.315986633,3.054435253,15.251870155
58.371349335,5.810119629,260.841186523
58.166297913,6.198483467,247.966293335
57.476619720,6.253690243,206.415374756
57.847316742,5.165803432,224.631088257
57.445697784,5.083846569,188.616714478
58.599864960,8.241765976,29.702207565
59.633029938,7.145335197,82.680755615
56.260868073,6.833524227,51.917434692
57.686561584,6.480654716,205.789932251
56.860797882,6.480818272,127.587310791
57.608306885,4.643615723,156.162582397
59.148433685,7.726122379,57.701045990
58.626823425,6.395330429,226.290145874
60.035118103,4.019300938,37.543083191
58.250980377,4.243360043,124.216644287
57.862941742,5.497586727,246.351943970
60.257949829,5.957953930,80.132965088
58.614845276,5.303355694,235.196685791
58.286762238,6.389386654,234.611999512
58.191242218,5.471826077,254.904434204
58.348148346,4.596459866,169.540786743
56.500385284,4.461992264,58.245246887
58.492942810,5.125014782,226.192123413
57.978923798,5.201725483,233.207473755
57.759937286,5.486567020,239.827621460
56.496479034,5.630050182,102.245727539
57.593734741,5.063683033,199.328186035
59.422847748,6.402157784,159.896118164
56.648170471,4.927284718,94.921516418
57.422481537,6.702308178,165.049407959
57.950004578,6.488919258,219.120162964
58.302074432,5.129344463,230.809524536
58.026470184,3.906893015,83.102630615
58.417133331,6.070189476,253.756668091
58.066658020,6.383938789,232.336975098
59.015617371,6.507381439,191.899688721
59.680934906,4.906233788,113.630455017
58.162960052,5.502335072,255.999130249
58.883556366,4.536792755,143.823791504
57.696075439,4.884814262,188.715576172
58.446475983,5.726884365,258.919250488
57.734401703,2.799238443,14.286057472
57.655769348,3.572065353,48.092952728
57.912216187,5.101504326,221.934005737
58.511260986,5.641539574,255.433349609
57.568378448,6.181363583,218.701522827
56.506546021,5.045207024,86.223602295
56.334526062,4.910061359,64.818618774
58.295482635,4.434751034,148.889617920
58.405242920,4.010149479,95.327857971
57.504703522,4.767453671,163.047103882
60.248538971,4.494585991,47.918678284
57.855117798,6.537156105,210.312210083
59.492221832,4.410129070,92.045150757
58.953086853,5.248888969,208.073379517
57.735553741,6.841396332,171.624664307
58.304859161,5.502563000,256.020141602
59.922565460,6.042665958,115.336006165
59.612049103,6.963732243,99.016090393
58.945487976,6.441744328,202.910781860
57.381885529,5.713800430,212.086380005
58.741542816,7.003713608,155.717651367
56.748344421,4.862832069,101.282852173
60.401901245,5.959403515,66.629852295
58.278297424,5.750629902,261.911499023
58.829811096,6.596285343,197.179901123
59.240314484,5.016467571,164.303100586
59.782600403,6.976419926,84.044815063
57.680130005,6.270117283,221.940719604
58.781185150,8.262609482,27.017185211
59.595882416,4.913759232,122.258056641
57.192623138,3.247219324,23.857101440
59.021808624,4.955434322,178.379745483
58.343353271,5.486325741,254.827987671
56.631671906,6.056496620,117.719230652
57.876594543,4.757746696,183.346603394
58.656116486,5.224612713,227.263534546
57.817302704,5.872417927,248.222869873
58.400371552,5.962944031,257.852508545
59.419445038,4.970093727,143.423797607
58.362716675,4.723608494,185.457565308
58.398735046,6.670988560,205.923034668
58.201324463,6.321870327,239.756439209
60.960189819,6.687906265,21.675302505
57.674900055,5.925282955,237.502502441
57.927257538,5.471809387,248.342758179
58.615325928,5.785129547,252.456069946
58.303596497,7.031031609,162.823150635
57.759670258,5.797351360,245.396484375
57.956756592,6.880597591,176.649444580
60.232429504,5.128947258,73.176559448
59.796062469,5.979605675,131.434890747
58.452533722,6.189988613,246.855895996
58.565135956,4.823140621,192.214309692
58.272098541,5.558928490,258.382446289
58.149417877,5.390151024,250.315002441
58.195781708,5.985474586,258.395568848
57.854286194,7.117036343,144.045654297
59.378356934,5.386540413,173.292175293
58.621196747,5.728982449,251.846527100
58.623352051,5.558099270,247.951934814
58.752616882,4.092145443,98.136611938
57.212707520,5.329785347,181.217849731
56.716445923,5.704232693,130.318878174
57.354991913,5.276873589,193.749465942
58.328105927,6.440728664,229.952331543
58.866943359,5.850075722,235.699798584
58.241676331,5.654800892,260.939514160
58.850078583,7.525516510,88.009536743
57.406532288,5.573965549,212.322525024
56.904159546,7.844979763,32.083732605
57.127361298,6.822675228,128.209503174
56.708206177,4.947811127,102.162239075
58.383399963,4.346210957,136.724685669
59.995227814,5.683277130,108.809844971
60.567874908,6.086666584,51.662059784
56.620685577,4.083785057,46.429702759
58.623310089,6.717285156,194.820495605
57.470905304,4.632775784,146.008590698
57.699237823,4.958110809,196.600906372
59.488636017,7.191563606,88.845596313
58.625427246,4.096733570,101.928306580
57.920772552,6.439516068,222.439682007
58.311870575,5.740546227,261.617218018
57.533351898,5.953166962,224.957229614
59.822845459,5.559695244,127.001754761
57.783557892,4.896459103,194.982742310
57.110755920,6.914375782,118.397247314
59.198696136,6.440936089,180.647262573
58.539051056,7.030969143,159.378005981
59.799041748,4.291292667,63.786247253
57.816379547,5.217621803,227.190856934
58.804428101,6.240468979,227.373443604
57.503452301,3.374227524,33.812404633
56.850551605,3.574255466,30.542251587
57.634536743,5.092479706,204.961395264
58.832191467,6.749316692,181.059829712
58.364173889,5.809541225,260.967010498
60.471046448,6.161524296,58.088645935
58.446784973,7.022753716,162.420486450
58.429195404,5.805008411,259.604736328
57.948699951,5.986100197,252.084045410
57.856746674,5.662129402,250.583999634
57.416347504,6.885109901,146.010864258
58.099590302,5.715439320,260.303070068
57.015941620,5.516179562,165.061996460
59.829048157,6.364268303,116.070663452
57.665763855,5.370697498,227.541595459
58.002475739,5.247924328,237.621368408
58.092426300,7.018362522,162.959106445
57.728843689,4.904596329,192.809265137
57.203125000,5.200120926,172.578308105
60.698780060,7.118143559,23.775184631
59.053642273,6.792315483,161.544311523
57.704711914,5.303761482,226.331771851
59.593345642,5.737761021,157.199066162
57.995582581,7.065930843,154.844818115
57.018817902,6.871609211,114.195480347
58.728363037,5.088119507,211.616989136
58.272865295,6.251931667,245.175796509
57.880489349,6.594152451,205.825576782
57.599998474,6.137527466,223.649703979
57.022506714,5.242737293,154.328140259
58.400680542,5.268335819,240.707702637
56.924789429,6.944923878,99.775520325
59.089294434,5.133661270,187.591903687
58.818359375,4.744533539,171.057174683
60.124404907,5.031951427,79.114227295
60.111751556,6.806546688,67.371223450
58.397212982,3.805016994,73.489250183
57.233604431,5.454374313,189.310531616
57.994403839,5.407907009,247.792083740
56.443248749,7.838199139,18.318887711
58.513572693,5.821760654,256.879089355
56.990509033,6.306422710,152.069976807
57.528385162,5.145821571,200.975830078
58.327232361,7.316585064,125.568725586
59.929042816,4.271650314,55.197185516
58.411582947,6.156945229,249.643646240
59.247165680,5.796859264,198.628433228
58.238945007,6.728759289,200.097991943
59.490581512,6.955205441,109.886390686
57.507144928,5.272490978,208.305145264
57.844470978,5.853206635,250.073669434
58.887405396,6.450967789,206.494705200
58.740535736,5.971902847,243.027252197
58.303325653,6.361290455,236.902938843
58.752510071,6.713424206,189.404129028
59.960693359,5.375916958,106.982353210
57.803527832,6.149665356,237.445266724
57.930671692,7.003487110,160.760528564
56.583774567,5.801068306,114.129043579
58.441371918,4.844637871,198.511337280
56.314479828,5.142823219,70.932662964
57.925495148,6.490589142,217.968429565
58.955646515,5.514556885,222.381057739
58.766201019,4.668236732,165.225006104
57.694931030,5.623324871,239.472167969
60.192737579,4.321390152,43.655464172
58.799457550,6.315130711,222.882720947
56.512550354,5.821884155,105.441734314
58.912307739,5.397755146,220.709686279
58.503612518,5.035776138,217.348007202
56.044647217,2.761105537,3.803901911
57.925754547,6.146333694,244.004714966
57.967056274,6.148654938,245.612350464
59.111755371,6.911330700,144.501968384
58.516376495,7.771014690,69.463279724
59.382122040,6.576244354,152.132415771
56.810188293,5.554945946,139.929748535
57.623844147,7.018104076,145.053573608
57.819889069,6.146215916,238.590911865
58.057621002,5.887289524,258.417236328
57.984481812,5.850263119,256.643157959
59.324966431,6.441408157,167.842987061
56.563220978,4.694139004,74.720123291
58.895435333,5.362316608,220.127853394
59.957668304,5.574059486,111.765594482
57.323898315,6.124499321,198.211135864
57.813270569,5.041277409,211.537399292
57.926139832,6.631109715,203.933151245
58.626960754,6.624048233,204.807327271
57.317001343,6.754504204,151.196136475
58.282039642,5.161956787,233.899078369
56.953582764,6.966394424,100.429870605
58.481750488,6.225003719,243.949310303
57.083862305,5.817609310,177.583251953
57.380771637,6.193497658,200.722885132
58.169784546,3.203566313,29.499217987
56.690982819,5.744056225,127.377006531
58.389904022,5.377085686,248.253646851
57.626998901,5.699556828,235.277572632
57.325637817,5.825592995,206.029037476
59.381908417,5.363390446,171.816436768
57.722511292,6.015360832,238.305053711
60.379844666,4.463476658,39.751163483
59.747764587,6.511313915,117.675674438
59.578502655,7.144896030,86.605453491
58.264167786,6.311882973,240.845230103
58.256839752,3.948065519,88.934211731
57.801551819,6.402908325,219.650787354
59.169830322,5.242431641,187.551483154
57.103454590,6.522811413,150.763031006
59.470825195,5.940981388,171.692169189
58.562152863,5.684463501,254.136306763
57.574470520,5.513729572,226.616195679
58.741451263,4.754500866,176.422775269
59.832050323,5.619466305,126.963027954
55.822959900,6.617833138,29.420450211
57.113285065,4.822743416,134.569015503
57.686874390,5.573583126,237.667114258
13.695383072,83.572563171,130.081817627
13.592202187,85.216850281,244.687149048
11.986407280,84.466140747,106.542907715
14.719291687,85.297424316,172.444305420
15.021464348,85.785240173,125.723495483
14.391093254,83.057586670,63.650566101
14.471702576,84.731468201,191.410751343
13.443635941,85.133537292,243.883438110
13.656475067,86.000205994,193.482482910
13.701985359,87.104682922,75.260108948
13.816447258,85.168563843,242.281784058
15.414052010,84.588607788,88.640663147
12.425212860,87.443435669,29.188861847
13.239520073,85.083709717,236.706222534
15.329700470,85.097412109,106.237380981
12.525994301,83.542625427,91.579811096
13.467989922,86.467117310,140.036102295
13.455419540,83.946472168,170.860900879
12.894432068,84.895202637,211.164718628
13.962916374,85.004013062,236.350341797
12.682376862,85.287849426,189.896942139
12.961178780,84.555488586,203.319778442
13.713900566,85.035156250,244.691329956
13.102797508,83.881652832,154.454849243
12.378701210,84.877487183,158.813629150
13.561349869,85.466384888,235.960189819
12.818167686,85.202308655,204.869293213
12.643665314,84.223976135,156.431228638
14.365040779,85.613044739,195.168106079
13.249247551,86.044998169,181.486450195
14.791715622,84.008430481,118.152954102
14.222908020,86.507553101,126.677337646
13.357111931,84.362937927,209.377349854
12.673688889,86.058563232,145.294342041
14.154959679,86.079704285,172.667602539
12.660057068,84.621208191,181.091140747
13.206212997,85.711372375,209.814697266
13.617968559,84.233009338,200.732223511
13.658012390,84.941177368,244.006942749
13.888979912,84.148559570,187.882644653
14.997689247,84.511604309,128.529434204
13.384642601,87.052307129,77.273361206
12.717528343,85.138107300,195.892288208
14.910456657,86.491195679,91.861236572
14.156712532,84.069747925,168.983917236
11.438021660,86.438575745,35.329799652
12.706213951,83.718177795,117.912361145
15.653063774,83.096008301,18.306434631
13.600844383,83.497573853,122.180976868
14.051815033,85.166664124,231.973617554
14.522492409,85.073699951,194.058914185
13.637726784,84.562713623,227.383972168
13.448699951,85.908767700,200.906173706
11.265324593,84.225631714,40.150917053
12.976450920,86.606719971,110.636589050
12.873384476,85.137855530,210.677688599
13.899971008,86.928161621,90.966354370
12.391661644,83.644279480,91.621047974
13.081255913,87.154579163,62.713462830
14.066902161,85.172431946,231.037048340
13.797080040,84.306701660,205.031066895
12.527865410,85.803443909,151.096176147
15.025991440,85.563056946,133.428726196
13.531939507,84.027793884,180.160614014
13.171455383,86.793334961,97.968101501
10.684759140,86.801856995,7.316655636
13.461798668,84.751464844,236.871353149
13.746287346,84.899223328,241.762420654
11.107488632,84.515502930,36.995037079
14.335268021,86.325592041,140.064407349
12.571059227,84.873466492,179.574584961
12.219259262,85.040695190,142.050674438
14.588424683,84.912193298,185.354217529
13.114185333,83.446807861,109.048248291
13.823913574,84.447013855,215.888885498
13.392057419,84.219009399,197.457534790
12.361135483,84.942146301,157.564712524
12.949836731,86.317123413,139.347122192
12.015173912,84.326812744,103.846382141
12.986765862,83.459564209,106.068672180
14.043956757,82.545494080,35.578899384
12.984055519,85.455551147,211.388580322
14.682498932,83.634056091,96.866188049
13.314266205,84.808143616,235.067749023
14.888498306,86.570297241,87.425743103
12.700140953,84.244270325,162.534408569
12.963523865,82.554580688,32.534080505
13.852662086,85.692802429,218.274002075
14.711646080,84.371757507,150.102508545
15.704249382,83.775352478,36.256393433
12.311512947,86.278938293,99.752639771
12.658535004,85.120826721,190.014007568
13.791609764,85.307792664,240.257125854
14.006507874,84.454750061,209.493026733
13.475581169,82.277778625,23.705762863
14.027009010,82.342887878,25.338655472
13.874719620,85.346885681,236.544204712
15.010067940,86.674835205,72.788719177
14.451794624,86.022224426,160.451751709
13.930142403,84.519630432,217.496429443
12.584670067,84.503524780,168.408874512
15.301618576,85.388084412,107.789810181
13.209412575,84.818756104,230.809707642
13.830549240,84.898841858,239.573135376
14.299188614,83.702331543,125.852790833
12.793725967,83.128845215,68.327560425
14.051309586,85.790008545,203.273056030
14.327438354,84.822052002,207.500106812
14.719788551,84.301628113,144.952285767
13.033425331,86.317085266,143.519714355
10.980762482,86.706069946,13.764249802
15.025016785,85.886497498,120.698875427
13.774750710,85.934402466,199.020507812
11.981179237,85.419647217,111.054222107
14.942591667,85.948623657,125.148498535
13.124018669,85.281150818,227.513351440
13.023934364,84.422599792,199.041076660
12.461860657,85.838958740,142.573410034
12.669342995,83.870803833,129.498794556
14.586170197,84.144355774,145.672409058
12.689456940,85.274589539,190.924331665
12.268115997,86.176361084,103.306121826
13.531043053,86.823158264,101.440254211
13.334991455,84.809082031,235.850845337
11.854022026,85.538475037,95.329231262
14.891505241,84.589660645,143.048904419
14.638371468,85.272094727,181.301849365
12.750868797,85.585395813,185.038467407
13.879965782,84.361991882,207.398696899
15.317494392,85.378677368,106.238960266
13.881643295,85.149833679,240.267822266
14.263230324,85.836967468,187.802825928
13.336411476,86.283958435,158.351150513
13.420293808,85.774162292,212.536727905
14.357398033,86.678939819,104.808685303
12.348028183,84.488914490,144.178909302
14.241029739,85.410545349,213.867675781
12.777647972,84.910240173,200.930603027
12.903790474,83.562171936,113.019966125
15.348995209,83.944625854,67.391944885
13.236411095,84.755531311,229.777618408
14.094159126,83.451416016,109.289695740
13.199666977,85.606788635,216.887603760
13.540399551,84.884445190,242.657745361
13.791747093,86.144676208,177.030654907
13.213675499,84.042587280,175.167282104
13.155817986,84.614654541,218.917953491
13.117975235,84.735961914,222.651367188
11.783412933,84.017082214,69.374946594
13.965838432,84.894958496,234.070922852
11.820393562,86.101547241,71.381408691
12.206373215,85.940666199,112.324325562
13.995889664,83.933227539,162.695083618
12.403629303,84.965988159,162.453994751
15.440387726,85.934753418,80.155998230
12.536493301,85.957756042,141.536483765
11.508929253,85.363006592,68.655418396
13.573999405,85.912590027,202.126068115
14.719954491,87.616806030,26.384382248
10.770713806,84.058815002,14.478473663
14.667819023,86.077888489,140.178298950
14.433673859,82.596298218,32.426261902
15.176161766,84.916641235,121.219589233
15.639792442,85.055564880,74.875808716
14.141341209,86.084342957,172.845413208
13.252747536,82.875167847,58.609344482
14.181045532,85.077262878,223.732025146
14.442292213,84.989845276,201.052612305
13.827114105,85.481872559,232.337677002
13.268821716,83.765571594,147.617599487
12.313702583,85.891708374,125.220046997
13.544071198,83.879249573,164.282913208
15.291707039,86.259483337,78.582405090
12.083015442,85.935256958,101.269279480
12.412986755,83.568733215,86.955558777
13.005512238,84.510993958,203.736389160
12.537406921,84.999862671,177.313781738
13.622938156,84.122863770,189.992141724
13.491641045,84.575386047,227.747238159
11.909357071,85.118461609,108.262512207
12.611027718,85.478942871,176.383728027
12.906282425,84.586883545,200.934982300
12.848858833,83.796119690,133.530746460
13.074859619,82.954895020,61.820411682
14.015638351,83.478797913,114.413475037
13.260118484,86.280250549,156.559829712
13.899322510,84.972396851,238.695968628
12.074208260,85.404945374,121.131263733
13.622338295,82.942131042,67.021507263
14.613492012,85.993980408,150.587692261
14.724674225,85.028587341,172.712371826
15.084235191,85.626113892,125.370727539
12.889722824,84.761741638,207.186370850
13.500021935,84.661460876,232.980270386
15.299977303,84.768104553,105.018806458
13.261178970,85.117713928,237.656173706
15.210042953,85.931762695,101.197189331
13.769308090,84.759284973,236.335479736
13.360183716,84.541961670,222.869552612
14.438719749,84.629676819,189.939224243
12.889124870,85.058250427,212.366180420
13.271456718,83.555755615,124.797691345
12.998367310,85.636596680,202.491989136
12.377819061,85.757881165,139.045181274
13.847552299,86.645820618,120.528770447
14.191535950,84.439392090,197.812469482
13.074283600,84.915626526,225.348617554
12.864981651,85.534072876,197.907180786
13.616720200,84.075729370,185.228088379
12.399181366,84.792739868,159.585433960
12.736330032,86.880424500,75.285400391
12.637476921,86.654312134,90.496055603
13.890320778,86.357299805,151.946228027
14.080796242,86.286956787,154.656997681
12.328512192,83.541679382,79.620147705
14.046182632,84.015983582,169.071029663
14.256484985,85.566696167,205.851257324
13.462141991,85.898788452,202.118164062
12.928586006,86.081581116,161.470504761
12.750189781,86.336830139,125.929168701
13.898612976,82.521133423,35.464797974
12.067101479,85.201293945,124.190940857
15.196236610,84.384384155,102.602317810
14.337987900,86.046310425,165.855239868
14.316987038,83.861602783,140.243942261
14.785933495,83.198944092,57.875606537
14.313705444,84.025634766,155.743453979
13.325945854,85.808097839,206.882980347
14.859178543,85.304145813,157.237350464
14.035279274,85.137527466,233.103408813
12.029703140,84.726531982,118.250572205
14.486841202,84.717376709,189.435913086
14.077981949,83.617721558,126.890174866
13.978598595,84.209594727,190.413360596
14.339138985,84.338493347,180.072265625
14.179955482,84.421112061,197.256362915
15.477222443,85.172958374,91.007797241
16.343130112,86.115859985,18.015542984
12.235629082,85.647254944,129.886657715
12.014258385,85.630813599,107.980148315
13.599602699,83.207717896,91.741172791
14.188498497,83.795585632,140.557296753
12.694210052,84.535377502,180.274902344
13.462036133,86.031829834,188.744201660
13.487555504,85.749626160,215.931549072
13.174021721,86.162437439,166.223953247
13.262759209,86.191856384,166.391174316
14.546596527,84.485496521,172.399459839
11.822623253,84.283660889,84.238555908
14.072110176,83.745155334,140.357528687
13.457658768,85.578422546,228.065063477
12.855450630,84.315155029,179.759170532
13.429056168,84.839950562,239.613922119
14.958562851,86.031112671,119.015686035
14.237355232,85.001190186,218.884567261
14.131701469,84.312187195,191.792312622
12.166136742,84.594223022,129.225555420
13.137703896,84.686447144,221.606704712
13.546403885,85.389457703,239.382675171
12.369385719,87.101280212,45.985950470
14.197870255,85.827575684,192.543334961
13.744343758,84.685104370,233.291610718
14.443967819,83.581283569,106.682136536
15.810420036,83.827316284,32.223400116
15.259287834,85.556411743,109.092361450
12.916670799,83.286590576,86.651466370
13.491350174,85.138229370,244.758178711
13.501818657,83.354026794,106.411537170
14.180261612,84.286079407,186.785324097
13.916666031,84.574150085,221.637924194
14.152133942,86.062438965,174.449600220
13.842043877,85.578880310,226.406356812
14.214286804,84.595161438,206.203918457
14.272307396,84.605644226,202.511917114
13.978455544,87.714286804,32.346050262
11.758329391,86.493003845,50.123924255
13.311674118,83.396751404,108.574485779
13.935836792,84.130279541,184.571807861
15.563864708,85.648612976,77.108703613
14.252119064,85.329093933,215.544342041
13.295096397,85.130363464,239.093872070
12.772057533,85.753227234,176.714431763
15.781448364,83.809722900,33.204753876
14.166578293,84.316650391,190.098999023
13.606420517,85.839439392,209.153427124
14.801734924,85.346450806,162.796005249
13.602681160,82.751655579,51.747104645
13.368666649,84.547286987,223.458663940
14.443536758,85.313194275,199.697082520
14.290925980,85.005447388,214.647415161
13.708136559,85.751640320,216.386367798
11.765542984,84.872192383,93.512344360
14.470576286,85.756057739,178.311141968
14.262835503,85.673728943,199.241561890
13.291158676,84.354995728,206.743759155
14.198991776,85.910636902,185.717208862
14.366645813,85.897918701,176.219070435
12.564872742,84.455963135,164.055572510
15.110212326,85.110168457,130.302459717
14.364933014,86.016883850,166.695755005
12.635293961,84.891632080,186.556747437
14.606306076,84.785865784,180.208511353
12.800081253,84.767601013,199.597045898
15.957773209,85.804763794,42.574966431
13.915330887,84.680160522,227.825592041
16.238590240,85.357826233,29.813188553
12.676548958,84.979133606,191.815765381
12.736903191,85.827095032,168.516616821
13.295213699,85.026069641,239.045974731
14.254940033,84.662368774,206.784820557
15.331159592,85.367996216,104.934478760
13.014130592,84.546882629,206.488891602
12.316110611,85.471183777,145.271133423
13.332067490,85.293815613,237.735122681
14.380493164,84.803802490,202.325759888
13.007712364,85.041435242,222.018783569
14.263665199,83.592445374,116.820915222
12.739024162,84.902748108,197.108749390
14.757314682,85.723693848,154.460571289
12.866872787,85.074668884,210.399887085
12.225211143,85.716636658,125.705238342
12.407189369,84.650070190,156.560913086
14.708608627,85.603706360,164.691406250
14.001404762,85.637062073,216.754486084
15.740640640,86.899078369,25.630153656
15.411232948,85.659599304,91.279228210
15.258160591,83.919502258,73.254364014
12.470529556,83.764907837,106.729408264
14.660039902,84.752937317,173.620040894
13.542298317,83.406723022,112.226272583
13.452597618,83.434196472,114.550926208
11.948693275,83.783767700,69.848457336
13.392435074,86.478195190,137.505203247
12.833941460,84.522155762,191.656539917
12.095479965,85.735298157,111.878471375
12.584863663,85.559303284,170.193008423
13.315093994,86.501724243,133.156127930
14.515252113,86.863304138,82.214347839
12.806586266,85.906135559,168.207412720
13.609370232,85.564025879,230.581756592
14.982609749,84.787345886,139.911880493
15.299297333,84.307876587,89.234962463
15.315935135,85.478874207,104.843406677
13.492305756,85.765724182,214.656494141
16.160451889,84.211669922,24.114509583
13.431129456,82.923568726,64.618919373
11.610748291,85.552787781,73.334968567
12.856925964,84.108863831,163.168502808
12.856070518,84.860466003,207.115356445
12.371714592,85.049438477,159.110626221
13.830161095,85.532142639,229.533508301
14.153748512,84.763381958,218.635269165
13.807908058,84.417945862,214.061599731
12.931396484,84.651893616,206.091766357
14.626493454,84.177009583,144.724624634
12.144419670,86.131248474,95.891166687
13.071005821,87.498374939,38.819278717
12.832288742,84.870651245,205.227890015
11.873643875,85.070304871,104.824867249
13.991205215,85.855545044,200.392898560
14.385244370,84.966529846,205.955383301
14.857477188,85.343322754,156.814697266
14.223951340,85.248893738,219.411453247
13.704995155,84.977218628,244.129135132
14.222248077,85.954978943,180.615859985
14.383131981,85.295555115,205.504486084
13.779282570,84.793563843,237.528945923
14.156031609,83.573348999,119.465156555
12.098448753,84.778854370,126.545639038
14.710896492,85.944610596,145.965606689
13.381196976,84.689208984,232.101058960
13.540024757,85.919563293,201.182540894
15.038135529,85.553871155,132.412475586
12.166840553,85.280014038,133.877380371
13.932488441,85.260467529,236.642013550
13.744677544,84.697036743,233.906311035
12.524172783,86.921638489,63.688392639
12.242204666,86.697219849,66.387207031
13.595724106,85.438392639,237.489349365
14.453939438,86.283523560,137.650100708
12.892675400,85.513206482,201.307479858
13.286957741,83.395347595,107.960487366
12.423872948,84.851921082,163.389205933
14.789322853,84.146087646,128.177703857
13.761946678,84.606163025,228.427307129
14.190714836,84.939674377,221.389068604
13.224631310,85.588035583,219.347946167
13.300876617,85.765373230,209.613342285
11.620790482,83.385147095,31.026725769
13.649480820,83.863571167,162.494262695
14.804887772,84.838615417,160.739486694
12.503454208,84.119903564,137.105056763
14.982103348,85.644210815,135.339019775
14.795608521,84.257995605,135.036254883
13.354305267,84.639366150,228.664596558
11.711942673,85.323013306,86.707229614
13.636294365,83.202400208,91.209075928
12.618098259,85.297676086,183.023284912
14.108445168,84.755760193,221.292129517
13.563887596,86.789497375,105.247039795
13.507587433,86.162872314,175.246063232
12.739215851,83.956115723,141.806411743
13.792078972,85.765060425,214.015640259
13.809576035,86.695747375,115.439285278
15.043747902,85.606086731,130.233001709
13.708715439,85.331550598,241.119735718
13.540309906,84.892967224,242.886978149
13.960552216,85.893585205,198.157119751
13.240153313,83.595428467,128.352050781
12.100323677,85.397048950,124.107986450
13.242112160,85.242156982,235.106491089
12.714267731,84.544433594,182.557174683
13.553668022,85.249969482,243.856140137
14.049603462,87.536788940,41.767677307
12.637512207,84.600212097,178.024688721
13.090057373,86.437141418,133.125869751
13.713109970,86.365699768,152.968688965
13.529869080,85.737998962,217.460220337
14.895363808,84.304122925,128.281417847
14.100613594,84.012550354,166.298538208
13.701676369,84.938201904,243.455261230
13.139127731,85.469383240,221.370590210
13.938330650,85.314117432,235.056289673
14.505582809,87.057434082,66.696243286
12.689407349,85.845420837,163.094940186
14.475197792,84.604751587,185.413986206
13.784632683,84.295433044,204.321395874
13.714569092,84.981864929,244.057388306
12.322730064,85.704238892,136.236495972
15.473532677,83.437248230,35.786998749
12.625508308,86.500099182,103.438949585
12.365316391,83.506240845,79.141021729
12.870015144,87.343589783,44.350959778
13.193482399,83.371253967,103.393127441
13.383975983,84.320007324,206.400512695
14.254952431,85.295928955,216.124053955
11.965188026,85.108276367,114.132583618
12.161272049,84.838882446,134.303527832
14.870644569,84.883750916,154.545898438
11.921611786,85.931510925,87.111106873
11.981682777,85.882019043,94.623443604
13.750325203,84.128250122,189.209060669
14.505212784,86.608917236,105.100341797
12.856987000,85.005310059,209.328094482
13.369174004,86.951087952,86.497703552
14.579974174,82.980369568,51.530605316
12.470774651,84.365882874,150.132110596
12.373914719,84.135452271,126.944564819
14.395841599,85.858680725,177.102294922
12.707830429,85.000938416,195.117721558
12.089532852,86.142730713,90.697982788
14.101884842,84.521003723,208.983444214
12.754249573,84.126480103,157.517929077
14.467000008,85.975975037,163.054779053
13.928739548,84.876243591,235.255813599
13.861833572,84.640113831,227.645370483
12.122417450,86.574859619,67.361106873
14.939542770,86.319351196,102.050399780
12.353263855,85.591545105,144.614944458
14.347488403,84.740432739,202.847503662
13.135158539,86.091537476,171.887115479
12.689961433,85.782569885,167.507919312
13.475420952,83.552955627,127.707458496
11.860260963,83.996734619,74.491935730
14.407463074,85.031234741,204.756622314
13.391085625,85.486923218,231.811340332
11.445234299,86.696166992,28.193637848
13.642203331,84.504211426,223.315322876
14.349314690,85.845413208,181.401123047
12.777465820,85.775184631,175.662887573
13.306136131,83.733802795,145.049270630
13.692880630,84.227897644,199.683441162
12.040884018,84.486518860,112.698532104
13.489586830,85.402580261,238.120330811
13.818026543,85.195831299,241.918197632
14.679657936,86.250640869,125.975486755
14.232419968,86.297790527,147.617019653
12.172578812,84.628807068,130.961303711
13.733738899,85.510498047,232.833267212
13.818860054,83.620239258,133.855438232
14.150211334,83.948249817,157.603302002
14.827641487,85.818443298,142.907958984
14.877591133,85.217750549,156.098022461
13.711439133,86.721702576,113.010734558
13.938700676,84.187599182,189.917388916
12.331186295,86.692260742,71.462669373
14.335067749,82.373664856,23.582618713
15.877924919,84.714309692,50.710742950
15.389780998,87.021018982,34.513721466
13.287055016,84.914962769,237.066940308
13.757888794,83.659942627,139.087463379
12.107172012,84.252288818,109.111167908
13.821536064,86.454437256,142.046173096
15.240187645,86.749771118,55.218269348
13.170818329,83.754234314,143.509811401
12.157734871,86.150932312,95.827766418
14.423202515,83.509811401,101.223739624
14.341970444,84.738128662,203.218475342
14.186130524,84.076934814,168.059524536
11.881589890,85.062469482,105.655464172
14.834572792,86.720153809,79.229347229
14.029563904,84.546852112,214.685913086
13.343567848,85.689773560,217.135543823
13.346059799,84.347480774,207.791503906
13.481166840,86.301368713,159.257278442
14.081392288,86.579994202,123.497718811
13.658062935,85.528923035,232.588226318
13.078417778,86.420043945,134.501159668
11.913631439,84.743659973,106.558609009
13.957314491,83.500823975,118.217613220
13.416810989,85.190177917,242.647476196
16.044641495,86.091011047,31.983312607
12.675950050,87.984527588,13.753417969
11.816864014,85.664260864,88.078620911
16.058361053,85.136413574,41.225135803
12.212823868,85.710624695,124.726600647
14.399735451,84.909210205,203.542709351
14.699748039,86.030258179,141.082015991
13.714263916,86.046676636,188.351272583
14.501933098,85.657135010,181.403167725
12.918551445,83.931472778,150.558258057
13.114725113,86.296394348,149.372665405
14.667174339,85.630371094,167.561462402
14.127714157,86.480880737,132.635147095
13.395088196,85.568183899,227.198181152
15.073617935,84.735778809,128.521224976
14.336558342,86.313285828,141.191696167
13.821176529,84.106422424,185.599548340
13.043596268,85.249893188,222.792083740
13.882819176,85.860626221,203.581665039
13.670478821,84.652450562,232.620635986
16.158023834,86.218482971,24.085939407
14.299225807,85.794128418,188.612213135
13.114953041,83.319175720,96.069099426
13.404609680,85.122863770,242.972076416
13.603178978,86.180587769,174.030441284
12.146267891,85.550926208,124.329086304
12.986111641,86.359802246,136.764038086
13.779358864,87.106224060,75.142364502
13.720212936,86.328979492,157.125228882
13.151582718,86.042510986,177.609680176
14.934431076,84.166160583,116.207847595
12.930782318,85.453430176,207.269668579
12.853983879,84.730941772,203.087234497
12.982336998,83.812904358,142.062622070
13.570416451,85.262893677,243.661560059
12.819838524,85.020820618,206.029449463
12.156045914,84.171463013,109.382827759
12.739333153,84.813812256,195.272521973
13.003765106,85.344146729,217.250488281
12.570439339,85.891143799,149.271209717
13.128903389,86.954071045,81.211456299
13.500146866,85.573799133,229.108428955
13.707621574,84.661026001,232.629653931
12.751868248,84.344924927,173.865707397
14.317699432,85.137802124,213.014297485
13.504831314,84.884468079,242.296783447
13.358005524,84.156578064,190.737594604
14.102317810,87.252380371,60.652950287
14.592800140,83.310043335,75.466278076
13.651270866,85.636199951,225.677825928
13.575991631,86.417442322,146.868896484
13.406795502,84.286094666,203.903671265
15.342512131,85.309974670,104.338478088
13.431101799,84.034301758,179.815277100
14.581174850,86.550796509,106.539459229
13.363839149,84.496070862,219.819915771
13.212913513,83.760803223,145.540283203
14.931514740,85.122772217,150.341629028
13.608715057,86.653030396,120.307502747
12.835829735,84.718070984,201.050949097
13.493555069,86.130882263,178.594314575
15.122147560,86.036399841,104.220443726
14.337805748,85.671356201,193.959655762
10.805678368,84.723274231,24.121612549
12.895768166,86.420158386,126.029685974
13.056046486,87.190223694,59.339965820
13.243003845,84.221694946,193.456573486
15.053848267,85.292266846,135.873626709
13.891600609,86.210197449,168.148727417
13.407564163,84.438644409,216.636764526
14.412187576,84.777160645,198.579940796
13.136423111,84.427070618,205.779373169
13.562240601,84.499748230,223.128616333
14.478438377,84.972442627,197.361114502
13.937004089,83.756286621,145.968307495
14.416746140,85.779991150,181.038635254
14.387762070,86.626647949,108.591697693
13.988488197,85.771255493,207.518524170
13.960912704,84.635589600,223.425628662
13.473169327,84.984359741,243.896453857
14.614248276,84.264999390,152.111923218
11.814146996,86.102241516,70.877906799
14.411686897,84.651931763,193.405975342
12.194679260,83.999336243,102.461601257
14.496109009,85.195610046,196.443664551
14.832040787,84.453689575,142.839584351
13.267638206,84.614669800,224.185028076
13.936485291,86.261711121,161.530700684
14.355443954,86.910385132,83.600082397
13.536375046,86.367012024,152.363220215
13.680055618,83.271553040,98.070259094
15.574827194,84.878250122,79.325317383
13.451107979,85.644783020,223.397323608
11.697240829,86.054130554,64.169708252
14.454858780,85.237792969,199.933059692
14.111826897,84.921051025,226.430938721
14.374447823,86.026664734,165.256820679
13.806303024,86.493179321,137.839981079
12.619582176,84.130226135,147.464416504
11.131926537,85.889579773,34.364189148
13.522785187,84.261657715,203.239334106
14.248085976,84.872123718,215.441421509
13.842291832,85.990142822,192.282806396
14.282767296,86.746597290,100.927200317
14.360609055,84.330986023,177.893402100
12.800691605,83.745727539,125.970237732
13.204313278,86.147392273,169.048248291
12.090129852,84.635528564,122.451454163
14.223985672,85.940948486,181.727325439
13.735570908,85.694580078,220.595443726
15.715149879,86.013816833,55.177776337
12.821761131,83.722106934,124.836860657
13.936231613,85.913978577,197.108810425
13.192892075,85.830604553,199.456481934
13.568374634,83.414871216,113.184463501
14.192666054,84.111740112,170.896606445
14.334096909,86.066047668,164.357177734
14.115645409,86.764274597,103.752586365
14.122022629,85.445335388,220.645904541
14.125431061,85.281295776,225.694580078
15.523188591,85.804534912,76.926521301
16.280376434,83.857742310,14.152725220
13.672287941,84.507080078,223.266754150
14.315347672,84.970260620,212.111938477
13.930362701,84.776657104,231.696044922
13.954638481,84.651046753,224.573379517
13.900803566,85.584381104,224.197952271
13.733886719,85.679260254,221.778656006
14.287535667,84.714775085,206.695327759
14.278156281,85.613151550,201.761672974
14.829852104,85.223014832,161.329727173
14.306476593,84.449737549,190.400878906
12.318001747,85.314186096,149.918441772
13.803137779,84.444503784,216.253616333
11.611878395,87.525100708,12.429293633
14.228990555,85.496627808,211.250549316
15.161415100,83.653800964,65.203140259
13.973405838,85.103805542,236.452255249
14.807474136,84.701515198,156.316833496
11.913749695,85.940399170,86.042587280
11.835239410,84.059875488,75.534957886
14.337365150,86.278511047,144.496810913
13.890465736,84.724815369,231.031845093
11.623561859,84.676986694,77.740272522
12.669323921,84.799011230,188.068237305
12.686595917,84.589569092,182.200378418
15.272387505,82.592857361,15.353151321
11.339868546,85.641014099,51.355476379
13.229201317,84.046615601,176.111206055
12.309825897,85.299072266,149.339828491
13.876834869,85.889511108,201.118972778
14.928424835,84.693473816,143.014709473
13.702142715,85.018463135,244.710830688
13.556116104,84.877235413,242.558837891
12.373035431,85.338142395,155.450714111
13.856347084,85.210449219,240.500488281
14.544550896,85.783561707,170.451889038
11.810068130,84.141792297,77.196479797
14.615786552,84.678062439,175.306579590
13.871984482,84.825500488,235.898345947
14.848767281,85.272369385,158.782806396
13.700852394,83.624725342,135.786529541
11.966495514,84.726844788,111.668899536
14.546971321,84.343811035,163.461166382
15.039532661,84.522018433,124.602958679
14.024289131,84.622627258,219.571731567
14.064079285,86.516273499,130.698745728
14.569245338,86.788818359,86.386207581
12.883858681,83.983642578,153.524627686
12.375802994,84.892211914,158.685150146
12.323419571,84.187522888,125.720855713
12.848235130,88.339828491,8.072481155
13.829854965,85.056411743,242.117568970
12.979024887,84.046119690,164.857254028
13.609968185,84.101608276,187.888351440
12.034584999,83.483894348,57.757274628
15.313225746,84.457557678,94.086189270
11.948995590,84.785934448,110.877708435
14.286673546,85.108863831,215.637863159
12.476590157,85.028884888,170.757980347
13.021001816,86.146934509,160.499710083
15.071081161,85.364562988,133.036865234
11.752017975,84.911796570,92.507575989
13.701366425,84.575881958,227.604095459
13.107312202,85.505149841,217.589233398
14.197767258,86.277969360,151.116333008
12.861394882,84.875862122,207.919357300
13.477849007,85.386085510,238.608779907
14.134887695,85.231452942,226.016616821
13.075633049,85.960121155,181.679595947
14.657783508,86.734298706,86.990585327
14.540752411,82.848083496,44.218627930
12.870687485,85.166656494,210.148651123
13.794604301,83.813507080,155.374740601
12.902488708,84.940139771,212.614273071
14.112767220,84.493026733,206.469741821
13.580630302,84.403831482,215.799148560
14.096753120,85.034988403,229.197326660
15.382701874,84.675933838,94.215621948
12.526839256,84.606620789,167.356552124
13.162888527,87.009338379,76.964424133
14.946290016,85.423294067,145.591705322
13.496033669,82.907829285,63.742782593
12.842931747,85.131484985,207.983688354
13.053551674,86.974868774,77.340576172
14.526866913,85.354568481,190.896804810
14.467370033,83.944145203,138.206909180
15.233120918,87.396408081,23.575401306
13.428424835,85.678405762,220.416137695
13.409638405,84.573928833,226.213714600
14.184864044,86.284568787,150.986419678
15.296128273,86.998786926,39.343563080
12.416599274,84.773796082,161.053726196
13.516302109,85.149139404,245.023803711
11.374835968,85.106483459,60.339466095
15.389911652,83.349525452,36.253494263
13.443151474,84.823074341,239.346069336
14.007360458,84.840873718,230.363662720
12.843171120,85.707427979,185.806808472
13.582060814,86.368515015,152.539779663
14.205821037,85.924690247,184.141448975
14.833999634,83.453842163,73.288681030
14.354766846,85.296043396,207.960708618
12.579418182,84.814628601,179.294677734
12.774106026,84.571205139,189.222167969
13.381370544,84.727333069,233.950454712
-84.039024353,-83.029022217,94.826736450
-85.995201111,-83.369918823,211.218414307
-85.037765503,-82.025817871,188.607879639
-86.396789551,-83.648368835,167.450180054
-86.026763916,-83.305404663,216.235260010
-85.189643860,-84.483222961,75.898056030
-86.257255554,-80.761436462,82.910705566
-85.220085144,-83.704872131,160.421432495
-86.005424500,-81.659950256,188.048019409
-84.763862610,-83.507797241,144.805587769
-84.824203491,-83.020965576,180.516815186
-87.108314514,-81.607673645,117.375183105
-85.923377991,-82.715133667,249.068252563
-86.070587158,-82.380653381,242.223876953
-85.513740540,-83.656860352,178.666137695
-86.410026550,-83.480430603,183.129837036
-84.167839050,-83.398033142,94.714935303
-85.135345459,-81.240234375,123.355690002
-86.532409668,-82.538764954,219.242126465
-86.750854492,-82.682273865,198.927108765
-86.318168640,-81.734138489,186.447616577
-86.413124084,-82.709426880,227.956985474
-83.934906006,-83.572280884,67.507133484
-84.472106934,-82.586776733,148.664932251
-85.235801697,-82.701164246,226.607513428
-85.304748535,-82.016708374,206.728363037
-86.247558594,-83.181404114,217.465240479
-86.860221863,-83.076446533,175.627609253
-86.278518677,-82.666061401,237.085189819
-86.755149841,-82.577667236,198.905426025
-85.868682861,-82.480812073,248.345520020
-84.564659119,-82.591995239,159.384872437
-86.264831543,-82.352729797,233.371582031
-84.345924377,-82.143539429,126.232612610
-84.725051880,-84.198234558,82.421249390
-86.980072021,-83.680488586,122.888557434
-84.603462219,-83.915138245,98.689338684
-85.042037964,-82.359680176,205.755767822
-85.475914001,-81.321868896,145.047042847
-84.828346252,-80.443786621,42.635238647
-86.556015015,-80.778579712,75.926261902
-86.141410828,-82.960083008,235.726669312
-85.510269165,-83.664627075,177.690261841
-85.544807434,-82.875122070,240.742599487
-85.344184875,-81.618980408,172.756851196
-84.335968018,-83.222106934,119.171302795
-86.164138794,-81.557319641,173.295166016
-84.591865540,-81.494041443,112.429275513
-86.186935425,-82.676132202,241.711318970
-88.165908813,-82.926551819,48.099037170
-86.863983154,-82.018760681,169.404510498
-87.501853943,-83.261337280,100.606163025
-85.730422974,-82.533302307,248.563934326
-85.355911255,-83.521545410,186.735473633
-84.492660522,-81.415367126,98.971923828
-85.293930054,-82.346031189,225.019882202
-86.402984619,-84.398345947,88.383857727
-85.836891174,-80.125961304,37.719615936
-84.859779358,-82.727287292,191.856735229
-85.749710083,-81.161071777,131.155181885
-84.660987854,-83.458030701,138.939071655
-86.256904602,-81.733978271,189.057052612
-85.928863525,-81.819000244,205.462326050
-84.797813416,-84.136581421,91.790283203
-86.128799438,-82.315864563,237.858688354
-85.190513611,-82.395713806,219.331192017
-85.065879822,-81.525283813,148.556900024
-86.154891968,-81.899688721,208.669799805
-86.271446228,-82.807601929,235.026901245
-85.385681152,-82.290222168,228.236480713
-85.018989563,-82.160713196,195.100677490
-85.924804688,-81.491569519,169.892150879
-86.610290527,-81.125541687,107.546798706
-84.707412720,-82.809951782,174.014373779
-87.451736450,-81.456275940,77.650382996
-84.721794128,-82.957138062,171.858383179
-85.990905762,-83.972953796,145.078536987
-85.856651306,-82.688934326,249.862899780
-86.175910950,-83.459838867,197.006576538
-86.622467041,-81.121086121,106.502815247
-87.443954468,-85.139564514,13.680313110
-86.918014526,-82.226882935,174.282501221
-84.814689636,-83.365638733,160.077880859
-83.844993591,-82.216049194,77.504249573
-85.680976868,-82.854606628,245.230453491
-85.331764221,-81.971778870,204.804779053
-86.326354980,-82.519889832,233.923843384
-87.559272766,-82.624946594,107.636428833
-83.797698975,-81.006851196,34.604625702
-84.357460022,-83.165016174,123.814292908
-87.000862122,-83.249382019,152.032485962
-86.561141968,-82.333518982,212.530487061
-86.657478333,-84.209396362,96.377922058
-84.004806519,-82.196525574,92.265083313
-84.222343445,-84.020767212,65.700576782
-84.950279236,-83.775535583,136.017379761
-86.139732361,-83.340179443,209.550735474
-86.427413940,-80.918144226,93.696136475
-86.416137695,-82.083381653,210.597412109
-84.947998047,-83.555488586,156.532974243
-87.238601685,-81.940406799,125.930946350
-86.348930359,-83.080711365,218.299835205
-85.682579041,-83.084281921,234.595169067
-86.987609863,-81.830032349,144.905670166
-85.707077026,-82.522544861,248.010681152
-84.644454956,-81.793655396,138.590103149
-85.250808716,-81.355300903,140.699005127
-83.715850830,-85.060417175,10.030612946
-86.215156555,-81.564170837,172.500732422
-86.545417786,-82.493125916,217.663131714
-85.231170654,-82.986869812,218.915756226
-85.660263062,-83.097984314,233.325027466
-86.175445557,-82.510955811,241.691177368
-85.534248352,-83.616149902,183.796630859
-86.279159546,-82.535415649,236.860839844
-86.211608887,-82.560089111,240.599014282
-86.791488647,-83.393119812,161.896850586
-85.570945740,-83.116554260,229.843048096
-87.338554382,-83.008750916,127.061012268
-85.367240906,-82.813835144,233.805084229
-87.418006897,-82.243049622,118.204864502
-88.154930115,-82.322113037,48.122646332
-86.020301819,-82.244430542,237.459075928
-84.843612671,-82.577026367,190.449737549
-85.396911621,-82.955009460,230.935653687
-86.514328003,-81.612106323,163.749725342
-86.755805969,-83.017494202,188.736389160
-84.494606018,-82.523506165,150.964523315
-84.472564697,-82.587921143,148.720687866
-87.951385498,-82.859252930,66.502731323
-84.723426819,-83.061935425,168.090728760
-84.735351562,-83.084716797,168.376113892
-86.375785828,-80.747955322,78.690505981
-87.050537109,-80.135734558,21.438777924
-87.083602905,-83.829345703,102.628677368
-86.863662720,-82.218261719,179.647628784
-83.522514343,-80.946182251,22.958292007
-84.865646362,-82.154731750,180.803451538
-85.093101501,-82.297645569,207.897430420
-85.732696533,-82.846122742,246.308059692
-85.814453125,-83.655914307,183.497497559
-85.502983093,-83.369995117,207.659606934
-86.347099304,-82.515373230,232.574874878
-85.585426331,-80.935424805,104.237350464
-84.836441040,-82.688621521,189.689331055
-85.384414673,-82.261581421,226.773025513
-85.837158203,-84.021957397,140.240661621
-87.245674133,-83.623947144,104.546241760
-86.869667053,-83.555931091,142.274200439
-84.787040710,-80.400161743,38.926902771
-85.963409424,-82.971481323,240.567642212
-86.603393555,-82.885902405,208.252624512
-84.054191589,-82.110511780,95.030044556
-86.185226440,-83.131492615,223.973693848
-87.105575562,-82.624191284,160.419311523
-86.124671936,-81.934608459,212.704940796
-85.680366516,-80.955284119,107.493690491
-84.195274353,-81.801002502,97.133979797
-85.662101746,-83.897697449,153.910064697
-86.265014648,-82.872741699,233.347930908
-86.232536316,-81.671279907,183.501434326
-85.024246216,-81.651100159,157.735656738
-84.108505249,-81.132331848,55.361438751
-88.305900574,-82.165519714,36.202693939
-85.727218628,-82.906227112,244.187652588
-84.046112061,-82.200721741,96.467941284
-86.065620422,-84.175926208,120.286773682
-85.090888977,-82.113731384,198.415161133
-83.424430847,-82.075897217,42.977878571
-86.155288696,-84.314369202,103.315834045
-86.953269958,-82.586570740,177.807708740
-85.869903564,-81.311225891,148.985809326
-85.557258606,-83.634101868,182.467086792
-87.243156433,-82.377258301,141.834274292
-86.167373657,-83.259361267,215.274780273
-83.991409302,-82.081047058,88.138824463
-85.044433594,-80.390083313,44.718261719
-85.709747314,-83.247398376,223.350067139
-84.771217346,-83.142814636,169.374649048
-84.950347900,-84.548171997,62.540779114
-85.093887329,-82.542854309,214.556793213
-84.060691833,-81.503341675,71.383079529
-86.859809875,-82.790893555,185.957519531
-84.021362305,-82.808647156,97.027923584
-83.306274414,-82.332710266,38.823505402
-84.053314209,-82.147354126,95.913322449
-86.480346680,-81.454879761,149.163665771
-83.530891418,-82.690933228,54.515548706
-85.325103760,-81.273490906,134.792510986
-82.892433167,-81.059501648,10.010723114
-86.939842224,-83.819290161,114.419189453
-86.380790710,-81.992858887,206.258911133
-83.667404175,-82.624824524,65.259986877
-85.391677856,-81.785926819,191.514038086
-86.408821106,-83.838882446,146.862609863
-86.029106140,-84.146888733,124.159721375
-85.845962524,-83.088607788,235.393905640
-85.553291321,-83.457527161,200.983001709
-85.500846863,-82.321258545,235.372726440
-84.440284729,-82.393852234,143.116851807
-86.751495361,-82.756233215,197.798126221
-82.735687256,-81.057350159,7.860294342
-86.805397034,-82.746078491,192.503616333
-85.384872437,-82.398727417,232.550567627
-85.439933777,-82.843414307,237.080154419
-86.597785950,-82.528099060,213.560684204
-85.872650146,-81.501960754,171.304183960
-86.895690918,-83.178253174,166.629333496
-82.335609436,-83.058792114,5.027168274
-86.482940674,-81.496681213,153.505737305
-85.651603699,-83.037384033,236.731597900
-85.615806580,-81.745414734,195.286254883
-86.579360962,-83.457557678,173.773391724
-84.894660950,-82.915939331,191.604309082
-85.355171204,-83.393470764,198.952011108
-85.019615173,-82.222450256,198.253265381
-83.428581238,-83.962867737,25.867586136
-86.175384521,-81.909934998,208.901306152
-86.642707825,-81.765106201,169.682983398
-85.881515503,-83.339889526,215.717651367
-85.383384705,-82.833084106,234.285339355
-85.863830566,-82.873603821,245.867752075
-85.645332336,-82.600685120,247.579284668
-84.182067871,-83.455436707,93.402488708
-85.767799377,-82.888366699,245.258483887
-87.300552368,-83.075942993,128.951675415
-84.776214600,-82.592506409,183.269378662
-85.431198120,-81.776596069,192.333618164
-84.580642700,-83.224822998,145.035217285
-85.437927246,-82.325714111,232.616287231
-86.071754456,-81.988258362,218.692962646
-83.491256714,-81.299522400,30.010345459
-84.756408691,-81.796691895,148.755630493
-84.689903259,-82.680953979,173.577468872
-85.595787048,-82.380889893,241.378204346
-86.188034058,-81.415756226,156.513427734
-84.386787415,-80.452209473,31.186708450
-87.628639221,-83.782676697,63.977943420
-87.117706299,-82.153587341,149.366226196
-84.689064026,-81.664817810,133.289657593
-84.317497253,-83.402870178,108.789848328
-84.775863647,-83.271385193,162.569534302
-87.273811340,-83.315002441,120.890777588
-86.411415100,-82.037155151,207.704360962
-86.074996948,-82.718437195,245.625061035
-86.585121155,-83.188949585,194.171646118
-85.856002808,-82.455497742,247.765365601
-85.455444336,-83.973556519,140.012115479
-85.208404541,-82.390602112,220.536468506
-87.162101746,-81.916015625,132.691436768
-88.046455383,-83.283866882,51.342475891
-86.092132568,-83.348556519,210.500686646
-86.507858276,-79.826316833,19.178588867
-86.239204407,-83.113540649,222.543945312
-85.287940979,-82.543235779,229.838027954
-85.003471375,-81.748817444,164.862976074
-85.914421082,-81.738334656,197.338058472
-86.345809937,-83.197418213,210.755645752
-85.674705505,-83.161895752,229.312408447
-85.435523987,-81.965766907,209.538421631
-87.481086731,-82.272766113,111.842529297
-86.728950500,-81.886260986,172.756958008
-86.304130554,-81.188766479,126.930786133
-85.508094788,-82.141143799,225.718460083
-85.667770386,-83.473594666,201.996948242
-85.557563782,-83.777389526,166.103988647
-87.512168884,-81.980941772,98.752510071
-86.770683289,-82.308830261,192.502532959
-85.286087036,-82.045219421,207.693939209
-86.635238647,-82.182769775,199.862396240
-86.959220886,-81.076072693,84.160446167
-88.095657349,-81.362533569,31.340681076
-86.036689758,-83.779396057,166.969879150
-86.084518433,-82.512535095,245.128128052
-86.481109619,-81.942710876,196.089508057
-85.578041077,-83.039299011,234.678451538
-85.701454163,-83.261901855,222.058578491
-83.204025269,-80.305320740,8.375358582
-84.151817322,-81.866096497,95.974891663
-87.446144104,-84.177413940,53.427696228
-84.763145447,-82.721023560,181.466461182
-85.084861755,-81.799064636,174.931991577
-86.343109131,-82.769401550,231.635726929
-83.585884094,-82.947914124,56.564514160
-84.438362122,-82.755256653,143.901977539
-85.653434753,-82.685615540,247.770050049
-84.781341553,-83.267715454,163.341812134
-85.514022827,-84.628837585,69.960281372
-86.363693237,-82.880378723,227.052078247
-86.108474731,-83.463844299,199.089370728
-88.115928650,-82.094375610,47.554206848
-85.751075745,-82.495445251,248.152832031
-84.961692810,-84.238510132,90.580787659
-87.918449402,-81.278877258,37.909019470
-86.769424438,-82.430503845,195.856704712
-86.503829956,-83.722152710,153.770675659
-86.938049316,-83.376068115,149.885284424
-84.257637024,-80.403411865,26.025266647
-85.027008057,-81.012054443,95.573699951
-85.617164612,-83.924453735,149.936309814
-84.001037598,-81.858055115,81.864624023
-85.986648560,-83.026771545,237.213317871
-85.509277344,-83.833389282,158.215698242
-85.429756165,-82.225120544,227.250991821
-85.299667358,-83.457801819,189.982406616
-87.078979492,-81.946258545,143.159530640
-85.262916565,-84.015518188,127.959632874
-86.076316833,-83.107933044,229.819046021
-86.330459595,-82.366035461,230.165222168
-84.812789917,-80.296363831,33.821754456
-84.580024719,-82.009864807,145.151855469
-85.757339478,-83.653068542,183.648178101
-85.680267334,-82.789436340,246.920242310
-84.016860962,-81.590057373,72.108802795
-85.869506836,-81.906188965,214.038299561
-86.804321289,-84.098175049,98.702293396
-85.631866455,-81.716247559,192.642791748
-87.487831116,-81.352653503,68.860198975
-85.912521362,-81.670578003,190.117340088
-86.022987366,-80.768409729,87.502380371
-85.779342651,-83.377929688,212.475280762
-85.347526550,-82.449287415,231.842391968
-86.322982788,-83.419273376,193.826980591
-84.642547607,-82.685554504,168.166152954
-84.774497986,-82.394309998,180.318862915
-85.720237732,-82.646705627,249.229080200
-85.184112549,-81.923667908,191.961471558
-85.831672668,-81.928779602,216.052780151
-84.273559570,-83.921257019,75.012657166
-85.480926514,-83.270019531,215.408905029
-86.681755066,-84.395004272,78.247375488
-85.403106689,-82.865715027,234.493530273
-85.863990784,-82.078147888,228.414810181
-85.268203735,-82.449279785,226.603240967
-83.507331848,-82.951446533,50.887935638
-86.202781677,-82.313026428,234.804718018
-86.924713135,-83.386001587,150.424560547
-85.868293762,-81.749382019,198.639038086
-86.058624268,-83.104995728,230.576187134
-86.390899658,-82.002738953,206.419433594
-85.648529053,-82.595657349,247.626388550
-87.310821533,-84.489631653,42.314437866
-84.805084229,-82.811599731,184.762405396
-84.462501526,-82.427413940,146.189865112
-86.007835388,-81.895561218,211.863342285
-86.521995544,-82.828414917,217.011703491
-85.338844299,-82.660850525,233.927276611
-87.022674561,-83.723175049,115.954368591
-84.817543030,-82.736534119,187.245895386
-88.495582581,-81.552734375,18.729017258
-87.414161682,-82.140098572,115.384521484
-84.444679260,-83.866836548,90.858978271
-85.470764160,-83.231109619,218.049774170
-84.150871277,-82.409828186,111.047813416
-85.806015015,-84.407447815,95.623695374
-86.727394104,-83.514755249,157.430191040
-86.716377258,-81.923706055,176.633636475
-85.688316345,-81.347328186,152.271087646
-86.013732910,-82.812545776,245.462966919
-86.994308472,-83.105758667,160.478286743
-85.617568970,-81.884780884,208.916534424
-85.558197021,-82.113502502,225.735809326
-86.395362854,-83.380508423,193.047866821
-86.362129211,-84.406433105,88.807319641
-86.251663208,-83.018028259,227.564285278
-84.411437988,-83.290779114,123.893707275
-87.113334656,-80.875518799,60.124908447
-86.753837585,-81.833839417,166.567596436
-85.195907593,-84.575538635,67.702903748
-84.285209656,-82.613082886,127.149497986
-85.299102783,-82.942924500,225.489105225
-86.180358887,-81.350372314,149.163085938
-85.466583252,-81.674255371,183.440582275
-83.602706909,-81.303787231,35.197887421
-83.597633362,-82.358459473,58.582412720
-87.359184265,-84.781944275,26.559097290
-85.724258423,-84.132240295,126.489715576
-86.796470642,-83.944374084,113.362197876
-85.623367310,-83.487892151,199.702514648
-84.696678162,-82.771438599,173.437377930
-86.668716431,-83.098304749,192.635559082
-85.382484436,-82.429183960,233.368881226
-86.537925720,-82.340782166,214.676727295
-84.614562988,-82.432861328,163.544143677
-87.228935242,-82.933921814,141.488449097
-86.683937073,-84.873695374,41.757389069
-85.765815735,-83.077682495,235.982315063
-87.248855591,-80.793098450,48.389007568
-87.123802185,-84.461120605,52.633583069
-86.017082214,-81.847015381,207.137329102
-85.036834717,-81.103309631,104.918052673
-85.840324402,-83.124649048,233.062774658
-87.001899719,-81.476867676,115.977180481
-85.612968445,-82.476539612,244.818313599
-85.191276550,-84.148849487,110.077827454
-88.173210144,-82.349853516,47.087818146
-85.378364563,-84.643615723,66.094970703
-85.723808289,-83.452682495,204.842285156
-86.019165039,-82.287048340,239.643005371
-85.918556213,-83.102188110,233.880355835
-86.432952881,-83.476028442,182.123352051
-85.104469299,-82.861236572,213.180908203
-83.727981567,-80.042015076,9.985177040
-85.916290283,-82.203887939,236.651397705
-84.395874023,-82.861404419,137.307891846
-86.310333252,-82.426612854,233.124984741
-85.715751648,-81.568580627,178.056137085
-84.354896545,-83.125946045,125.050971985
-85.838218689,-83.528869629,197.373168945
-87.534561157,-82.022506714,98.036163330
-84.343368530,-81.344139099,83.087585449
-85.758316040,-81.769104004,200.161071777
-85.634132385,-84.015930176,139.233093262
-84.988937378,-83.035835266,196.292297363
-87.349113464,-82.817588806,130.324630737
-84.946975708,-82.889808655,197.664688110
-86.745185852,-82.912399292,194.126052856
-85.640754700,-82.211036682,234.523529053
-84.120147705,-83.259078979,95.827095032
-84.159072876,-82.198394775,108.003654480
-86.907730103,-82.703384399,182.247772217
-85.208282471,-79.863349915,21.144348145
-85.597305298,-80.566238403,68.468009949
-86.106452942,-84.070755005,131.637527466
-86.275566101,-83.123229980,219.970687866
-84.925987244,-83.016677856,191.059707642
-86.139808655,-82.584800720,243.901214600
-85.646942139,-81.585906982,178.906524658
-84.286247253,-81.547470093,91.546264648
-87.491294861,-83.799308777,73.234519958
-85.846534729,-81.946083069,217.626647949
-87.902793884,-82.481979370,71.018424988
-83.781890869,-82.437286377,74.566101074
-85.526161194,-82.048179626,219.825698853
-86.306953430,-82.699577332,235.089904785
-87.777404785,-83.211746216,75.880172729
-85.609733582,-83.919006348,150.449172974
-83.997528076,-83.269462585,83.922271729
-86.237373352,-82.859237671,235.310058594
-86.474937439,-83.185768127,202.899810791
-85.834877014,-83.675857544,181.214813232
-85.123069763,-82.957656860,211.600952148
-85.922637939,-83.043823242,237.401412964
-84.353218079,-82.545776367,134.805236816
-85.358139038,-81.671333313,178.731933594
-87.067352295,-83.382728577,137.179977417
-85.577621460,-81.467216492,164.130264282
-84.724472046,-83.675346375,127.867057800
-86.003662109,-81.542488098,174.963394165
-85.770751953,-82.378517151,244.977966309
-85.823616028,-81.592254639,181.559173584
-86.771652222,-83.034606934,186.396224976
-85.075416565,-84.764175415,49.636135101
-85.844902039,-82.533782959,249.367111206
-84.547424316,-81.990554810,140.880493164
-84.369201660,-81.610054016,102.277717590
-85.503578186,-82.345985413,236.543869019
-85.603889465,-83.238578796,222.014236450
-86.159080505,-83.039566040,230.849258423
-85.919349670,-83.102073669,233.877960205
-86.074913025,-81.999961853,219.577880859
-86.782264709,-84.177177429,92.791015625
-85.256538391,-82.638343811,228.326126099
-86.391838074,-82.972274780,221.307189941
-86.281272888,-81.691192627,183.688522339
-86.711975098,-86.171302795,4.041785717
-86.901687622,-82.856712341,179.894088745
-85.712600708,-80.568031311,69.507087708
-85.254615784,-83.273078918,203.120040894
-86.427055359,-81.895782471,195.668487549
-87.520362854,-82.471061707,111.045120239
-86.914588928,-83.416725159,149.138320923
-85.999717712,-83.809585571,164.170562744
-86.449569702,-82.465812683,224.767929077
-84.988349915,-82.308532715,199.070632935
-86.921180725,-83.346740723,153.499084473
-86.060592651,-83.398010254,206.929672241
-86.532546997,-82.232116699,210.746032715
-85.118423462,-81.496986389,148.828842163
-86.948791504,-82.972946167,171.045104980
-86.027488708,-85.127838135,34.495380402
-86.228065491,-83.310684204,208.293869019
-85.101982117,-80.832527161,81.503028870
-86.688911438,-81.473793030,138.795501709
-84.237854004,-81.853691101,103.572860718
-85.498329163,-83.097908020,228.397399902
-87.033470154,-82.383079529,166.309967041
-86.306022644,-82.682029724,235.339691162
-85.501502991,-82.751640320,241.925827026
-86.236289978,-84.187133789,115.339813232
-86.675918579,-80.451828003,46.486240387
-85.200355530,-82.732200623,223.605422974
-87.302169800,-82.679359436,137.212875366
-85.298133850,-81.269691467,133.372177124
-86.321426392,-82.044761658,213.437301636
-85.858627319,-84.688362122,67.703430176
-87.456626892,-82.383949280,117.044517517
-85.720558167,-80.949256897,107.154029846
-85.952476501,-81.665039062,189.226165771
-85.747055054,-82.721450806,249.100891113
-87.057792664,-81.344787598,100.601356506
-88.019073486,-81.770462036,46.965263367
-87.300697327,-82.876358032,134.771789551
-86.326705933,-82.576957703,234.378768921
-84.832374573,-81.553382874,135.486434937
-87.569381714,-82.261566162,101.736633301
-86.312767029,-83.277664185,206.581542969
-87.352195740,-83.545326233,100.188926697
-86.602287292,-82.873397827,208.778427124
-85.688980103,-82.084197998,227.197830200
-86.279403687,-83.001235962,226.919921875
-85.913192749,-82.574104309,249.471542358
-86.503417969,-83.731254578,152.872955322
-84.534332275,-83.483970642,125.094055176
-85.332176208,-83.470886230,190.510940552
-86.541557312,-81.441108704,144.409545898
-86.041557312,-82.525573730,246.574890137
-84.801948547,-80.854713440,71.714523315
-84.653923035,-82.169105530,160.110473633
-85.073020935,-82.583686829,213.101715088
-87.577880859,-82.293403625,101.546043396
-85.481445312,-82.989021301,233.606414795
-86.307235718,-80.237091064,40.699863434
-86.694648743,-82.617408752,204.870132446
-85.163368225,-83.795639038,147.466201782
-86.140838623,-82.080009460,223.813415527
-86.635559082,-83.666168213,150.669006348
-84.659622192,-82.029556274,154.172164917
-87.791656494,-83.087806702,77.796409607
-84.225807190,-84.059425354,63.659534454
-84.623039246,-82.402740479,163.934127808
-85.942588806,-84.290893555,108.486740112
-85.585037231,-82.857688904,242.678482056
-85.111770630,-82.394233704,212.916061401
-86.116203308,-81.345565796,150.148452759
-86.042274475,-82.078979492,226.460281372
-84.509254456,-82.789443970,151.663299561
-87.358329773,-81.509887695,88.637680054
-86.239364624,-81.948333740,209.766174316
-86.244636536,-83.269950867,210.847167969
-86.193733215,-83.318016052,209.252365112
-86.807891846,-82.345695496,189.892028809
-86.312797546,-80.800270081,85.342407227
-86.773605347,-80.908233643,78.911926270
-87.058357239,-82.412193298,164.064636230
-85.221343994,-81.752738953,179.551696777
-86.507980347,-83.310958862,191.217285156
-86.345527649,-83.002265930,222.887985229
-87.139846802,-82.343162537,153.135955811
-86.973251343,-82.771224976,174.049697876
-86.477264404,-82.451896667,222.420135498
-86.302558899,-81.535308838,166.129913330
-85.796089172,-83.519683838,198.373077393
-85.740653992,-81.633491516,185.560897827
-84.370384216,-81.868949890,117.086135864
-85.841339111,-82.571067810,249.817367554
-85.875633240,-82.212028503,237.343139648
-84.642089844,-83.815269470,109.697181702
-85.191177368,-84.442245483,79.830291748
-86.087593079,-83.120109558,228.636871338
-87.119888306,-82.559532166,158.661270142
-85.710777283,-81.386924744,157.146789551
-85.770164490,-82.016403198,223.150421143
-86.476356506,-82.957000732,215.878219604
-85.809989929,-82.880065918,245.744476318
-86.946128845,-82.280387878,173.201675415
-86.923225403,-84.110359192,90.394584656
-84.685997009,-84.290054321,72.836242676
-85.630081177,-79.082588196,5.817872524
-84.967506409,-83.207901001,184.944671631
-86.395202637,-82.326911926,224.705245972
-85.703933716,-82.219200134,236.405364990
-85.104263306,-82.544212341,215.479904175
-85.859199524,-83.206871033,227.035888672
-85.966705322,-83.399955750,208.974288940
-85.597801208,-82.790512085,244.809265137
-84.735702515,-83.331489563,154.760375977
-87.322586060,-82.220367432,128.449386597
-85.452064514,-81.243164062,135.503219604
-85.042686462,-83.771316528,142.663375854
-85.408546448,-82.463493347,235.769317627
-84.859527588,-81.330749512,117.284225464
-84.743858337,-83.288566589,158.303558350
-85.393417358,-83.766624451,161.947006226
-87.431663513,-81.945846558,105.679695129
-86.114936829,-80.342422485,50.148441315
-86.796043396,-79.975196838,20.269079208
-85.066558838,-80.735916138,71.672027588
-84.726242065,-81.944351196,155.828659058
-87.589439392,-82.371498108,101.830924988
-86.424270630,-84.643318176,65.329574585
-86.115577698,-83.271347046,216.335128784
-85.878158569,-83.327651978,216.844345093
-85.400222778,-84.093475342,124.184333801
-86.086593628,-82.217918396,234.357360840
-86.755920410,-82.886131287,193.982711792
-88.814781189,-83.828414917,7.025643349
-85.486938477,-82.587249756,241.811203003
-85.805023193,-82.612922668,250.018157959
-86.889564514,-82.017669678,166.809082031
-86.459449768,-82.185714722,213.851959229
-83.832435608,-83.154609680,72.593177795
-84.939712524,-82.903450012,196.538238525
-86.573928833,-82.025444031,195.521102905
-86.008430481,-82.076721191,226.966033936
-83.977867126,-82.657264709,93.776176453
-86.000427246,-82.091720581,228.202758789
-85.589202881,-82.316596985,238.515533447
-87.000854492,-83.556343079,130.940460205
-86.594055176,-81.431564331,140.407470703
-85.000511169,-81.342979431,126.827667236
-87.361663818,-81.869369507,109.284278870
-85.507629395,-80.364273071,51.449520111
-84.735717773,-82.606246948,178.846405029
-85.921157837,-82.215080261,237.270339966
-87.163085938,-84.002243042,83.340476990
-86.053825378,-81.921089172,213.316329956
-85.374382019,-82.280471802,227.137252808
-85.948471069,-81.636360168,186.118774414
-85.928787231,-83.391220093,210.419982910
-87.032867432,-83.047378540,159.078155518
-86.959884644,-83.415443420,145.075363159
-87.195533752,-81.537033081,104.482955933
-86.661651611,-83.106765747,192.780441284
-85.237266541,-84.038986206,124.201576233
-86.876464844,-80.694053650,57.051956177
-86.654922485,-82.063407898,191.422958374
-83.842567444,-81.952522278,71.163101196
-85.373741150,-80.344345093,48.201332092
-86.613609314,-84.373245239,83.081459045
-86.435089111,-83.326774597,195.027481079
-85.803054810,-83.196044922,228.003311157
-84.878105164,-81.940856934,169.448867798
-87.103843689,-81.752807617,128.255218506
-85.902473450,-85.034133911,40.574974060
-85.096382141,-84.227493286,97.715667725
-84.338272095,-82.605911255,133.216308594
-86.029426575,-81.766265869,198.904434204
-85.688400269,-81.529945374,173.324905396
-85.219215393,-82.933357239,220.195083618
-84.148933411,-84.886840820,21.588434219
-86.427040100,-83.583251953,172.247360229
-86.116661072,-82.414192200,241.833801270
-85.785186768,-81.278350830,145.014389038
-85.678955078,-81.758911133,197.993698120
-86.488151550,-83.313858032,192.413864136
-85.557296753,-82.589416504,244.746063232
-84.654884338,-83.069740295,160.308319092
-85.119201660,-82.458412170,215.252502441
-84.467483521,-82.621536255,148.147491455
-85.717864990,-81.461471558,165.871994019
-87.138267517,-82.008346558,140.285873413
-86.110160828,-83.236518860,219.342498779
-84.853713989,-82.924453735,187.098388672
-85.270324707,-80.872283936,90.707641602
-84.601058960,-80.045539856,19.424804688
-86.775558472,-84.325668335,79.976425171
-85.466926575,-81.384727478,151.884902954
-85.513404846,-85.089256287,35.401897430
-85.546615601,-82.598968506,244.412734985
-84.931709290,-83.986663818,113.829666138
-84.793403625,-84.032699585,101.037437439
-87.014991760,-85.170036316,20.337018967
-84.029144287,-84.959075928,17.118396759
-84.929031372,-82.750236511,198.767242432
-86.123497009,-81.259582520,139.958068848
-85.277854919,-81.991050720,203.184799194
-83.397987366,-81.243682861,25.052183151
-83.038810730,-83.708045959,16.299697876
-87.582534790,-82.493606567,104.284461975
-85.540534973,-82.325004578,237.158355713
-85.129699707,-82.319747925,211.812576294
-85.969757080,-82.028076172,223.825286865
-85.960380554,-81.930648804,215.700668335
-84.564109802,-84.873680115,31.164491653
-86.085487366,-81.929748535,213.346954346
-86.799545288,-80.890625000,76.183677673
-84.799659729,-82.101219177,171.736083984
-86.936050415,-83.317802429,154.046676636
-86.048805237,-81.629669189,184.024139404
-85.001655579,-80.939514160,87.628173828
-85.923011780,-83.603080750,188.740066528
-85.784248352,-83.907272339,153.925079346
-84.614776611,-83.524147034,129.928558350
-85.117347717,-81.567420959,155.739120483
-86.617172241,-83.622505188,156.077514648
-87.701957703,-82.524353027,91.539268494
-85.549896240,-82.481124878,242.779296875
-85.618072510,-82.868194580,243.332641602
-87.636924744,-83.230598450,88.529281616
-87.167579651,-82.869194031,150.101425171
-86.383949280,-83.573829651,175.663696289
-86.838081360,-83.397567749,157.451660156
-87.099945068,-82.122184753,149.994750977
-84.633880615,-83.101394653,156.661590576
-85.378379822,-81.593460083,171.573303223
-84.008033752,-83.588668823,72.527648926
-85.221565247,-83.172195435,208.049911499
-85.289825439,-82.635421753,230.679077148
-85.030334473,-83.896774292,128.920043945
-86.227401733,-81.968490601,211.944641113
-85.842636108,-82.952514648,242.799728394
-87.294677734,-82.511337280,137.748245239
-85.166259766,-81.740745544,175.142929077
-85.478736877,-82.531669617,240.754882812
-87.752792358,-81.068778992,38.670681000
-87.770805359,-83.159904480,77.957313538
-85.108642578,-81.962669373,189.659500122
-87.094696045,-82.320137024,157.748001099
-84.880004883,-82.132354736,181.042007446
-84.509147644,-82.470146179,152.108398438
-84.578758240,-83.129066467,149.419845581
-86.291336060,-81.944892883,207.141799927
-85.424201965,-81.458427429,158.732727051
-84.240447998,-84.894638062,23.237096786
-85.204452515,-84.248497009,99.909973145
-87.173591614,-83.722778320,103.633438110
-86.246887207,-82.867424011,234.524230957
-86.886589050,-81.327072144,111.267959595
-85.644477844,-83.966682434,145.332855225
-86.625907898,-82.840805054,207.706115723
-84.287078857,-83.381019592,106.914085388
-86.881378174,-80.182540894,26.718036652
-86.197029114,-83.051216125,228.464019775
-85.949241638,-83.231689453,224.039886475
-85.505653381,-82.577697754,242.562927246
-85.898674011,-82.425315857,246.743103027
-85.432250977,-85.065795898,36.011173248
-87.292976379,-82.159103394,129.740005493
-84.972549438,-84.072624207,107.525634766
-84.542091370,-83.498107910,124.903274536
-86.761711121,-83.248840332,174.917388916
-86.755302429,-82.482162476,198.134841919
-84.003967285,-82.892517090,94.063667297
-87.354415894,-81.793289185,105.959968567
-85.865310669,-81.850471497,208.792404175
-86.640876770,-82.140930176,197.177703857
-96.674751282,66.016639709,202.747650146
-96.671829224,66.716232300,209.201248169
-97.778907776,64.982292175,43.182949066
-96.417221069,66.064277649,225.043289185
-95.745536804,64.472312927,79.734199524
-94.436798096,67.350967407,98.664947510
-96.351257324,67.771430969,142.949249268
-94.593894958,64.426216125,40.207359314
-95.619590759,67.873756409,132.528137207
-96.071243286,66.413276672,249.553054810
-96.601615906,66.993515015,201.670227051
-95.859924316,66.310752869,250.588180542
-94.560668945,66.051490784,143.701705933
-96.815727234,68.399986267,67.320701599
-96.091239929,66.163528442,244.437500000
-95.462448120,66.740486145,229.755050659
-97.291931152,67.702308655,91.384292603
-95.789291382,66.478096008,250.155715942
-95.660346985,65.669166565,213.003204346
-96.229667664,66.954879761,226.462539673
-95.358184814,65.890197754,215.857650757
-95.840850830,66.420295715,251.145553589
-95.060745239,66.871032715,190.493255615
-95.633956909,67.194335938,206.644973755
-95.586791992,65.230834961,165.088470459
-93.868164062,66.207595825,71.312110901
-96.055953979,66.482612610,249.663146973
-97.373825073,65.930931091,124.891082764
-95.510604858,66.374359131,240.618743896
-96.125053406,66.911376953,232.643890381
-96.815231323,65.947074890,186.127624512
-94.241127014,65.824356079,99.841728210
-96.234848022,65.497894287,191.973785400
-94.643798828,66.800834656,149.199996948
-95.241950989,66.251289368,220.950164795
-96.013473511,66.461090088,250.544586182
-96.729789734,64.768478394,92.350669861
-94.634086609,67.415802002,112.068748474
-94.652191162,65.160652161,99.412521362
-95.920921326,66.852569580,238.676818848
-95.340339661,67.868934631,121.804893494
-95.979087830,68.187873840,102.761878967
-97.879158020,67.035995483,71.420814514
-96.981498718,67.161209106,156.321243286
-94.363281250,65.883026123,115.347206116
-94.534606934,66.589782715,142.810394287
-94.093772888,67.202697754,76.116996765
-96.397270203,66.663467407,231.938140869
-96.659378052,67.257789612,177.398315430
-96.685462952,66.145759583,207.138885498
-98.771774292,65.661247253,14.241684914
-96.789634705,67.746215820,123.379989624
-95.115119934,66.874969482,195.454849243
-95.720397949,67.440589905,184.617523193
-95.949668884,68.096870422,112.530982971
-95.555969238,66.032615662,234.399307251
-95.111785889,66.544052124,208.127655029
-94.890892029,67.922142029,90.526054382
-97.561912537,66.546821594,112.921249390
-95.115226746,64.942153931,110.862281799
-96.265106201,65.739990234,212.715469360
-95.131988525,65.545692444,173.377105713
-96.085426331,65.357826233,181.736450195
-94.698402405,66.915184021,150.175888062
-96.138969421,64.985160828,137.522994995
-95.888191223,67.224647522,209.672485352
-95.926734924,66.723220825,245.060195923
-95.703674316,64.709472656,105.353126526
-97.137992859,65.532081604,128.091537476
-95.346679688,66.725639343,222.549377441
-96.632591248,65.165054321,137.258117676
-95.221313477,66.324630737,219.956634521
-98.645095825,65.240341187,13.031921387
-94.005249023,66.686187744,83.335960388
-97.358665466,67.933776855,72.393882751
-95.893226624,67.620109558,167.275543213
-96.839660645,68.394233704,66.928718567
-96.065307617,66.218124390,246.800552368
-96.664512634,66.132827759,208.577423096
-96.665229797,68.431701660,69.552749634
-96.516197205,67.523071289,162.008834839
-95.241310120,66.137046814,218.359909058
-96.927375793,66.456382751,187.743560791
-94.823356628,67.176902771,147.298370361
-94.725868225,67.642974854,102.303810120
-96.856796265,66.507011414,195.133392334
-94.417449951,64.526542664,39.201091766
-95.988243103,66.747932434,243.734436035
-95.010810852,66.946891785,181.217208862
-97.132003784,66.319114685,163.596359253
-94.999824524,68.110099792,80.552566528
-95.165039062,65.973136902,205.586837769
-96.627998352,65.827140808,195.791061401
-97.352478027,65.963920593,128.573684692
-95.631645203,67.931579590,126.309112549
-96.036155701,66.775497437,241.913085938
-95.465347290,66.850303650,224.285980225
-94.478828430,67.574707031,87.725723267
-96.458877563,63.941223145,32.526149750
-97.352714539,66.917800903,129.245086670
-95.823905945,67.133171082,217.309112549
-96.596862793,67.594993591,150.045715332
-94.978408813,67.470512390,137.563156128
-96.864784241,65.476097107,148.968826294
-96.089973450,65.563842773,203.115554810
-96.180992126,65.130638123,153.597824097
-94.275444031,65.650688171,96.108886719
-96.387847900,65.249954224,159.419601440
-95.523910522,67.704689026,148.329650879
-93.453521729,65.364700317,26.526243210
-93.471305847,67.823654175,19.419420242
-96.137474060,66.067184448,239.095932007
-95.897979736,67.012573242,227.938156128
-94.045539856,66.113540649,87.120338440
-95.244110107,66.643928528,217.483184814
-95.251052856,66.662254333,217.445861816
-94.763366699,66.349868774,172.234939575
-95.027984619,65.725730896,178.676300049
-96.598640442,67.684455872,140.882400513
-97.010429382,67.280731201,145.277969360
-96.098144531,65.153686523,158.184005737
-93.011718750,65.079948425,10.326411247
-96.043182373,66.049865723,240.804275513
-96.784637451,67.425666809,153.148147583
-96.152656555,65.846168518,225.365142822
-94.838829041,66.755706787,172.849761963
-96.984542847,66.323455811,180.603103638
-98.175552368,66.725753784,50.723041534
-95.906944275,67.861518860,139.167587280
-95.483329773,65.809509277,217.671142578
-96.954673767,67.127685547,161.146926880
-97.781791687,66.763969421,86.228851318
-95.723304749,69.049591064,32.929897308
-97.373870850,66.150428772,131.850646973
-94.331764221,66.729202271,116.408164978
-95.306579590,66.931709290,208.350906372
-96.179336548,65.767486572,218.463195801
-96.047935486,67.611282349,168.103988647
-96.222854614,65.955505371,229.858627319
-96.753166199,64.853622437,99.316200256
-96.817054749,66.842361450,190.608215332
-96.922157288,66.567481995,187.520034790
-96.471420288,65.414253235,172.050491333
-95.786460876,69.465927124,17.782430649
-98.304069519,65.199264526,23.244806290
-96.452590942,66.346572876,230.932693481
-95.972724915,69.077819824,33.550334930
-94.190345764,66.425033569,104.996559143
-95.622230530,68.658432007,55.690792084
-96.447044373,66.640357971,229.311431885
-96.200958252,65.225669861,163.930358887
-97.749969482,65.838996887,81.285148621
-95.141899109,66.842117310,199.740936279
-94.047027588,67.332565308,66.808509827
-95.176025391,66.435333252,215.786193848
-96.215194702,66.593490601,243.153182983
-95.589584351,66.147743225,240.423126221
-95.748825073,66.182495117,246.349578857
-95.817878723,65.738342285,221.551712036
-95.438446045,67.886993408,124.391502380
-96.604713440,67.331207275,174.969924927
-96.287231445,66.797210693,232.927200317
-95.360954285,67.019004822,206.295806885
-95.483741760,65.710601807,210.064941406
-95.553153992,65.677635193,210.276077271
-97.205764771,65.744918823,134.517227173
-96.256446838,67.284637451,198.271163940
-98.559936523,66.755210876,26.385684967
-95.894142151,67.841392517,141.436309814
-96.546356201,67.634681702,148.876251221
-94.908065796,66.234680176,187.891098022
-95.735122681,65.668014526,214.495117188
-95.944763184,65.590301514,208.096008301
-94.010116577,64.397933960,20.256086349
-95.661430359,67.770431519,145.619842529
-97.678627014,67.340095520,79.432487488
-97.011512756,65.461647034,134.838790894
-95.339859009,67.138008118,195.448516846
-95.196434021,67.828742981,118.206909180
-94.409004211,65.422264099,96.798583984
-95.627555847,67.052146912,218.603286743
-93.402633667,66.731735229,36.101749420
-98.248542786,65.030609131,21.605669022
-96.193328857,65.791175842,219.790145874
-93.795646667,65.345626831,43.761905670
-97.277473450,65.776039124,128.505630493
-96.527008057,63.988830566,34.448566437
-94.768356323,65.830253601,158.666320801
-95.872673035,65.947845459,236.894927979
-94.991539001,66.903022766,181.867996216
-96.493247986,65.535041809,182.250427246
-96.027656555,64.550804138,88.989730835
-95.938613892,66.505599976,250.848739624
-95.577964783,66.540283203,242.524063110
-97.267120361,68.259750366,58.386734009
-95.109863281,66.133666992,206.606628418
-96.293174744,67.020736694,219.210159302
-98.747161865,66.127449036,17.880115509
-96.318725586,67.012084961,218.627944946
-96.126586914,65.354881287,180.440765381
-97.782508850,66.100929260,84.823898315
-95.477470398,66.989822388,215.925094604
-95.725288391,66.622505188,245.922576904
-95.482482910,65.789527893,216.170761108
-94.717910767,63.893341064,17.434206009
-97.488395691,65.248626709,77.730781555
-94.409576416,68.161926270,46.264892578
-94.953315735,67.513786316,131.630493164
-95.913856506,66.046844482,242.265609741
-94.826515198,67.195030212,146.309494019
-96.283744812,67.255378723,199.991912842
-96.791076660,66.302986145,200.967239380
-95.125732422,66.413208008,211.227737427
-96.962806702,65.737136841,159.166381836
-95.670639038,65.336769104,179.380981445
-98.641769409,67.707687378,16.912157059
-96.458114624,65.760925293,203.577697754
-96.716255188,64.783363342,94.440490723
-96.313255310,66.194435120,236.367828369
-95.801918030,64.908737183,130.227584839
-96.737991333,67.454238892,154.133514404
-96.389488220,65.049278259,137.296966553
-97.232200623,65.628425598,124.959922791
-94.844383240,66.083541870,177.525817871
-96.212707520,65.223175049,163.285202026
-97.010917664,68.316329956,65.841209412
-95.421875000,66.418373108,235.283584595
-94.702285767,66.396461487,164.984939575
-95.822410583,66.275253296,249.712066650
-96.356918335,66.312545776,236.680831909
-94.783050537,67.033126831,152.707733154
-96.114593506,67.215644836,208.950744629
-96.066543579,66.733795166,243.229934692
-96.224739075,66.302879333,243.360641479
-94.547492981,66.055816650,142.266098022
-97.201805115,65.765480042,136.075073242
-96.500587463,67.822731018,131.469848633
-96.046691895,65.820159912,226.395614624
-97.818138123,67.915359497,47.213020325
-98.006988525,67.590782166,47.036506653
-94.953903198,65.619331360,164.062774658
-96.261718750,66.292480469,241.475891113
-96.082702637,65.693527222,215.280334473
-96.762451172,66.281692505,203.447082520
-97.908332825,65.800315857,65.223892212
-95.508926392,66.649749756,236.062316895
-95.351814270,65.505805969,184.669143677
-96.186447144,67.575851440,169.786331177
-95.735176086,64.420005798,74.274879456
-95.479583740,65.948158264,226.380172729
-96.660408020,65.158317566,134.868988037
-96.875114441,66.638153076,191.347198486
-96.019409180,67.452499390,186.176605225
-98.267951965,64.353698730,8.190722466
-95.321998596,64.922637939,119.064102173
-96.171745300,68.051567078,116.274192810
-96.633598328,68.451400757,68.921791077
-95.170219421,66.258674622,214.792739868
-96.844711304,66.749313354,191.447509766
-96.491523743,65.961891174,214.653945923
-95.382308960,66.835067749,219.725479126
-94.428894043,66.127609253,129.952880859
-96.159309387,67.863174438,137.568008423
-95.550262451,65.468933105,190.250686646
-97.007278442,65.520042419,139.662200928
-97.577728271,65.407836914,78.996139526
-96.499519348,64.835975647,109.528144836
-93.809104919,65.989707947,62.824661255
-97.129562378,66.806816101,158.494232178
-95.259506226,66.168632507,220.712158203
-97.277282715,68.008148193,72.649864197
-94.461143494,66.439590454,136.037368774
-97.107383728,66.791595459,161.517974854
-97.875411987,67.861328125,46.108631134
-94.924041748,66.953338623,172.107543945
-97.053634644,67.646812439,113.416160583
-96.082321167,66.128326416,243.363616943
-95.383209229,65.782600403,210.232681274
-95.930847168,66.349243164,251.090927124
-96.565422058,64.175476074,46.386428833
-96.855209351,67.525352478,138.885086060
-96.574195862,69.738479614,12.569676399
-94.254676819,66.340522766,112.141174316
-95.571235657,69.402038574,18.090045929
-96.290481567,66.150512695,236.088943481
-96.069389343,66.705322266,244.298004150
-96.532470703,65.989814758,213.150833130
-94.518341064,66.564498901,141.363586426
-96.574661255,66.925796509,207.894119263
-95.603775024,65.918144226,230.078842163
-96.521141052,66.616203308,224.513580322
-95.801124573,68.069198608,114.358482361
-96.924461365,65.945503235,175.059982300
-95.601066589,66.975654602,223.271362305
-97.866195679,66.773956299,77.590011597
-96.823013306,67.329147339,158.270370483
-96.770736694,66.275955200,202.518432617
-95.798782349,66.818122864,239.404159546
-96.151962280,66.165969849,242.650848389
-96.906654358,65.895744324,174.286010742
-97.334251404,68.063095093,66.223297119
-95.858856201,64.959030151,136.668090820
-95.339324951,64.949478149,122.903282166
-96.847167969,66.485702515,196.266815186
-96.970001221,66.255462646,181.105850220
-95.481750488,64.670814514,96.132247925
-94.424568176,67.204017639,106.171478271
-96.608909607,68.532058716,63.655632019
-97.052207947,67.576179504,119.109733582
-96.279731750,68.448478699,75.822677612
-95.627319336,66.326652527,245.700759888
-96.116333008,66.421974182,248.392852783
-96.093269348,66.190093994,245.264175415
-96.378051758,65.896354675,218.161773682
-95.965148926,66.773506165,242.731765747
-95.331130981,66.728256226,221.269927979
-96.004516602,66.088241577,243.304214478
-95.767196655,66.676719666,245.160049438
-96.343009949,67.544898987,168.112335205
-95.273941040,65.829383850,206.181823730
-96.725479126,65.946235657,194.563568115
-95.943298340,65.684120178,216.792327881
-96.171897888,66.969139099,227.522567749
-96.223365784,66.698074341,239.846527100
-96.478019714,65.624763489,191.214065552
-95.638381958,64.768020630,111.047195435
-93.514877319,65.512435913,32.457347870
-96.727912903,66.216423035,205.322921753
-96.631889343,65.867324829,198.086334229
-95.651176453,66.368019104,246.853805542
-96.429512024,65.010627747,131.362060547
-96.925605774,66.638748169,185.932601929
-95.823303223,65.105255127,154.240356445
-96.166931152,64.038681030,41.801994324
-95.571403503,66.078018188,237.074279785
-94.928001404,66.947593689,172.854461670
-94.809555054,66.120246887,174.596420288
-96.028091431,65.674743652,214.816131592
-95.080474854,66.636451721,202.635284424
-96.133926392,67.730041504,153.295578003
-97.810943604,67.544136047,61.250148773
-96.777824402,66.587051392,202.303298950
-97.818191528,66.679168701,83.579574585
-96.716056824,65.352882385,149.971389771
-94.553207397,65.148040771,90.377731323
-96.381027222,66.967437744,218.392623901
-95.476226807,65.180236816,155.457580566
-96.335731506,68.245597839,93.447586060
-96.417098999,68.366294861,80.769470215
-95.650588989,67.041893005,220.309600830
-98.220001221,66.090599060,45.447795868
-94.666664124,66.095397949,157.389755249
-96.757011414,66.086387634,198.210769653
-95.436073303,65.565185547,194.880340576
-96.468124390,65.581832886,188.070053101
-97.074745178,68.135841370,75.082702637
-97.230995178,67.231124878,127.086906433
-95.834510803,67.722076416,154.828811646
-95.319969177,66.451156616,227.797134399
-94.980545044,66.106605530,192.944061279
-95.957862854,65.761947632,223.256072998
-96.490692139,66.964485168,211.703369141
-97.280364990,67.966606140,75.065002441
-95.549819946,68.087234497,106.723274231
-95.940704346,66.071495056,243.287872314
-94.881027222,67.727561951,106.918289185
-96.827430725,66.728080750,193.902725220
-95.709419250,66.346481323,248.530212402
-97.106666565,65.285766602,112.774085999
-93.542610168,67.699058533,24.888311386
-94.359535217,64.867263794,56.844814301
-98.287803650,67.863388062,27.172769547
-96.979576111,67.506828308,130.560241699
-95.317771912,67.190383911,189.426742554
-96.059761047,67.553703308,174.535644531
-95.688224792,65.988906860,236.785552979
-96.384719849,65.314483643,166.452850342
-96.153656006,67.034576416,223.335998535
-94.857284546,66.190238953,181.519805908
-96.415161133,65.695892334,201.129776001
-96.219818115,65.804695129,219.762359619
-95.960937500,66.243591309,249.144943237
-94.124969482,66.254180908,97.287704468
-94.362747192,65.920112610,116.606735229
-96.142539978,66.275329590,246.003479004
-96.124717712,65.309089661,175.415908813
-96.404159546,66.905464172,220.873794556
-95.646484375,66.891242981,230.818740845
-96.467147827,65.397888184,170.671264648
-95.504066467,64.203987122,51.092937469
-94.679908752,66.531074524,160.990463257
-95.061004639,66.350669861,204.988006592
-96.790664673,67.724044800,125.378143311
-95.353523254,66.530525208,229.174743652
-96.479850769,67.931282043,120.974029541
-94.405181885,65.921089172,121.450050354
-96.635131836,66.098449707,209.852783203
-97.254211426,66.308998108,148.986663818
-95.758033752,64.710739136,106.216087341
-96.671173096,67.461662292,158.253936768
-95.862907410,64.305633545,64.211891174
-95.742736816,67.443107605,184.909179688
-94.912414551,67.436721802,134.985961914
-96.526504517,65.947013855,211.234619141
-96.345237732,67.406379700,182.569595337
-96.987060547,65.854698181,163.765426636
-95.510887146,66.142143250,236.626876831
-97.490242004,66.856948853,115.777854919
-94.891265869,65.782493591,169.022293091
-96.136192322,66.210586548,244.604171753
-95.923240662,67.395782471,192.512771606
-95.624298096,65.974334717,234.076797485
-96.591567993,67.009223938,201.436584473
-97.341987610,65.507240295,106.609458923
-95.635765076,66.953437805,226.289672852
-96.742080688,66.333305359,206.266113281
-94.534957886,65.129364014,87.493057251
-95.948516846,65.447952271,193.578125000
-94.738098145,65.345161438,122.055412292
-96.323432922,66.401618958,239.543914795
-96.629295349,66.194854736,213.734558105
-95.995231628,67.116142273,219.524490356
-97.654052734,66.274856567,101.532112122
-96.356941223,66.127845764,231.530548096
-94.364982605,65.938949585,117.494216919
-95.016983032,67.021408081,177.060119629
-96.426864624,67.014648438,212.507583618
-95.872604370,66.916542053,234.520324707
-96.541511536,67.590148926,153.728164673
-96.438789368,66.297859192,231.158752441
-94.740447998,66.363845825,169.552993774
-96.054626465,67.059265137,223.558395386
-94.287437439,65.972358704,109.811424255
-95.814353943,66.911514282,234.127914429
-96.280944824,65.975181580,228.308517456
-94.921043396,66.139671326,187.490783691
-94.537551880,65.212242126,93.942420959
-95.662757874,67.137039185,212.850845337
-95.501411438,65.648841858,205.609954834
-97.289611816,65.709190369,123.659652710
-94.903335571,67.799659729,102.103637695
-96.543060303,68.540924072,64.369834900
-96.163391113,67.333404541,196.361038208
-95.962455750,66.306503296,250.364654541
-95.008140564,67.798561096,109.324523926
-94.813598633,66.534713745,176.472015381
-95.632156372,66.886207581,230.570693970
-93.879768372,65.708847046,61.672405243
-96.030662537,65.621978760,209.951522827
-96.011154175,66.073295593,242.525863647
-95.246246338,65.508834839,178.365020752
-94.084487915,67.169403076,76.693496704
-97.427970886,65.762504578,111.662322998
-96.560890198,64.943237305,118.165725708
-94.587944031,65.815185547,137.833038330
-96.492378235,65.410202026,170.415390015
-95.901634216,66.308418274,250.664810181
-95.865058899,67.095146179,221.093048096
-96.482757568,66.239112854,226.752502441
-96.898887634,64.093658447,33.211257935
-96.074478149,65.057220459,147.210876465
-94.963058472,66.720542908,187.654083252
-95.587715149,66.205009460,242.007354736
-97.323188782,67.546958923,98.974784851
-95.632583618,65.408035278,186.357482910
-94.861488342,65.807991028,167.427413940
-95.052986145,67.167533875,169.782287598
-96.071914673,67.579742432,171.442245483
-95.330703735,64.695686340,93.980987549
-95.069931030,68.777008057,36.070987701
-94.966842651,66.618171692,191.496505737
-95.900360107,65.880218506,232.502822876
-96.475746155,66.412612915,229.788024902
-96.551727295,66.554519653,223.226394653
-93.916664124,65.591636658,60.834095001
-94.756340027,66.373405457,171.408737183
-96.027938843,66.403755188,250.392425537
-94.272674561,66.142066956,112.124557495
-94.914108276,67.763542175,106.084869385
-97.057189941,66.859931946,164.619461060
-95.597961426,66.832794189,232.274520874
-96.734298706,66.770851135,201.530639648
-96.011062622,65.338172913,180.867477417
-96.728065491,65.885261536,190.859786987
-95.396080017,68.286483765,81.722862244
-96.022712708,65.215240479,166.628433228
-96.587387085,66.485786438,220.961761475
-96.573707581,66.902915955,209.255920410
-96.170280457,65.353210449,179.045654297
-94.654487610,67.233489990,126.765876770
-95.959899902,66.669799805,246.971694946
-95.915267944,66.746292114,244.070388794
-97.088737488,67.892089844,91.925338745
-94.910095215,64.986274719,102.788711548
-97.656158447,67.675689697,66.636054993
-96.239212036,66.397102356,243.764328003
-95.938774109,67.139244080,217.699249268
-93.031661987,66.579017639,19.061092377
-96.364768982,66.115753174,230.580642700
-96.044639587,65.840492249,227.944137573
-95.816009521,66.453834534,250.744491577
-96.505218506,65.779823303,201.794647217
-95.878295898,65.937454224,236.264495850
-97.938591003,65.986717224,67.141555786
-96.060516357,65.295875549,175.307083130
-95.064506531,67.329025269,157.336273193
-95.166061401,66.692893982,208.834014893
-95.145942688,66.210060120,211.777221680
-97.030509949,67.394348145,135.047683716
-94.911392212,65.217391968,125.322761536
-96.285400391,66.620704651,239.357543945
-94.331459045,67.532493591,78.756622314
-95.193748474,65.835853577,200.410217285
-95.993843079,66.340240479,250.470062256
-96.556144714,65.874374390,204.566818237
-94.095909119,66.222808838,93.882743835
-95.168518066,66.856933594,201.350357056
-95.915390015,65.584899902,207.769271851
-94.751327515,66.363296509,170.829101562
-95.292129517,67.678482056,139.488067627
-96.425422668,67.475067139,171.752639771
-95.610984802,67.156585693,209.134933472
-95.115180969,69.903511047,6.763630867
-96.514259338,64.245552063,52.847572327
-94.687820435,66.355979919,163.331024170
-95.381591797,65.297210693,164.566192627
-93.256752014,67.768684387,13.941422462
-93.932548523,65.284927368,50.428459167
-97.210899353,68.255630493,61.104011536
-98.081649780,66.916755676,56.291900635
-95.247772217,65.680725098,193.445892334
-96.041564941,68.153404236,106.371299744
-96.572441101,67.447860718,166.146072388
-93.903862000,67.346755981,55.708091736
-95.461601257,67.387725830,179.717376709
-96.229408264,67.337631226,194.004577637
-96.330314636,67.011878967,218.068069458
-94.299339294,66.905570984,107.418388367
-97.246315002,68.488052368,47.419795990
-96.014350891,66.368171692,250.437698364
-96.647651672,65.122261047,132.017181396
-95.583618164,65.887023926,227.365722656
-96.586692810,63.898040771,28.315589905
-96.005691528,65.540672302,202.501510620
-94.953872681,66.147727966,191.218612671
-94.649345398,65.297164917,110.212326050
-96.738700867,66.435974121,207.321868896
-96.093452454,64.455612183,78.596382141
-94.642601013,65.981918335,151.092010498
-97.825378418,66.101013184,80.419677734
-94.713508606,64.504028320,50.174404144
-94.798049927,66.857955933,163.868545532
-96.110412598,66.194770813,244.926254272
-95.413200378,67.078857422,205.207763672
-95.151405334,65.532508850,173.712646484
-96.199012756,66.963630676,227.001480103
-94.827156067,68.077957153,73.843559265
-95.935668945,69.633285522,14.326555252
-96.567893982,67.166152954,191.715621948
-95.601402283,65.965263367,232.761169434
-94.596023560,67.381431580,111.083343506
-93.769340515,64.440017700,15.835266113
-96.097412109,66.303192139,247.883468628
-95.610656738,68.296173096,86.875175476
-95.745857239,66.430206299,249.605010986
-96.650306702,65.080131531,127.586418152
-97.388015747,67.871276855,74.260246277
-94.784347534,66.623992920,171.121368408
-98.459121704,67.084037781,29.711658478
-97.697517395,67.200286865,83.100914001
-94.792030334,66.635139465,171.694381714
-94.928001404,65.541732788,155.595977783
-97.501632690,65.701385498,101.066673279
-96.600418091,66.452819824,219.966903687
-94.001068115,66.222892761,84.150390625
-98.136764526,66.108001709,52.059856415
-96.164970398,66.556304932,245.761474609
-95.219543457,66.330139160,219.833755493
-95.934478760,65.904075623,233.934143066
-97.192337036,66.556488037,156.705307007
-96.137863159,65.656021118,210.423446655
-97.196182251,69.240112305,20.696605682
-95.100585938,66.553932190,206.823104858
-96.368728638,68.224639893,94.773735046
-97.068725586,66.614852905,170.372055054
-96.107986450,66.322784424,247.893600464
-96.834342957,66.672721863,194.784255981
-96.064483643,63.825321198,28.735940933
-96.606552124,65.141944885,136.455047607
-94.601402283,66.732223511,146.846221924
-94.940422058,66.163673401,190.146011353
-94.924842834,67.294624329,147.965942383
-97.424041748,67.018074036,117.557266235
-95.462966919,65.787002563,215.006866455
-95.362434387,65.585105896,192.742935181
-95.586517334,66.721717834,237.245895386
-93.898567200,68.348434448,19.517061234
-96.618515015,67.507080078,157.430618286
-94.119010925,64.821281433,40.943367004
-95.983345032,65.798538208,225.851531982
-96.490562439,66.274421692,226.992858887
-95.035575867,67.625877380,127.632278442
-94.555252075,66.052124023,143.080429077
-95.179809570,66.232688904,215.267837524
-95.606491089,63.810993195,26.401340485
-95.624389648,66.105216980,240.230255127
-94.646728516,67.710838318,90.903770447
-95.075645447,66.865890503,192.216506958
-95.559158325,65.992935181,232.572998047
-94.685989380,67.777641296,88.606857300
-96.194778442,67.237861633,204.801269531
-96.652175903,67.597023010,146.453567505
-94.945899963,66.251945496,192.250091553
-93.522071838,66.341262817,44.841114044
-97.134346008,68.052909851,77.687362671
-95.669235229,67.623298645,162.765930176
-94.893913269,67.493919373,128.484405518
-97.499214172,66.150794983,117.206245422
-96.908775330,68.176231384,80.035720825
-96.606987000,68.417945862,72.138031006
-95.196479797,65.034828186,125.503707886
-95.719856262,66.120239258,243.613662720
-96.288017273,66.935173035,225.261169434
-96.424758911,64.988739014,129.148559570
-95.249618530,66.292121887,222.104644775
-97.080360413,68.060783386,80.051025391
-96.139839172,66.049530029,238.166076660
-95.614929199,65.852218628,226.152847290
-95.244392395,66.273445129,221.457672119
-97.012100220,65.151641846,109.530036926
-96.316055298,66.094482422,232.483291626
-95.158180237,66.695663452,208.002487183
-95.170593262,66.248306274,214.680603027
-94.608123779,66.693634033,148.826461792
-95.512298584,65.684844971,209.210906982
-95.504974365,64.965301514,131.044281006
-96.304656982,65.671730042,205.131164551
-94.365524292,66.216537476,123.953704834
-95.708251953,67.282089233,200.769119263
-96.532348633,64.660964966,90.158996582
-94.914100647,64.784072876,83.517623901
-94.734069824,67.056915283,146.154876709
-96.500564575,66.029708862,217.583496094
-96.811431885,66.567626953,199.210769653
-96.528511047,67.134674072,196.979736328
-95.632362366,65.727180481,217.193496704
-96.621681213,65.594055176,178.550552368
-95.438865662,69.224617004,22.488271713
-95.861488342,67.044609070,225.174667358
-96.296913147,64.888450623,122.407669067
-97.136428833,65.515060425,127.062583923
-95.073638916,67.364967346,154.909973145
-95.418342590,65.637016296,200.506027222
-96.652275085,67.421035767,163.383361816
-94.812400818,66.807746887,167.752319336
-95.304237366,68.077789307,98.441909790
-95.015373230,68.222404480,71.881294250
-96.205245972,66.030532837,234.770736694
-94.845939636,66.481414795,180.985916138
-96.220054626,68.855682373,46.369041443
-95.822044373,65.423683167,191.114196777
-96.309471130,65.528999329,191.835144043
-97.200096130,66.198501587,153.466995239
-96.164161682,67.140434265,214.467025757
-94.471046448,65.919204712,128.921173096
-97.609603882,66.942420959,100.319229126
-97.652671814,66.290130615,101.859207153
-96.679130554,66.361434937,212.560043335
-96.387153625,66.533889771,235.264495850
-95.486312866,65.295814514,169.079132080
-98.687316895,66.835044861,20.606399536
-95.471778870,66.268096924,237.531890869
-96.719841003,66.170509338,204.761917114
-94.970954895,68.527557373,47.766090393
-95.813522339,66.869857788,236.713424683
-94.833686829,66.068183899,175.867614746
-96.732307434,67.866020203,115.523277283
-95.881103516,65.013664246,143.357269287
-96.047904968,65.245079041,169.716033936
-96.175941467,66.730224609,240.423156738
-95.723152161,66.739486694,241.533020020
-96.468246460,66.725578308,225.210815430
-96.184188843,65.830238342,223.075210571
-97.129600525,66.246559143,162.731155396
-97.557960510,67.614570618,76.583068848
-97.116622925,67.650215149,108.332534790
-96.958892822,66.551071167,183.684280396
-96.214225769,66.985458374,224.961273193
-96.115310669,66.707984924,243.126220703
-96.646171570,66.536514282,215.450531006
-96.418876648,65.720458984,202.901611328
-96.171722412,65.156990051,156.889678955
-96.299743652,66.816123962,231.410186768
-97.093399048,68.482780457,52.905719757
-95.098098755,67.858245850,109.369354248
-96.108268738,66.394821167,248.553115845
-96.592041016,65.384323120,161.606979370
-95.150085449,65.278053284,148.895187378
-96.861007690,65.281417847,132.505828857
-98.067863464,66.026916504,56.514366150
-96.829673767,67.681823730,126.682708740
-94.949333191,67.020858765,170.474700928
-95.589706421,67.179626465,206.164123535
-96.343826294,65.975090027,224.942703247
-96.039970398,68.548896790,68.484924316
-97.024032593,66.886817932,167.114852905
-95.631683350,65.336425781,178.419433594
-95.687545776,65.438705444,190.954421997
-95.201263428,66.117347717,214.395278931
-94.746818542,66.350311279,170.296035767
-96.315994263,65.868850708,219.827957153
-95.634605408,66.911720276,229.046981812
-96.489471436,65.995780945,216.657714844
-94.747856140,65.220680237,112.375373840
-95.193511963,66.416053772,217.503692627
-95.510719299,67.658981323,152.897842407
-96.115226746,65.882484436,229.110107422
-96.560966492,67.494239807,162.295150757
-95.199974060,67.626205444,139.140167236
-94.996398926,66.906433105,182.161270142
-96.207626343,68.505668640,71.632286072
-96.127296448,69.053199768,35.424324036
-96.028976440,67.376838684,194.213714600
-96.173103333,65.331634521,176.598205566
-95.170158386,66.347480774,215.494659424
-95.425079346,65.890190125,219.968414307
-95.447006226,65.839973450,217.927062988
-95.378021240,68.128562927,96.411979675
-95.143127441,65.806587219,194.328628540
-96.334411621,67.847793579,135.072525024
-96.467590332,66.534103394,229.873474121
-96.233856201,65.957916260,229.521194458
-94.888389587,66.705787659,180.190338135
-95.935272217,66.797004700,241.675613403
-95.019004822,65.958122253,191.287017822
-98.938240051,65.792671204,11.374961853
-96.595596313,66.836997986,210.895370483
57.016639709,72.279869080,59.539154053
55.453468323,73.710647583,251.843109131
58.227363586,71.930664062,7.099620819
55.065483093,73.867485046,235.940734863
54.933010101,74.037376404,226.284805298
56.756984711,72.525352478,93.115386963
55.094985962,73.762084961,235.136993408
54.454593658,74.122001648,172.830718994
55.386524200,74.527061462,236.716125488
57.464199066,72.618064880,51.828643799
55.620323181,73.948776245,260.381683350
55.567016602,74.182029724,257.793365479
54.649684906,74.320060730,191.814880371
55.451114655,74.987777710,194.426559448
54.468032837,74.068565369,174.771942139
55.771453857,75.140060425,178.233932495
55.172775269,75.619506836,109.600257874
54.769149780,74.077079773,209.731857300
53.554286957,74.971054077,50.999580383
55.870861053,74.802192688,213.416671753
54.917606354,73.543273926,209.295852661
56.707752228,74.771080017,159.323181152
56.673992157,72.835845947,126.998687744
55.612255096,74.293884277,254.118041992
54.885150909,72.975952148,157.461853027
56.763153076,73.361129761,160.048141479
56.114212036,74.445968628,230.683700562
55.381618500,74.723617554,220.220581055
54.652267456,73.854988098,194.736724854
56.216297150,74.389541626,226.868576050
53.931907654,73.073020935,80.634735107
55.226692200,74.041915894,248.606048584
53.365665436,74.863494873,41.762302399
55.102008820,73.079025269,183.691604614
54.833003998,74.389411926,208.287948608
55.618827820,73.400627136,234.748519897
54.039611816,73.361946106,105.231163025
54.782485962,74.352645874,204.841720581
53.669525146,74.463378906,76.080787659
56.430656433,72.733779907,134.709625244
53.558639526,74.483779907,65.608146667
57.839855194,73.869606018,57.866004944
55.509410858,74.741348267,221.515533447
54.340518951,73.339462280,135.998626709
55.700317383,72.111259460,84.258438110
55.621788025,76.238716125,54.463825226
55.339302063,73.571990967,240.388458252
56.249439240,74.319053650,227.559448242
55.363647461,74.752067566,216.956756592
54.035964966,75.614433289,51.005336761
54.375156403,73.736595154,158.517181396
53.978145599,74.327461243,111.623588562
55.859375000,72.207969666,94.407554626
56.617660522,74.967941284,152.229217529
54.358116150,74.831970215,131.926269531
57.376037598,74.457199097,101.115142822
56.534458160,74.001480103,207.479980469
55.739639282,74.065200806,259.344329834
54.867538452,74.120872498,219.481628418
54.987354279,73.309020996,197.808761597
54.994411469,74.078208923,231.602905273
55.298370361,73.188606262,206.153060913
56.290157318,74.042938232,230.735488892
54.835063934,74.194114685,215.045715332
57.270549774,75.559265137,55.348236084
55.358810425,74.449996948,240.965682983
53.770439148,74.271110535,89.828414917
56.194412231,73.184265137,196.973434448
56.382358551,74.542144775,205.128128052
55.750160217,72.429771423,121.593635559
56.777671814,73.842483521,178.463302612
54.040500641,75.142684937,80.999671936
55.684848785,74.673713684,228.547103882
55.405639648,74.212921143,253.653747559
56.891441345,73.160041809,133.021163940
56.061466217,74.060478210,247.129699707
55.522823334,74.280784607,253.929061890
55.446990967,75.128395081,177.801177979
54.643836975,72.668357849,108.237899780
55.424270630,75.135444641,176.430450439
55.126815796,73.953117371,241.905227661
54.640174866,72.986259460,138.334350586
56.245941162,74.219665527,231.285919189
56.522869110,74.788780212,175.359588623
54.126258850,73.541534424,122.288642883
54.715419769,72.956054688,141.888809204
55.147209167,75.464813232,126.882156372
56.581333160,74.148139954,201.354156494
55.558052063,74.501907349,242.037139893
55.641864777,73.082221985,203.177291870
53.832775116,72.124549866,26.938095093
55.769866943,73.802536011,256.464019775
54.974224091,75.372955322,129.511657715
55.591957092,73.390846252,233.734786987
55.743610382,75.765785217,102.468215942
56.776386261,74.016952515,180.252258301
56.044788361,75.096618652,176.530456543
54.872646332,74.153572083,219.523757935
56.438095093,74.333297729,210.743240356
56.444366455,73.569908142,205.326263428
55.231670380,74.714859009,215.051757812
56.190952301,75.243194580,153.827896118
54.120990753,73.237037659,107.095222473
56.072345734,72.613121033,138.560195923
55.883991241,72.461029053,124.270355225
57.825790405,74.631713867,52.826515198
54.768142700,74.251113892,206.785720825
55.172306061,73.015663147,180.940994263
55.994049072,72.929420471,179.561721802
53.996833801,74.297790527,114.381378174
55.847625732,73.744964600,252.702682495
54.276401520,73.390876770,131.971038818
56.391563416,75.950508118,70.852149963
56.621723175,73.729400635,193.535537720
54.638839722,75.056571960,140.068222046
55.919414520,72.811203003,167.514938354
56.441329956,73.855644226,215.646469116
54.507030487,74.239318848,177.451202393
54.582977295,75.556007385,87.489784241
57.366268158,75.722465515,41.636482239
56.052906036,73.463279724,228.789306641
56.395629883,72.513786316,113.208900452
56.419399261,73.864036560,217.938095093
55.839195251,75.275634766,161.023361206
54.331092834,74.458374023,149.492767334
54.472743988,71.463203430,17.219249725
55.513229370,73.894226074,258.683013916
56.176025391,73.966331482,239.816360474
56.357521057,76.211380005,50.036151886
55.835193634,75.187301636,171.742645264
55.706058502,73.651756287,251.456954956
54.622367859,74.438987732,184.041244507
55.858589172,72.796760559,167.021286011
55.734382629,74.873626709,208.710235596
54.193592072,75.395202637,75.538276672
54.514846802,74.132286072,180.084533691
54.617233276,74.062088013,192.717636108
54.137298584,73.786407471,131.031860352
55.580066681,74.929588318,202.870620728
55.146903992,73.770591736,239.200866699
56.291316986,72.287254333,93.634201050
56.402015686,74.014373779,220.778991699
56.534862518,73.815727234,205.273651123
55.697864532,74.846702576,211.825012207
55.582752228,74.569747925,237.219345093
55.335277557,73.852561951,252.331283569
55.228874207,72.762985229,153.911834717
57.197681427,72.972007751,90.795478821
53.984664917,73.121421814,87.816947937
54.526374817,73.538452148,168.106582642
54.109264374,74.235954285,128.803253174
58.411697388,74.056419373,20.511148453
56.544944763,73.033393860,156.002304077
55.521751404,74.198326111,256.803100586
57.384254456,75.561470032,48.462085724
57.182292938,74.879249573,103.637924194
53.847301483,73.829216003,98.632980347
55.001201630,74.398094177,222.835113525
58.019115448,73.975532532,43.544044495
56.179210663,73.464523315,221.101272583
57.815673828,73.464363098,54.440536499
55.105926514,74.584236145,218.753295898
54.923446655,75.339424133,130.518402100
56.437393188,72.336616516,92.925247192
55.117877960,74.709152222,209.310806274
56.461101532,73.589256287,204.675735474
55.429191589,73.414443970,232.381698608
54.832107544,72.943984985,150.074432373
54.808589935,74.371391296,206.689376831
54.477069855,73.945777893,175.374877930
57.018695831,74.629867554,134.797134399
56.811985016,73.989692688,175.965606689
56.414302826,72.241294861,84.529876709
53.786117554,73.515991211,85.607826233
54.368556976,73.031738281,117.515518188
55.764041901,73.957717896,259.180206299
54.364055634,74.509628296,151.205245972
55.825107574,73.586730957,245.890274048
54.926845551,75.523361206,109.972160339
56.677711487,74.288116455,187.605697632
55.371501923,74.368606567,246.075729370
56.160873413,72.580230713,131.391189575
54.754592896,74.632026672,186.506011963
55.551231384,74.622520447,232.708374023
55.062431335,74.174240112,235.783035278
55.289112091,73.047019958,190.363037109
55.356372833,75.557411194,122.651428223
55.666217804,73.375976562,232.768539429
56.079982758,74.181488037,243.904144287
53.539386749,75.029701233,47.932056427
55.308929443,75.374542236,143.774307251
55.697040558,74.120513916,259.102172852
55.753425598,73.819480896,257.221374512
56.198925018,74.807792664,198.229431152
57.553241730,73.258415222,71.530601501
55.666233063,72.127471924,85.951217651
54.196941376,72.619544983,72.734672546
55.619701385,73.047584534,199.087570190
55.926696777,72.588798523,139.490478516
54.689685822,73.443023682,180.305328369
56.236270905,75.023597717,175.084060669
55.890422821,74.913047791,201.630142212
55.400238037,72.750610352,158.571517944
54.889812469,74.444534302,210.873840332
56.754833221,75.322746277,109.514488220
56.264636993,74.548744202,214.100860596
55.895622253,73.439270020,233.924957275
55.930328369,74.335281372,245.931518555
55.197093964,73.154029846,197.355422974
53.851657867,74.081932068,100.316810608
56.349964142,73.386726379,202.480804443
55.746139526,74.086311340,258.987060547
55.378932953,76.886192322,15.894641876
56.475837708,72.056190491,65.711685181
56.397235870,73.512771606,206.604049683
53.866523743,73.654083252,97.423561096
56.467670441,75.170021057,145.251800537
56.412868500,73.478683472,203.119369507
55.653373718,74.645706177,231.126739502
55.907035828,72.657424927,148.531219482
55.710819244,73.557815552,246.102691650
56.042503357,71.880973816,59.701896667
54.839984894,74.629959106,194.592834473
55.468070984,74.320083618,251.218124390
56.956996918,75.916015625,50.490390778
55.276222229,73.823814392,248.756576538
56.310062408,74.241577148,225.410140991
56.648586273,72.149230957,67.172035217
55.978164673,72.535102844,131.663131714
55.361629486,73.294731140,219.388839722
54.961563110,72.564384460,117.210922241
53.100551605,74.876052856,27.374792099
56.774753571,74.616516113,162.378692627
55.458633423,74.554862976,236.606307983
54.497539520,74.308448792,174.562530518
55.252029419,75.477394104,129.283065796
56.475009918,75.795188904,82.066490173
55.264263153,74.296516418,244.856109619
56.330997467,74.188941956,225.043121338
55.902809143,72.814590454,168.329254150
55.684852600,73.636993408,250.856948853
53.523498535,73.157394409,52.322288513
56.351619720,74.687194824,197.582214355
54.093318939,74.109550476,128.244522095
54.193569183,74.531021118,130.364425659
56.762321472,73.761436462,178.432144165
56.802497864,74.026596069,177.147689819
55.778831482,75.081176758,185.091476440
55.427181244,75.184570312,170.526062012
56.344753265,73.820922852,224.065734863
56.241058350,73.271347046,201.755462646
56.952674866,73.533378601,147.672637939
55.510707855,72.040328979,75.643737793
55.710597992,73.098701477,205.000717163
54.958553314,73.421043396,204.518524170
56.395240784,73.204132080,184.031768799
54.514255524,73.974617004,180.175537109
56.375022888,73.967498779,223.256378174
54.070575714,70.308143616,1.944626451
55.870613098,75.626708984,117.978134155
55.739208221,74.841346741,212.010330200
54.550090790,72.668937683,101.644538879
55.236305237,74.178871155,247.222122192
54.057235718,73.738281250,120.533706665
55.054378510,74.060333252,236.670349121
57.259845734,75.384536743,66.244987488
55.470863342,74.542053223,237.829101562
56.013725281,73.461067200,230.651535034
56.014617920,74.378501892,239.943359375
56.284385681,74.710708618,200.807937622
57.267478943,73.176849365,95.380157471
56.108383179,74.777839661,206.132919312
56.231113434,72.937416077,169.238143921
55.530754089,73.346046448,229.006393433
55.198299408,74.246093750,243.113250732
55.437870026,74.439796448,244.039443970
55.493064880,73.906669617,258.478729248
54.708992004,74.266586304,200.020034790
56.080039978,74.720397949,212.691452026
55.380619049,73.659523010,247.038589478
58.349956512,73.999282837,23.275699615
53.844963074,73.853279114,98.673446655
53.216930389,75.860916138,12.065312386
56.712989807,73.933296204,187.305023193
55.672565460,73.880966187,259.452789307
56.506988525,74.628768921,188.469161987
55.359935760,76.602371216,27.751262665
55.634460449,73.393112183,234.187728882
56.450801849,74.262245178,212.015899658
54.130256653,73.655723572,126.764305115
55.116783142,74.885787964,192.303543091
57.184204102,75.140304565,87.516166687
56.084884644,73.788238525,243.123825073
54.620018005,73.954872131,192.619674683
53.644992828,73.912620544,78.758483887
56.503498077,74.670822144,185.903945923
57.140762329,73.434944153,121.442779541
55.359146118,75.156936646,172.077758789
56.554672241,75.787010193,79.289489746
54.524776459,74.892349243,144.161346436
56.830451965,74.356170654,168.100662231
57.683380127,74.450424194,69.187500000
53.165824890,75.123680115,25.197624207
54.025775909,73.482322693,108.935829163
56.161262512,76.250083923,50.727783203
54.920547485,73.934356689,224.505325317
56.988548279,72.108055115,50.217430115
56.260593414,72.931259155,166.800369263
53.711261749,73.992904663,85.565956116
55.570121765,74.373474121,250.076705933
56.563083649,74.234809875,201.474609375
57.228176117,75.296714783,73.983032227
54.844829559,73.902748108,216.607223511
55.388099670,72.122596741,82.544075012
57.250362396,73.546348572,113.341804504
56.711631775,73.604721069,178.785964966
56.622688293,73.521400452,184.591949463
56.752109528,74.323997498,178.146408081
56.318233490,74.703697205,198.869461060
55.934123993,73.435508728,232.256820679
54.809459686,76.147270203,46.443634033
57.149158478,74.322921753,131.118026733
56.869705200,73.395088196,150.275482178
55.830741882,72.402389526,117.667228699
54.870838165,73.851638794,218.166931152
55.479835510,74.136924744,257.541534424
54.262924194,74.049568176,149.319198608
55.708808899,74.253097534,255.284103394
56.378894806,73.433982849,203.292587280
54.139789581,74.452484131,127.033447266
55.994132996,74.293136597,244.911453247
57.067417145,74.211341858,143.290924072
56.409023285,74.059982300,219.912048340
55.753360748,73.418617249,235.660354614
55.598854065,74.206367493,257.294921875
55.963859558,75.329559326,152.014923096
57.060501099,75.616661072,64.789581299
55.374713898,74.091598511,255.214111328
56.705986023,74.063598633,188.357681274
57.018650055,71.692230225,28.124780655
57.224987030,73.311645508,106.415550232
55.561862946,73.705154419,253.753494263
56.462471008,73.824699402,212.927444458
57.649833679,74.568046570,69.702323914
55.426208496,74.935371399,199.740600586
56.259414673,73.828666687,231.573745728
56.880630493,74.846374512,136.624511719
56.838573456,72.976524353,124.588241577
55.333946228,73.598068237,241.732299805
56.479900360,75.012969971,159.533889771
56.648113251,73.658454895,188.112350464
54.924938202,73.699508667,218.232284546
57.094879150,75.802680969,50.939430237
56.096473694,73.630844116,236.305480957
55.334236145,74.359619141,245.134506226
52.952938080,74.367370605,27.646461487
55.253578186,73.243377686,209.472137451
55.616180420,73.120307922,207.307235718
56.226539612,73.917160034,235.645141602
56.606372833,71.975967407,55.386295319
55.955348969,72.455604553,122.378639221
55.027748108,75.275741577,143.676193237
55.114265442,75.391059875,134.291305542
57.644237518,74.686561584,66.900428772
56.195625305,72.294601440,97.535438538
55.509281158,74.804687500,215.285232544
58.571571350,73.458427429,13.399291039
56.175384521,73.699607849,234.075241089
55.507701874,75.073532104,185.506378174
55.802505493,72.834724426,172.642349243
54.036491394,75.152290344,80.065185547
57.338790894,72.206680298,40.100788116
55.316379547,74.159263611,251.667480469
55.319862366,74.023597717,253.458786011
55.820365906,74.957962036,198.405364990
55.356845856,76.768669128,20.075422287
56.046070099,73.598983765,237.615158081
56.002712250,74.371597290,240.892623901
54.814910889,73.960433960,214.309326172
56.481452942,74.419898987,202.869964600
55.165187836,74.713020325,211.741271973
55.503444672,74.354766846,250.227874756
55.423965454,72.803573608,165.902587891
55.596164703,74.169799805,258.302978516
57.794254303,76.374519348,11.113312721
56.202102661,72.716529846,145.654281616
53.855873108,71.785568237,16.105531693
58.003829956,74.067314148,44.740833282
56.053047180,73.581382751,236.258010864
54.460659027,75.287406921,104.149665833
55.660228729,74.005424500,260.502624512
55.380134583,75.081665039,181.709381104
55.674381256,73.887397766,259.550354004
56.955070496,75.249107361,99.575080872
54.857635498,74.359268188,211.988418579
54.907127380,76.057693481,56.321094513
56.209621429,71.882987976,57.557632446
55.194179535,74.598915100,222.925384521
55.530395508,73.742446899,254.835784912
55.042003632,75.438499451,125.334197998
54.371669769,75.691238403,63.895076752
55.732887268,75.068107605,187.073898315
56.183418274,73.818206787,237.235015869
55.994403839,74.326927185,243.443969727
53.864921570,73.383522034,88.737236023
56.510307312,73.952545166,209.835052490
55.770168304,73.371490479,231.523193359
54.379928589,73.070404053,121.528724670
54.249992371,75.694931030,57.194450378
56.109657288,73.786659241,241.515045166
55.190441132,75.712265015,99.592224121
55.624664307,73.375732422,232.670623779
55.937629700,74.862922668,205.377029419
56.022045135,74.664527893,220.262237549
55.289813995,73.869659424,250.562576294
55.740352631,74.541946411,238.660827637
56.975467682,74.391448975,149.909164429
54.131000519,72.325889587,49.442810059
56.726104736,73.582954407,176.188659668
57.856124878,75.443992615,29.054039001
54.902248383,72.843299866,144.558395386
55.676223755,74.166633606,258.279083252
55.219322205,72.922348022,172.646606445
55.661582947,73.804512024,257.758056641
55.873146057,73.580703735,244.157577515
58.512088776,73.710792542,16.069723129
55.519401550,75.450775146,139.138473511
56.939323425,77.143928528,6.272265911
57.630432129,75.369110107,42.712806702
55.222362518,72.059402466,72.654693604
55.769680023,73.726821899,253.924133301
55.301109314,74.379188538,242.720809937
55.485721588,73.928756714,258.601562500
55.368083954,72.977806091,185.499969482
55.531597137,75.417114258,143.512329102
55.978775024,73.691856384,245.538635254
54.932987213,74.172866821,224.879989624
56.220310211,74.307029724,230.257843018
54.731082916,72.928688049,140.500793457
56.608978271,73.180801392,162.919631958
54.225387573,73.144004822,111.786582947
54.688320160,74.088813782,200.775482178
56.061416626,75.007125854,185.641525269
55.435287476,73.096282959,201.347763062
54.340461731,73.164466858,124.535751343
54.347991943,73.559883118,148.562149048
56.513401031,75.756706238,83.982452393
54.686000824,74.414314270,192.099380493
54.513389587,74.177993774,179.339767456
55.029430389,73.758529663,229.815460205
57.092182159,74.605606079,127.709617615
56.037193298,75.372879028,144.827026367
54.756381989,73.762855530,203.733612061
56.018028259,75.183776855,167.595947266
56.661701202,74.435386658,183.838409424
56.311286926,74.192314148,226.661010742
56.148136139,75.351325989,143.431884766
54.647071838,73.005363464,140.697174072
56.062656403,75.492362976,130.000320435
55.899761200,73.141731262,206.481582642
57.170139313,73.765075684,129.107559204
55.749568939,72.037460327,76.479675293
55.759899139,74.718582153,223.690719604
55.667560577,74.955871582,200.207717896
54.688022614,73.055297852,148.917724609
56.043895721,75.583183289,119.910011292
55.006248474,74.086387634,232.549224854
54.320537567,74.846878052,127.023666382
54.687728882,74.248924255,198.157745361
55.781494141,73.085815430,202.901519775
56.487438202,72.237167358,81.271713257
56.704135895,72.891586304,129.501007080
57.910907745,74.991104126,38.283615112
56.431015015,73.244132996,184.405578613
56.154586792,73.413169861,219.089981079
55.135402679,74.601593018,219.297821045
54.646205902,74.573135376,179.443527222
54.485073090,74.006217957,176.809432983
56.024471283,74.624076843,223.401733398
56.291027069,74.842048645,189.144424438
55.809577942,73.587867737,246.332305908
55.516998291,75.422264099,142.661972046
56.085594177,75.051399231,179.831542969
55.788669586,75.694068909,110.677604675
55.843101501,74.608039856,231.453826904
54.789367676,74.825843811,174.281784058
56.629432678,75.024513245,146.304367065
56.292621613,72.986183167,170.634262085
54.959201813,72.978431702,163.191574097
56.370311737,74.608871460,201.764266968
56.064079285,74.483154297,231.346542358
55.786201477,73.826736450,256.766143799
55.215946198,73.442291260,224.912094116
55.002700806,75.082122803,164.359741211
56.154483795,75.205009460,159.786117554
58.391899109,74.947265625,17.734521866
56.121101379,74.302963257,237.310134888
55.274353027,75.491920471,128.253005981
56.708343506,74.948173523,145.745819092
57.015029907,72.763618469,92.998153687
54.711864471,74.661643982,180.263214111
56.812515259,74.152893066,175.039154053
56.783374786,74.706520081,155.989059448
54.901065826,73.278579712,187.971771240
56.309680939,74.556007385,210.182952881
54.441871643,74.188720703,170.479354858
54.915622711,72.314659119,88.155181885
55.887874603,74.944175720,198.388427734
54.504882812,74.374137878,173.291168213
54.946472168,74.852111816,184.474899292
56.181373596,75.239738464,154.661636353
56.158050537,73.665420532,233.877349854
57.371582031,74.623252869,96.079978943
55.781002045,73.987899780,258.931274414
54.532318115,75.093917847,127.521438599
55.946002960,73.769645691,249.908645630
54.638599396,74.282554626,191.735275269
54.758781433,73.696678162,201.477142334
54.220287323,74.053588867,144.016296387
55.632293701,74.440589905,246.403884888
56.669174194,73.115806580,151.880477905
55.802284241,73.787689209,255.334381104
55.056152344,73.590103149,223.945709229
55.954471588,72.755981445,159.763198853
55.516235352,75.034103394,190.272277832
53.848655701,73.774635315,97.976867676
55.876960754,73.877677917,255.239761353
56.803161621,73.074417114,135.619171143
54.754985809,73.049301147,154.218765259
55.936355591,74.918449402,199.708236694
56.821273804,73.688507080,169.277908325
55.059356689,74.271697998,232.799636841
56.300884247,72.584815979,125.740165710
55.450313568,74.894332886,204.792800903
55.956733704,74.212669373,249.557678223
56.782436371,73.729270935,175.153869629
56.547451019,73.649444580,198.630081177
56.356040955,74.374374390,216.429870605
54.970546722,73.299835205,195.650375366
55.369594574,72.496154785,125.675659180
55.333011627,74.778175354,213.367538452
56.172107697,73.107612610,190.785278320
55.303535461,73.718063354,246.415069580
55.951229095,74.787139893,212.320007324
56.714736938,72.818092346,122.085205078
56.539291382,74.726661682,178.620208740
55.497413635,74.423431396,246.317749023
55.974025726,75.304733276,154.715866089
55.519763947,75.198570251,170.570663452
55.003967285,74.559425354,213.319686890
53.556198120,74.489883423,65.265792847
55.642551422,72.089279175,81.740974426
53.978790283,73.016426086,81.545661926
55.212429047,73.705467224,240.868972778
55.158927917,73.710365295,237.644378662
54.994739532,75.466506958,119.793426514
55.631450653,74.672119141,228.854095459
55.937030792,74.222358704,250.119064331
56.179023743,74.301330566,233.479980469
55.325321198,75.589057922,118.006446838
55.439006805,73.248886108,217.626434326
58.095588684,75.423118591,20.810670853
54.301506042,72.329521179,58.429576874
55.422405243,74.131126404,256.180511475
55.847923279,72.751518250,161.512435913
54.379623413,74.016876221,163.823257446
55.106304169,72.508064270,117.837196350
57.421291351,74.800445557,83.746253967
55.384647369,74.116180420,255.220733643
54.795288086,72.923400879,145.095733643
54.171997070,74.635337830,123.236236572
55.436237335,74.213386536,254.538345337
54.986064911,75.383796692,128.889907837
56.022819519,76.442520142,38.303867340
56.494575500,74.501403809,197.423919678
56.088897705,74.602928162,221.707382202
57.033672333,73.087715149,113.676147461
56.025272369,73.782638550,246.422546387
54.656848907,73.192886353,158.120513916
55.471767426,74.327774048,250.942764282
54.679862976,72.739303589,117.763114929
53.640769958,73.843482971,77.850578308
55.362709045,72.966194153,183.931655884
55.038364410,76.130302429,54.098659515
56.305534363,73.662193298,222.308593750
54.773803711,74.130996704,209.761657715
55.433872223,75.311569214,154.969406128
55.582187653,73.201797485,215.753112793
53.714233398,72.389053345,33.044830322
56.303783417,74.278900146,224.712142944
54.536567688,74.716529846,158.579116821
55.172378540,73.498374939,226.370635986
52.974201202,74.496292114,27.367231369
55.520130157,72.861091614,175.272399902
55.937934875,73.967308044,253.755661011
55.423576355,72.801666260,165.651626587
56.975624084,73.714210510,151.522155762
56.410808563,73.966667175,219.871536255
55.139854431,73.351356506,212.689971924
56.078971863,73.758995056,242.602722168
55.961685181,73.877647400,251.795913696
56.577033997,74.341194153,196.649765015
55.545482635,74.086112976,259.479644775
55.951080322,73.479972839,234.823211670
55.698143005,74.962341309,199.378631592
54.336921692,72.390243530,64.729621887
55.170330048,73.933761597,244.676544189
55.010360718,73.493003845,214.066207886
54.301738739,73.350433350,132.450973511
56.018775940,74.257301331,245.035903931
56.237083435,72.886741638,163.293075562
57.387172699,75.379386902,57.595336914
55.124588013,73.748428345,236.806625366
55.748298645,75.411514282,145.195220947
55.425182343,73.619804382,246.483993530
55.705757141,72.932319641,185.495788574
55.898029327,74.018402100,255.379104614
54.551250458,74.304428101,181.025924683
54.509223938,73.942062378,179.254333496
56.061573029,74.805465698,205.952270508
56.012714386,73.484664917,232.354919434
55.056827545,72.789085388,148.282226562
56.667301178,72.925064087,135.633026123
54.573173523,73.282974243,156.878250122
56.422538757,74.359947205,211.112030029
56.104755402,75.378021240,141.992187500
55.290023804,73.280784607,214.914428711
57.047458649,72.936698914,102.289794922
55.055477142,73.946968079,236.444076538
55.063671112,75.051605225,171.399322510
55.085346222,74.002464294,239.150131226
55.517871857,73.812217712,256.946228027
56.743576050,74.038627625,184.088180542
55.111091614,73.073707581,183.698715210
56.098674774,74.210121155,241.971771240
55.104492188,72.586563110,126.964057922
56.552345276,72.757308960,128.830856323
55.949050903,75.365554810,148.050079346
54.961929321,73.475051880,208.738708496
55.748176575,73.860794067,258.248596191
56.721641541,72.451866150,88.954345703
56.477054596,75.273803711,134.173233032
56.492885590,73.322128296,184.958770752
54.687660217,73.198188782,161.524139404
56.907836914,72.563117981,86.116500854
56.277412415,74.178451538,229.826828003
56.233577728,73.373527527,210.645050049
55.836593628,73.097000122,203.205947876
53.344619751,73.494422913,48.472473145
55.261058807,73.646163940,240.801010132
57.320209503,75.027297974,82.070945740
56.918174744,72.552574158,84.601257324
56.058273315,74.771438599,209.254379272
56.838222504,76.253402710,34.828773499
54.246040344,73.958641052,146.873504639
56.139743805,73.861839294,241.246215820
53.707248688,73.932861328,84.967628479
56.660430908,73.316078186,167.969467163
57.223461151,73.487442017,114.239036560
56.062664032,75.234954834,160.122817993
56.369533539,74.053077698,223.660415649
55.903224945,73.956535339,255.132019043
55.350002289,74.149505615,253.296737671
56.755447388,73.529464722,170.344161987
55.934551239,73.964561462,253.890960693
56.386539459,74.275115967,217.625686646
56.437568665,73.010948181,162.680862427
54.285205841,75.397743225,81.818824768
55.235046387,73.867538452,247.564285278
55.817481995,73.874137878,257.005981445
56.950523376,72.609710693,86.656127930
57.283817291,72.545341492,59.696834564
55.828426361,74.789794922,215.666351318
54.044124603,74.781410217,102.199638367
56.357067108,74.912918091,178.024505615
54.585540771,74.133544922,188.525222778
55.683654785,73.440643311,238.016754150
56.262855530,73.197654724,193.625335693
54.898910522,74.549713135,205.378494263
54.506542206,74.762992859,152.186859131
57.561996460,73.102592468,65.047676086
54.716762543,74.776168823,171.968475342
54.875755310,73.993850708,220.719940186
56.241561890,75.072822571,169.679595947
55.643642426,75.744316101,104.726547241
54.774765015,73.853851318,208.312316895
58.217716217,74.232124329,29.995304108
56.123523712,73.786682129,240.604934692
57.402183533,75.446014404,53.174156189
55.940208435,74.384529114,243.061935425
56.414203644,74.831321716,180.968292236
56.896827698,74.534530640,153.226821899
57.234947205,74.058013916,124.112426758
54.850547791,73.525535583,201.880111694
55.692260742,73.533866882,244.697753906
55.671531677,73.204414368,216.493118286
55.433319092,74.364646912,248.188644409
55.618927002,74.004348755,260.554199219
53.762325287,73.336250305,77.467475891
56.891727448,74.395027161,159.628555298
54.684192657,74.928329468,155.886260986
54.932411194,73.406700134,201.170028687
56.437267303,73.981979370,217.353103638
54.870811462,73.130966187,171.873840332
55.552791595,74.220123291,256.528137207
55.536087036,73.378700256,231.968307495
56.524185181,74.023178101,208.544570923
54.826305389,72.841766357,138.982650757
53.432735443,74.576782227,53.417263031
55.256614685,73.015922546,185.322570801
56.233890533,72.376388550,105.236694336
56.055488586,72.426239014,116.522750854
55.108207703,72.765617371,148.375259399
56.954986572,73.739540100,154.735321045
56.531959534,73.414115906,187.620407104
56.562915802,74.392555237,196.047943115
55.992706299,73.098747253,198.713851929
56.284549713,73.478698730,214.179107666
55.193649292,75.243637085,155.525436401
53.823585510,75.092056274,66.146232605
55.046253204,75.001815796,175.842330933
56.610744476,75.755111694,79.487220764
55.468570709,74.081420898,258.167480469
55.030498505,74.644828796,208.899337769
54.259548187,74.820175171,122.439361572
55.764717102,73.290771484,224.360092163
54.894149780,74.021759033,222.603439331
56.213001251,74.634643555,211.700576782
54.680130005,71.682594299,30.637565613
55.508789062,73.247596741,219.254699707
57.416347504,73.585212708,95.910057068
56.812419891,73.319343567,152.054443359
56.570205688,72.766105652,128.403839111
54.958145142,72.828521729,146.697601318
55.255115509,71.732276917,44.951095581
53.757232666,73.055641174,65.593093872
55.815933228,74.031524658,257.980865479
94.590446472,61.379901886,90.763381958
96.391395569,61.488250732,105.369659424
95.542274475,58.384498596,125.566947937
94.774299622,57.511371613,31.334320068
95.618965149,59.295509338,225.486236572
95.874031067,59.619762421,244.856658936
95.918869019,60.191200256,243.765548706
96.830787659,60.385875702,167.886886597
93.484497070,59.733493805,56.033283234
95.873664856,59.627876282,245.188049316
95.359542847,61.064483643,161.301895142
94.680816650,58.645942688,113.717704773
95.347801208,59.087921143,198.618179321
95.197776794,61.440734863,114.014083862
95.175964355,59.248607635,203.819915771
94.954345703,60.790931702,167.993331909
96.484939575,60.460594177,196.943023682
96.209136963,58.757106781,163.073318481
96.729148865,59.857822418,191.080993652
94.377143860,60.688621521,126.322235107
94.883407593,58.828231812,145.047698975
95.757675171,60.464370728,229.767852783
95.786140442,59.004432678,198.935638428
96.710937500,59.182388306,168.214324951
95.711196899,59.780635834,251.221420288
94.721603394,61.597076416,79.219360352
96.376861572,61.612377167,92.945266724
94.508750916,60.029067993,164.082855225
96.948532104,59.142513275,143.440597534
95.143051147,58.422576904,117.417228699
94.278381348,59.669609070,134.399948120
95.979019165,60.392505646,231.289230347
95.352157593,58.549716949,139.614349365
95.884986877,60.560092926,220.803268433
96.625495911,59.361778259,186.823791504
96.475921631,59.879058838,215.826232910
94.267074585,60.119079590,134.875518799
96.334175110,62.140422821,46.989307404
95.285820007,61.417819977,119.299102783
95.633430481,60.076766968,249.498153687
97.390251160,59.544158936,113.626258850
95.096931458,58.711704254,146.513656616
95.605972290,58.843299866,180.077621460
95.823547363,59.521301270,241.051254272
97.387733459,61.636447906,45.428863525
97.431571960,59.537120819,109.014762878
97.177276611,58.927509308,108.065948486
94.198623657,58.590091705,75.135993958
96.674827576,61.495742798,91.791328430
96.638633728,60.366561890,188.304855347
95.750793457,59.421615601,235.614532471
95.231346130,59.303260803,211.574768066
96.456367493,59.199668884,190.202377319
95.587493896,61.613803864,103.718719482
95.313400269,59.946670532,240.548324585
96.141281128,60.393299103,224.595764160
95.599517822,59.560516357,242.706527710
96.557586670,59.440528870,196.940689087
96.527183533,60.266452789,203.357192993
96.049301147,58.740440369,166.334716797
94.617240906,58.829322815,124.773498535
95.722236633,60.488918304,227.826843262
96.900520325,59.670497894,170.542861938
95.966720581,59.411014557,231.353683472
95.041786194,58.285854340,98.912590027
95.282135010,60.691844940,197.347442627
96.291938782,60.341079712,218.659683228
96.397605896,60.111923218,219.825317383
96.732933044,60.405681610,177.012573242
96.202041626,59.112842560,198.681076050
94.968147278,58.554332733,122.822525024
96.691062927,60.548698425,172.877395630
96.355552673,59.480678558,215.166473389
95.445175171,60.756290436,197.792251587
95.869277954,60.691406250,208.976959229
96.310699463,60.153934479,225.362167358
94.617782593,59.962718964,177.208786011
95.858856201,61.329380035,136.699890137
95.787925720,60.812309265,197.193771362
95.461105347,57.808803558,65.609832764
95.465873718,60.677665710,206.302474976
94.741996765,59.881160736,191.273101807
95.886993408,60.718952179,206.011734009
95.958282471,58.376346588,126.271232605
94.516082764,60.821693420,130.404373169
94.997146606,59.724643707,215.151321411
96.155174255,61.382820129,125.104782104
96.788558960,61.083065033,122.587356567
94.105674744,59.635658264,113.884155273
94.606208801,59.768985748,174.858963013
96.088478088,60.326110840,231.135803223
96.193641663,61.421417236,119.589317322
96.202377319,59.572216034,229.541931152
96.707595825,58.702068329,129.414779663
95.508499146,61.698528290,93.991493225
96.959579468,59.044094086,136.036331177
97.964691162,59.231529236,51.340904236
96.402709961,61.770374298,76.516143799
95.452056885,57.332912445,32.258460999
96.522537231,58.096473694,81.328010559
94.874855042,59.591197968,199.450103760
95.725929260,58.975196838,195.833770752
93.958129883,59.854492188,100.632705688
96.891540527,61.429458618,85.736343384
96.337448120,59.675621033,224.132369995
94.498741150,60.900844574,123.206626892
96.523933411,60.739662170,173.211090088
95.142425537,59.222057343,199.449203491
96.565071106,60.689178467,174.028411865
96.543167114,61.748336792,73.941551208
94.475532532,59.959331512,160.622085571
96.926391602,60.460155487,154.139038086
97.562545776,60.584808350,83.578315735
95.142639160,59.633331299,224.531906128
98.193649292,60.418727875,39.627731323
95.326316833,60.265262604,231.729278564
96.223968506,61.068546295,158.603347778
94.704444885,59.359489441,171.067794800
95.866661072,59.167339325,214.272766113
96.722839355,59.108688354,162.048828125
94.799400330,59.175354004,168.270904541
97.538459778,60.879829407,73.402450562
96.320060730,60.147815704,224.865173340
94.153167725,56.783466339,6.089989185
94.232513428,59.269710541,116.079055786
94.147438049,59.552490234,116.640403748
95.705360413,59.488971710,239.848770142
96.156234741,59.915908813,239.499084473
94.163993835,57.436264038,16.002210617
96.388717651,60.748195648,182.232879639
95.024093628,60.590972900,190.067520142
97.689071655,62.009586334,21.069675446
97.091598511,60.150184631,147.413162231
94.348297119,59.290840149,129.400344849
94.399444580,59.783088684,150.654251099
94.249351501,57.925739288,37.753223419
96.182167053,58.475410461,132.920913696
93.620964050,58.215686798,25.996192932
94.912483215,60.515029907,186.831726074
96.066818237,60.899635315,182.948913574
96.120399475,61.206474304,146.530670166
93.798423767,58.269569397,35.412406921
96.080368042,59.992633820,242.986038208
95.263893127,58.317543030,110.696647644
95.956817627,58.569839478,148.609603882
94.972465515,58.815090179,149.832595825
95.217048645,61.745975494,83.958473206
97.029182434,59.473472595,151.174758911
96.064704895,60.547676086,216.864166260
94.821037292,60.737884521,162.443435669
94.364288330,60.088161469,146.538833618
96.360816956,60.282436371,216.610961914
97.779518127,60.299163818,72.275123596
96.124557495,60.973842621,172.917510986
94.943115234,60.707180023,174.485092163
96.832817078,59.357669830,166.868499756
94.676559448,60.401401520,171.553115845
97.184761047,60.125503540,137.404861450
94.364143372,60.426551819,137.720794678
95.197700500,60.529685974,206.768356323
98.342468262,61.617748260,13.940947533
97.105331421,60.196304321,144.676437378
96.365051270,59.513759613,216.059173584
95.054237366,60.684890747,184.392852783
95.162384033,60.485790253,207.875396729
95.006286621,60.548816681,191.975326538
95.389938354,58.562046051,142.260269165
95.404502869,59.736553192,243.338989258
97.367393494,60.242115021,114.351669312
95.044548035,59.297409058,198.236465454
95.847335815,59.144958496,212.451538086
96.156372070,58.841804504,174.096496582
96.075706482,59.794483185,242.868972778
95.819160461,60.724166870,206.223953247
94.333923340,60.122528076,142.548522949
95.867042542,58.631465912,156.683166504
94.565811157,60.033512115,170.659500122
93.990592957,59.441616058,96.782485962
96.067909241,60.392932892,228.020553589
93.350090027,60.299438477,45.516918182
94.848136902,60.215732574,196.854110718
96.437667847,59.815593719,218.768142700
95.490951538,58.465602875,133.838424683
97.525375366,59.941310883,102.150001526
94.809638977,57.715015411,43.585960388
97.258590698,61.348896027,68.630622864
94.940544128,60.707653046,174.251815796
95.388664246,59.205837250,211.388656616
96.832481384,59.997642517,179.326980591
96.109580994,61.978458405,64.168869019
94.241683960,59.727237701,131.156387329
95.746421814,58.506927490,142.207214355
95.677627563,59.611728668,245.951889038
96.046043396,57.961166382,80.780143738
95.437667847,61.215286255,146.367843628
95.799316406,60.611583710,217.194702148
96.909187317,60.911060333,126.724105835
97.255958557,60.315093994,124.294921875
96.434852600,61.129283905,141.726181030
96.286689758,61.491519928,108.830566406
95.417785645,60.832130432,188.954238892
95.963584900,61.835391998,79.665809631
94.696380615,59.541896820,178.914810181
96.063415527,59.278106689,218.507125854
95.909385681,59.023174286,199.662200928
94.180213928,59.830997467,125.275215149
96.811866760,60.516242981,162.992568970
93.881225586,60.442306519,87.534683228
97.096893311,58.771564484,104.468475342
96.923286438,58.608654022,105.477890015
96.842285156,59.193157196,156.789581299
96.824218750,57.981887817,59.030105591
97.699531555,60.206554413,81.340209961
96.626068115,60.498271942,182.147216797
95.182899475,58.693035126,148.885574341
96.590339661,59.104503632,172.783859253
95.166381836,60.165233612,226.183517456
95.965591431,59.967376709,247.931838989
95.787117004,60.338821411,238.338760376
95.526031494,59.668376923,245.638122559
98.754425049,59.199962616,10.468539238
95.459342957,58.603965759,149.145812988
94.681663513,59.548011780,177.540466309
96.560523987,58.394886017,108.683258057
95.311523438,59.659023285,236.468170166
93.395889282,59.258140564,42.847476959
96.188240051,59.729221344,235.564880371
96.636070251,58.921504974,154.276016235
97.111267090,60.539791107,130.519866943
94.132637024,60.025276184,120.252151489
96.583724976,60.168315887,201.599716187
96.174369812,60.483188629,216.809341431
95.647186279,59.264335632,223.255599976
95.427406311,58.633392334,151.664550781
96.816741943,59.376888275,169.407470703
96.631111145,59.908756256,201.150375366
96.598327637,59.555110931,198.174255371
96.961647034,59.765228271,165.158508301
94.479934692,59.374240875,147.718688965
96.474403381,60.487339020,196.112899780
95.453224182,58.239974976,107.595504761
96.641052246,58.013343811,69.172508240
95.062202454,60.873081207,167.390808105
96.980140686,59.302947998,149.203170776
94.936775208,60.307750702,201.249435425
97.124145508,59.440494537,139.730255127
95.391708374,59.704273224,241.923965454
95.375030518,59.244258881,214.162658691
95.319488525,58.569110870,140.694015503
95.450080872,58.001468658,82.988319397
96.850875854,58.921409607,136.879501343
96.660018921,61.536144257,88.741218567
94.283119202,59.953063965,137.851898193
94.980468750,59.436737061,202.015625000
95.101707458,58.804668427,156.695938110
96.122528076,58.627986908,151.778869629
95.811630249,58.819389343,178.632568359
97.994010925,59.633060455,56.239494324
96.737945557,59.255146027,170.397994995
95.538635254,60.753528595,200.753479004
94.302139282,59.527114868,133.499420166
96.601814270,60.315658569,194.259887695
96.064353943,59.970287323,243.972381592
96.276725769,59.613849640,226.463943481
96.380867004,59.065620422,184.566040039
95.573188782,59.136199951,210.511383057
94.919677734,60.025283813,208.876510620
95.112899780,61.309288025,124.665420532
97.871871948,61.102321625,42.292232513
96.615623474,60.383506775,189.649780273
96.198257446,58.456714630,130.352951050
93.760856628,59.587551117,77.473640442
95.447998047,62.206783295,48.860961914
94.711166382,62.194499969,36.248050690
94.675247192,59.852008820,183.676834106
94.094528198,61.377758026,60.577945709
95.460998535,58.460018158,132.477111816
97.468505859,57.931316376,29.673973083
96.457687378,58.859718323,160.941772461
96.211547852,60.674369812,199.368331909
95.719970703,60.992603302,176.914733887
95.579055786,59.444980621,235.750579834
94.517601013,57.989009857,51.667850494
93.547378540,60.371860504,59.277091980
95.200447083,60.518081665,207.849655151
97.448944092,60.777050018,85.696899414
94.496482849,59.302951813,145.978652954
95.166275024,60.971733093,163.175582886
96.576843262,59.044254303,169.074356079
97.209693909,59.435028076,130.253570557
94.858322144,60.500000000,183.158584595
94.377655029,60.941852570,110.251754761
98.261108398,61.409812927,19.136720657
95.516250610,61.012775421,171.736892700
97.111328125,60.266098022,141.916030884
96.742401123,59.484725952,181.581924438
95.653877258,60.516685486,225.072509766
94.929801941,60.912780762,155.050430298
94.936332703,60.319263458,200.636947632
95.134651184,60.474525452,206.828369141
95.186485291,59.799659729,231.941070557
95.088142395,60.115718842,221.850357056
95.000495911,61.507511139,99.775817871
94.348762512,59.644577026,142.117401123
95.172744751,60.056472778,229.856811523
95.819992065,60.366046906,236.338546753
96.141433716,58.777885437,167.775833130
97.427009583,59.727577209,112.461624146
95.154693604,59.976615906,229.855911255
97.233787537,59.023956299,108.644126892
95.887176514,60.199893951,244.153564453
94.353942871,58.929069519,109.436927795
95.865592957,59.396209717,232.734237671
97.194610596,58.532257080,79.473350525
95.583793640,60.237384796,242.609771729
94.795730591,59.430877686,184.266265869
95.540435791,59.338436127,227.382446289
96.904724121,59.402225494,161.607543945
95.982360840,59.229076385,217.242126465
94.028739929,57.403568268,13.009860039
96.059707642,59.832477570,244.099349976
96.368911743,59.833087921,224.582321167
96.985626221,59.202220917,143.317642212
96.799240112,58.137107849,72.645599365
96.137489319,58.930370331,183.999282837
94.808273315,60.106792450,196.101669312
93.949104309,61.074016571,68.245498657
97.208976746,60.489948273,122.563476562
95.229171753,60.689739227,194.775360107
93.198005676,59.390029907,33.729732513
95.759552002,60.095455170,249.509948730
95.863281250,59.620319366,245.089752197
94.638656616,60.698448181,149.922790527
96.410034180,59.043643951,180.804077148
95.980064392,60.459339142,226.606262207
96.300216675,60.869377136,176.084228516
94.828628540,59.094264984,164.545944214
95.150306702,61.378543854,118.861915588
96.741699219,58.476482391,106.205352783
97.231994629,58.330116272,63.012523651
95.290557861,59.108100891,197.900405884
94.458435059,61.667236328,61.033229828
94.774475098,60.616264343,167.804397583
95.623176575,58.914524078,188.314590454
95.098815918,59.288303375,201.646270752
96.017356873,60.579341888,215.907531738
95.547698975,60.573234558,218.314895630
95.887290955,60.223075867,243.135009766
94.683029175,61.428382874,91.827087402
97.439422607,58.912376404,83.483535767
95.208106995,60.218349457,226.922500610
96.073905945,60.432987213,225.102676392
95.450775146,60.842559814,188.931320190
95.362907410,58.896438599,179.315887451
95.735061646,58.743968964,169.961135864
94.520111084,59.252021790,145.701004028
95.810134888,59.121555328,210.579284668
95.776779175,59.114707947,210.093643188
95.628456116,60.224239349,244.008834839
94.684783936,60.995849609,130.198486328
96.191833496,61.101436615,156.190841675
96.309265137,60.637130737,196.980392456
96.269607544,59.812412262,231.756332397
95.643730164,59.128559113,210.879043579
95.390388489,60.708061218,200.628936768
95.396118164,59.741767883,243.093872070
94.943260193,61.429393768,104.895629883
95.639099121,58.993618011,197.098602295
97.015617371,60.211856842,154.341979980
96.788711548,59.340160370,170.340652466
96.103355408,60.139953613,238.621170044
94.472122192,60.689201355,135.252166748
95.769027710,58.932247162,191.264846802
95.905448914,59.433452606,234.408325195
95.299087524,60.307685852,227.956451416
95.203971863,60.740142822,188.624267578
95.466224670,60.498703003,222.245925903
97.177955627,60.528263092,124.073196411
95.321060181,60.268611908,231.277572632
95.578659058,59.110404968,208.110748291
93.818641663,60.021015167,86.696067810
97.859405518,61.344100952,35.238529205
97.177848816,58.193168640,57.002857208
94.132659912,59.137786865,99.997612000
94.845146179,59.024120331,160.061294556
95.342453003,60.641086578,204.965103149
96.003501892,60.358730316,232.630554199
93.357231140,60.344757080,45.481960297
95.815277100,60.457992554,229.942337036
94.980026245,60.159431458,211.259521484
94.947669983,57.324909210,26.001062393
96.199623108,58.930694580,181.538497925
95.738227844,60.730476379,205.771148682
96.058990479,60.792381287,194.491989136
95.436203003,56.837753296,12.435366631
96.974128723,58.659626007,105.822593689
94.688003540,60.527526855,165.720932007
96.218475342,59.374450684,217.969726562
94.080108643,61.406173706,57.961219788
95.693611145,58.830745697,179.686599731
94.792526245,60.905010223,146.060745239
95.487472534,60.068862915,246.342926025
95.139701843,60.685428619,189.938339233
95.505523682,61.597640991,104.556411743
95.932823181,61.415004730,125.865104675
95.562385559,59.200752258,216.324813843
93.962173462,59.272922516,88.723701477
94.699462891,59.869441986,186.504104614
96.196952820,59.639904022,232.470336914
95.707351685,60.050674438,250.695678711
94.750793457,57.304000854,22.021856308
92.765022278,60.456607819,14.746528625
96.719093323,60.822113037,150.356460571
97.743064880,60.255699158,76.391975403
96.526123047,59.544265747,204.290069580
95.994392395,59.130046844,208.168548584
96.084289551,59.464290619,230.270645142
97.617980957,62.259975433,15.874212265
97.280204773,60.642559052,108.074066162
95.244110107,58.024917603,80.480598450
97.046264648,58.362167358,76.955459595
95.250663757,59.720558167,234.706359863
95.560348511,60.569023132,218.983886719
95.793388367,59.970787048,251.649200439
95.151367188,60.026290894,228.887420654
96.217163086,60.698852539,196.870223999
95.763763428,58.956302643,193.868789673
96.099113464,59.717460632,240.160125732
95.247505188,61.628353119,96.166114807
95.473953247,58.486099243,135.808609009
95.470481873,59.814323425,247.363128662
94.865524292,59.013484955,160.790206909
94.513320923,57.935947418,48.025867462
95.177429199,59.503887177,221.232971191
96.141807556,59.028945923,193.603500366
95.598785400,60.198680878,244.693496704
95.291641235,59.188529968,205.378433228
95.356750488,59.413635254,226.260757446
94.612228394,61.397953033,90.495674133
96.220321655,58.304588318,112.967620850
97.404602051,60.776954651,89.659523010
96.516296387,59.705696106,210.111145020
95.382171631,60.946727753,175.268173218
96.486564636,60.550354004,190.851394653
97.784530640,58.689002991,46.490158081
95.051574707,60.255577087,213.591598511
95.456222534,59.711696625,244.770858765
96.835571289,60.036369324,178.459014893
95.549438477,59.141780853,210.547851562
96.213249207,60.424514771,218.677230835
95.034255981,59.038970947,175.836532593
94.414459229,60.491657257,140.233535767
96.882904053,59.184555054,152.367858887
94.870590210,60.084720612,202.932922363
94.488685608,59.361896515,148.096267700
96.361473083,59.896320343,225.458023071
96.990180969,59.828182220,162.368240356
95.297264099,61.787471771,81.863174438
96.060501099,60.025917053,243.436111450
96.021331787,59.586917877,239.092773438
94.551643372,59.833930969,169.256271362
95.155540466,59.823398590,229.966903687
95.481330872,60.239681244,239.740127563
95.321075439,58.164844513,96.356643677
96.831336975,61.005992889,125.784553528
96.560783386,58.626792908,131.843338013
96.622642517,60.338699341,191.196411133
96.988670349,60.379695892,151.203170776
95.113105774,59.099220276,186.774215698
94.963058472,62.184326172,43.186687469
96.046890259,59.734260559,242.997848511
96.214736938,59.432689667,221.760787964
97.309753418,60.687217712,102.964538574
95.561843872,61.367786407,131.102737427
95.704956055,60.285118103,241.581054688
96.228118896,59.561794281,227.535919189
96.506790161,59.800662994,212.533859253
94.188140869,60.005733490,126.673538208
95.152816772,58.628421783,140.314132690
96.737022400,58.839149475,139.436157227
96.343048096,59.330810547,207.364685059
95.628791809,60.352733612,236.844772339
97.214172363,59.797504425,136.756317139
94.980567932,59.730728149,213.771789551
97.104003906,62.549228668,14.395219803
94.057289124,59.192325592,94.980262756
95.944694519,58.220275879,108.891906738
93.432052612,59.668045044,51.565761566
95.215003967,61.158191681,145.302352905
95.006355286,59.154415131,184.024444580
95.328628540,61.230991364,141.406066895
96.137115479,60.765090942,194.328308105
96.623001099,60.036579132,200.809387207
95.433792114,58.344680786,118.683952332
95.701179504,59.221702576,219.983032227
95.625442505,61.256038666,145.015731812
94.176948547,59.432373047,116.363899231
96.949615479,59.956478119,166.682220459
93.921852112,60.254566193,95.246627808
95.440635681,60.040325165,245.306365967
93.859466553,60.111206055,90.429389954
96.614921570,60.308113098,193.342880249
96.840652466,59.021957397,145.365371704
96.415458679,59.280635834,198.937500000
95.552551270,60.555992126,219.941925049
95.537376404,59.031272888,199.232589722
95.897155762,57.498943329,43.224128723
96.796607971,59.826297760,183.780273438
95.033012390,60.026683807,219.285598755
96.876342773,60.459484100,159.453445435
95.306861877,59.333118439,218.064727783
95.282127380,60.307621002,227.005325317
94.724151611,59.776069641,188.350189209
94.833122253,61.346748352,107.382049561
95.322463989,59.321273804,217.957992554
95.365715027,58.944038391,184.574081421
95.597602844,61.041786194,169.944244385
96.039993286,59.949134827,245.218841553
94.674812317,60.632354736,157.752975464
96.543029785,58.408107758,110.903709412
95.776695251,60.673645020,211.428085327
93.342536926,60.144039154,46.298469543
97.755325317,59.698287964,78.236900330
96.680343628,60.142250061,192.743881226
95.695671082,60.001529694,251.565765381
95.080192566,61.300457001,124.169303894
96.546012878,60.357078552,197.460830688
94.782234192,60.081836700,193.926177979
94.293060303,60.273468018,134.885833740
94.384475708,57.652694702,28.513628006
95.067276001,61.522239685,100.964172363
94.691253662,59.842308044,185.416610718
95.297164917,60.009140015,238.891693115
96.825248718,58.581302643,110.191001892
97.719886780,59.076839447,66.482376099
95.274085999,59.705635071,235.756011963
94.806808472,59.293060303,177.207351685
96.128952026,58.141983032,97.779983521
94.621994019,60.134185791,175.366226196
97.318031311,58.422477722,63.581230164
98.384422302,60.938861847,23.001272202
95.962707520,60.289028168,237.944351196
95.542922974,57.921852112,76.857025146
95.422157288,59.236351013,215.379577637
95.892181396,60.213115692,243.476135254
95.704017639,59.948913574,252.161407471
96.261642456,59.861743927,232.731750488
94.965171814,62.036785126,53.242156982
96.488395691,61.244235992,126.722045898
95.073600769,60.616001129,191.595733643
96.370895386,59.968540192,224.435119629
97.868507385,59.363746643,62.308776855
95.354606628,59.001148224,190.147430420
96.206626892,59.405651093,220.605880737
97.727287292,60.722564697,64.734870911
95.265838623,59.365009308,218.161514282
96.288993835,59.621337891,225.894104004
95.789115906,58.775333405,173.664566040
96.562591553,58.917121887,159.276351929
92.716255188,60.695144653,10.852514267
95.407104492,61.149845123,153.082366943
96.500770569,59.458847046,202.706390381
94.726119995,61.133274078,120.921157837
96.304588318,59.632514954,225.189285278
96.185256958,61.520553589,108.714195251
94.775978088,58.774894714,132.264862061
96.356254578,59.611343384,220.690963745
96.923095703,60.059959412,168.354812622
96.488533020,59.206291199,188.290512085
95.735954285,59.707649231,249.488800049
95.367744446,60.376842499,227.214401245
97.013435364,59.689884186,158.389312744
95.699882507,62.248172760,46.370609283
96.036521912,61.090087891,162.330230713
95.705337524,59.541248322,242.738693237
96.850044250,59.704532623,176.645721436
95.024528503,60.266742706,210.836090088
94.730651855,59.758422852,188.789764404
95.713989258,60.439949036,231.570892334
94.261367798,60.205112457,132.843017578
95.471992493,59.276798248,220.540298462
95.994125366,60.715656281,204.097793579
96.671699524,58.058490753,71.792167664
95.383666992,60.911869049,179.150421143
96.131340027,60.940937042,176.282775879
95.214630127,59.847179413,234.402664185
96.531852722,59.976169586,210.377609253
96.207496643,60.232006073,229.407485962
93.865928650,59.915012360,91.327285767
95.829643250,60.626937866,215.557525635
95.761199951,59.812511444,251.613021851
96.294471741,59.156715393,197.502456665
96.370964050,59.253864288,200.180252075
96.300491333,62.213035583,42.471141815
94.835388184,59.794631958,200.588439941
94.141784668,59.291347504,107.463729858
96.646049500,60.708572388,165.663467407
97.406028748,60.295883179,108.746391296
96.278396606,59.084083557,192.203186035
95.615699768,59.258026123,222.315567017
94.530303955,60.050971985,166.348388672
95.591156006,59.861152649,251.025161743
95.003402710,59.904594421,217.727127075
94.279624939,60.939285278,102.288230896
93.985572815,59.519447327,98.283538818
96.236351013,59.883773804,234.528350830
94.048416138,59.374481201,100.733932495
94.283363342,60.159641266,136.153488159
93.515670776,59.538639069,56.069149017
97.248733521,59.088031769,110.777244568
95.847175598,58.875762939,184.737030029
94.940513611,58.698528290,135.995300293
97.833885193,61.251098633,39.441928864
96.470771790,59.725410461,214.553314209
93.761016846,58.997680664,61.671417236
97.717506409,59.165054321,69.818344116
96.699958801,59.028690338,158.004394531
96.727180481,60.270130157,183.708328247
96.916900635,59.564567566,166.204757690
97.377426147,59.801620483,118.402503967
97.464195251,61.029205322,72.090126038
95.450576782,59.416881561,230.364486694
94.803764343,60.803249359,155.676116943
95.973205566,61.817760468,81.288948059
96.086898804,60.881061554,184.298187256
93.937324524,60.327777863,95.561355591
95.198356628,61.039951324,157.460113525
96.440361023,59.708885193,216.800765991
96.271377563,58.634098053,147.306289673
95.317344666,60.002571106,240.139282227
95.221290588,61.813335419,77.840744019
97.218162537,61.180397034,82.099136353
95.853820801,62.091560364,57.595527649
96.784469604,60.514556885,165.849624634
95.526672363,59.737480164,247.683975220
95.527069092,59.817176819,249.160873413
95.225952148,61.293872833,130.832489014
95.187156677,59.650787354,228.379302979
95.728225708,60.400791168,234.424346924
96.482307434,60.036399841,214.142608643
95.450874329,60.920234680,180.456756592
94.572242737,59.898235321,172.014282227
94.135597229,60.643737793,105.398551941
95.671005249,59.904575348,252.160690308
95.714035034,59.654354095,247.759887695
96.525032043,61.511417389,97.383438110
95.447143555,59.308975220,222.314590454
96.188896179,60.837970734,184.797439575
94.699867249,59.514614105,178.190368652
97.882690430,60.011077881,66.908233643
96.021102905,58.051158905,90.093536377
95.960258484,60.415603638,230.290237427
96.592628479,59.669784546,202.218078613
93.898483276,60.884311676,73.547256470
94.986976624,60.054943085,214.668533325
95.511207581,60.954200745,178.295059204
95.198295593,60.674648285,194.429885864
95.268898010,60.045642853,236.521804810
95.370697021,59.431186676,228.061920166
95.364837646,60.365997314,227.785781860
96.793388367,60.194450378,179.376251221
95.105575562,60.552337646,198.955444336
98.080017090,60.619831085,43.142211914
95.613220215,59.729679108,249.303436279
96.716545105,60.673374176,161.991317749
95.512725830,59.891166687,249.266113281
95.895126343,60.805320740,197.012741089
95.470024109,59.322639465,224.166839600
95.932861328,59.436481476,233.934875488
96.397117615,61.680965424,85.349060059
96.264282227,61.998321533,59.553939819
95.321945190,58.781295776,164.918395996
95.182670593,59.704151154,229.706344604
94.858268738,59.087776184,166.532516479
97.443862915,59.478607178,106.309867859
97.060157776,59.196136475,135.492294312
96.798881531,59.987155914,183.109954834
96.573654175,60.119609833,203.924957275
97.106826782,60.918632507,108.538284302
93.809143066,59.187049866,71.915771484
95.076034546,60.418415070,206.448150635
95.590644836,60.167304993,245.844802856
94.660072327,60.994152069,128.516784668
95.514884949,60.828266144,192.293579102
96.194602966,59.042865753,192.654434204
94.823173523,58.281078339,88.499694824
94.535148621,59.877967834,167.600051880
95.478965759,60.155475616,243.329421997
96.305198669,59.820018768,229.308349609
97.624183655,61.341320038,47.105537415
96.786193848,57.151523590,14.813274384
94.230812073,62.582126617,10.789985657
97.297210693,59.951381683,127.135650635
95.996734619,59.195240021,213.938888550
94.050918579,59.157386780,92.933631897
96.781906128,58.165859222,75.942451477
96.751121521,60.652786255,160.233718872
95.395767212,59.270503998,217.236679077
94.875617981,58.603767395,122.464950562
95.043640137,60.765846252,176.412246704
95.638305664,59.224246979,219.685577393
95.153656006,60.987152100,160.907226562
94.035568237,60.664890289,95.013099670
97.231292725,61.736110687,46.954910278
97.141815186,60.502292633,129.115020752
95.508186340,59.633148193,243.844757080
96.587135315,59.613109589,201.168060303
94.997657776,60.706199646,178.568984985
96.810646057,58.810577393,131.216171265
95.225265503,59.886730194,235.294296265
95.906753540,60.644313812,212.890380859
96.539794922,58.974784851,165.975051880
95.538230896,60.811370850,194.674880981
93.938545227,59.403118134,90.445793152
96.954093933,60.851318359,127.088691711
95.919342041,58.870876312,183.379287720
95.782234192,60.429702759,232.272079468
94.612976074,58.793807983,121.485649109
94.021469116,60.068885803,107.675331116
97.085548401,59.962593079,151.163131714
97.266067505,59.883884430,130.976150513
96.053260803,59.486568451,232.853622437
95.782241821,60.084331512,249.675201416
95.897735596,59.865264893,250.052856445
96.423095703,61.342224121,119.611915588
95.273338318,59.395362854,220.696090698
97.024368286,60.717697144,129.351181030
96.402008057,60.568069458,196.108718872
94.000267029,61.288745880,59.952182770
96.601135254,59.192806244,178.382598877
94.717277527,59.371025085,173.033584595
94.974563599,59.373603821,197.698150635
95.729278564,60.135108948,248.342819214
95.129470825,60.848155975,173.847076416
95.528564453,57.807415009,66.378669739
96.718688965,58.183765411,80.643493652
95.431709290,59.357433319,225.472274780
-6.823195934,58.144515991,61.866748810
-7.901797771,55.718402863,235.276458740
-7.526713371,54.567813873,125.452934265
-6.935019493,56.341861725,207.796890259
-7.570094585,54.037250519,73.045036316
-8.146553993,55.811523438,230.511444092
-6.959887505,56.636001587,198.812713623
-7.624445438,56.973392487,203.227310181
-7.583361626,56.542217255,236.477325439
-7.308414936,56.567012787,226.133438110
-7.068685532,55.468654633,194.997940063
-8.009780884,56.570983887,228.912826538
-7.828790665,57.288444519,168.636627197
-7.775477886,56.586986542,234.227188110
-7.667747974,55.704219818,235.886550903
-7.971590996,56.445163727,236.957015991
-7.139820099,55.120689392,169.932083130
-7.167363167,56.910953522,194.287307739
-8.466479301,56.459995270,203.572311401
-6.564500332,56.864200592,149.373962402
-7.222147465,56.655155182,216.371658325
-7.982106686,55.564189911,223.661193848
-8.777031898,58.555263519,28.813102722
-8.199348450,55.192371368,183.744979858
-6.644136906,56.757812500,163.143783569
-8.814351082,56.479518890,167.543624878
-6.521709442,57.149055481,126.841712952
-7.885229588,56.411617279,241.077545166
-6.150406361,55.783351898,118.844581604
-7.362339020,55.343063354,201.125564575
-7.316370487,55.515319824,213.054611206
-4.577894688,56.042163849,10.702954292
-7.409266472,56.991600037,197.511520386
-9.096027374,54.029884338,38.850151062
-5.690167427,56.623985291,70.781158447
-7.484877110,55.646804810,228.754287720
-8.436815262,56.031482697,214.601181030
-7.426424503,56.046836853,242.370086670
-6.932539940,55.947109222,207.275726318
-8.266192436,56.463565826,219.813262939
-7.348817825,57.866733551,101.354438782
-7.315382004,56.392761230,233.999633789
-9.209907532,56.241191864,128.577224731
-8.842826843,54.370620728,71.001693726
-8.801335335,55.213275909,142.973220825
-6.695126534,56.547508240,178.053176880
-7.893692970,56.614482880,230.224380493
-6.489217758,55.541130066,147.359207153
-6.642876148,56.047969818,179.626480103
-7.333310127,56.051651001,238.216339111
-5.881605148,56.408622742,92.334236145
-6.680287838,54.097297668,52.026176453
-7.655935764,56.495563507,239.639419556
-7.481789112,57.259243011,171.235427856
-6.883335114,56.196689606,204.893936157
-9.088297844,54.648220062,77.623489380
-8.917119026,55.178043365,129.867385864
-7.541784763,55.079544067,180.946304321
-4.105817318,56.707611084,3.600353241
-7.136850357,56.760295868,204.168136597
-8.634312630,56.274097443,193.232131958
-6.293190956,54.050643921,33.633441925
-6.783631802,56.116802216,195.043792725
-7.739725113,56.249820709,247.824005127
-7.933757305,57.076492310,189.329147339
-6.681010723,55.074138641,133.904052734
-5.884010792,55.842494965,90.901512146
-7.206760883,55.229709625,183.712982178
-8.473927498,57.071834564,161.313049316
-7.479197025,56.386764526,240.933700562
-8.637177467,56.560619354,182.551193237
-7.161636829,56.110019684,228.276062012
-6.901797295,55.734008789,197.270065308
-6.363194942,54.375064850,56.125129700
-7.797094822,55.959358215,246.336288452
-7.098700523,55.747383118,213.948211670
-6.547916412,56.424911499,166.113952637
-6.801010609,57.215675354,143.473754883
-7.372207642,55.383270264,204.998947144
-7.674894810,55.425975800,215.997238159
-8.800658226,56.908622742,146.095520020
-7.923786163,55.427349091,214.538314819
-8.390311241,55.130874634,167.513610840
-7.048199654,55.902198792,216.004364014
-8.275957108,56.371162415,222.825729370
-7.379689693,56.069377899,240.662200928
-5.864721775,55.285163879,72.573844910
-7.143627167,56.476524353,220.509811401
-8.598964691,55.995849609,198.921691895
-6.721508026,54.213775635,62.462970734
-6.868564606,57.297145844,140.666152954
-9.493425369,56.924381256,81.129837036
-6.537666798,55.467430115,148.455856323
-6.267610073,58.004943848,49.794147491
-6.256028175,56.641193390,127.484039307
-7.805621147,56.337566376,245.212081909
-7.753116608,56.384647369,244.252853394
-8.057128906,56.806606293,210.007446289
-6.878931522,56.650482178,191.060638428
-7.944442272,55.882980347,241.356399536
-7.036055565,55.187042236,169.850433350
-7.766746521,56.440448761,241.962356567
-7.718556404,55.174610138,192.658828735
-7.845172882,55.927860260,244.913406372
-9.198931694,55.256694794,107.695259094
-8.305411339,54.958572388,155.101394653
-8.753433228,57.010936737,143.326461792
-8.556960106,55.234081268,165.181076050
-8.520851135,58.306957245,49.840507507
-7.112879753,56.883953094,193.265335083
-8.592604637,54.723896027,115.507308960
-8.867476463,57.399616241,104.945152283
-7.332914352,56.234802246,238.349395752
-5.995244503,55.984569550,104.913383484
-5.666584969,56.347320557,71.754730225
-7.109691143,56.765018463,202.062759399
-6.453183651,56.983238220,131.651290894
-7.627629757,57.728240967,119.502990723
-7.497553349,55.268291473,198.757873535
-7.343325138,55.374679565,203.073333740
-5.823972225,54.880798340,51.821609497
-6.978161812,57.554149628,121.645156860
-9.275168419,56.998703003,96.793334961
-7.881749153,56.688701630,225.443161011
-8.813368797,57.175212860,126.101455688
-5.956965923,56.041999817,101.213508606
-7.988455772,56.226741791,242.867996216
-5.930572033,54.697265625,50.056415558
-6.345438957,54.326286316,51.945507050
-8.281208038,57.944793701,86.887863159
-6.170775414,58.402816772,26.151985168
-7.087100029,56.688995361,205.557785034
-7.702497482,54.671287537,138.221954346
-8.035389900,56.833938599,208.675521851
-7.765370846,56.276256561,247.179046631
-8.444052696,55.147006989,165.601318359
-6.299915314,58.181659698,40.863346100
-8.458921432,56.163105011,212.321258545
-8.696625710,57.250591278,129.402465820
-5.630318642,56.520282745,66.975692749
-8.195130348,56.977878571,187.995925903
-5.529391766,55.764698029,55.981178284
-6.554706573,56.495170593,164.941665649
-7.965708256,55.972156525,243.057113647
-7.347482681,55.910999298,235.807830811
-8.812671661,56.151088715,175.671890259
-9.350872040,55.007141113,80.559326172
-8.162266731,57.035232544,184.377410889
-8.648568153,58.354110718,43.318881989
-9.597874641,55.011825562,61.265968323
-9.237790108,57.080089569,95.922386169
-10.971371651,56.702766418,7.480959892
-8.127096176,58.046859741,81.171363831
-7.357979298,55.912918091,236.371856689
-6.853288174,55.211627960,158.963348389
-7.769933224,55.201786041,195.383804321
-9.380506516,58.088619232,34.339584351
-7.290025234,56.827533722,207.558914185
-7.370028973,56.558780670,229.417404175
-7.309292793,55.714157104,225.448333740
-8.354236603,55.929634094,220.203323364
-8.195185661,55.154029846,180.196197510
-7.171867847,54.947696686,154.552597046
-8.486970901,55.227359772,169.833770752
-8.455331802,56.357345581,208.472366333
-8.496814728,57.008937836,164.925720215
-8.366130829,56.315822601,217.497604370
-7.593771935,55.764911652,238.136581421
-7.369453430,55.544754028,217.596710205
-8.394426346,56.751247406,192.988967896
-5.589249134,55.914161682,63.221252441
-8.207788467,57.494014740,135.163009644
-8.942186356,57.825000763,68.833755493
-7.381932735,57.626815796,127.849998474
-7.330257893,55.325176239,198.214691162
-8.141901970,55.706157684,225.990737915
-6.751337528,55.907516479,188.767227173
-7.470053673,55.788539886,236.076629639
-6.288206100,56.858795166,122.184120178
-6.924547672,55.889537811,205.054351807
-7.839951038,55.144493103,189.115264893
-9.077349663,57.315040588,95.195892334
-7.050410748,56.139827728,219.890792847
-6.211177826,57.426570892,83.322471619
-8.469367027,55.088069916,158.426788330
-8.340418816,57.381404877,140.592041016
-7.695289135,57.195835114,180.072021484
-6.481555462,56.889179230,139.867370605
-7.299819946,57.896816254,97.306632996
-8.052117348,56.888969421,203.170379639
-9.122030258,55.995788574,139.754058838
-6.414046764,56.352245331,152.457687378
-6.752600193,55.795967102,185.557601929
-8.071052551,56.203636169,239.583267212
-6.817669392,55.918037415,195.699218750
-7.133923531,55.989837646,224.755554199
-8.054307938,58.008750916,86.266983032
-7.394127846,55.575584412,220.795120239
-8.360728264,55.637077332,208.700469971
-6.781710625,58.576320648,33.058353424
-7.700621128,57.766551971,115.343276978
-8.837513924,56.263137817,171.251541138
-7.530817986,56.411369324,241.460754395
-7.845806599,56.411449432,241.983596802
-8.222659111,55.827831268,226.715484619
-6.602592945,55.202293396,137.285125732
-8.199308395,56.965694427,188.873474121
-6.661146164,56.372333527,179.709106445
-7.734012604,56.959205627,204.595413208
-7.700156212,57.062343597,194.373092651
-9.296316147,55.214443207,96.106124878
-5.367691994,54.958889008,27.038713455
-7.636404991,55.179073334,192.567565918
-7.908246994,56.412151337,240.431365967
-7.482717037,57.120491028,186.304992676
-7.959988117,54.711448669,140.372741699
-7.557277203,57.435581207,152.330932617
-8.518386841,55.892601013,205.252761841
-5.204613209,56.195831299,36.139431000
-7.661129475,55.952045441,246.198898315
-8.130731583,56.911434174,197.448913574
-6.514947414,56.403285980,162.937713623
-7.849603653,56.251552582,246.486160278
-7.742280960,54.642372131,135.048782349
-9.050341606,56.172237396,147.881942749
-8.490725517,55.175144196,164.972137451
-7.380836487,57.457447052,146.817062378
-9.059853554,55.529338837,135.561676025
-7.410386562,56.901878357,205.914550781
-7.503817081,56.439380646,239.702529907
-7.589548111,54.658477783,136.100387573
-8.059236526,54.836704254,151.760314941
-7.852904320,56.269519806,246.081878662
-6.768101692,55.339305878,161.892425537
-7.119919777,57.336750031,150.737182617
-8.534413338,57.744300842,95.847305298
-9.392799377,56.831829071,93.475738525
-8.702538490,57.186408997,134.160812378
-8.172154427,55.769950867,227.419769287
-9.051270485,53.706916809,25.563629150
-8.551936150,56.295734406,201.083145142
-6.977105618,57.950958252,83.168106079
-9.156010628,55.930328369,135.230361938
-9.501341820,55.784931183,94.216148376
-7.957679749,54.906650543,161.903457642
-8.740794182,55.733875275,178.459655762
-8.937673569,54.780353546,97.736312866
-6.588796139,55.512222290,156.079925537
-8.939614296,56.545181274,151.285400391
-6.004960537,57.726219177,52.547111511
-7.728537560,55.800384521,241.116958618
-6.707749367,56.637889862,175.496780396
-6.598995209,55.745147705,167.792068481
-7.223179817,55.485424042,205.985671997
-7.081708431,55.121871948,166.716964722
-8.746719360,56.934391022,149.354309082
-7.035077095,55.588771820,200.584167480
-7.581393242,55.569183350,225.952880859
-8.127198219,56.555309296,224.054504395
-7.623972893,56.434402466,242.139572144
-9.159410477,56.051273346,135.530090332
-7.309026718,56.980792999,194.978240967
-6.922310829,55.361995697,176.260345459
-8.102454185,56.182872772,238.225326538
-7.507732868,57.097473145,189.203384399
-8.743855476,53.992301941,48.525703430
-7.454208374,56.910713196,206.389953613
-7.714880943,56.716411591,225.819229126
-8.803109169,54.610057831,92.534469604
-7.145091534,55.608154297,209.579711914
-7.700253963,52.935855865,8.953224182
-8.206428528,54.878047943,151.130432129
-6.799274921,55.775115967,189.400070190
-7.380491734,55.755146027,230.981521606
-9.550694466,56.348213196,90.527038574
-8.575327873,56.661079407,183.124099731
-8.729372978,55.120651245,141.896575928
-8.737741470,55.798599243,180.800018311
-8.005692482,57.035907745,191.143737793
-8.867581367,57.629577637,87.366867065
-7.243731022,57.090465546,181.613052368
-6.943862438,57.375568390,137.684707642
-8.094697952,54.607513428,125.835548401
-9.176461220,55.375343323,115.994529724
-7.964003563,56.930877686,202.723251343
-6.949706554,56.750263214,191.238250732
-8.542490005,56.402614594,198.713684082
-6.951815128,55.329410553,175.987411499
-6.908266544,57.311527252,141.794616699
-8.670392036,55.172294617,151.007354736
-7.872093678,56.379928589,242.590179443
-9.288920403,55.346019745,103.086273193
-7.637752056,56.594429016,234.057571411
-6.270666599,56.228172302,137.182968140
-6.428942680,55.546352386,141.258499146
-7.250614166,57.513969421,136.851852417
-8.115138054,55.636856079,223.409805298
-7.561841488,56.027969360,246.255554199
-7.064538479,55.558406830,200.847763062
-7.891947269,55.529220581,223.237625122
-9.577360153,55.984622955,88.678497314
-7.765413284,55.953037262,246.414337158
-5.901392460,57.533424377,56.100055695
-7.251449108,56.084217072,233.993057251
-6.941847324,55.951778412,208.223754883
-7.281304836,54.859100342,150.151138306
-8.271612167,57.375400543,144.698562622
-8.534975052,54.171222687,68.674781799
-8.279580116,56.364078522,222.802474976
-6.646301746,55.678909302,170.115524292
-8.122859001,55.508426666,214.455001831
-6.953145981,57.143077850,160.413726807
-6.487036705,56.033527374,161.980056763
-8.649535179,55.852268219,191.442687988
-7.760736465,55.948036194,246.312850952
-6.947262287,57.547248840,120.842552185
-7.295354843,54.601001740,123.411445618
-7.207272053,57.405227661,147.173858643
-8.627425194,55.626541138,185.461257935
-7.044239044,58.029701233,78.190811157
-7.658315659,57.865333557,104.646690369
-7.941876411,57.363636017,158.043869019
-7.613799095,54.630088806,133.242202759
-8.478878975,56.255889893,209.021270752
-7.175951481,54.600498199,118.971015930
-6.333863258,54.571605682,68.139999390
-9.561728477,54.550693512,44.435142517
-8.563033104,58.346424103,46.014152527
-6.284086704,55.877918243,136.194183350
-6.119840622,55.585166931,109.525779724
-7.172337532,56.909500122,194.692291260
-9.262272835,56.659954071,112.506851196
-7.396655083,57.462448120,146.622726440
-8.403764725,55.897010803,215.493362427
-7.953741074,54.822891235,152.775268555
-5.792967319,56.050682068,83.946029663
-5.612139702,55.427680969,55.517734528
-7.511746407,54.993015289,171.243347168
-7.346725941,55.907974243,235.675613403
-7.007185459,57.009128571,175.912002563
-7.545181751,55.670776367,231.892303467
-8.055368423,56.053890228,240.707931519
-6.713684082,57.404312134,120.831893921
-7.075685978,54.955482483,150.326690674
-8.826164246,56.489009857,165.890792847
-6.626274586,56.490226746,172.832992554
-7.266655445,56.886829376,201.529266357
-7.727214336,57.020397186,198.562515259
-8.229638100,55.304431915,192.656402588
-8.219524384,55.301216125,192.885589600
-6.776241779,56.718048096,178.014755249
-9.599781990,55.173980713,67.268707275
-8.151698112,54.696929932,133.682998657
-7.199690819,57.152481079,173.420562744
-8.192348480,57.737354279,110.199371338
-8.397632599,59.574218750,3.945168734
-7.028481483,56.542217255,209.068420410
-7.729388714,56.884490967,211.669769287
-9.022335052,56.680942535,136.599243164
-5.398294449,57.459136963,30.100391388
-9.100921631,55.741722107,138.257385254
-8.725054741,56.318508148,182.491287231
-7.251613140,56.359558105,231.452346802
-7.555642605,55.268054962,200.058013916
-8.017220497,54.028442383,70.737541199
-6.869273663,56.512447357,196.522140503
-9.416273117,56.574466705,99.626358032
-6.758056641,57.812789917,86.797355652
-8.327521324,55.248855591,182.241394043
-7.673810959,55.530139923,224.347457886
-7.554083347,55.880386353,242.266082764
-7.180648804,56.855899811,199.590667725
-8.917344093,56.356838226,160.029190063
-7.447119236,57.141624451,183.289169312
-8.347521782,57.604068756,117.868553162
-8.611844063,57.577445984,106.838447571
-9.488342285,57.250579834,67.888999939
-8.330764771,53.836483002,49.805194855
-7.385894299,55.044441223,173.230087280
-7.059858322,55.605739594,203.463577271
-9.749385834,57.536872864,40.375205994
-5.894122124,55.435703278,81.017753601
-6.155896664,55.592124939,113.666625977
-7.195939064,54.765205383,136.862503052
-6.335858345,57.379615784,95.683364868
-8.090633392,55.627765656,223.948226929
-6.926169872,54.358146667,84.271041870
-8.805009842,56.132148743,176.694000244
-5.822529316,56.438152313,85.999320984
-7.436660290,54.797035217,148.451400757
-5.592323303,56.373401642,64.929702759
-8.196331024,57.877891541,95.840934753
-8.415131569,56.264751434,214.599807739
-8.192258835,54.527454376,114.366500854
-7.796681404,56.704532623,225.967041016
-9.833663940,57.851947784,26.344816208
-8.682708740,56.501396179,180.652999878
-7.027643204,55.112377167,162.521316528
-6.978744984,58.797634125,25.663894653
-8.249721527,56.510150909,218.738128662
-7.362993717,55.720317841,228.387405396
-6.029760361,56.667503357,102.700195312
-6.197331905,56.384567261,127.116783142
-6.826149940,54.252246857,70.399925232
-9.016037941,54.654361725,82.726554871
-8.073109627,55.499011993,215.828048706
-10.030670166,55.873378754,47.906898499
-6.703919411,55.489749908,166.045654297
-7.687096119,55.869499207,243.811141968
-5.738795757,55.845863342,76.229858398
-8.981432915,56.539810181,146.915863037
-8.396990776,55.100479126,164.202514648
-7.893730640,56.794479370,216.886581421
-9.621351242,56.598537445,79.667778015
-7.174486160,56.388862610,225.712295532
-5.345602036,56.207374573,45.520946503
-7.514256477,55.726531982,234.298675537
-7.477653027,55.991085052,243.260772705
-8.975953102,56.638118744,143.434967041
-7.855064392,55.026168823,176.509002686
-7.482970715,54.470878601,114.436927795
-6.975166321,56.013347626,212.375701904
-6.438661098,55.335422516,130.857589722
-7.330031872,55.490009308,211.801544189
-8.377720833,55.377696991,189.982833862
-7.823462009,56.883453369,210.668273926
-7.261759758,57.480018616,140.937118530
-8.111618042,55.910060883,235.532897949
-7.213237286,55.309059143,191.146408081
-9.260563850,56.713897705,110.677993774
-6.544057369,55.707378387,160.491912842
-7.877142429,58.149135590,75.373809814
-6.779725552,57.196575165,143.593292236
-7.861083508,55.140735626,188.493942261
-9.220545769,56.101234436,128.357513428
-5.852978706,58.168869019,25.843524933
-9.562481880,57.398128510,56.406368256
-8.782291412,56.423496246,173.076522827
-9.113789558,55.449512482,126.129882812
-7.815890789,56.735595703,223.304275513
-6.488707066,56.394672394,160.171325684
-6.908453465,56.456890106,202.167510986
-8.811681747,58.127323151,53.446105957
-6.712507248,56.670536041,174.399169922
-7.104765892,56.628940582,210.376510620
-8.515786171,56.762828827,182.066864014
-9.535661697,55.417285919,81.439163208
-7.369008541,56.104442596,240.463867188
-6.877396107,54.125869751,62.334430695
-8.386929512,56.902725220,182.018295288
-7.984978676,56.157096863,243.728393555
-7.529783726,55.394187927,210.968109131
-9.682841301,56.668720245,72.806594849
-8.315554619,55.704715729,215.413558960
-7.943727970,57.122779846,184.244461060
-8.513257980,54.970500946,144.318847656
-7.690770149,57.126094818,187.662719727
-7.481461048,57.246814728,172.606506348
-9.285200119,55.737369537,117.004089355
-7.859611511,53.795780182,53.388454437
-6.649861813,57.732803345,88.369575500
-9.407974243,54.817901611,66.302825928
-6.663759232,58.345962524,43.157680511
-7.533820629,55.587871552,226.219329834
-6.619532585,56.551410675,170.028579712
-7.487420082,55.621860504,227.231140137
-6.788934708,55.594669342,180.042724609
-8.742865562,56.911411285,151.289810181
-8.211801529,56.138656616,232.083023071
-9.284318924,55.666000366,115.304672241
-8.835640907,56.360298157,169.154190063
-8.366518974,54.958690643,151.912567139
-7.439859867,55.974670410,241.557006836
-7.555150509,57.003383636,199.570358276
-7.931934834,56.216487885,244.965332031
-8.158718109,56.196117401,234.902862549
-8.096518517,55.308223724,198.982330322
-7.716810703,55.753494263,238.834564209
-7.808223724,55.880405426,243.923614502
-8.198575020,56.699298859,210.598510742
-6.581520081,53.988113403,40.980815887
-7.069387436,56.283267975,220.384918213
-7.509867191,56.086277008,245.644287109
-7.807989120,54.817741394,154.137420654
-9.539566040,55.090538025,68.966934204
-9.113908768,57.874446869,56.931316376
-7.067271709,55.969955444,219.261978149
-6.981252193,55.187351227,166.231353760
-7.501503468,54.415603638,108.977386475
-8.455704689,54.645477295,115.345428467
-7.560258389,53.768142700,50.774085999
-6.901281834,54.401824951,87.054840088
-6.843225479,57.853687286,86.906723022
-9.089453697,54.858039856,92.322082520
-8.243126869,56.883880615,193.436141968
-6.468314171,55.172451019,123.020957947
-8.139002800,54.900524139,156.125213623
-7.461492062,57.145633698,183.192108154
-8.935754776,56.801818848,139.411209106
-9.458549500,55.459411621,90.368225098
-8.189781189,55.732711792,224.739639282
-9.709260941,56.359210968,75.374244690
-9.013167381,56.955921173,123.088523865
-7.152783394,57.634021759,120.600349426
-6.704400063,56.887882233,161.040023804
-8.160684586,54.993225098,165.194808960
-7.165835857,54.941135406,153.593811035
-7.387697220,53.711986542,44.770606995
-8.708576202,56.569869995,174.855117798
-8.919678688,56.282272339,161.488693237
-8.521415710,54.831859589,130.256423950
-9.064223289,56.968441010,117.587974548
-8.695795059,54.843406677,120.121681213
-6.716680050,55.891262054,184.779785156
-8.212405205,54.459995270,106.779640198
-8.074384689,55.128982544,182.420349121
-7.413686752,57.431388855,150.509384155
-6.494106293,56.228599548,163.086059570
-7.444534302,55.637928009,226.853347778
-7.276715279,54.790344238,142.737777710
-7.580470562,55.120357513,185.843536377
-7.160101891,55.565616608,207.833251953
-8.808075905,55.115123749,134.836914062
-9.010191917,55.540569305,141.496612549
-6.726505756,56.353176117,187.055496216
-6.854167938,56.811553955,179.299575806
-9.012165070,57.124618530,112.807113647
-7.726868629,56.714656830,225.896179199
-8.347495079,56.760326385,195.954940796
-6.783672810,53.392127991,18.080682755
-6.971574783,56.181068420,213.118316650
-6.867443562,57.033744812,163.841461182
-8.863809586,56.462673187,162.746337891
-7.923812389,55.833126068,240.122299194
-7.111290455,55.928649902,221.641510010
-7.992431164,57.213756561,173.136993408
-8.781119347,56.581222534,166.761383057
-7.359117508,55.753452301,229.932205200
-6.215171337,55.834808350,127.381584167
-7.464502811,56.764476776,219.087371826
-6.655889511,56.443836212,177.381164551
-8.178093910,57.757205963,108.594886780
-8.533744812,54.799091339,126.298408508
-8.315910339,54.376285553,94.910354614
-8.649303436,55.417053223,171.268325806
-7.240916252,56.187934875,233.551498413
-8.835054398,55.945472717,172.894851685
-8.299159050,56.498210907,215.740036011
-9.229387283,56.526927948,120.320693970
-9.220541000,54.866512299,82.841384888
-9.485584259,55.816108704,96.402221680
-9.899113655,58.917846680,5.210639477
-8.529836655,56.299594879,203.148117065
-6.636005878,55.295597076,147.027893066
-6.532729626,56.437492371,164.119323730
-8.960574150,54.895580292,105.053222656
-9.515217781,55.793972015,92.909088135
-8.403599739,54.551082611,108.435852051
-5.497039795,55.589546204,50.157985687
-6.326266766,55.315967560,118.582527161
-7.474167347,56.254608154,243.963943481
-8.506392479,56.668399811,189.007659912
-8.535004616,54.883945465,134.527145386
-6.932178974,57.785156250,96.916587830
-7.063055992,56.661071777,205.512847900
-8.390813828,53.737239838,42.109237671
-8.296996117,54.829734802,142.052551270
-10.243128777,57.364589691,23.387294769
-7.214626789,56.209674835,231.756683350
-7.193119049,56.444004059,225.098556519
-6.949246883,56.233444214,210.775802612
-7.017203331,57.338413239,145.412948608
-8.390993118,55.267047882,179.887283325
-8.594318390,55.275848389,165.624938965
-7.047075272,55.256126404,176.630493164
-9.623757362,56.213253021,84.361579895
-6.713159561,57.187149048,139.403762817
-6.408379555,56.857131958,134.348037720
-7.101986408,54.956974030,151.910751343
-7.068865776,56.125709534,221.348922729
-6.771920204,54.702564240,107.581466675
-8.301416397,54.948619843,154.270507812
-7.843252659,56.103225708,247.673980713
-8.911941528,55.498325348,150.093383789
-7.860093117,57.397956848,155.788024902
-8.332638741,55.533493042,204.407562256
-7.748220444,58.369880676,57.176322937
-6.602341652,56.284343719,174.769561768
-8.162650108,54.617992401,124.865219116
-8.165787697,58.890132904,21.411754608
-8.560340881,55.271030426,167.961380005
-7.191564560,54.420993805,101.390884399
-6.005685806,56.535621643,103.331756592
-7.038173676,55.069427490,159.161743164
-8.536536217,56.327533722,201.736465454
-7.198892593,55.617130280,213.566619873
-7.820130825,56.832141876,215.288833618
-6.483716488,56.284915924,161.377532959
-6.638263702,56.403610229,176.530960083
-8.291794777,55.329593658,191.431198120
-8.220009804,56.362411499,227.084213257
-6.823178291,56.948974609,167.003234863
-8.106836319,55.927570343,236.218154907
-7.862921238,57.439678192,151.003677368
-9.164752007,54.067970276,38.442230225
-7.851461887,57.234413147,174.291580200
-8.126142502,57.392475128,149.198928833
-7.930333614,55.475879669,218.361129761
-8.487853050,56.891536713,175.059951782
-7.991619587,55.391376495,209.829650879
-9.273446083,56.576110840,114.158226013
-6.357585430,57.198097229,109.563743591
-7.374893188,55.766094208,231.274307251
-8.874840736,55.271263123,140.299591064
-7.598768234,55.150726318,189.226638794
-7.719969749,55.432483673,216.786788940
-7.126097202,56.808959961,199.940979004
-7.743455887,55.167442322,191.958358765
-7.323530674,56.825454712,209.226196289
-7.483053207,56.677379608,226.009231567
-7.442607880,57.584255219,133.780853271
-7.740278244,55.117164612,186.786163330
-10.252307892,57.472019196,20.998487473
-8.051329613,54.484260559,113.895973206
-9.708408356,56.325969696,75.725601196
-7.875876904,56.742774963,221.508850098
-6.312121391,57.926929474,56.705303192
-8.321361542,56.250671387,222.700515747
-8.187533379,57.247276306,161.945907593
-5.861775398,57.564300537,52.186065674
-5.197530270,55.636287689,30.825548172
-7.964336872,55.543205261,222.658340454
-5.753686905,56.558467865,77.671180725
-7.211064339,56.742656708,209.912551880
-8.415705681,57.020172119,170.033203125
-6.636726856,54.635303497,92.866539001
-7.865215302,56.187709808,247.014572144
-7.554250717,57.754955292,116.121444702
-7.696864128,56.826210022,216.978164673
-6.527851105,56.369678497,165.078750610
-5.705004215,57.123546600,59.160358429
-7.375513077,54.835170746,150.858596802
-7.848809242,57.870010376,103.337165833
-6.811413288,56.595478058,187.552902222
-8.698340416,57.089317322,142.176071167
-7.515848160,56.905540466,208.280975342
-8.331071854,55.321887970,188.418670654
-8.443081856,56.880977631,179.463958740
-6.924791336,56.615524292,196.897720337
-7.472726345,54.705699921,139.385208130
-8.982515335,56.497413635,148.352355957
-9.335695267,57.359615326,73.403671265
-8.429359436,57.024459839,168.675292969
-8.210730553,56.642330170,213.690567017
-7.319488525,55.344951630,199.476425171
-8.692056656,57.159534454,137.147796631
-7.580193520,55.503372192,221.019332886
-6.931886196,56.710250854,192.258132935
-7.804440498,56.872886658,211.934585571
-8.249978065,54.653888702,125.500534058
-7.427012444,56.457706451,236.513748169
-7.679175377,58.711605072,33.908092499
-8.617838860,56.627693176,180.961288452
-7.688737392,58.750320435,31.691493988
-6.387409687,56.438602448,147.750411987
-7.044734955,56.344844818,217.192703247
-9.193685532,56.739849091,116.347106934
-9.343180656,54.838283539,72.022674561
-6.660822392,57.357753754,121.263641357
-7.377763271,55.933170319,237.895172119
-7.152224064,55.991519928,226.106613159
-7.487907410,57.040004730,194.727844238
-7.400765419,55.559440613,219.930435181
-6.828760624,57.489219666,120.159164429
-6.874955654,54.884014130,131.220733643
-7.113471031,55.315319061,185.916412354
-9.456538200,56.472232819,97.981056213
-5.543200970,56.972946167,51.532047272
-8.286767960,56.286254883,224.554748535
-7.010566711,55.474617004,191.229034424
-7.958696842,56.243309021,243.680068970
-9.153318405,56.017528534,136.165084839
-7.714657307,54.873943329,160.595687866
-8.533112526,55.745628357,199.486663818
-8.574466705,55.379600525,175.171371460
-8.366221428,56.753025055,195.061279297
-7.610462189,54.770149231,148.562545776
-9.620423317,55.974826813,84.254653931
-6.811423302,54.226852417,67.633316040
-8.398242950,55.225730896,175.765121460
-10.122035980,55.754802704,40.402973175
-6.679086208,54.080520630,50.805553436
-7.921292782,55.411437988,213.243988037
-7.242651939,55.811779022,226.437423706
-6.604738235,55.638195038,164.015365601
-8.754949570,57.834545135,77.537452698
-8.372442245,55.975955963,219.521743774
-5.571688652,57.072460175,50.991626740
-6.859816551,55.504455566,181.089630127
-6.976438999,57.136104584,162.564819336
-8.976556778,57.080936432,118.723144531
-7.821226597,55.848442078,242.619033813
-7.668479919,55.575958252,227.660430908
-8.608834267,55.996051788,197.919952393
-6.896493435,55.802330017,199.595611572
-6.967707634,55.952560425,210.541564941
-9.255839348,57.450702667,73.941040039
-6.797182083,54.952316284,132.211090088
-8.887796402,56.159027100,166.992858887
-8.682899475,55.258121490,156.815292358
-6.164598465,56.242439270,124.840980530
-6.564496517,58.453269958,34.409885406
-7.786932468,56.664611816,228.985305786
-7.874273777,56.362224579,243.143936157
-7.246470451,55.512172699,209.244918823
-7.770770550,54.856281281,158.591598511
-9.480050087,55.055477142,72.303627014
-6.279360771,56.497280121,134.175415039
-7.628005981,56.390083313,243.864593506
-7.100233078,57.398994446,143.325805664
-7.972942352,56.789745331,214.814254761
-7.790486813,56.258026123,247.287490845
-9.863281250,56.450607300,61.459091187
-8.118441582,56.421455383,231.133956909
-7.549631119,57.408405304,155.365707397
-7.767759323,56.755596161,222.395278931
-7.164362431,55.854064941,223.073135376
-8.700972557,56.348587036,184.261947632
-9.374840736,56.531501770,104.928497314
-7.283975124,57.770244598,110.051933289
-7.867855072,55.096210480,183.784271240
-8.454267502,56.494770050,203.105911255
-8.032139778,56.174190521,241.700881958
-7.933481693,56.111804962,245.561538696
-8.987605095,54.633853912,83.011619568
-6.668913841,55.956737518,181.167785645
-7.450771332,54.930923462,163.207351685
-75.842247009,27.717567444,226.972534180
-75.577285767,28.523204803,199.153350830
-76.230735779,28.021148682,253.574615479
-78.455207825,27.880620956,74.153419495
-76.171638489,27.463577271,228.610778809
-77.883972168,28.278625488,135.686111450
-76.899375916,28.380298615,231.001235962
-76.911209106,27.406061172,214.267913818
-76.811569214,28.064619064,244.545837402
-75.906074524,27.922601700,237.937866211
-75.644805908,28.632040024,198.298370361
-76.557640076,28.918392181,203.393890381
-77.323524475,28.402225494,194.241744995
-77.036552429,28.776165009,194.329925537
-77.499664307,27.981288910,184.367385864
-75.528656006,25.839145660,45.404544830
-77.059242249,27.856866837,226.363479614
-75.438796997,28.713491440,173.777053833
-77.789642334,27.463026047,136.092269897
-75.636360168,29.797323227,83.965988159
-77.549263000,29.478277206,89.226181030
-77.654167175,29.700962067,64.489349365
-78.103477478,28.295068741,110.183731079
-77.916229248,27.294061661,113.193382263
-77.361015320,28.424377441,189.396667480
-74.645912170,29.702854156,44.563259125
-75.776794434,28.707334518,203.004577637
-76.271018982,27.641958237,242.913375854
-76.841819763,28.689678192,214.268341064
-75.023963928,28.256643295,148.037734985
-75.704238892,27.022047043,162.760971069
-76.660446167,26.609283447,138.835601807
-75.665962219,27.190128326,176.016311646
-77.354637146,26.591733932,105.519508362
-76.547760010,28.051958084,254.266342163
-76.496009827,28.525623322,238.921249390
-75.630683899,27.313611984,183.855163574
-77.674972534,26.642921448,88.236694336
-76.908561707,27.692537308,231.744598389
-75.572174072,29.498451233,110.817802429
-76.372917175,27.482358932,234.008789062
-75.727409363,28.026655197,225.921295166
-76.068527222,28.624559402,226.054122925
-76.847656250,28.576557159,222.603103638
-75.697250366,26.439765930,102.023056030
-77.603088379,29.265130997,104.146766663
-75.709732056,28.397378922,217.152755737
-76.029243469,29.164319992,170.324142456
-76.801528931,28.393356323,236.116394043
-77.825012207,29.257144928,87.664665222
-77.145591736,27.540990829,206.768081665
-75.976432800,28.734947205,212.893142700
-75.402427673,29.633478165,88.896545410
-77.890617371,26.750181198,80.159530640
-77.246109009,26.710664749,124.630722046
-76.406661987,29.848302841,91.396347046
-76.694427490,28.201593399,248.044692993
-78.782585144,27.945831299,46.727451324
-76.596153259,27.270248413,214.818771362
-75.454185486,29.320878983,121.434188843
-76.428153992,30.497243881,33.626651764
-76.247032166,27.135562897,200.820861816
-75.845252991,27.574743271,219.526428223
-75.799255371,27.497987747,211.215393066
-78.390617371,29.023523331,58.542518616
-76.228263855,26.267616272,99.862213135
-77.452201843,28.236042023,186.649627686
-77.589981079,28.543186188,159.016906738
-74.568046570,26.388271332,35.703086853
-74.804374695,27.394474030,105.413070679
-78.159362793,28.154024124,105.906135559
-76.474624634,28.511959076,240.084487915
-76.100502014,27.660696030,238.719177246
-75.088928223,28.739244461,136.244003296
-76.193725586,27.562721252,236.250183105
-75.530281067,29.414377213,116.999328613
-76.215026855,28.444593430,242.531463623
-77.215057373,27.960474014,214.128509521
-77.468948364,28.121938705,187.062988281
-76.100936890,26.255119324,96.516830444
-76.842353821,29.284603119,151.411758423
-76.913116455,28.578771591,218.463516235
-75.600860596,27.727302551,207.441482544
-77.330169678,28.220541000,200.068923950
-76.009689331,25.967332840,66.658645630
-75.690940857,28.085159302,222.871582031
-76.265365601,29.606254578,120.353477478
-75.217231750,29.548543930,85.765563965
-74.612464905,28.081443787,100.655227661
-76.413368225,28.529932022,239.370590210
-78.250465393,29.747734070,33.333984375
-77.896614075,26.763822556,80.638603210
-76.525253296,25.290725708,25.372097015
-76.173583984,28.587152481,232.434646606
-76.287811279,30.341547012,44.731998444
-76.553451538,27.532550812,236.747100830
-76.586822510,28.450529099,241.659423828
-76.977752686,28.105081558,233.706558228
-76.130172729,29.328130722,153.337875366
-75.069961548,27.533672333,141.522766113
-76.920753479,29.390548706,135.195983887
-77.832916260,27.480392456,132.009887695
-75.361091614,26.899772644,124.381668091
-76.623535156,28.425754547,241.963394165
-76.461402893,28.159986496,254.501693726
-75.603973389,27.617322922,202.432128906
-77.065689087,27.481801987,209.430419922
-76.138885498,28.708381653,221.826034546
-74.754837036,28.077482224,117.160247803
-77.034164429,25.985191345,62.695339203
-76.771339417,26.810386658,160.095855713
-75.215065002,28.402366638,166.689559937
-78.658218384,28.576484680,52.483909607
-76.645256042,29.693986893,106.951866150
-77.504684448,25.854869843,40.626697540
-76.675834656,29.244443893,162.366287231
-77.056098938,29.744985580,88.796997070
-76.997924805,29.630950928,103.679580688
-77.293373108,27.149480820,164.740829468
-76.999168396,27.672622681,224.871643066
-77.959236145,26.911094666,85.404815674
-76.302444458,26.884309769,173.744476318
-75.296142578,29.392242432,104.042221069
-76.732231140,28.269466400,244.556854248
-74.991058350,28.484235764,137.757263184
-76.364486694,29.147153854,178.836166382
-74.574409485,27.206834793,74.252975464
-75.528999329,27.376773834,179.845901489
-74.410263062,27.252395630,62.111145020
-75.380447388,28.475439072,181.977386475
-75.844589233,27.795522690,230.288818359
-75.698242188,27.372621536,194.148056030
-77.747169495,27.731739044,151.489868164
-76.344268799,27.598958969,241.546051025
-76.085922241,27.715934753,240.843948364
-77.917427063,28.316249847,130.874801636
-73.144424438,28.599758148,7.259873867
-75.542770386,28.103284836,208.907379150
-76.227180481,27.970882416,253.081512451
-76.491409302,28.040075302,255.155364990
-76.339103699,28.736974716,223.042007446
-76.112670898,28.575704575,231.308090210
-77.366256714,28.131023407,198.108978271
-75.350341797,27.868856430,186.168029785
-78.548995972,27.617748260,61.379856110
-75.515060425,28.738271713,179.121810913
-77.555824280,28.250373840,174.667053223
-74.994522095,29.923725128,48.816673279
-76.537445068,27.404310226,227.494003296
-75.236297607,27.411466599,152.935943604
-75.743232727,29.729955673,94.408638000
-77.099075317,28.323465347,218.537384033
-78.161399841,28.454601288,100.056823730
-77.981155396,28.502235413,117.775497437
-76.037872314,27.612041473,233.192321777
-74.560920715,29.762332916,38.121131897
-75.619506836,27.437278748,192.431121826
-77.460029602,26.783168793,116.723854065
-76.438514709,27.488273621,234.642105103
-76.560913086,25.349328995,27.795642853
-77.086837769,27.480020523,207.709808350
-78.266296387,27.504829407,85.348838806
-77.658927917,27.353899002,144.510253906
-77.209976196,26.457094193,100.267570496
-75.137374878,29.337965012,97.337593079
-77.374977112,28.235879898,194.984008789
-77.530899048,26.708303452,104.436637878
-76.477500916,27.991956711,255.121887207
-77.504554749,28.157669067,182.517776489
-77.187171936,27.871517181,215.682647705
-76.805786133,26.814750671,159.408020020
-74.078674316,28.423555374,47.581771851
-75.478103638,27.347864151,172.921691895
-75.332305908,28.519502640,174.686660767
-75.047058105,27.647586823,143.960372925
-75.600440979,28.054821014,214.627441406
-75.812194824,29.561992645,115.101448059
-77.136398315,25.556825638,33.185962677
-76.445068359,28.424335480,245.471450806
-76.557495117,27.172281265,205.875808716
-77.493675232,27.566503525,174.325149536
-76.534934998,26.415052414,117.312385559
-75.632728577,27.580869675,202.979949951
-76.145858765,26.973407745,180.495742798
-77.093833923,27.636732101,216.058395386
-75.796089172,26.672477722,131.512115479
-75.892112732,29.249191284,154.725265503
-77.673408508,30.253686905,27.959802628
-78.317718506,27.842456818,87.657714844
-74.296203613,28.669008255,60.853137970
-77.531532288,27.993738174,180.756683350
-75.793762207,28.480928421,219.620910645
-76.847335815,28.747812271,209.001373291
-75.595764160,28.972946167,165.849807739
-75.291656494,27.463356018,162.070022583
-74.752044678,29.178834915,78.443298340
-77.539207458,27.290090561,152.878387451
-76.620452881,28.326051712,246.697189331
-76.744384766,27.998640060,247.871704102
-76.504562378,27.527816772,237.057327271
-74.942321777,28.225347519,138.681808472
-76.337867737,27.107667923,199.388031006
-75.888969421,27.886180878,236.038223267
-77.353706360,26.630876541,109.456848145
-77.203231812,28.790401459,179.927322388
-77.409065247,27.878387451,193.518386841
-75.917495728,27.160243988,190.240066528
-74.536132812,26.404340744,34.895507812
-76.375335693,27.664808273,245.490631104
-75.817314148,26.518342972,115.861610413
-75.751190186,27.114578247,175.204650879
-75.976760864,28.435256958,233.774490356
-75.748260498,26.838546753,146.680282593
-76.408210754,27.911695480,254.395965576
-76.997299194,29.924915314,72.234954834
-78.344818115,27.510862350,77.677024841
-77.027313232,25.977413177,62.233314514
-76.542022705,27.995985031,254.247955322
-75.481712341,28.533246994,189.425262451
-75.841491699,28.861923218,193.746932983
-76.846107483,27.736518860,237.160888672
-75.575912476,27.545246124,195.686065674
-75.582496643,26.989505768,150.549423218
-77.245338440,27.748384476,207.186218262
-75.789222717,27.400646210,203.303787231
-76.302627563,28.531879425,238.798736572
-75.895324707,29.990407944,72.390708923
-75.782066345,27.553968430,213.646408081
-76.737869263,28.596986771,226.733673096
-76.700057983,27.937612534,249.187301636
-75.547874451,27.955003738,208.736129761
-76.532424927,27.717586517,247.350723267
-76.936004639,28.433265686,225.931030273
-75.879577637,29.361249924,141.031524658
-75.970695496,30.048149109,68.125572205
-76.848625183,30.248256683,46.649288177
-75.525077820,28.360429764,201.736450195
-76.210128784,27.235609055,209.996826172
-77.037078857,26.476058960,110.582725525
-77.200187683,27.649526596,207.588577271
-76.615554810,28.729053497,220.513229370
-75.708290100,29.175144196,153.150650024
-76.710357666,28.010873795,249.361236572
-76.159416199,25.855300903,59.042392731
-76.406318665,27.819492340,252.068679810
-74.746826172,28.362592697,113.072547913
-77.233085632,28.143886566,211.403350830
-75.374908447,27.551927567,176.104904175
-75.582817078,26.992944717,150.908981323
-76.365722656,26.116619110,84.592399597
-75.015380859,27.698638916,142.137344360
-75.939651489,27.303283691,204.921051025
-76.858505249,26.091133118,76.436370850
-76.423286438,27.525077820,237.238464355
-74.906806946,28.937936783,105.940193176
-77.254981995,27.423585892,189.856597900
-77.474174500,29.009599686,137.173690796
-77.697463989,28.323740005,156.227340698
-75.635467529,27.516723633,199.265441895
-77.990242004,28.794956207,103.327514648
-74.627731323,27.928834915,101.601722717
-75.956176758,26.775522232,150.777938843
-76.362716675,29.256984711,165.196517944
-78.706962585,27.893102646,52.090793610
-76.955039978,29.419322968,130.196136475
-76.636810303,28.238832474,249.156967163
-74.875160217,27.949411392,130.946670532
-74.990798950,28.042472839,145.660049438
-75.633125305,29.288370132,136.355422974
-76.613319397,27.597040176,239.583541870
-75.111778259,26.808341980,96.207046509
-77.919425964,28.185043335,133.296112061
-74.689262390,29.379613876,63.001182556
-76.101913452,28.671554565,223.650604248
-77.884956360,25.882978439,30.650508881
-77.232536316,29.071067810,151.501556396
-77.238426208,25.602443695,33.774066925
-76.577316284,28.558694839,235.084640503
-75.158706665,30.082319260,45.691070557
-77.359413147,27.711627960,194.621704102
-75.204551697,27.665393829,162.917846680
-78.034698486,27.074361801,88.714599609
-77.344352722,28.281278610,196.844650269
-75.871192932,27.589578629,222.200897217
-75.379364014,28.155635834,191.224166870
-76.817695618,28.063524246,244.220779419
-77.556068420,27.012704849,129.400650024
-77.835426331,28.532321930,132.540588379
-77.672538757,28.087570190,163.898941040
-76.021018982,27.891439438,243.912994385
-77.131080627,27.574138641,209.833267212
-76.210128784,27.371900558,222.400054932
-76.827301025,27.972841263,243.605148315
-76.975654602,27.339450836,205.092941284
-75.386306763,30.069946289,53.474765778
-74.708923340,27.903272629,110.627082825
-75.927558899,28.541851044,224.839782715
-75.190322876,27.075386047,124.095062256
-77.677314758,27.284837723,138.128494263
-75.506683350,27.978532791,204.864715576
-76.248802185,25.943561554,67.360488892
-76.915046692,28.195127487,236.488601685
-76.169250488,27.870925903,249.575454712
-76.483978271,27.416740417,229.015869141
-77.437889099,28.450687408,180.111724854
-74.999748230,28.948503494,114.150642395
-76.171577454,27.377593994,221.738021851
-78.182403564,28.083181381,103.731483459
-77.404685974,26.235754013,70.231124878
-74.960739136,27.992559433,141.740692139
-76.013999939,27.751184464,238.991683960
-76.779312134,27.587282181,233.272811890
-77.124298096,29.142890930,151.902465820
-77.132186890,26.662673950,126.377738953
-75.815322876,27.479946136,211.111572266
-77.946510315,28.627614975,116.186965942
-77.455802917,29.016534805,138.184020996
-76.319793701,27.451591492,231.131195068
-77.054267883,29.098812103,161.284042358
-76.020507812,28.417016983,236.930374146
-76.238960266,28.981004715,197.147369385
-77.915115356,28.895336151,104.734115601
-76.533134460,28.056222916,254.529022217
-76.517379761,26.688564301,150.634872437
-76.182792664,28.937541962,200.768432617
-75.499771118,29.008907318,154.834167480
-75.513694763,28.201120377,204.896057129
-77.505668640,28.604469299,164.519577026
-75.552825928,26.839843750,133.638946533
-76.500663757,28.189697266,253.512023926
-76.414802551,29.551454544,127.499481201
-76.984367371,28.584665298,213.213119507
-76.064231873,28.953968048,195.413803101
-74.945709229,27.047218323,99.190338135
-77.404960632,28.675767899,170.136840820
-76.319381714,28.551534653,237.645385742
-78.307350159,27.216632843,70.713386536
-75.982566833,28.783699036,208.865051270
-76.397186279,28.053022385,255.668685913
-75.606086731,28.245271683,213.057708740
-77.941650391,28.330034256,127.725051880
-77.097244263,26.663309097,128.389389038
-75.831748962,28.661128998,210.418502808
-75.503639221,29.771291733,81.254661560
-75.843437195,28.612194061,214.806823730
-76.371032715,28.070058823,255.566314697
-76.460060120,26.992328644,187.183120728
-74.948448181,28.516124725,131.655303955
-76.257865906,29.208005905,170.585006714
-76.990859985,28.599084854,211.732543945
-76.639503479,27.216569901,208.738464355
-78.340911865,27.984825134,86.461227417
-76.773414612,27.617290497,235.218475342
-76.578613281,27.802898407,249.775207520
-73.960739136,28.011686325,40.334381104
-76.625282288,27.999155045,252.284561157
-76.610031128,28.186428070,251.255783081
-76.729843140,26.826589584,163.323089600
-74.697250366,28.566278458,101.965499878
-76.553024292,27.843746185,251.504913330
-75.370048523,27.318525314,160.272354126
-77.396667480,27.466064453,179.030776978
-76.417465210,28.908897400,206.159896851
-75.289260864,27.722414017,174.815963745
-76.335105896,29.422658920,144.007797241
-77.865745544,28.753814697,117.965942383
-77.128143311,27.318387985,192.649703979
-75.486381531,28.014440536,203.074859619
-75.612586975,28.660579681,193.527420044
-77.312118530,28.527870178,188.802886963
-76.438011169,28.257059097,252.430328369
-75.597465515,28.802488327,181.226242065
-76.304962158,28.054565430,255.009765625
-75.635040283,26.803262711,135.703201294
-76.192550659,26.548145294,131.660278320
-77.281402588,28.635490417,184.851852417
-73.789131165,27.494371414,26.342185974
-76.902160645,28.292428970,234.461578369
-76.471916199,27.815177917,251.724365234
-75.237213135,28.541975021,163.198211670
-75.137184143,28.289962769,160.907150269
-74.874656677,26.454303741,55.154170990
-76.782363892,27.800325394,242.623550415
-75.934783936,27.976211548,240.567138672
-77.780204773,30.989267349,5.193231106
-74.401092529,27.453355789,67.934707642
-75.578109741,27.814672470,208.495254517
-76.838851929,26.977666855,176.814529419
-76.678703308,28.200662613,248.673416138
-74.288368225,29.022796631,50.657379150
-77.262397766,28.120271683,208.903610229
-77.820945740,28.195121765,144.820220947
-76.973510742,28.446147919,222.619735718
-75.105506897,26.694093704,86.901741028
-76.823905945,27.935993195,243.433273315
-77.718849182,28.342966080,153.136642456
-76.542175293,26.795749664,163.449615479
-76.729866028,27.578279495,234.806991577
-77.186485291,27.749572754,212.686447144
-76.870155334,27.104433060,189.025573730
-78.588783264,27.863758087,61.645050049
-77.249862671,28.146541595,209.728851318
-76.470046997,27.523746490,237.040130615
-76.525733948,26.402359009,115.894912720
-75.588706970,27.631530762,201.778549194
-76.846244812,27.495334625,224.261611938
-76.112289429,27.165199280,199.895202637
-77.219543457,26.316474915,85.879661560
-74.979469299,29.367149353,83.742691040
-76.478096008,28.623834610,232.118041992
-77.997604370,28.847879410,99.737724304
-77.014602661,28.849370956,189.260162354
-77.328605652,28.972524643,153.143722534
-77.606781006,28.197887421,170.037155151
-77.839920044,27.426542282,128.598022461
-78.465019226,25.379079819,7.468213558
-75.542961121,28.193435669,207.971481323
-75.480323792,26.920732498,135.958786011
-78.116775513,28.159137726,110.663391113
-77.649909973,28.842739105,133.907928467
-76.410469055,28.795658112,217.668960571
-77.147727966,27.749359131,216.108901978
-76.542343140,27.811075211,250.734497070
-77.321426392,27.541625977,190.838241577
-76.157508850,28.223222733,249.599533081
-75.795555115,27.541156769,213.835296631
-75.826004028,28.315525055,229.399551392
-76.618385315,27.853670120,250.265838623
-76.700347900,26.741849899,153.993255615
-76.760581970,27.465003967,226.100906372
-77.359802246,28.071468353,199.474197388
-75.331832886,28.719718933,162.768630981
-77.207771301,27.080619812,165.273513794
-76.511024475,27.553758621,238.704376221
-75.474113464,28.193550110,200.935165405
-74.587318420,26.534616470,43.082344055
-76.006164551,28.311973572,240.661621094
-77.728446960,26.953226089,108.868934631
-75.751312256,28.322317123,223.487045288
-77.095748901,28.570699692,205.633422852
-75.663253784,28.903282166,177.567871094
-77.339424133,28.740226746,171.761199951
-76.627426147,28.446172714,240.731002808
-77.402061462,26.294532776,75.274726868
-74.048271179,28.170507431,46.718288422
-76.812225342,26.267736435,95.544013977
-76.409156799,27.012825012,189.490890503
-75.442092896,26.952325821,135.832305908
-75.642837524,25.390464783,23.996072769
-75.410362244,27.943492889,194.211791992
-76.429412842,30.169910431,58.246200562
-75.532821655,27.824428558,204.356918335
-77.624824524,25.452104568,21.736146927
-77.328796387,27.616065979,193.854995728
-74.877983093,25.377819061,12.156086922
-76.203796387,29.111495972,181.453186035
-76.659446716,28.281230927,247.072799683
-77.344619751,28.368246078,193.585800171
-77.199226379,28.110498428,215.118713379
-75.457672119,31.305805206,6.889062405
-76.388587952,27.743965149,249.261657715
-78.078613281,26.791950226,68.385490417
-76.305549622,28.296535492,250.743896484
-74.829429626,28.155143738,125.795669556
-75.936775208,27.781898499,235.866287231
-74.792861938,27.503969193,109.108024597
-74.648262024,29.429813385,57.818031311
-76.122909546,26.620687485,138.670471191
-75.892715454,27.835517883,234.905593872
-77.726417542,28.276821136,154.206344604
-77.826622009,28.030204773,145.702957153
-76.276565552,28.849956512,211.642761230
-76.837738037,28.345838547,236.292404175
-76.106689453,27.477951050,227.338363647
-75.365798950,27.673513412,181.255554199
-74.934265137,29.446256638,75.288185120
-76.096031189,29.352081299,149.534500122
-77.043243408,28.988418579,173.631530762
-75.347206116,28.385566711,182.152984619
-76.874588013,27.023725510,180.270614624
-75.583435059,29.070995331,155.412048340
-73.900001526,28.485181808,35.047428131
-75.751007080,30.141027451,56.781620026
-76.631546021,27.263856888,213.462173462
-76.124916077,28.005397797,250.250854492
-76.095161438,27.392833710,220.222259521
-75.924339294,28.499137878,227.280731201
-78.612609863,26.667108536,29.997352600
-76.264465332,29.628376007,117.599426270
-78.026306152,27.189111710,96.026702881
-76.936584473,27.510391235,220.135803223
-74.950698853,26.788627625,81.916786194
-77.770088196,28.627775192,134.967834473
-77.890266418,27.974056244,137.962509155
-74.136398315,27.004123688,35.547496796
-77.822753906,28.762481689,121.823280334
-77.124046326,27.974000931,222.459671021
-76.433204651,27.500131607,235.497680664
-75.593658447,28.039197922,213.942520142
-78.788124084,30.175611496,7.673058510
-77.406929016,29.388237000,107.073051453
-76.634162903,26.108785629,82.245887756
-76.835899353,27.921176910,242.587005615
-77.103347778,26.853855133,149.098388672
-77.128395081,27.468162537,203.661407471
-76.275070190,28.646419525,230.084823608
-75.152709961,29.425636292,91.486129761
-75.738594055,27.570659637,211.309280396
-76.483787537,26.956922531,183.031234741
-75.858512878,28.137279510,235.695785522
-76.647743225,28.268882751,247.886306763
-76.302673340,28.524305344,239.296646118
-77.056648254,29.567317963,108.313316345
-76.612678528,27.962829590,252.361083984
-76.349464417,26.419946671,118.307914734
-75.377090454,26.643325806,102.413986206
-76.196228027,28.282796860,249.079162598
-76.922660828,27.189086914,194.780410767
-76.745834351,27.467906952,226.902435303
-75.871810913,28.283779144,233.620956421
-75.519447327,29.211404800,136.774810791
-76.411026001,28.462770462,243.529067993
-77.472145081,27.384881973,166.229461670
-77.931861877,28.172039032,132.008392334
-77.642440796,30.123477936,35.870635986
-76.868812561,28.390394211,232.429641724
-76.212982178,28.166112900,252.323623657
-76.028495789,28.167253494,245.431182861
-75.188430786,27.048173904,121.780181885
-76.512016296,27.464439392,232.473144531
-75.593368530,28.053176880,213.949798584
-76.661521912,28.212602615,249.012741089
-76.817153931,28.322774887,238.400436401
-75.871940613,28.466346741,225.867813110
-77.133598328,28.357378006,214.179122925
-77.121017456,28.734422684,191.380325317
-75.327140808,27.770944595,180.801055908
-76.970794678,28.640567780,210.097503662
-78.380241394,26.297601700,28.479001999
-75.577003479,26.930366516,144.353881836
-76.248382568,26.640943527,143.765472412
-76.596801758,29.429637909,140.962905884
-76.191390991,28.769472122,217.837066650
-76.146469116,27.754608154,244.910873413
-76.007369995,28.982316971,190.117523193
-75.641769409,28.802104950,184.893524170
-73.459648132,28.129188538,15.592728615
-74.779739380,27.101182938,87.330696106
-76.100334167,26.318473816,103.382080078
-77.386962891,27.892734528,196.097839355
-78.603988647,28.244924545,61.043777466
-77.035568237,27.707511902,223.681961060
-75.925239563,28.649251938,217.134124756
-75.108894348,28.216043472,158.946609497
-78.111549377,28.204511642,110.749710083
-76.989105225,29.378597260,133.343139648
-76.566337585,28.523857117,237.704406738
-77.277793884,26.835815430,135.499496460
-76.901062012,25.823680878,52.914501190
-77.868881226,27.132993698,108.348564148
-74.890266418,29.455276489,71.817344666
-76.370704651,27.944917679,254.849838257
-75.538452148,28.244787216,206.517868042
-76.416824341,27.492090225,234.913223267
-77.054008484,29.294887543,139.509170532
-77.087829590,28.579269409,205.700683594
-75.934844971,27.239168167,198.805862427
-75.100265503,28.866109848,129.411560059
-75.052169800,28.738582611,132.390853882
-74.843864441,28.485439301,120.823631287
-74.742538452,27.859716415,113.905509949
-77.088844299,28.746768951,192.905212402
-74.776664734,27.112648010,87.704681396
-74.779571533,27.583095551,110.743949890
-76.039642334,29.009563446,188.443603516
-77.016014099,28.317869186,225.453079224
-77.125968933,28.187463760,220.409484863
-75.882125854,28.814716339,200.615081787
-74.965896606,29.050809860,104.304496765
-76.883789062,29.822637558,86.234046936
-74.696189880,27.443391800,96.269554138
-75.195999146,28.371429443,165.548126221
-75.607299805,28.513423920,202.447692871
-76.188438416,27.120206833,197.744125366
-76.799438477,26.866958618,165.756927490
-76.482475281,28.033542633,255.249420166
-76.969329834,27.909484863,234.025558472
-76.386985779,28.112821579,255.352951050
-76.618324280,26.706171036,151.455459595
-76.281562805,27.520023346,235.513031006
-76.549751282,26.213743210,94.232589722
-76.974342346,26.388729095,103.584259033
-76.957672119,29.339515686,139.504074097
-76.966583252,28.308664322,229.469665527
-76.484344482,26.194871902,92.657768250
-77.978904724,29.234752655,77.566711426
-76.726898193,29.004560471,188.932647705
-78.115913391,29.563697815,48.788299561
-75.409080505,28.608114243,177.787826538
-76.919403076,28.336122513,231.643203735
-74.730484009,28.431993484,109.571914673
-76.659416199,28.462383270,238.740722656
-75.684432983,27.950681686,221.476333618
-76.887847900,25.451347351,30.963005066
-74.203598022,26.089069366,14.245408058
-76.642448425,29.089225769,182.080856323
-75.065650940,26.513891220,70.818908691
-76.844825745,26.850164413,162.041763306
-75.826232910,29.530391693,119.220977783
-75.661888123,26.966051102,154.132461548
-78.173164368,28.041271210,104.836524963
-76.076484680,26.749488831,152.445678711
-75.738510132,28.837205887,189.176208496
-75.988273621,27.629665375,231.653579712
-76.009323120,26.862012863,162.891387939
-76.183715820,26.709093094,150.689208984
-76.193794250,28.589427948,232.807739258
-76.409690857,28.334926605,249.804214478
-76.719512939,25.208307266,22.176612854
-77.473823547,27.972589493,187.250793457
-74.947113037,27.966566086,139.859436035
-76.524230957,27.489347458,234.162475586
-76.779953003,28.944601059,193.221023560
-77.325248718,27.322004318,176.150054932
-76.371658325,29.677852631,111.774757385
-76.434120178,27.877826691,253.645935059
-76.990791321,27.363157272,206.037109375
-78.808067322,28.514228821,42.994411469
-77.472579956,28.104467392,186.874618530
-75.591163635,26.314788818,84.928611755
-75.501892090,27.349580765,175.284561157
-75.793998718,26.299501419,92.184928894
-76.734886169,27.804283142,244.863418579
-76.695411682,28.781684875,213.037231445
-75.626411438,28.503381729,204.718948364
-76.461074829,28.899925232,206.817016602
-78.457946777,28.485221863,70.533203125
-76.752334595,26.707622528,148.414306641
-74.357414246,29.328590393,44.724002838
-76.110137939,28.646249771,225.968338013
-75.005714417,26.781330109,85.719673157
-77.446990967,27.706277847,185.163101196
-76.910224915,28.439950943,227.284973145
-75.915702820,28.337203979,234.625717163
-75.618659973,29.384481430,125.280143738
-77.346023560,28.080736160,200.841720581
-75.423210144,28.325275421,192.436904907
-77.087806702,26.975051880,163.099670410
-74.926933289,29.546253204,68.338241577
-75.859832764,28.441179276,226.388961792
-77.865676880,28.844900131,112.560195923
-76.361083984,27.788957596,250.850372314
-78.141761780,29.203842163,67.509780884
-76.601928711,28.133565903,252.384933472
-76.197952271,27.850711823,249.901687622
-76.440261841,28.786958694,218.346572876
-74.498916626,28.536911011,82.389839172
-74.945899963,27.556407928,128.472824097
-75.130882263,28.073211670,162.732467651
-75.172622681,28.826324463,139.358398438
-78.398246765,27.602682114,74.929176331
-77.590789795,27.721061707,169.530624390
-75.995262146,31.285572052,7.996080399
-76.684677124,28.968648911,194.430679321
-75.565605164,27.604101181,198.134613037
-75.870864868,27.432678223,211.419158936
-76.010398865,28.444702148,235.020050049
-75.512710571,27.938007355,204.937393188
-76.538658142,26.900722504,176.031082153
-76.854522705,29.415512085,135.008743286
-75.243461609,27.770318985,171.283706665
-75.876419067,29.347232819,142.546081543
-76.855125427,27.828569412,239.639480591
-76.002136230,27.660354614,234.073242188
-77.387756348,28.128765106,195.851608276
-76.240173340,27.761987686,247.962448120
-75.902702332,27.858779907,236.232803345
-75.809257507,29.535009384,118.027626038
-75.668777466,28.625001907,200.797622681
-76.158576965,26.721757889,151.589706421
-76.837059021,29.068162918,177.027313232
-75.477607727,28.200241089,201.191772461
-74.881156921,29.123678207,92.233795166
-77.055870056,28.015233994,228.251632690
-75.900009155,29.248849869,155.122100830
-75.648933411,28.379453659,212.678070068
-75.475242615,27.127124786,154.485382080
-76.100639343,27.646165848,237.943374634
-76.651435852,27.333553314,219.277557373
-75.332511902,26.735538483,107.436103821
-76.798233032,29.370754242,142.659149170
-75.505081177,28.872915268,167.387390137
-76.211929321,27.489253998,231.716339111
-76.054183960,29.355312347,147.998687744
-80.791748047,27.638097763,1.283365607
-76.766563416,27.665094376,237.981384277
-74.913002014,28.492488861,128.474533081
-76.833900452,27.699943542,236.322357178
-76.761856079,27.468870163,226.328781128
-76.223518372,26.993217468,184.826873779
-76.053840637,27.953254700,246.686874390
-76.276451111,28.295841217,250.360260010
-77.289764404,26.552389145,105.555725098
-78.652175903,28.177654266,57.338783264
-76.280830383,29.601530075,121.040412903
-77.745223999,28.977273941,115.103073120
-75.846496582,25.815029144,51.372051239
-76.017837524,27.455173492,221.631912231
-76.042152405,28.694829941,219.364883423
-76.907936096,28.337448120,232.342529297
-77.562301636,29.006652832,129.552856445
-76.279777527,29.478431702,136.580780029
-77.323516846,28.944475174,156.125381470
-76.611618042,28.452425003,240.861160278
-76.987174988,27.194574356,191.552764893
-76.616088867,28.864011765,207.632705688
-76.589324951,28.092998505,253.142318726
-76.645339966,27.456478119,229.396331787
-75.931106567,27.687778473,231.426879883
-74.890609741,28.397073746,128.897766113
-77.242294312,29.051702499,152.666503906
-76.210487366,26.983974457,183.475524902
-77.882583618,24.551988602,4.698502064
-78.453285217,29.662399292,28.754993439
-76.302108765,27.752361298,248.771514893
-75.932472229,29.410610199,137.273574829
-76.893432617,29.166767120,162.975967407
-76.332275391,28.320991516,250.124099731
-77.759483337,28.086158752,153.524826050
-78.129425049,28.280178070,107.582336426
-75.672492981,27.557588577,205.052825928
-76.238380432,28.258102417,250.848236084
-77.898529053,27.099517822,103.261299133
-75.906997681,28.800012589,203.398223877
-76.410369873,26.663536072,147.940612793
-75.681610107,30.622253418,26.443367004
-76.963912964,26.970529556,169.971923828
-69.470932007,89.587097168,88.320823669
-71.755287170,88.756385803,226.964340210
-69.889137268,88.743888855,139.702148438
-72.449867249,88.385246277,149.777175903
-71.159454346,89.002502441,244.642379761
-71.298233032,89.242675781,241.727462769
-70.950607300,89.314720154,232.482086182
-71.237884521,87.476676941,121.909210205
-70.384338379,88.189331055,159.259857178
-72.084449768,89.858619690,174.099716187
-71.624137878,89.914451599,193.638305664
-70.652824402,88.437721252,200.520965576
-70.481834412,89.651100159,185.870468140
-70.545631409,89.365547180,206.417098999
-70.319053650,91.036994934,52.446300507
-71.171737671,88.951080322,244.694412231
-70.621345520,89.539962769,203.221237183
-71.934097290,88.747802734,214.453887939
-72.294227600,89.294059753,184.845062256
-69.796775818,88.998924255,134.033264160
-70.264335632,91.479797363,25.193389893
-72.002441406,89.149139404,213.944335938
-70.332481384,88.515304565,177.206283569
-70.937995911,89.213920593,235.325805664
-71.518127441,90.550849915,128.528533936
-70.946807861,86.942291260,62.537960052
-70.835159302,88.822242737,231.004974365
-71.246925354,89.173599243,243.472076416
-70.585403442,89.157119751,215.350875854
-72.033683777,91.774543762,21.413373947
-71.012161255,88.855690002,239.722732544
-70.317619324,87.536758423,96.376800537
-71.058883667,90.039176941,182.086334229
-72.184539795,89.133262634,198.032501221
-72.126106262,87.187324524,76.266395569
-72.788116455,87.964286804,94.775115967
-70.894546509,89.646179199,211.293289185
-68.773780823,89.150238037,38.836688995
-70.834350586,89.788635254,197.327926636
-70.795494080,90.811126709,91.243774414
-69.445243835,88.328041077,81.054946899
-71.621459961,89.310241699,233.145736694
-72.191955566,89.565040588,184.575637817
-71.132125854,89.828804016,203.778106689
-69.186088562,88.432823181,64.185997009
-71.416366577,89.233009338,241.057006836
-71.201972961,88.370285034,219.759796143
-70.441543579,86.720954895,38.296058655
-70.901298523,88.683433533,229.905197144
-71.388893127,88.834724426,242.971878052
-72.682861328,87.863830566,96.863975525
-70.369308472,89.284439087,193.964508057
-71.426559448,89.562652588,225.467742920
-72.680305481,89.044944763,144.514099121
-71.053054810,89.744598389,209.132690430
-71.504295349,89.551879883,224.830780029
-71.275558472,89.342117310,238.085052490
-70.535530090,90.307319641,130.674072266
-71.216384888,89.642539978,220.164321899
-71.074981689,88.193138123,201.861618042
-70.167663574,88.507896423,160.003097534
-70.823898315,88.525856018,217.679153442
-72.226654053,90.511123657,103.777450562
-71.232597351,91.474914551,41.660205841
-70.173210144,88.544296265,162.508819580
-73.285667419,88.561683655,74.914916992
-71.777915955,90.374549866,141.286804199
-69.032196045,88.826286316,57.931095123
-71.500007629,89.173141479,240.804321289
-72.619071960,88.649955750,144.342132568
-69.892646790,89.435920715,139.400970459
-72.641387939,90.270057678,94.059501648
-72.264259338,88.754196167,185.143188477
-71.049644470,89.261314392,237.743591309
-72.897636414,88.775665283,117.308029175
-71.760765076,89.459503174,220.713333130
-70.793228149,89.897094727,185.776306152
-71.290748596,88.708747864,240.078506470
-71.289848328,88.318641663,215.897216797
-71.769554138,87.155906677,82.528579712
-72.428077698,87.821990967,112.894493103
-72.788047791,88.373840332,115.994232178
-72.224945068,89.435577393,187.344299316
-71.657295227,89.072723389,236.504318237
-70.997917175,89.836791992,199.608108521
-72.479377747,87.019775391,52.625881195
-71.783454895,90.111198425,168.879531860
-70.974861145,90.085151672,174.915740967
-72.403060913,88.641777039,166.919525146
-72.732208252,90.439491272,74.919677734
-70.964256287,88.114028931,190.484863281
-72.029212952,89.314208984,208.599639893
-70.858047485,89.434356689,222.995376587
-71.125793457,89.905448914,196.669525146
-70.786102295,90.291175842,145.714065552
-72.339004517,90.554595947,92.717422485
-71.857063293,89.771003723,195.844467163
-69.430328369,88.989334106,93.856819153
-72.070808411,87.921867371,146.607971191
-71.515998840,89.755775452,209.986450195
-71.066711426,88.882041931,241.839614868
-70.232574463,89.396980286,177.091766357
-73.605697632,88.033210754,39.996982574
-70.879051208,90.201339722,159.265014648
-69.926437378,88.974800110,148.667709351
-70.867996216,89.816444397,196.469650269
-73.147972107,88.215919495,77.258880615
-71.450096130,90.410552979,145.167541504
-71.404922485,89.702667236,215.786468506
-70.848297119,89.628456116,210.508697510
-72.919799805,88.164573669,94.313186646
-72.812408447,86.352523804,16.582300186
-72.286140442,87.451744080,91.702445984
-71.976799011,88.441688538,195.799453735
-70.662635803,88.890319824,221.127807617
-71.828384399,90.033042908,174.529174805
-70.576812744,87.330558777,89.464920044
-70.771224976,90.241409302,150.312103271
-72.956535339,87.945297241,80.701141357
-71.709129333,87.536392212,123.678077698
-71.690841675,87.028373718,71.935455322
-72.624412537,88.677345276,144.662765503
-71.796073914,87.637893677,132.055709839
-71.882301331,88.984596252,223.280731201
-71.858215332,88.228202820,188.256637573
-70.117980957,89.328094482,167.423889160
-71.090614319,87.696304321,146.647689819
-71.059158325,88.535911560,228.547103882
-72.486579895,92.021675110,11.964123726
-70.527893066,90.779548645,83.174018860
-71.398254395,89.853202820,203.298843384
-69.067626953,89.583648682,51.757637024
-72.080841064,87.913497925,145.167877197
-71.683105469,89.317085266,230.362335205
-67.968887329,89.940956116,7.175627708
-72.522926331,89.201431274,161.743240356
-71.019905090,90.142471313,170.354080200
-72.616004944,89.650588989,136.940917969
-71.093101501,88.357254028,216.871185303
-70.575378418,90.150032043,149.078567505
-71.032272339,87.674713135,142.798812866
-72.459861755,89.542648315,159.031631470
-70.900764465,89.812828064,198.171859741
-70.299583435,88.918754578,188.998718262
-70.762092590,90.928153992,78.802032471
-71.619758606,91.221694946,58.930019379
-71.997650146,88.032356262,161.704132080
-70.209487915,88.542915344,166.229171753
-72.041252136,88.766555786,206.355972290
-73.206512451,90.417297363,44.691524506
-69.772674561,88.388092041,113.131668091
-71.728630066,87.076164246,75.763580322
-71.388473511,90.124290466,176.907135010
-72.082656860,90.298522949,133.825027466
-69.838249207,88.063072205,101.229331970
-72.532211304,89.128517151,161.332061768
-69.890480042,88.134292603,110.169784546
-71.451339722,90.249397278,163.045150757
-70.882789612,86.129928589,17.450838089
-72.962295532,89.426818848,106.404342651
-70.140373230,89.889007568,139.267379761
-72.135414124,87.706657410,122.468399048
-69.747726440,90.005592346,94.588607788
-71.244834900,89.965576172,192.656448364
-70.986099243,89.388946533,230.549697876
-71.037734985,87.727706909,149.276077271
-72.469810486,89.066291809,168.479904175
-72.482429504,90.377464294,98.192985535
-70.026512146,89.411247253,154.993347168
-73.554832458,88.508483887,52.353355408
-71.719131470,89.271293640,230.106811523
-70.492660522,87.415466309,94.113960266
-71.723579407,89.275596619,229.761962891
-72.319313049,90.667579651,83.847328186
-71.964973450,87.476486206,108.554397583
-70.222305298,88.553359985,168.105667114
-70.111747742,89.065612793,170.165847778
-71.006584167,88.614479065,231.181640625
-70.208686829,87.955551147,124.962677002
-68.782325745,88.906509399,41.096065521
-69.986900330,90.299415588,92.842185974
-71.136306763,89.397056580,234.135070801
-72.947227478,89.470252991,106.833877563
-71.847343445,89.762741089,197.012496948
-73.612182617,88.212974548,43.501132965
-70.822319031,88.952438354,232.330581665
-71.298530579,88.336425781,217.362640381
-71.680664062,88.655792236,227.172409058
-68.092262268,88.944343567,13.252659798
-72.405044556,89.918830872,142.026077271
-71.369369507,88.679611206,238.326187134
-71.084609985,88.822685242,241.180130005
-69.949775696,88.703804016,145.147262573
-70.328720093,89.461006165,183.707336426
-70.438827515,91.021080017,58.554973602
-70.676071167,88.557464600,209.775619507
-70.651153564,89.299468994,216.672515869
-70.398666382,89.175483704,199.001205444
-71.694839478,90.791320801,98.484107971
-71.196563721,90.347618103,151.786590576
-72.066825867,88.312515259,179.749145508
-72.432868958,87.147865295,62.424873352
-71.653015137,89.213531494,234.656158447
-73.042007446,89.308761597,100.312858582
-71.693168640,88.700607300,228.414947510
-70.839294434,88.771911621,229.858932495
-72.780052185,89.340103149,129.527374268
-71.433372498,89.730384827,213.327087402
-71.660232544,90.987792969,79.330360413
-72.148010254,89.028923035,201.595932007
-71.013221741,89.257492065,236.769943237
-71.626419067,89.017089844,238.017623901
-69.812614441,89.466659546,129.436477661
-71.026496887,87.513130188,123.382354736
-71.762313843,90.298568726,150.127395630
-71.349166870,90.054229736,184.249206543
-73.764144897,89.570404053,33.661434174
-71.685791016,89.547782898,219.401031494
-71.238800049,88.885017395,244.638504028
-72.032920837,89.282897949,209.132186890
-73.014183044,89.169509888,105.554679871
-70.157608032,88.085639954,130.868927002
-71.548843384,89.252471924,237.472457886
-71.055236816,89.306694031,236.261871338
-71.057800293,88.487937927,225.497482300
-71.706771851,89.594757080,215.642059326
-72.372840881,87.765472412,112.351562500
-71.106147766,88.831077576,241.872665405
-70.795959473,88.512306213,215.185928345
-72.199020386,88.382217407,173.228851318
-71.402313232,88.574920654,232.783065796
-72.119613647,89.224227905,202.957687378
-69.745552063,87.857452393,81.620559692
-71.291679382,87.421981812,115.656127930
-71.322410583,88.577354431,233.861099243
-70.725631714,89.030265808,226.613067627
-69.793098450,89.233299255,132.874969482
-70.107902527,89.722145081,148.003662109
-71.417335510,89.545486450,226.667999268
-71.631439209,87.109268188,80.062782288
-71.601814270,88.817344666,236.514724731
-71.855720520,89.139358521,224.811828613
-72.964469910,88.761657715,109.885696411
-70.835121155,88.285972595,200.651428223
-72.111351013,90.187187195,142.934020996
-72.276275635,91.004478455,58.241985321
-70.676025391,89.511238098,208.543548584
-73.263313293,89.694435120,67.291885376
-69.534866333,87.850494385,66.760681152
-70.621490479,87.392829895,97.328491211
-72.872070312,88.264549255,103.159164429
-70.306381226,90.353141785,111.312370300
-72.242698669,89.417793274,186.305221558
-72.304695129,89.152435303,185.942535400
-71.175758362,87.604911804,136.850616455
-71.012763977,88.129440308,193.754302979
-72.103126526,88.911262512,204.465423584
-73.460044861,88.932983398,62.499153137
-71.475639343,89.309631348,237.484252930
-71.877616882,88.643348694,214.447830200
-71.549682617,88.797706604,238.011962891
-70.398498535,89.505722046,187.778564453
-72.160125732,90.611785889,97.937141418
-72.519042969,87.797431946,104.476699829
-70.785003662,89.545463562,212.900039673
-70.354675293,88.552047729,181.436523438
-69.439292908,88.190238953,75.278663635
-68.829566956,89.190986633,41.817428589
-71.500419617,90.448974609,140.255783081
-70.903533936,89.727249146,205.439270020
-70.706214905,88.449684143,205.212036133
-72.249504089,88.450485229,172.762466431
-70.193115234,88.229827881,144.842285156
-70.518280029,89.553771973,194.901580811
-72.546684265,89.677093506,143.113006592
-72.560142517,89.750160217,137.610076904
-70.039466858,87.989768982,113.468856812
-70.616447449,89.317199707,213.583587646
-71.574150085,88.512886047,224.359619141
-70.251693726,88.016075134,133.518127441
-72.710266113,88.878852844,139.793807983
-70.896911621,89.823844910,197.051193237
-71.432907104,89.596298218,223.174743652
-72.481231689,89.217422485,166.219955444
-70.047149658,88.659805298,154.246414185
-70.928283691,88.613059998,227.937683105
-69.603187561,89.473785400,106.031509399
-71.158470154,89.617912292,221.167556763
-70.745506287,87.786277771,145.183349609
-70.367614746,88.406539917,173.880874634
-71.635520935,88.653541565,229.269851685
-72.598854065,87.291572571,64.752120972
-71.023468018,88.920913696,241.040405273
-73.958717346,88.575942993,27.919042587
-71.729652405,89.841270447,196.336044312
-70.394744873,89.901687622,159.737167358
-71.027458191,88.969970703,241.504638672
-71.231964111,87.326133728,104.312767029
-72.733551025,88.221931458,113.741310120
-70.773239136,88.897293091,228.801223755
-72.846626282,91.334533691,23.876699448
-71.497512817,88.020027161,184.106750488
-72.764869690,89.686233521,118.799827576
-69.141914368,89.438835144,61.202838898
-71.737533569,88.646797180,223.668930054
-72.110778809,88.015518188,152.279937744
-68.950195312,87.751342773,32.382457733
-71.293579102,87.928291321,176.286178589
-71.047340393,88.666664124,234.963806152
-71.493591309,90.345520020,151.940063477
-71.575386047,88.142745972,194.446014404
-70.358413696,90.146049500,134.838638306
-70.955703735,89.888458252,193.498092651
-71.848335266,89.768295288,196.533340454
-71.142822266,89.860549927,201.137527466
-72.122985840,88.740608215,198.233505249
-72.547515869,87.778846741,101.099143982
-71.640144348,89.316627502,232.196838379
-73.475540161,89.582817078,52.472904205
-69.162582397,89.453544617,62.663272858
-72.413764954,88.378616333,152.903762817
-70.735191345,89.769294739,193.856643677
-71.305541992,88.788116455,242.622467041
-73.082839966,89.955154419,73.679252625
-73.373672485,88.054298401,55.035545349
-72.206298828,88.707557678,189.218490601
-69.077674866,90.223129272,33.655487061
-72.479148865,87.010452271,52.073043823
-70.849746704,87.886093140,161.218765259
-71.489715576,87.546783447,129.430511475
-71.775947571,88.766777039,226.056991577
-72.588050842,88.266632080,129.744766235
-71.523216248,90.319496155,154.380187988
-71.002830505,89.244575500,236.843551636
-69.320014954,89.764923096,67.392951965
-71.692687988,89.854034424,196.703048706
-69.631134033,90.012329102,83.631919861
-72.529182434,89.977493286,125.879425049
-70.416412354,88.830108643,198.751312256
-70.421073914,88.824028015,199.036834717
-72.429824829,87.929878235,120.973052979
-71.891914368,88.231941223,186.381240845
-70.249221802,89.158813477,184.485107422
-70.677299500,88.692375183,216.466903687
-72.638938904,88.726081848,144.525436401
-71.203125000,88.353820801,218.453765869
-71.210128784,87.760543823,156.086318970
-70.418922424,87.824462891,129.379806519
-69.956680298,89.526382446,142.959762573
-71.865310669,89.721740723,199.061538696
-71.847137451,88.797828674,222.367156982
-70.456909180,90.160491943,140.380401611
-71.602005005,87.660034180,140.628997803
-71.014015198,88.565391541,228.829330444
-71.679557800,88.664199829,227.602828979
-71.712768555,88.185371399,192.719650269
-73.225875854,89.405586243,78.852806091
-70.492134094,87.123115540,67.921859741
-73.839370728,89.956626892,24.327011108
-71.586471558,89.389923096,231.245651245
-71.227867126,86.939819336,65.101593018
-69.802307129,91.667388916,10.399331093
-70.805175781,89.004409790,231.560562134
-69.792861938,89.390167236,129.600219727
-71.576965332,89.882041931,197.857711792
-70.910934448,89.399040222,227.160873413
-71.747901917,87.141326904,81.522117615
-71.410972595,89.056884766,244.257751465
-73.430717468,89.241355896,62.616641998
-70.359001160,87.791816711,122.143638611
-71.568443298,89.114540100,239.684646606
-69.976776123,86.794815063,32.447639465
-73.149391174,90.355895996,50.661067963
-72.181938171,88.754028320,193.177459717
-72.172454834,87.943641663,141.527099609
-69.577461243,88.330894470,92.385421753
-70.042060852,88.714622498,155.744583130
-70.333015442,87.848480225,125.446632385
-70.747924805,88.692230225,221.416213989
-71.624252319,88.795097351,234.963302612
-70.419654846,88.703987122,194.919708252
-71.841583252,89.559509277,211.005813599
-71.921630859,88.196868896,181.435745239
-71.390480042,88.436637878,224.251693726
-70.897239685,89.911659241,189.113632202
-71.208511353,89.183273315,242.978302002
-71.261947632,88.757041931,241.760742188
-70.342201233,89.214935303,192.973281860
-69.426528931,88.691040039,89.970901489
-72.241088867,87.605957031,107.253593445
-71.306083679,87.270378113,98.374694824
-70.759620667,88.144973755,183.505630493
-71.123641968,89.276702881,238.976318359
-72.085243225,89.852851868,174.497009277
-69.795158386,89.996940613,99.507095337
-72.038291931,90.787872314,86.822128296
-70.646911621,88.056137085,167.750869751
-72.309600830,91.327819824,36.507656097
-69.676574707,90.951942444,31.255065918
-71.262374878,91.670257568,29.971990585
-72.342338562,89.205444336,181.461257935
-71.438339233,88.876525879,242.881240845
-72.388275146,88.607254028,167.019821167
-70.999298096,88.933303833,240.335693359
-70.511222839,89.361999512,203.816757202
-73.833290100,89.054267883,35.051078796
-70.521446228,89.535903931,196.194320679
-72.194534302,88.780464172,192.804397583
-71.569831848,88.873016357,238.972229004
-70.796478271,89.698181152,202.791076660
-72.185424805,87.251441956,79.487854004
-70.676269531,89.864036560,182.399124146
-70.924156189,89.137786865,236.441680908
-72.152107239,87.656906128,116.895736694
-71.555778503,87.917732239,171.408767700
-71.986640930,89.227775574,214.031143188
-70.709289551,89.713417053,196.837417603
-70.874359131,87.630348206,132.895462036
-71.893791199,88.236648560,186.649063110
-70.291503906,90.493934631,96.955711365
-72.789550781,86.994110107,40.647876740
-70.802757263,90.594123840,113.908271790
-71.693153381,88.902740479,233.972442627
-71.692962646,90.175582886,165.705718994
-72.998016357,89.546997070,98.763427734
-71.285873413,89.050331116,245.363815308
-71.907943726,87.669105530,130.720581055
-71.446830750,88.448593140,224.032897949
-70.306274414,89.082138062,190.817764282
-71.358764648,89.809616089,207.320556641
-71.194534302,89.017845154,245.067123413
-70.436225891,88.795349121,199.670898438
-71.580871582,89.482810974,226.858230591
-69.673774719,87.606506348,62.814384460
-71.461868286,86.858299255,58.807018280
-70.726554871,89.419914246,216.588668823
-69.284370422,88.244308472,65.924636841
-70.950347900,89.323265076,232.131912231
-70.117164612,89.047439575,170.727600098
-72.367225647,90.440551758,101.085784912
-71.806114197,90.225418091,156.140075684
-70.033172607,90.048217773,117.187850952
-71.151977539,88.646240234,236.489074707
-69.872489929,89.783973694,120.648086548
-71.712425232,88.312477112,203.689743042
-69.120315552,90.012985229,42.976905823
-70.202514648,89.080230713,180.036376953
-72.373580933,89.245071411,177.554458618
-70.376609802,88.796882629,193.961334229
-71.171363831,89.880630493,199.790588379
-70.167434692,89.045494080,176.227447510
-72.584136963,88.937980652,154.835998535
-73.216423035,90.744705200,32.500240326
-70.082580566,87.763168335,99.900711060
-72.149200439,87.894935608,138.851409912
-71.708862305,89.180969238,232.733688354
-71.231506348,88.565017700,233.214904785
-69.901237488,87.666954041,80.520629883
-72.060813904,88.697586060,202.195251465
-71.393386841,90.518791199,133.360382080
-70.760932922,87.922500610,160.864761353
-72.490104675,90.572448730,81.545921326
-71.328323364,89.593742371,224.112411499
-71.833427429,90.694572449,104.470413208
-71.628059387,88.863815308,236.420562744
-71.568412781,88.981872559,240.226440430
-71.385498047,87.532554626,128.682937622
-71.736808777,89.979423523,183.676666260
-73.540931702,89.034149170,55.403976440
-72.501159668,90.928138733,54.359619141
-72.069793701,87.086547852,69.721672058
-71.695716858,90.611961365,117.850624084
-71.693778992,89.165390015,233.744522095
-71.964332581,87.874610901,148.741638184
-71.695938110,87.596694946,130.828872681
-70.023880005,88.988777161,159.907257080
-72.485931396,88.745956421,161.754348755
-73.044670105,88.652954102,99.526542664
-70.969108582,88.212532043,200.304321289
-70.808952332,89.553092957,213.673263550
-71.269622803,90.275772095,160.458587646
-69.568321228,88.504417419,98.247322083
-70.618835449,88.703865051,212.446395874
-72.524803162,90.477142334,86.914367676
-71.091430664,89.700996399,213.603942871
-73.439155579,89.575340271,55.521389008
-72.759796143,88.430511475,121.238121033
-71.510208130,87.963920593,177.698471069
-70.400718689,90.158355713,136.699554443
-72.182586670,89.321800232,195.043838501
-72.626914978,88.198120117,122.179931641
-71.132362366,90.217094421,165.093460083
-71.540016174,88.780754089,237.868377686
-71.528266907,89.589881897,221.867477417
-71.161796570,89.348800659,236.796249390
-71.623344421,88.524406433,223.021514893
-72.150955200,88.456855774,182.162292480
-70.425285339,90.147605896,139.460708618
-70.464126587,87.804573059,130.544921875
-70.259178162,88.791267395,181.822769165
-72.201812744,87.320724487,84.602668762
-71.254150391,89.361976624,237.146133423
-71.196220398,86.792709351,52.933467865
-72.235671997,88.569396973,180.437149048
-72.770538330,88.035469055,100.255859375
-70.910507202,88.309158325,206.430740356
-70.315628052,88.887809753,190.083648682
-72.544654846,88.052696228,120.330619812
-70.421920776,86.377792358,21.595293045
-69.171714783,88.474754333,64.071876526
-72.322372437,90.800743103,72.298301697
-71.746696472,89.907295227,189.883499146
-71.848754883,90.764907837,96.576103210
-71.543647766,88.607086182,230.779998779
-72.043266296,86.895683289,55.920669556
-71.835647583,89.605712891,208.572784424
-70.103820801,87.908523560,112.705154419
-71.037994385,88.342010498,214.113983154
-70.580520630,90.606246948,102.584136963
-70.489746094,90.651733398,93.408927917
-72.975212097,87.210281372,43.371841431
-69.651153564,89.561767578,108.213447571
-72.559402466,89.140151978,158.170837402
-69.585975647,89.168434143,110.101165771
-70.568626404,88.595222473,203.345703125
-71.539642334,88.939743042,240.942474365
-69.903266907,88.947998047,145.706207275
-71.770004272,89.204277039,229.047988892
-72.404083252,87.591133118,96.470451355
-71.501029968,87.689300537,146.174667358
-72.226791382,88.906478882,192.660751343
-69.980827332,88.654815674,146.779098511
-70.304168701,89.051872253,190.626800537
-71.707221985,88.719657898,228.397079468
-70.921501160,89.251152039,233.546768188
-70.959701538,85.381927490,4.917620182
-71.354316711,89.955322266,194.028503418
-70.717681885,88.060218811,172.682815552
-69.413536072,90.009597778,65.027206421
-70.288589478,88.807502747,185.366683960
-71.490859985,87.831253052,163.063781738
-70.612380981,90.845222473,80.842834473
-72.046859741,88.649925232,201.409790039
-71.147811890,88.984779358,244.450576782
-71.169242859,90.254386902,161.680297852
-73.336814880,90.074295044,48.775112152
-70.251876831,88.632766724,175.046493530
-71.345214844,89.228698730,241.959106445
-72.244888306,88.984916687,191.911758423
-72.247711182,89.339736938,188.323135376
-72.314125061,88.627418518,175.398010254
-71.052490234,89.613700867,219.154525757
-71.191902161,87.156967163,85.637290955
-70.283447266,87.433387756,85.617637634
-71.043380737,89.379463196,232.808090210
-68.617797852,88.965415955,31.856918335
-71.305587769,90.319725037,155.778640747
-71.539398193,89.459434509,229.287231445
-71.421920776,87.477134705,121.874832153
-69.721931458,88.521568298,113.943992615
-72.129440308,88.450881958,183.707229614
-70.616851807,91.063697815,61.913852692
-71.355308533,88.666305542,237.930480957
-71.855438232,88.779365540,221.243698120
-70.467384338,89.077056885,206.225112915
-70.133865356,88.526634216,157.453750610
-72.462783813,88.750991821,164.393096924
-71.446617126,89.076690674,243.450973511
-71.954971313,87.780517578,139.848541260
-72.032836914,89.501853943,201.100097656
-71.040473938,89.109420776,241.132843018
-70.748947144,88.420852661,206.091522217
-71.314361572,89.845428467,204.220550537
-71.436851501,91.257408142,57.794727325
-72.511466980,90.269851685,104.798927307
-70.751167297,89.221504211,225.567626953
-70.870468140,88.802116394,232.400527954
-71.324295044,89.464965820,232.077392578
-72.068023682,90.584152222,105.603347778
-70.443061829,90.202728271,135.294204712
-69.834289551,89.004234314,138.367279053
-70.418426514,89.028434753,201.767654419
-72.379127502,89.720504761,157.981170654
-71.110206604,89.748809814,210.172760010
-71.266281128,89.034225464,245.451324463
-69.833145142,89.315681458,136.003265381
-71.651031494,90.557029724,125.138900757
-70.866065979,89.281761169,230.015502930
-71.043869019,89.024322510,242.005966187
-71.321456909,90.075607300,182.053619385
-71.535751343,89.080192566,241.118576050
-71.491363525,87.815216064,161.186721802
-71.274238586,89.029380798,245.481155396
-71.137847900,88.689277649,238.102920532
-70.251953125,89.710968018,162.329818726
-73.332038879,87.545845032,40.183204651
-69.512527466,87.589637756,52.991107941
-71.520271301,88.680023193,234.941345215
-71.762702942,88.429412842,209.666000366
-72.522766113,89.822143555,137.106826782
-69.949668884,88.127944946,115.097816467
-70.699058533,87.477485657,109.187393188
-71.570648193,87.809883118,158.785186768
-72.172767639,88.322662354,171.580505371
-71.650764465,90.724449158,106.713981628
-71.624725342,87.834175110,159.990142822
-71.357345581,90.453376770,140.850555420
-70.890762329,88.862220764,234.779754639
-72.550910950,87.778678894,100.845474243
-71.841941833,89.441764832,217.059265137
-72.928131104,89.574493408,105.453125000
-70.102935791,88.381652832,146.048828125
-70.791030884,89.890312195,186.287933350
-72.479591370,89.393486023,162.483428955
-71.003295898,86.378334045,27.221611023
-71.275428772,89.929931641,196.300918579
-73.718788147,88.629615784,42.122455597
-71.597717285,88.043212891,183.646591187
-71.423812866,89.494354248,229.654449463
-70.586242676,88.316764832,186.449050903
-69.867462158,88.444114685,125.341407776
-73.006843567,89.861450195,85.091720581
-71.664375305,88.645942688,227.544799805
-71.079368591,88.100105286,192.646316528
-70.259773254,88.057807922,137.636749268
-70.448852539,88.492401123,186.962783813
-72.777053833,89.254493713,131.592926025
-71.995353699,88.929801941,214.048309326
-71.069740295,87.534927368,126.829978943
-71.307617188,88.617202759,236.017547607
-69.918884277,88.074813843,108.918151855
-70.947036743,89.445518494,226.240997314
-70.749435425,88.137260437,182.155914307
-72.408752441,88.387710571,153.912338257
-72.769264221,89.871124268,108.616119385
-71.954246521,88.201126099,179.546646118
-69.594055176,88.229881287,89.366844177
-72.191261292,89.211326599,196.545272827
-69.499557495,87.583320618,52.013809204
-71.161445618,90.592605591,123.903808594
-72.802009583,89.175086975,129.763595581
-71.417739868,89.789154053,208.689361572
-72.489555359,88.866645813,164.292327881
-71.112854004,86.940605164,64.309356689
-71.324020386,88.689643860,239.182281494
-69.587142944,89.195411682,109.985389709
-70.716621399,88.249763489,190.363281250
-71.721954346,89.429618835,224.034210205
-71.745094299,87.131736755,80.662986755
-70.794479370,88.487815857,213.542755127
-72.342552185,90.552185059,92.710067749
-69.438110352,90.370262146,48.893203735
-70.834220886,89.236816406,229.846572876
-70.725486755,89.581336975,207.247283936
-71.532890320,89.411987305,231.821670532
-70.487205505,90.605880737,97.734382629
-72.185905457,88.434219360,177.658889771
-71.408164978,91.552886963,36.657161713
-71.312065125,89.736816406,213.449035645
-69.408370972,89.538055420,83.589500427
-72.952316284,87.393974304,53.036815643
-70.113433838,88.884643555,168.409149170
-70.659187317,86.855178833,50.981121063
-71.089653015,88.767440796,239.836700439
-70.841964722,90.597335815,115.064384460
-72.048156738,86.537872314,34.453826904
-69.596618652,88.398818970,96.909461975
-71.402236938,88.638923645,236.036300659
-72.806762695,89.417228699,124.413757324
-70.961204529,89.916145325,191.114868164
-70.765281677,88.883239746,228.077117920
-71.025726318,89.909858704,193.781677246
-71.534637451,88.994171143,241.417526245
-71.352119446,89.389869690,235.803741455
-72.077278137,89.372428894,202.838134766
-69.752571106,90.196464539,82.145324707
-70.764129639,90.461372375,126.469726562
-71.314735413,88.103218079,195.440963745
-71.378639221,88.508506775,229.243545532
-70.093078613,89.021270752,167.934631348
-70.906700134,89.006164551,236.847259521
-71.421905518,88.381629944,219.635513306
-71.865814209,88.426727295,202.924972534
-71.217147827,87.803962708,161.364288330
-72.066505432,89.827049255,177.905303955
-71.993103027,89.389579773,208.951385498
-71.969039917,88.629447937,206.898452759
-72.527847290,88.426864624,144.307510376
-70.747467041,89.905090332,182.697967529
-71.927116394,88.948410034,219.655090332
-73.821083069,86.839408875,8.797830582
-70.081947327,86.962493896,44.032459259
-72.706672668,89.114532471,141.325653076
-70.053855896,88.285278320,135.127136230
-68.782722473,87.592567444,22.239767075
-71.133186340,90.670234680,114.898986816
-71.190917969,88.717353821,239.959732056
-69.895324707,87.766296387,86.686279297
-69.048843384,89.660972595,48.379089355
-72.969932556,87.172409058,41.915428162
-70.081527710,88.227142334,133.993835449
-70.873123169,89.944404602,185.026901245
-70.700424194,88.679267883,217.597305298
-70.521781921,89.927131653,166.850784302
-72.038444519,91.413085938,37.779918671
-71.435188293,90.396392822,146.891357422
-72.480590820,91.215782166,37.875751495
-71.131248474,86.894584656,60.551994324
-70.866996765,88.480964661,217.217926025
-71.632820129,89.559089661,220.748718262
-72.325408936,89.118659973,183.999420166
-71.130111694,90.330772400,152.605392456
-73.517326355,85.407890320,1.166727901
-71.679351807,89.094596863,235.318740845
-70.738243103,89.631729126,204.553222656
-71.738754272,89.040061951,232.515258789
-69.792533875,87.714660645,76.373748779
-71.470146179,88.561203003,230.568176270
-72.371520996,88.827590942,176.178909302
-73.151664734,89.626045227,80.089561462
-71.282722473,90.958335876,85.716598511
-69.488922119,88.402153015,87.425239563
-69.525466919,87.944595337,70.656036377
-72.116546631,87.973602295,148.164398193
-69.772148132,88.928619385,130.520736694
-69.728157043,88.787254333,123.050994873
-70.113273621,89.370147705,165.684310913
-71.297210693,89.662841797,219.173645020
-71.899337769,88.749305725,217.121139526
-71.418693542,89.386077881,235.324523926
-69.862388611,88.681556702,134.752487183
-70.863243103,90.377082825,139.718154907
-74.072792053,89.320541382,22.011344910
-73.342575073,90.620407104,31.176036835
-70.578620911,89.951042175,168.490966797
-71.578125000,89.692352295,213.422607422
-70.753746033,90.169029236,157.049728394
5.267489433,-15.770940781,130.602371216
3.712482929,-15.600431442,113.597068787
5.154984951,-16.691963196,211.947204590
4.989135742,-16.740327835,228.104995728
4.002032757,-17.094379425,246.267990112
4.128796101,-17.814464569,214.151931763
4.993698120,-14.882364273,55.245010376
5.491104126,-15.067485809,58.245834351
2.796375751,-17.085994720,122.015113831
3.560961485,-16.117849350,157.880233765
3.295220375,-16.077167511,130.980056763
5.843380928,-16.954298019,140.794143677
4.742444992,-17.569496155,230.718963623
5.052967072,-16.747465134,223.234481812
4.612495899,-17.871330261,209.732040405
4.597927094,-17.725038528,223.483871460
6.248336792,-17.795562744,71.536895752
4.893326759,-16.695487976,233.067962646
5.137680531,-16.338603973,191.745666504
2.724814892,-18.423114777,65.041076660
3.417639256,-16.341783524,163.971160889
4.120121002,-17.401985168,243.060424805
4.266078472,-18.628021240,127.444229126
4.316329002,-15.840976715,165.885375977
2.391645670,-18.351119995,45.711803436
5.467388153,-17.148595810,186.218704224
4.244218826,-15.843588829,164.809188843
5.185932159,-15.894727707,148.022201538
3.883950233,-15.002365112,60.086601257
3.307645798,-16.568817139,167.381866455
4.557192326,-17.228136063,253.461120605
4.667363167,-18.792999268,103.891899109
3.087467909,-17.613090515,146.743560791
3.698545456,-16.580408096,208.110565186
5.670905113,-17.125106812,161.898300171
5.454899311,-16.851198196,185.917846680
3.505842924,-17.064693451,205.340240479
3.969921827,-16.196775436,195.683151245
5.419157505,-15.855393410,127.922325134
5.450543404,-16.978702545,188.354598999
4.735637665,-16.440937042,225.854309082
3.648509264,-17.162374496,219.245620728
6.963847637,-17.714862823,21.305252075
4.280397892,-18.236413956,173.145248413
3.594100714,-17.256467819,212.729766846
4.831013203,-17.180961609,243.731231689
3.311727285,-17.433748245,178.757171631
3.435243368,-15.657057762,103.560562134
4.735869884,-17.247623444,246.989288330
3.540950060,-17.526472092,198.213500977
3.834798336,-16.874847412,232.935180664
4.200854778,-18.166177750,180.065780640
6.090530872,-18.062528610,73.435401917
4.376828194,-16.849502563,255.410186768
3.840339661,-18.315322876,152.064834595
3.947389364,-17.877899170,201.492202759
5.941974163,-16.280380249,110.341400146
2.646347284,-16.486907959,92.848129272
4.476025105,-17.601507187,235.381011963
2.204329967,-16.610073090,57.580429077
3.812094927,-17.884874344,193.685317993
4.029043674,-17.007270813,247.752227783
2.857661009,-15.890626907,81.694961548
4.126530170,-17.953685760,200.875579834
4.569938660,-17.005121231,255.890045166
2.090875387,-18.791898727,18.924983978
4.003646374,-18.646442413,121.185470581
3.441669703,-18.894189835,74.001449585
3.472114801,-16.783779144,195.700561523
6.290599346,-17.225223541,85.480606079
3.837895632,-18.693601608,110.785438538
4.384994984,-17.978706360,201.807098389
4.204281330,-17.498283386,240.331680298
3.764092684,-17.870223999,192.011840820
5.678684711,-18.283267975,95.819358826
4.317732811,-17.738977432,224.415634155
3.634324789,-15.654490471,115.189422607
5.486708641,-18.255760193,115.080093384
4.604661942,-17.291488647,250.291854858
4.615766525,-16.955547333,254.287017822
4.603353024,-17.591939926,233.854782104
2.225960016,-17.310773849,60.723697662
3.123164892,-16.600109100,148.249343872
3.616903543,-16.505191803,195.574966431
5.706251621,-16.338666916,137.066345215
6.165514946,-16.774805069,101.540077209
5.091320515,-16.128131866,177.161895752
3.760373831,-16.555292130,211.879562378
6.040391922,-15.313922882,49.861930847
5.582252026,-16.173227310,139.074996948
3.481588364,-18.430126190,119.816467285
4.157538414,-17.677249908,226.564651489
4.200366020,-16.904033661,253.590728760
4.228032112,-16.715322495,248.126144409
3.344336987,-16.969514847,186.447845459
4.172994137,-16.315073013,217.086669922
4.457191467,-17.533246994,240.307815552
3.885004282,-16.019578934,171.233551025
2.217953920,-16.654464722,59.239467621
4.604763508,-16.200983047,208.035598755
4.283405304,-18.429185867,150.810623169
4.722022057,-16.382280350,221.625366211
4.056061745,-16.879592896,247.256042480
4.779649734,-16.499523163,228.185653687
4.938580990,-15.447122574,111.447486877
4.210152626,-17.174291611,253.777679443
3.215652943,-16.456544876,150.747039795
3.654959917,-18.793474197,93.092689514
5.167945385,-17.794311523,185.836090088
4.537199974,-17.902214050,208.283905029
5.617823601,-17.978944778,127.057342529
2.853559971,-17.223659515,128.665191650
4.030433655,-17.226964951,245.678390503
4.186864376,-17.611820221,232.300888062
5.767284870,-16.025318146,112.229766846
4.126568794,-14.121136665,13.982975006
3.298580647,-18.358999252,113.651596069
4.833013535,-16.035591125,182.586578369
4.175299644,-16.662069321,243.803955078
5.187228203,-17.717370987,190.348281860
5.614823341,-16.767139435,165.328979492
5.537215710,-17.700954437,156.278518677
3.373146772,-15.971276283,128.453552246
5.760837555,-17.281137466,148.163391113
4.372566700,-17.014469147,257.791809082
4.673059464,-16.550306320,236.314971924
4.359394550,-17.162298203,256.491943359
4.663509846,-15.754096985,154.486480713
4.856037617,-17.966539383,190.838348389
3.650208473,-17.226636887,218.519912720
4.853980541,-18.170337677,169.007949829
4.454577446,-16.498783112,237.276016235
4.637641430,-16.586427689,239.863220215
3.656213522,-16.866716385,217.252517700
3.536111355,-17.787763596,181.609588623
4.893943310,-17.056594849,241.135711670
4.812383175,-16.593923569,232.633010864
3.831459522,-15.414918900,98.650878906
4.075415611,-17.558008194,232.434448242
5.643591881,-15.887056351,113.022232056
4.172093868,-16.583906174,239.021759033
1.995204210,-16.777902603,44.072963715
4.978162766,-18.688041687,103.959907532
5.683931351,-16.433168411,144.386718750
3.950662136,-17.556478500,226.777755737
4.976899147,-16.116720200,183.566375732
3.729652882,-15.569536209,111.082962036
2.182438850,-17.992956161,43.384712219
2.673619509,-15.513581276,49.904808044
5.477295399,-16.657335281,177.328018188
4.726836205,-17.043163300,250.519409180
5.512935162,-15.429789543,85.450836182
4.473555565,-15.876876831,171.654937744
3.668823957,-17.474027634,212.012344360
5.509646416,-16.219367981,149.171890259
3.541802406,-15.851019859,129.807128906
4.185445309,-16.529251099,235.729934692
4.383310795,-18.691009521,120.133544922
3.990552187,-17.918718338,199.592285156
3.083039761,-18.873527527,57.696369171
5.469923973,-17.760766983,159.474594116
4.160588741,-17.060821533,253.562088013
3.346480131,-18.537626266,100.738380432
5.912604809,-16.537025452,124.018600464
5.099638939,-16.614093781,213.152236938
4.537794113,-15.465196609,119.508155823
3.383997202,-18.740423203,84.570373535
5.550112724,-15.286209106,72.233055115
4.401002884,-16.943052292,257.326995850
5.903760433,-16.918855667,133.222335815
3.052160025,-16.495338440,135.138320923
3.513839960,-16.022962570,144.820404053
3.392262936,-15.666153908,101.728881836
3.081978559,-15.102303505,44.361473083
4.112202168,-16.193471909,202.313430786
4.562017441,-16.590499878,242.151702881
4.891636848,-16.010786057,177.189727783
4.497166157,-16.714130402,249.982818604
3.890557051,-17.014953613,239.307312012
5.201976776,-16.328535080,185.543991089
5.689448833,-16.746976852,156.029830933
3.518815041,-16.959661484,205.556106567
4.420743465,-16.244262695,214.441009521
4.092413902,-18.164037704,177.918106079
3.307851076,-17.051828384,183.246475220
3.433108330,-17.800281525,171.643402100
4.477441311,-17.274948120,253.248229980
2.052415133,-15.711536407,29.025968552
5.880047321,-17.263458252,133.637496948
5.420874119,-17.107051849,191.924621582
4.755479336,-17.070850372,249.089202881
5.283986568,-16.125425339,162.082809448
5.976064682,-16.602174759,119.108268738
4.115659237,-15.569702148,126.615882874
5.060627460,-16.626447678,217.109161377
3.356549501,-17.240997314,188.282730103
2.660968304,-17.393577576,103.973617554
2.367189169,-17.738304138,65.270828247
5.036485672,-18.983207703,71.350143433
4.055176258,-18.313304901,160.311553955
3.090039492,-19.276706696,33.684467316
5.109324932,-17.037952423,224.181991577
5.313055515,-14.944485664,54.326091766
3.283222437,-17.670656204,165.163284302
4.713494778,-17.728477478,219.618438721
3.283402920,-15.678889275,95.910003662
3.570799112,-15.760071754,122.419479370
5.324877262,-16.724409103,196.422653198
4.071203709,-17.196508408,248.315063477
5.109628201,-17.044422150,224.164535522
5.014712334,-18.368930817,137.869232178
3.067214966,-18.167205811,110.437126160
4.122976303,-17.445211411,240.950958252
4.861989498,-16.898172379,241.805633545
5.280120373,-16.401062012,183.714874268
3.852827787,-17.443817139,227.255050659
3.456743002,-17.346490860,196.903213501
3.909574270,-17.950059891,192.956268311
4.905854702,-16.456293106,217.842849731
5.715067387,-17.895153046,123.096595764
4.857868671,-16.247070312,203.033569336
5.249504089,-17.715408325,184.882675171
6.777160168,-16.488756180,43.276306152
4.325928688,-17.825513840,216.731735229
5.337707043,-16.563566208,187.860290527
5.533272266,-15.190437317,65.717468262
4.989706516,-15.475594521,113.053451538
2.519927979,-17.911222458,73.552742004
4.684661865,-17.526929855,235.818008423
5.217036724,-17.019742966,213.879486084
4.810155392,-16.729526520,239.677078247
3.239665031,-17.190923691,175.372268677
3.462971926,-16.637493134,188.074142456
4.023027420,-18.124116898,180.076049805
4.669000626,-19.290040970,54.811706543
3.256047487,-17.599367142,165.958251953
2.410971642,-15.780002594,48.021778107
4.923044205,-16.185455322,193.510025024
5.553681850,-17.267269135,173.987976074
2.641012669,-18.916805267,34.515171051
4.887533665,-15.268738747,93.159919739
4.117358685,-17.564643860,233.533050537
2.941859245,-16.727653503,132.573455811
5.072003841,-17.867429733,186.989059448
5.099843025,-16.531370163,208.402496338
5.227437019,-18.049360275,157.388870239
3.394107819,-16.737686157,185.294342041
5.867748737,-16.272068024,117.225631714
5.188203812,-17.010602951,216.678237915
4.224421024,-17.527463913,238.971755981
3.889305592,-17.749729156,209.538085938
4.832955360,-17.109991074,244.643875122
6.183874130,-15.677422523,60.278606415
3.299875259,-17.096609116,182.568435669
3.729098797,-16.992300034,226.393569946
3.842633247,-16.881700516,233.712188721
4.203335285,-16.562795639,238.650909424
2.637443066,-15.426302910,44.090919495
3.657591581,-17.559261322,206.664794922
5.180383682,-16.074991226,165.741958618
4.264400005,-17.155672073,255.381134033
5.038399696,-18.547714233,116.380058289
3.655908823,-17.446990967,212.160888672
4.209272385,-16.360721588,222.575363159
5.586675167,-17.477832794,162.882156372
4.848228455,-16.717519760,236.927368164
4.802214622,-17.749298096,214.051162720
4.628514767,-19.447935104,43.179924011
4.447112560,-17.590290070,236.421371460
4.021034241,-16.936847687,246.562393188
3.938860893,-16.035295486,176.140762329
5.100551128,-18.118539810,159.962997437
3.999084473,-18.520252228,135.273147583
5.127923489,-17.178855896,221.492095947
4.581998825,-17.237953186,252.620223999
4.938159943,-15.779681206,149.248489380
4.865241051,-16.091388702,187.087158203
4.966581821,-16.038202286,176.179138184
3.968053579,-15.632189751,129.143310547
3.917130947,-16.143194199,186.873321533
2.558315754,-18.922086716,31.014303207
5.041322231,-17.231367111,227.929580688
3.278370619,-16.029123306,125.503807068
2.337137938,-16.392576218,63.438823700
4.555595875,-15.632057190,140.325469971
5.296922684,-16.719432831,199.147033691
2.593164682,-16.421508789,85.631782532
4.704021931,-18.260818481,164.812438965
3.658254623,-18.178331375,156.323318481
4.601124287,-17.391292572,246.129272461
4.161587715,-18.516105652,139.374069214
4.842314243,-15.797023773,154.979675293
4.415873051,-17.887216568,210.998931885
3.929815292,-17.649011612,219.408386230
4.380569458,-17.425514221,246.942703247
3.969827175,-15.712752342,139.026458740
2.440343857,-17.699514389,73.217796326
3.591834784,-19.124540329,60.699005127
3.619739532,-16.111339569,162.120025635
5.122314930,-16.701648712,215.344726562
2.147548199,-17.568130493,50.361095428
4.399059296,-17.022504807,257.882507324
4.657487392,-15.959815025,179.717498779
1.837646842,-19.672830582,3.945223808
4.912540436,-17.400255203,231.410598755
4.071925640,-17.456237793,238.406524658
4.753382683,-20.152063370,9.947880745
4.337007046,-15.083539009,75.094146729
4.270571709,-19.148916245,71.268493652
5.306115627,-18.569433212,97.756225586
3.656929255,-17.486036301,210.440933228
2.761146545,-17.638883591,108.804191589
4.686730385,-15.697376251,147.042984009
4.617127419,-15.394318581,110.680366516
4.671608925,-17.578231812,232.813217163
2.739995241,-16.984903336,114.704788208
4.128196716,-17.055891037,252.384597778
3.971955061,-17.922748566,198.420989990
4.968859673,-16.651407242,225.623626709
5.952705860,-17.202032089,125.770904541
3.561629534,-16.240594864,169.287918091
4.151913643,-16.346303940,219.306091309
7.123941898,-18.971391678,3.649179220
3.193079710,-16.110116959,124.402565002
2.132606030,-17.231731415,53.583923340
2.862778187,-17.569593430,122.723602295
4.617291927,-18.419847488,148.649475098
5.967771530,-17.069234848,125.453422546
4.442375660,-18.546159744,136.678939819
3.516445160,-15.672483444,110.063285828
3.303246021,-16.623374939,169.792327881
3.963041306,-16.802274704,239.708190918
5.427311897,-17.276924133,188.546325684
4.466160774,-16.948822021,257.138397217
4.246099949,-16.946344376,255.494735718
3.763318062,-18.865247726,90.281883240
4.075209618,-16.526113510,230.999145508
4.945266724,-17.536191940,221.810470581
3.623402596,-17.414079666,210.707580566
4.592691898,-16.082151413,195.283081055
4.446459293,-17.555065155,238.909469604
4.247712135,-16.234863281,211.184631348
4.198056698,-17.462129593,242.302200317
3.190469265,-17.512880325,162.442687988
5.732567310,-18.174257278,99.884513855
4.726998806,-16.435228348,225.774169922
4.062559605,-15.426426888,107.755393982
5.233973980,-17.292133331,208.819458008
5.799370289,-15.700448990,87.876098633
4.598476887,-19.162439346,67.287391663
5.281864166,-16.951589584,206.662200928
4.343938828,-16.816627502,254.217727661
4.209654331,-17.671085358,228.349838257
4.231165409,-17.151544571,254.728500366
3.675082684,-15.125002861,65.166801453
4.414919853,-16.740940094,251.726287842
5.627219200,-15.958291054,119.652442932
5.227024555,-18.306606293,130.774444580
2.281325579,-14.944867134,16.203241348
5.521308899,-16.800077438,177.078598022
4.032741547,-17.543172836,231.614105225
3.180234194,-17.355003357,166.029891968
4.221884251,-17.254137039,252.059783936
5.331094265,-16.955398560,201.466964722
4.218924046,-17.817213058,216.080871582
3.503348112,-15.257202148,70.573493958
4.546824455,-17.816690445,216.368041992
4.406313896,-14.969226837,64.659629822
3.340599060,-17.650302887,172.182022095
5.535464287,-15.816950798,115.981552124
4.187374115,-17.041135788,254.478759766
3.040188074,-16.881849289,148.519271851
4.555674076,-16.386343002,226.909652710
4.293129444,-17.622741699,233.514266968
4.587996960,-16.029356003,189.271011353
3.617169380,-18.294332504,142.070495605
3.854172468,-18.063371658,179.111511230
3.539368629,-15.940305710,138.668487549
3.576516151,-17.038534164,212.456176758
2.494238138,-16.406492233,76.480926514
5.123427868,-15.617200851,123.003105164
4.802516460,-17.208936691,244.718322754
3.996796370,-16.438034058,220.015991211
4.087038040,-16.965864182,250.249023438
4.470153332,-17.827552795,216.394027710
5.528303146,-17.480047226,169.648605347
3.405474424,-16.070577621,140.122985840
5.015672684,-17.550848007,215.934295654
3.685499430,-17.097921371,223.000991821
4.926343441,-15.811557770,153.376022339
5.641615391,-17.093927383,165.723754883
4.376710415,-17.870025635,212.716537476
4.478525162,-18.956542969,89.654487610
6.077230930,-16.591243744,107.829605103
5.262026787,-17.225799561,207.633880615
4.699179173,-17.668136597,225.108703613
3.592787266,-17.512216568,203.616058350
6.396771908,-15.710959435,48.574825287
4.459126949,-19.601776123,34.319934845
6.748897076,-17.318201065,41.106616974
3.003238916,-17.632051468,136.417541504
2.176547766,-15.890667915,39.409137726
5.405827522,-15.261026382,76.505157471
5.754971027,-16.236574173,126.402114868
3.697784424,-16.983669281,223.503936768
4.962943554,-17.395408630,228.215026855
4.792383194,-18.065042496,183.466567993
4.494811535,-17.467798233,244.033401489
4.656291008,-18.792924881,104.187210083
4.847940922,-16.286964417,207.263305664
3.798865080,-16.573740005,216.261428833
6.506045818,-17.706295013,51.089111328
2.174835443,-15.841327667,37.921859741
4.318609238,-18.142074585,184.030105591
4.914802551,-19.045480728,70.098419189
5.293969631,-17.303920746,202.362670898
3.523387194,-17.501577377,197.760971069
5.891539097,-17.317241669,130.908889771
3.168094158,-16.632740021,154.899765015
3.599419355,-17.429212570,207.949127197
3.402840376,-17.845123291,165.655548096
6.028155327,-15.851820946,80.327621460
4.311455250,-16.580202103,242.300201416
3.934510231,-18.365724564,150.481018066
4.789287090,-18.218017578,166.525314331
2.998238087,-18.221336365,100.350769043
4.581049442,-16.072782516,194.412719727
4.310677528,-17.278150558,252.929367065
4.243196011,-18.089965820,189.053756714
4.260150433,-16.763870239,251.011230469
4.139269352,-17.424043655,242.621963501
4.077788830,-16.743350983,243.749130249
5.802967072,-15.214700699,55.630077362
4.583458900,-15.119747162,80.057136536
5.030641079,-16.856853485,228.558425903
4.280607700,-18.131601334,184.921081543
5.929724216,-18.171487808,81.609695435
3.114654779,-16.959218979,159.054290771
4.910348892,-17.319725037,234.921981812
4.867341042,-18.584123611,120.672576904
5.132349491,-16.850839615,219.522186279
5.036060333,-16.647504807,220.204803467
3.826269627,-16.760297775,228.399185181
5.121659756,-17.607904434,203.844055176
4.872904778,-17.801866531,205.802368164
3.425164938,-17.565900803,185.130035400
5.692538738,-17.213394165,158.073837280
4.875990868,-16.550355911,226.195693970
5.878576279,-15.187318802,50.595561981
3.234726906,-16.918960571,172.649841309
4.053727627,-18.023712158,191.598999023
4.221275330,-17.667842865,228.852111816
5.188020706,-16.142953873,171.328598022
4.098765850,-17.202056885,249.383499146
3.972074270,-16.808795929,240.494033813
3.476577759,-18.736263275,89.961624146
3.777654648,-17.093791962,230.906219482
3.365737200,-16.535182953,171.799911499
3.603594065,-18.594394684,110.593559265
4.324751854,-17.625434875,233.648590088
4.810861111,-14.231459618,18.022697449
3.284954548,-16.472503662,159.220169067
5.021037579,-16.518556595,213.986175537
4.608604908,-17.741891861,221.769973755
4.649965763,-17.646198273,228.484558105
3.915286303,-17.711652756,213.948760986
3.451832771,-16.724222183,191.072540283
4.291527748,-17.078678131,256.801452637
5.399816036,-16.775207520,190.084396362
5.314712048,-17.801891327,172.016799927
3.884310961,-17.082849503,238.977340698
4.699405193,-18.026777267,191.208923340
5.023220062,-16.400333405,205.498291016
4.917032719,-17.136644363,239.000335693
6.096267700,-17.750982285,89.467605591
4.292561054,-15.734928131,151.879852295
5.042536259,-16.209465027,188.108306885
3.570171356,-15.274446487,74.634437561
4.120796680,-18.011159897,194.910949707
3.014651299,-17.233375549,148.078613281
6.180008888,-15.425417900,48.240119934
3.838874102,-16.749847412,228.940872192
3.542210102,-18.595024109,107.178619385
5.389621258,-17.961593628,151.295578003
3.252803564,-15.713651657,96.850914001
4.630559444,-18.570158005,130.516281128
4.334618092,-15.430603981,114.000663757
4.167309284,-18.056098938,191.353683472
3.581973553,-16.764568329,206.451232910
3.515308857,-19.143589020,56.593040466
5.177138329,-17.058370590,217.870300293
3.621038437,-16.136993408,164.743545532
5.892537594,-16.005016327,100.088981628
3.305782557,-16.167562485,139.345336914
5.346989632,-15.576126099,107.305191040
3.415484190,-17.186416626,195.398818970
4.421670914,-17.790695190,220.111907959
4.821677685,-17.686794281,218.289566040
3.415149927,-16.879156113,192.508010864
4.675829887,-16.619951248,240.538681030
4.411474705,-17.198568344,255.848403931
4.787711620,-15.806247711,157.870208740
3.608725786,-16.699022293,206.213180542
4.168387413,-17.561225891,235.351409912
5.529471397,-16.693910599,172.873977661
4.227489471,-16.818094254,252.156768799
3.513743401,-17.764060974,181.395202637
4.132181168,-17.993282318,197.039550781
2.643026829,-16.798049927,101.079017639
2.962250710,-16.260808945,112.844749451
5.016857624,-17.660020828,208.340972900
4.481400013,-16.831012726,254.565109253
2.926716089,-16.196434021,105.732330322
5.887167931,-17.343875885,130.725082397
3.072838068,-18.297559738,100.940933228
5.348754883,-17.687400818,177.281112671
4.575276375,-15.878937721,171.287750244
5.039412022,-16.958898544,229.708877563
5.636082172,-16.876529694,165.172958374
4.069069386,-16.462451935,225.844009399
4.503464222,-14.768907547,48.235733032
4.070751190,-17.014261246,249.867630005
5.803361416,-16.707340240,141.627349854
2.879888296,-15.100675583,37.654628754
6.117124557,-16.357536316,96.525482178
4.664629459,-17.119052887,252.558273315
4.011837006,-16.709396362,238.743835449
3.022079706,-17.042083740,148.913986206
3.603518009,-16.434526443,189.193267822
5.802896976,-16.150661469,116.774787903
5.253595352,-16.315685272,180.034759521
4.245428562,-17.436725616,244.792541504
3.541802645,-16.724142075,200.621597290
5.852833748,-16.230934143,116.532356262
5.443589211,-16.060405731,143.197677612
3.752138376,-18.398504257,138.848587036
5.481765270,-17.884111404,148.766983032
5.253233433,-18.061508179,154.061141968
5.369518757,-16.605993271,186.690917969
3.232632875,-16.161344528,131.983657837
5.495382786,-18.987012863,50.406288147
4.646163940,-16.493856430,233.282974243
5.836600304,-15.640875816,81.300384521
5.377775669,-16.315738678,168.554428101
5.307087898,-16.465393066,185.304840088
5.333347321,-16.457124710,182.220306396
5.574084759,-16.099822998,134.654953003
3.804927588,-16.057044983,170.305480957
4.057440758,-16.734113693,242.339355469
2.466307402,-18.030654907,64.067314148
4.634888649,-16.547708511,237.443206787
3.215573549,-16.331497192,142.667755127
5.643487930,-16.879535675,164.332519531
2.072318792,-16.538461685,47.193214417
4.370599747,-17.670042038,230.452972412
4.146348953,-15.534504890,123.113655090
3.381174088,-15.559803009,91.392837524
5.109499454,-14.678856850,39.191062927
4.057651520,-16.524261475,229.998306274
4.398560524,-17.268827438,253.826904297
5.426040173,-17.022058487,191.424468994
4.262263298,-18.011194229,197.687759399
5.217123032,-14.952517509,57.103771210
3.848055840,-16.445264816,210.786590576
3.886065483,-17.035217285,239.090774536
4.502909184,-17.679328918,229.054428101
5.651851654,-16.384634018,145.233032227
6.164948463,-15.594075203,57.332912445
4.341521263,-16.733182907,251.045089722
4.419557571,-17.792947769,219.914306641
4.181388855,-16.317596436,217.614624023
4.678132534,-18.327220917,157.890487671
4.869495392,-17.366254807,235.635543823
5.154337406,-17.589132309,202.285476685
4.782377720,-18.490970612,134.971343994
4.728846550,-16.257526398,209.979187012
5.037052631,-18.543371201,116.938018799
2.070027828,-17.603033066,43.876800537
3.743625641,-17.006814957,227.797821045
3.449239492,-17.447198868,192.804595947
4.345098972,-16.603330612,244.196640015
4.153947830,-16.222024918,206.973068237
6.579506874,-17.470825195,51.410945892
5.626184464,-16.766481400,163.979660034
3.918126822,-19.319713593,52.948020935
4.667244434,-17.728593826,221.225234985
5.602147579,-17.327587128,166.553146362
5.069164276,-18.015861511,172.818634033
4.325452805,-17.235912323,254.439361572
6.147518635,-15.554745674,56.408992767
5.486211300,-18.025484085,136.340667725
4.955832958,-16.579917908,222.649337769
4.343855858,-16.245227814,214.020080566
5.392817020,-15.528097153,100.377120972
4.928043365,-17.590475082,219.375045776
5.252446175,-16.584070206,197.456604004
4.827387333,-16.554981232,229.387100220
3.628233910,-18.881662369,83.439872742
3.015206575,-16.196725845,113.963249207
5.386719704,-16.066535950,148.539031982
3.686797857,-17.165933609,222.679916382
4.602612972,-17.647554398,229.698348999
3.421508789,-15.676885605,104.575172424
5.011035919,-16.685247421,224.028015137
5.356677055,-17.540134430,185.683090210
2.791285992,-17.714654922,109.237785339
3.465885401,-16.967695236,200.029556274
3.753139019,-17.624349594,210.045425415
5.017588615,-16.504152298,213.312637329
4.825579166,-17.769414902,211.162475586
4.870424747,-17.850290298,201.489486694
4.721347809,-17.622110367,227.812454224
5.337765217,-17.720754623,176.003005981
4.320333481,-17.466409683,244.261352539
4.292840481,-15.864755630,168.506759644
5.274986267,-18.607217789,95.941146851
2.848639250,-17.058046341,128.086898804
4.771208763,-16.572336197,233.482147217
2.400106668,-18.058078766,57.577884674
4.374011993,-17.450908661,245.522628784
5.962068558,-16.905740738,126.113616943
5.493487358,-17.413301468,176.527709961
5.128617287,-17.323419571,217.787475586
4.259357452,-16.732805252,249.688995361
4.153081894,-18.783432007,108.729774475
2.132601738,-16.344932556,48.011394501
4.514274120,-17.422784805,246.289474487
5.161139965,-18.107398987,156.714279175
4.739809990,-15.534749031,126.182380676
4.540844917,-16.977571487,256.358917236
4.216339588,-16.340536118,220.896804810
4.540929317,-15.824505806,164.803268433
4.645585537,-18.542806625,133.347030640
4.546027660,-13.431509972,2.786397219
2.845365763,-17.095588684,127.879722595
3.409274340,-15.887639999,123.611091614
4.642364025,-17.300701141,248.832015991
3.686989069,-16.020490646,158.042068481
5.568581104,-17.472272873,165.272445679
3.623116732,-16.231950760,173.922760010
3.305291414,-17.409925461,178.812759399
5.724923611,-17.013826370,155.590927124
2.816221952,-17.663209915,114.048461914
5.512992382,-16.841024399,179.019515991
4.164179802,-15.618804932,134.126358032
3.426858425,-16.817966461,191.963729858
3.836343765,-16.147884369,182.164871216
4.386396408,-17.598508835,235.965057373
3.971512556,-16.870796204,242.326721191
5.626187801,-17.217613220,166.197814941
6.121527195,-17.638710022,91.792373657
3.608908892,-17.631626129,198.348999023
2.268134832,-16.833705902,65.261764526
4.725726128,-17.280992508,246.386093140
6.016129971,-16.189344406,98.972335815
5.064799786,-17.960639954,178.646926880
3.852305651,-18.137659073,171.463409424
3.754960060,-19.621089935,30.330883026
4.829085350,-19.992801666,13.842113495
3.685255527,-17.168678284,222.512268066
3.407248497,-18.081699371,146.984970093
4.293925762,-15.909230232,174.141937256
3.831193209,-18.015661240,182.605285645
5.339076042,-18.434522629,109.183082581
3.098881483,-16.308023453,129.218276978
5.289073467,-18.049331665,152.226303101
3.577304840,-18.019180298,165.871810913
4.560009956,-17.726573944,224.181930542
4.654071808,-17.154258728,252.421249390
5.841732502,-17.183227539,139.905441284
1.190271139,-15.524490356,5.005934238
3.742922068,-17.608428955,210.332977295
2.962289810,-17.065574646,141.831512451
3.409149885,-17.002256393,194.283889771
4.362413883,-17.272413254,253.592895508
3.493813515,-16.388122559,175.074935913
3.841647148,-17.364061356,229.992858887
3.689116240,-16.288097382,184.670196533
6.280711651,-18.448535919,39.053775787
4.320666790,-15.666842461,143.580368042
4.778057098,-16.841533661,245.337066650
3.719923019,-18.160940170,161.858505249
4.138535500,-15.929730415,172.574722290
3.570634604,-17.848114014,179.858779907
6.529070854,-16.980352402,64.317497253
4.062873840,-17.654481888,225.152420044
4.834863663,-17.039831161,244.866760254
4.729233742,-18.850963593,95.784629822
3.446145535,-17.198123932,198.607299805
5.611784935,-16.307392120,144.892517090
5.765043736,-16.762639999,147.505020142
3.813907623,-18.127698898,170.518188477
2.826227427,-17.552478790,119.075958252
5.045894623,-16.670032501,220.500000000
5.809236526,-16.386444092,128.839996338
2.861778498,-17.330345154,128.484603882
4.805830002,-17.068502426,246.473953247
5.388376713,-18.105127335,138.135559082
2.764898539,-17.152353287,118.384162903
3.020983934,-18.966688156,48.554458618
3.634736300,-17.174144745,217.846023560
5.036230564,-16.546157837,214.532577515
4.363507271,-16.101673126,198.452346802
5.122139931,-17.156793594,222.341583252
4.496986866,-16.240741730,213.812728882
4.252007961,-17.776847839,220.293670654
4.664913654,-17.297567368,248.189285278
3.327164173,-15.768793106,106.715286255
4.912288666,-16.593633652,226.482650757
5.175694942,-15.482755661,106.753768921
4.354173660,-19.027286530,83.239334106
4.430531025,-17.890024185,210.661407471
4.575397968,-17.402130127,246.219482422
3.649710178,-18.082477570,165.113342285
5.626673222,-15.334388733,72.175231934
7.076503754,-16.534086227,25.028928757
2.355098248,-15.682570457,41.563922882
3.510431528,-16.407558441,178.178619385
3.947805166,-17.078321457,243.168395996
3.723895073,-16.111585617,170.310668945
4.948672771,-17.005813599,237.223449707
4.692339897,-15.999057770,183.457260132
3.107605457,-17.302337646,158.452407837
4.127509117,-18.405599594,151.541839600
5.323680401,-16.530069351,187.467025757
4.184156418,-17.883209229,209.182998657
5.612545490,-18.862157822,53.558120728
4.277518272,-18.511072159,141.169647217
4.512254238,-17.038768768,257.060638428
3.621156216,-18.070829391,164.268112183
5.088561535,-18.031961441,169.807723999
5.518424988,-16.363412857,157.794265747
5.380140781,-18.369493484,112.681877136
6.080099106,-17.331134796,107.399314880
3.011403799,-18.571620941,75.296600342
3.342697620,-17.688938141,170.196731567
4.552936554,-17.454080582,243.905105591
-46.681758881,55.317333221,223.223373413
-47.512561798,54.666584015,230.694610596
-46.335906982,55.732620239,170.719573975
-46.819080353,56.258605957,136.814544678
-44.716670990,53.927574158,35.575054169
-48.019664764,55.149684906,184.899490356
-46.098457336,56.075691223,123.137695312
-46.679946899,54.011730194,193.950378418
-46.546905518,54.293090820,209.697723389
-46.986072540,55.210845947,237.916900635
-50.002441406,53.649108887,11.431324005
-45.362007141,55.901550293,75.947319031
-46.093166351,53.398635864,104.610511780
-49.288948059,55.321407318,59.202880859
-47.390239716,57.439926147,32.336696625
-46.910377502,53.942516327,193.413650513
-46.366859436,55.394714355,198.255447388
-46.279922485,55.129238129,203.041976929
-45.458698273,53.917808533,92.616325378
-46.313045502,56.634090424,82.411277771
-48.814094543,52.244663239,11.488981247
-46.577335358,58.096446991,10.288742065
-47.608116150,53.804374695,165.499542236
-47.056404114,55.275508881,234.857421875
-46.190620422,56.181671143,119.310516357
-46.776729584,54.453006744,230.220718384
-45.025794983,53.416236877,36.893051147
-48.404781342,54.822578430,147.764389038
-47.818256378,54.481235504,202.041854858
-45.686115265,54.972373962,142.885131836
-47.175537109,56.516586304,109.942123413
-46.474140167,56.998172760,56.986957550
-47.174884796,55.428817749,223.855300903
-48.349246979,54.883296967,153.919219971
-46.979465485,53.793327332,178.644302368
-46.728141785,53.850914001,180.092529297
-48.520442963,55.626113892,114.214302063
-46.942768097,54.683921814,243.708648682
-46.778118134,56.215503693,140.867019653
-46.511619568,54.413063049,214.571853638
-45.971378326,54.575298309,172.785263062
-47.192329407,54.571304321,239.965515137
-46.181934357,54.818401337,198.007781982
-47.268901825,54.681579590,241.736755371
-47.675064087,54.386585236,208.794677734
-47.149532318,56.423118591,120.343597412
-48.167366028,55.803234100,135.110702515
-46.143356323,55.623100281,164.171630859
-46.598583221,54.590244293,227.660217285
-48.090404510,55.207118988,175.790512085
-47.827072144,55.057182312,206.034133911
-47.361484528,53.380062103,128.819061279
-49.145652771,55.957279205,50.624328613
-46.713989258,53.965648651,190.897903442
-47.149841309,53.653446198,162.949813843
-47.075920105,55.389877319,227.570922852
-46.431610107,54.208541870,196.741714478
-46.406162262,55.052299500,216.084381104
-47.564357758,57.531646729,25.956081390
-46.097999573,55.269046783,180.332305908
-48.042152405,53.415119171,102.766555786
-46.660518646,53.478622437,138.671966553
-47.184753418,55.390911102,226.425735474
-46.007808685,54.805229187,179.851013184
-44.519645691,54.523979187,34.505954742
-46.664768219,56.280590057,130.613159180
-47.500305176,54.847923279,233.617568970
-46.749183655,54.143466949,207.978576660
-47.051914215,56.843208313,77.368392944
-48.108547211,55.087768555,177.454437256
-47.753429413,52.863464355,67.460708618
-44.960212708,54.565067291,66.491989136
-46.468784332,52.317012787,32.886814117
-46.810573578,52.587776184,55.428066254
-45.586109161,54.167579651,117.234992981
-46.294200897,55.406166077,191.617568970
-47.504348755,54.933574677,232.905548096
-48.262065887,53.750186920,115.555931091
-46.622100830,55.194690704,226.340927124
-46.497154236,54.725879669,224.415588379
-49.078464508,54.923469543,79.347793579
-47.006099701,53.297893524,123.836418152
-46.592601776,55.543106079,202.856216431
-47.700138092,52.889003754,71.150177002
-46.121417999,55.600521088,163.838470459
-44.632545471,54.821502686,43.026012421
-48.602161407,56.068504333,82.417793274
-47.857975006,54.633686066,203.455108643
-48.311195374,54.309616089,146.044189453
-48.116344452,56.022033691,122.222801208
-47.030174255,53.609214783,158.566284180
-46.608963013,53.997894287,189.733734131
-47.693214417,55.977111816,153.672027588
-47.412277222,54.181930542,209.490798950
-46.134887695,54.503456116,187.431808472
-47.634567261,56.139545441,140.024276733
-46.430622101,54.510005951,213.387710571
-46.966831207,53.293457031,123.255371094
-48.808414459,53.812622070,74.095130920
-46.788978577,55.651416779,201.711624146
-46.592685699,54.178268433,204.062026978
-48.589817047,56.078571320,82.716255188
-46.724548340,55.302543640,226.037033081
-47.835849762,54.740253448,207.363830566
-48.215602875,55.111854553,165.460144043
-47.471618652,54.038078308,194.583236694
-47.042678833,56.259132385,139.116226196
-46.937290192,56.403945923,122.019485474
-45.764778137,53.309501648,76.537475586
-47.353733063,53.260639191,116.094879150
-47.056896210,53.929191589,193.075622559
-47.913543701,54.598373413,197.360916138
-46.963336945,54.260986328,222.330749512
-49.083152771,54.865005493,78.892089844
-48.849079132,55.179111481,97.932907104
-48.512420654,54.769763947,135.583358765
-47.733718872,56.025012970,146.755828857
-47.892734528,55.428951263,184.131500244
-48.524257660,54.963752747,134.094207764
-47.907814026,53.600082397,128.169418335
-46.441909790,55.821731567,169.487197876
-45.864475250,54.574665070,161.181579590
-47.180435181,54.232791901,219.888931274
-44.353080750,55.478904724,22.575489044
-47.535720825,54.913806915,231.182434082
-47.104141235,56.246841431,140.520782471
-46.272460938,55.139812469,202.024383545
-47.696990967,53.927520752,172.541366577
-47.213455200,57.236083984,45.852153778
-49.566680908,55.444389343,40.096229553
-48.517276764,55.262172699,129.172531128
-47.534343719,55.236099243,221.896148682
-46.884296417,54.966453552,243.910308838
-47.161575317,54.757534027,245.454925537
-46.845981598,55.475524902,218.466827393
-47.962272644,55.001556396,194.313583374
-47.889087677,53.452133179,115.006965637
-46.489833832,53.673141479,152.826049805
-44.539398193,54.087665558,29.468658447
-46.894809723,54.403560638,230.844940186
-48.504524231,52.899845123,42.040946960
-46.743770599,55.442623138,217.639572144
-45.953128815,55.672615051,143.475738525
-47.654953003,56.836948395,70.367683411
-45.708713531,53.063316345,55.564155579
-46.224746704,52.456439972,35.653381348
-46.472400665,53.792236328,163.815475464
-46.452339172,54.168491364,195.235168457
-46.532558441,55.583122253,196.225357056
-48.978034973,54.868228912,88.243316650
-47.871307373,54.640640259,202.383224487
-46.712532043,56.317478180,127.821907043
-46.684883118,55.521022797,209.159942627
-47.691738129,56.118736267,139.526626587
-47.827957153,52.424282074,36.740932465
-48.301219940,57.168956757,29.657196045
-47.549377441,57.981998444,11.481141090
-46.809448242,54.297409058,221.742706299
-46.037597656,54.948066711,182.518112183
-46.786094666,55.568546295,209.068038940
-46.792957306,55.458755493,218.197937012
-49.435684204,53.680404663,29.707662582
-47.903633118,54.387538910,190.254211426
-45.749923706,54.838424683,151.017990112
-47.026760101,56.086631775,158.975021362
-48.248825073,54.866844177,165.139511108
-45.494560242,53.351379395,61.908267975
-47.005828857,55.093746185,242.829620361
-49.000934601,54.731380463,85.393867493
-47.511577606,55.656673431,193.625167847
-47.016223907,55.725708008,198.434875488
-46.434822083,54.163906097,193.765014648
-47.513694763,55.240894318,222.893310547
-47.754154205,54.920406342,214.814041138
-46.590248108,56.124069214,145.377868652
-47.316558838,53.142326355,104.451416016
-48.051692963,57.197124481,34.399063110
-47.997417450,54.709762573,191.314376831
-46.588890076,52.395591736,39.344196320
-47.246341705,53.633441925,159.391784668
-46.383419037,54.022518158,179.398544312
-46.150440216,54.868938446,194.850173950
-46.504158020,56.608440399,91.377304077
-47.845012665,54.749805450,206.628372192
-45.038272858,54.194545746,65.678009033
-47.613674164,53.965187073,180.846969604
-47.304336548,53.323543549,123.885803223
-46.971565247,55.745128632,196.160873413
-48.684062958,53.107376099,45.193523407
-47.516014099,55.093612671,228.755935669
-47.776573181,53.976718903,171.846374512
-47.458251953,53.816844940,173.390777588
-46.686386108,54.369235992,221.772460938
-47.903079987,56.336143494,107.554168701
-46.404064178,54.178474426,192.761215210
-46.573234558,54.763114929,230.094299316
-47.248458862,53.918312073,189.999465942
-45.454166412,54.306774139,108.959266663
-46.071544647,55.109043121,183.115295410
-47.526252747,56.143955231,143.907241821
-46.113956451,55.817386627,146.657485962
-46.444255829,55.663372040,184.027725220
-45.980384827,54.731628418,176.406402588
-47.185943604,53.156291962,107.767242432
-45.766353607,54.072093964,130.530456543
-49.310077667,55.982841492,40.547321320
-48.423545837,55.322498322,136.935226440
-48.056579590,54.383674622,175.548828125
-47.019359589,56.185676575,147.519927979
-47.227214813,53.514801025,146.440017700
-46.448368073,56.080768585,143.753356934
-47.775794983,54.370925903,200.304687500
-49.036003113,53.558074951,46.871383667
-45.880458832,54.315677643,154.333374023
-48.411632538,54.069568634,123.558631897
-47.125728607,55.262619019,235.240447998
-46.707473755,55.931137085,170.672714233
-43.676807404,56.581272125,2.861064672
-47.186504364,54.570964813,240.049865723
-47.924713135,54.982295990,198.345962524
-46.357013702,54.482273102,206.525100708
-46.767929077,55.125339508,236.138458252
-46.295722961,54.295539856,192.233963013
-47.525291443,53.612178802,149.042648315
-46.735687256,54.720890045,238.216308594
-45.116249084,56.353698730,37.914916992
-46.014377594,55.597972870,154.186416626
-46.516185760,54.892719269,226.748367310
-46.463943481,56.561096191,94.701889038
-46.184062958,54.651252747,196.272842407
-47.072990417,54.382404327,231.336196899
-48.257190704,52.619113922,35.897544861
-46.275505066,54.299007416,190.783752441
-45.960109711,55.273559570,165.874771118
-47.523361206,55.443164825,210.118286133
-47.659656525,54.950984955,222.113754272
-47.328117371,54.453315735,230.995834351
-44.785263062,53.896255493,38.786125183
-47.735870361,53.792613983,157.352157593
-47.055149078,54.065677643,206.367843628
-46.119903564,56.749866486,65.107437134
-46.836357117,55.030597687,241.357833862
-47.328437805,54.322940826,223.068801880
-48.242172241,55.310626984,156.215393066
-46.603775024,56.952873230,63.189979553
-48.677227020,55.524085999,104.215263367
-46.178951263,55.314311981,186.207473755
-47.664073944,55.723075867,179.269866943
-46.344615936,54.887371063,213.185379028
-49.357830048,55.555576324,49.941566467
-46.880283356,53.200687408,112.687034607
-48.307327271,54.031322479,131.325134277
-47.369518280,55.085128784,236.573089600
-46.310874939,55.573745728,181.694458008
-48.444629669,56.117553711,90.849548340
-47.228153229,54.459030151,234.060348511
-48.506374359,55.186779022,132.346496582
-47.971794128,52.904438019,63.171295166
-45.678356171,55.266563416,135.452438354
-46.764305115,54.849979401,240.742797852
-47.499259949,54.685485840,231.899230957
-47.478263855,55.439216614,212.820648193
-47.012031555,55.105892181,242.463394165
-47.850357056,54.364887238,193.793045044
-46.701263428,53.039493561,93.561721802
-46.444046021,54.347637177,206.431686401
-46.789783478,55.607875824,205.721801758
-46.820865631,56.846176147,75.622077942
-46.724803925,54.587303162,234.080718994
-48.201988220,54.024768829,140.774902344
-45.899768829,54.652832031,166.557449341
-48.806259155,55.048946381,103.883819580
-47.671798706,55.382305145,204.632965088
-48.583511353,55.833324432,97.625724792
-47.960552216,53.908954620,152.584106445
-46.699604034,55.514255524,210.343841553
-45.052570343,55.768299103,56.996364594
-49.188064575,53.830177307,47.444793701
-45.072959900,55.271347046,73.452888489
-48.453845978,55.664493561,118.376792908
-46.948116302,54.047447205,204.040817261
-47.356166840,55.610927582,204.280334473
-47.426460266,55.089813232,233.802688599
-47.301902771,54.372642517,227.149139404
-45.422882080,56.415618896,52.349628448
-46.904739380,55.310691833,231.276687622
-47.631366730,56.321708679,121.132179260
-48.449607849,54.234966278,128.227340698
-48.375350952,55.564041138,131.111068726
-47.909549713,54.030128479,166.483383179
-48.208892822,54.689796448,168.546630859
-46.618503571,54.140220642,202.351074219
-46.661281586,54.499225616,227.476852417
-47.806621552,56.079856873,137.340988159
-46.959045410,53.935729980,193.310043335
-47.204933167,54.746036530,244.555023193
-46.941528320,54.820186615,245.759613037
-47.202308655,54.213203430,217.997726440
-46.052154541,56.048664093,122.241081238
-46.798500061,55.733917236,194.040557861
-48.409980774,53.583003998,91.592132568
-47.436759949,57.477996826,29.928012848
-47.166805267,54.843395233,246.077789307
-47.765087128,54.602760315,210.827209473
-46.271095276,56.307163239,111.655746460
-48.656860352,54.712753296,119.401931763
-47.252040863,56.421489716,119.684196472
-46.980377197,56.250595093,139.816329956
-48.722629547,54.864494324,113.290710449
-46.072082520,53.151760101,81.386291504
-47.013156891,56.288642883,135.626724243
-46.833271027,54.187377930,214.111236572
-47.343780518,53.902748108,186.083999634
-48.952480316,55.154769897,88.769805908
-46.655998230,54.053398132,196.718811035
-47.328136444,55.292320251,228.932586670
-48.198028564,55.530044556,150.018234253
-47.204269409,53.416759491,135.805145264
-49.519531250,54.387836456,41.635955811
-48.065582275,53.694179535,126.152336121
-48.200298309,54.224010468,153.171310425
-47.482906342,53.659641266,155.771530151
-46.734802246,55.668045044,198.355865479
-46.576499939,54.836971283,230.853683472
-46.336078644,55.319587708,199.992828369
-45.803218842,53.328483582,80.457420349
-46.354179382,54.662025452,212.004501343
-47.810565948,56.175914764,127.777702332
-45.962520599,54.098335266,150.924194336
-47.352561951,54.868473053,240.933624268
-48.026454926,54.121994019,163.403457642
-47.130378723,54.895999908,246.441589355
-47.834812164,55.968826294,146.178634644
-47.604316711,54.369045258,212.593811035
-45.508392334,55.650756836,101.711982727
-44.843666077,56.580238342,18.861621857
-49.492248535,54.555984497,45.886100769
-46.026824951,55.823528290,138.983337402
-46.825645447,55.370498657,225.507736206
-47.624614716,55.333541870,210.847991943
-49.515899658,56.103752136,27.806718826
-46.887805939,55.470245361,219.863052368
-46.381725311,53.629135132,143.099594116
-47.604129791,55.244869232,216.966400146
-46.833229065,54.267032623,220.249893188
-47.715595245,53.878265381,166.802642822
-46.878437042,54.034286499,201.752532959
-46.302131653,55.349395752,195.534484863
-47.147071838,56.468097687,115.375885010
-47.171714783,56.779571533,83.106750488
-45.293449402,55.090904236,98.115104675
-46.612510681,52.214641571,29.646022797
-47.149818420,55.260578156,235.083526611
-49.911285400,55.701148987,21.527027130
-46.748226166,53.525115967,145.958633423
-47.205505371,54.908237457,245.226135254
-48.011650085,54.069107056,160.979141235
-46.462734222,55.491416931,198.883987427
-47.374130249,55.333427429,224.708038330
-48.809673309,55.149963379,102.196876526
-47.837482452,55.090545654,204.205978394
-47.355995178,54.456802368,230.188339233
-47.008838654,56.023925781,166.081008911
-49.986660004,55.388515472,22.239793777
-46.504608154,55.348320007,211.131240845
-47.582950592,53.419868469,126.188751221
-45.319915771,56.586013794,38.137458801
-47.473857880,53.882110596,179.458923340
-47.256980896,55.029006958,242.092376709
-46.459381104,54.386001587,209.627807617
-47.510639191,55.295875549,220.176589966
-49.065158844,54.023124695,62.667255402
-47.699337006,54.479206085,211.594741821
-47.834377289,57.254066467,35.977001190
-45.982540131,57.257583618,29.033523560
-46.798450470,54.814811707,241.920318604
-47.278682709,53.686244965,164.617843628
-45.984569550,54.424442291,169.508743286
-46.958770752,55.242656708,236.006195068
-47.250633240,55.878948212,180.574081421
-48.833965302,55.094867706,100.649993896
-46.587867737,53.757114410,165.590560913
-45.797050476,54.972152710,155.520019531
-48.032699585,55.366500854,174.708099365
-46.275177002,54.309108734,191.327835083
-46.842144012,54.149494171,211.211776733
-46.185188293,53.145488739,86.363929749
-46.939861298,56.498191833,111.637672424
-47.389171600,55.474948883,214.289962769
-47.167858124,54.281806946,223.786514282
-45.952610016,54.705764771,173.099014282
-46.345520020,54.380565643,200.873870850
-46.077728271,54.715267181,186.594940186
-47.368350983,54.288784027,219.311325073
-50.169612885,55.509563446,15.692623138
-47.579692841,55.136684418,223.229965210
-47.184547424,55.283992767,233.247711182
-48.132678986,54.705268860,177.050643921
-47.044536591,54.790714264,246.523483276
-47.544811249,52.921794891,78.262786865
-49.146213531,54.813320160,73.379653931
-46.995819092,56.200920105,145.643325806
-47.102096558,54.951168060,246.162582397
-46.815708160,53.780010223,175.001815796
-48.449497223,54.468284607,137.095657349
-45.598312378,56.189697266,77.683013916
-47.869804382,54.534278870,199.481979370
-46.928573608,55.563076019,212.920516968
-47.616710663,53.984970093,182.503402710
-47.018146515,55.354564667,229.916854858
-46.554531097,57.638790131,22.895666122
-45.980834961,55.473972321,158.451065063
-47.363010406,55.418720245,219.477279663
-46.333850861,55.741050720,169.840881348
-46.965961456,54.170227051,215.133682251
-45.563465118,57.240421295,19.352586746
-46.265186310,54.680839539,204.527542114
-47.645931244,54.991466522,222.508758545
-47.100727081,55.083885193,243.202545166
-46.828125000,54.509418488,234.737869263
-47.055423737,55.269222260,235.210342407
-44.730949402,54.605857849,48.795677185
-49.064144135,53.810310364,54.912803650
-43.257087708,53.926647186,3.286788225
-47.756813049,53.167343140,93.865791321
-45.903800964,54.852977753,168.418014526
-46.160419464,54.692134857,194.689697266
-47.895435333,54.459350586,194.272872925
-46.446445465,55.053558350,219.246826172
-46.935104370,52.778362274,71.888076782
-48.868309021,53.938903809,75.046974182
-46.761203766,54.878490448,240.602767944
-48.005149841,53.908489227,149.044845581
-46.229690552,54.867336273,202.690704346
-46.772777557,55.325847626,226.590637207
-44.730281830,56.073387146,27.512317657
-47.021373749,54.776115417,246.271713257
-46.955627441,53.634231567,161.090377808
-46.152332306,54.960525513,194.357299805
-46.876758575,55.765457153,192.717849731
-48.009937286,53.484920502,111.049407959
-47.907508850,55.099906921,197.413970947
-46.081901550,55.690082550,153.903732300
-45.890960693,54.291404724,154.329147339
-46.011592865,55.171134949,174.985977173
-45.687908173,54.125522614,125.582923889
-46.872379303,55.010280609,242.834152222
-47.576744080,55.048400879,226.177810669
-46.418392181,54.981101990,218.467453003
-46.150081635,54.896221161,194.701126099
-47.192752838,56.267406464,137.646530151
-46.930660248,53.169456482,109.762588501
-45.075492859,54.987361908,77.901405334
-47.524780273,56.842655182,72.803459167
-47.064590454,53.864048004,186.341583252
-47.938583374,55.820564270,152.055007935
-48.001296997,56.377815247,98.614372253
-45.898086548,55.728610992,134.558609009
-47.340103149,54.446594238,230.222595215
-48.703083038,55.562911987,100.272453308
-46.978912354,54.077972412,207.169555664
-46.942790985,53.587360382,155.783493042
-48.246623993,53.972789764,133.132720947
-47.287109375,54.439350128,231.521774292
-48.390995026,54.733135223,148.802261353
-48.679580688,53.703861237,78.600868225
-46.967533112,55.155941010,240.160293579
-47.055473328,52.426677704,45.381874084
-43.765075684,56.034667969,4.652012348
-45.145866394,55.146011353,82.572875977
-45.417964935,54.519348145,110.684677124
-45.598731995,54.230869293,121.259346008
-46.169406891,53.092685699,80.909248352
-46.605064392,56.129760742,145.314254761
-46.561294556,55.739246368,183.983245850
-47.529598236,54.836868286,231.837448120
-45.547824860,55.125461578,124.792976379
-46.459056854,53.577041626,141.622680664
-47.257934570,53.493747711,143.571258545
-46.663822174,56.791770935,78.087829590
-46.097450256,53.208484650,87.673072815
-47.539009094,54.799274445,231.099426270
-48.758647919,56.161300659,66.090484619
-47.905887604,54.035556793,167.201858521
-48.167301178,54.501083374,168.704025269
-46.588905334,54.381866455,217.550262451
-47.822246552,54.931606293,208.698654175
-48.696998596,54.864101410,115.965034485
-47.099231720,55.693561554,201.611389160
-48.230148315,55.212890625,161.019302368
-47.533901215,55.675830841,190.792755127
-45.892078400,55.394298553,153.452499390
-47.002689362,55.406921387,226.215011597
-48.610031128,54.309726715,114.708076477
-47.685276031,54.325366974,204.519134521
-46.083240509,55.162113190,182.779937744
-47.988079071,54.307064056,178.318420410
-46.130722046,54.270954132,176.628067017
-48.140232086,56.007862091,121.615287781
-45.225414276,55.294483185,87.121116638
-47.333850861,56.423736572,118.276702881
-47.320400238,54.476436615,232.453384399
-47.083232880,54.347274780,229.038986206
-47.059322357,54.842559814,246.860916138
-46.259578705,54.839794159,205.551666260
-46.593441010,54.121944427,199.656814575
-45.920661926,54.921283722,169.963745117
-46.994701385,54.129131317,211.871917725
-46.260864258,53.188518524,93.829536438
-46.445835114,54.983531952,220.599960327
-46.383934021,54.903877258,216.462646484
-45.925754547,55.476406097,152.773895264
-47.153606415,53.567058563,153.242797852
-47.678390503,55.707820892,179.722412109
-46.714500427,54.039543152,197.754196167
-45.782756805,53.966403961,125.796745300
-47.096790314,54.283363342,224.507476807
-46.697673798,54.665115356,235.222000122
-47.248394012,54.014541626,199.534606934
-46.792427063,55.769718170,190.271621704
-45.618724823,55.520381927,118.949256897
-46.535625458,54.735992432,227.252746582
-45.359519958,54.331371307,99.936157227
-47.765266418,55.080883026,210.841445923
-47.594268799,54.698188782,226.173858643
-45.884956360,55.279758453,157.586441040
-45.421577454,55.226596832,108.753257751
-46.489452362,54.477207184,216.211090088
-46.479835510,52.961025238,80.656211853
-46.053131104,54.205776215,165.809616089
-46.580692291,55.680366516,190.448593140
-46.842453003,55.035964966,241.414855957
-48.666259766,55.610301971,101.587120056
-45.417831421,54.474380493,109.739074707
-47.182388306,55.247203827,235.316726685
-45.437248230,54.822822571,115.715209961
-45.742858887,54.791126251,150.172821045
-46.387397766,53.705738068,150.930206299
-49.073818207,55.633056641,67.020462036
-46.984817505,54.335422516,227.890457153
-47.703678131,54.713298798,218.327392578
-47.946666718,53.157070160,84.755340576
-47.058540344,55.881668091,182.116653442
-48.477645874,56.293247223,76.599288940
-45.642658234,55.816291809,105.291053772
-48.068485260,55.906661987,135.166656494
-47.470668793,55.419319153,214.606475830
-48.169750214,55.546104431,151.785263062
-47.030406952,54.331485748,227.934249878
-47.466247559,53.923583984,183.906097412
-47.149600983,57.302253723,41.918701172
-49.296669006,56.351863861,29.165857315
-48.314918518,54.613780975,155.546203613
-48.325569153,54.523777008,152.245056152
-48.508426666,54.663578033,134.922973633
-45.298252106,55.076293945,98.834671021
-46.870914459,55.193897247,236.691558838
-46.857482910,54.785816193,243.583129883
-47.196727753,55.313240051,231.296981812
-45.964477539,55.764236450,138.072158813
-46.879497528,56.485744476,112.361007690
-48.408458710,54.678703308,146.226470947
-47.606216431,55.476341248,202.798538208
-45.995948792,53.340057373,93.522430420
-45.820621490,54.479740143,153.940307617
-47.151729584,54.487888336,236.811492920
-47.919090271,55.100978851,196.274581909
-47.443065643,55.697460175,193.045776367
-47.708496094,53.745983124,154.313552856
-46.587432861,53.986072540,187.677902222
-46.639015198,55.065925598,231.835647583
-48.541461945,54.689407349,131.634552002
-47.455917358,56.041721344,157.419174194
-45.810775757,54.469795227,152.576141357
-47.988773346,54.713691711,192.246322632
-49.200584412,54.451786041,64.236282349
-45.674530029,54.860637665,142.366165161
-45.043201447,53.072299957,25.277839661
-47.098033905,52.163715363,30.365240097
-47.371898651,55.430202484,218.307632446
-44.742889404,53.913074493,36.720630646
-48.143321991,55.844573975,134.067352295
-46.275203705,55.717311859,167.583435059
-47.537929535,54.400711060,218.448257446
-47.930789948,55.105201721,195.024353027
-46.834255219,54.929687500,242.954010010
-46.891632080,52.583007812,55.763496399
-47.418865204,52.918193817,80.795768738
-46.061851501,53.296028137,93.528450012
-47.565666199,55.234424591,220.015838623
-46.107933044,54.197555542,170.347930908
-46.885730743,55.708076477,198.661758423
-46.160942078,55.163345337,190.603347778
-46.729255676,54.902397156,239.125091553
-44.428409576,54.490768433,29.341819763
-47.902935028,56.107727051,129.033782959
-46.387924194,56.449085236,102.956794739
-48.775497437,54.492782593,103.264854431
-46.883537292,54.729400635,243.463302612
-47.002750397,51.357208252,6.242299557
-47.585613251,54.832214355,228.173568726
-46.714439392,53.929199219,187.416610718
-48.545692444,55.634460449,111.464935303
-46.392002106,53.680679321,148.728515625
-45.613677979,54.652904510,134.432250977
-47.115352631,53.520439148,148.322830200
-47.065105438,52.436302185,46.020671844
-47.736595154,55.352733612,201.525131226
-46.737796783,55.234249115,230.257003784
-45.870159149,54.605930328,162.459045410
-46.479980469,54.515804291,217.201049805
-45.256191254,55.083736420,94.415328979
-47.417095184,54.619266510,234.431442261
-47.296211243,53.762851715,172.601837158
-49.272964478,54.380386353,57.337909698
-45.067035675,55.791721344,57.229881287
-48.086776733,56.212985992,108.168334961
-45.373958588,54.576587677,106.961326599
-47.934024811,53.216259003,90.591003418
-47.884948730,56.074443817,133.231643677
-48.874153137,56.094825745,61.879352570
-47.487064362,54.110031128,200.263473511
-47.502403259,55.354644775,217.175384521
-46.998813629,53.547641754,151.625488281
-47.784996033,55.224773407,204.010971069
-46.126911163,57.028545380,45.534206390
-46.665172577,55.530754089,207.485351562
-46.390380859,54.595314026,213.257980347
-48.818256378,55.213512421,100.217910767
-45.956352234,55.615116119,147.571182251
-48.241855621,55.279121399,157.466720581
-44.773693085,55.154842377,51.017391205
-47.713775635,55.351520538,203.355499268
-46.439075470,56.644615173,85.877685547
-46.698902130,54.346965790,220.954696655
-47.246685028,52.879489899,79.975440979
-47.406475067,54.761104584,238.030334473
-48.007644653,55.793033600,148.954650879
-47.277908325,54.899341583,243.445938110
-46.321685791,54.851951599,211.240676880
-46.478897095,55.397533417,206.368209839
-48.424549103,55.965251923,102.646133423
-48.180221558,56.055885315,114.835426331
-46.348896027,54.959251404,212.955276489
-49.185245514,54.593128204,67.951263428
-48.580509186,55.545566559,112.372337341
-46.038566589,54.143150330,160.735061646
-47.553852081,55.226173401,221.162628174
-46.322711945,54.249511719,191.591232300
-48.151218414,54.818305969,175.883850098
-45.786998749,53.903919220,122.159767151
-47.314098358,54.465404510,232.095748901
-48.039142609,54.923500061,187.486068726
-46.319919586,54.767314911,210.688537598
-46.846843719,56.280391693,134.826690674
-45.563777924,53.491676331,75.710502625
-46.546855927,55.606246948,195.124145508
-46.903823853,55.772510529,192.481796265
-46.818675995,56.016418457,164.353134155
-46.278247833,53.762886047,149.890472412
-46.615440369,54.390167236,219.482742310
-45.783107758,56.294811249,83.196952820
-47.616836548,55.493476868,200.882232666
-45.434066772,54.787902832,115.333038330
-48.560977936,53.946304321,102.430229187
-46.992446899,54.197254181,217.616180420
-48.340549469,53.303710938,75.786193848
-45.418933868,54.634822845,112.599243164
-47.470638275,55.240573883,225.323883057
-44.697322845,53.768207550,30.614429474
-45.705574036,54.275505066,134.318038940
-46.997676849,55.848705292,185.500915527
-46.650588989,55.994152069,161.839660645
-45.919483185,54.949924469,169.565231323
-46.293376923,56.187263489,124.708335876
-47.067974091,56.472740173,115.016296387
-46.694286346,54.463481903,227.358932495
-46.296432495,54.877967834,208.919403076
-46.378597260,53.083332062,88.720924377
-48.483276367,54.069763184,116.582992554
-49.345981598,53.647277832,33.016403198
-46.043827057,55.173564911,178.311111450
-47.777912140,52.818714142,63.229038239
-47.509323120,55.299873352,220.028335571
-46.964923859,53.791767120,178.379348755
-47.507907867,55.942111969,166.045394897
-46.887004852,55.645530701,204.714721680
-47.381820679,54.679084778,237.654510498
-46.491844177,53.569370270,142.279678345
-45.865245819,55.830780029,124.449279785
-46.966304779,56.043563843,163.549468994
-47.430465698,54.206214905,210.675369263
-46.325016022,56.390384674,106.068176270
-48.089511871,54.960586548,181.792068481
-48.163047791,53.305538177,86.268371582
-47.863910675,53.864330292,155.822860718
-46.067924500,55.602458954,158.865737915
-46.036468506,55.100299835,179.645797729
-47.400173187,56.640037537,94.358467102
-48.302803040,56.941429138,42.084434509
-47.097923279,55.491493225,219.800628662
-47.848320007,54.711242676,205.837081909
-47.022808075,53.780708313,177.460220337
-46.270130157,54.487957001,199.417251587
-46.641689301,55.687854767,192.711685181
-46.519554138,53.365070343,122.062408447
-47.857795715,54.067897797,173.501770020
-48.010112762,55.604347229,162.630477905
-48.327808380,55.451885223,141.338760376
-48.264514923,53.566802979,101.025642395
-48.902050018,54.792240143,95.096298218
-48.683635712,55.040248871,116.371200562
-47.462966919,53.658153534,156.334045410
-47.168117523,55.959304810,172.975387573
-46.709499359,55.430858612,217.086807251
-47.031703949,54.733051300,245.681716919
-47.654167175,55.624721527,188.287384033
-46.656147003,53.764469147,168.910415649
-46.062545776,54.360164642,174.662979126
-47.040122986,54.612358093,242.559341431
-47.324501038,54.872619629,242.001846313
-48.638851166,55.130722046,119.663963318
-47.074344635,54.702342987,245.125625610
-45.939491272,54.220485687,155.716125488
-48.808509827,53.133232117,40.683639526
-46.659355164,53.480461121,138.836517334
-47.578468323,55.096042633,224.698272705
-50.399135590,55.267162323,11.126665115
-48.179935455,53.870864868,131.625442505
-47.232555389,52.647827148,60.624099731
-46.788711548,53.104415894,101.556465149
-47.654113770,56.267059326,125.924125671
-46.743412018,53.998500824,194.961929321
-48.089984894,55.703891754,148.797256470
-47.588127136,55.602058411,194.177093506
-47.959266663,55.592151642,167.846908569
-45.614562988,54.448383331,130.450302124
-7.870665550,12.814382553,165.390274048
-9.229429245,13.397649765,241.796813965
-7.123529911,13.106735229,104.717979431
-8.650695801,14.011969566,246.850952148
-7.198024750,13.930158615,119.166473389
-7.146058083,14.603687286,85.697654724
-10.482687950,14.117820740,103.184707642
-9.046561241,15.281312943,110.339935303
-8.063883781,13.430179596,218.038864136
-7.758873463,15.096248627,97.587036133
-7.861933231,15.861903191,41.592880249
-7.164436817,14.648456573,84.836875916
-6.488838673,14.098917007,50.324436188
-8.785273552,13.378714561,252.525711060
-7.333243370,13.282938957,134.287796021
-8.049734116,12.954046249,191.957870483
-6.675009727,13.726107597,68.369979858
-6.553243160,14.935169220,34.221328735
-8.298796654,13.285708427,231.095153809
-7.994582653,13.169574738,201.270538330
-8.465872765,13.436752319,246.192718506
-9.836882591,13.597653389,190.940490723
-8.764339447,12.709466934,201.901229858
-7.667613983,14.180639267,162.309387207
-9.324263573,13.777422905,238.237243652
-8.719408989,14.213555336,235.007995605
-9.317544937,12.381835938,152.213363647
-7.912097931,11.656895638,59.044681549
-8.937384605,12.619683266,191.431488037
-10.182087898,12.715887070,115.394783020
-9.085030556,15.611235619,74.271789551
-8.276017189,13.640266418,238.030776978
-8.350147247,13.231301308,231.546966553
-9.658828735,13.203863144,200.204010010
-10.751474380,13.580736160,81.606445312
-10.246974945,14.347915649,118.521583557
-9.570011139,13.685938835,219.015579224
-8.679501534,11.367459297,51.842372894
-7.496085167,14.582824707,118.584991455
-8.436118126,12.832674980,206.172180176
-8.451947212,13.391942978,244.098770142
-6.343676567,13.084030151,37.092857361
-8.883684158,14.078180313,244.401382446
-10.265668869,14.149990082,126.064743042
-10.276101112,13.646162987,137.026123047
-7.402645588,14.595666885,108.992942810
-8.741913795,13.310863495,249.325942993
-9.296563148,12.008450508,110.509170532
-7.981355190,14.075271606,200.886352539
-8.219346046,13.474020958,231.968261719
-7.264200687,13.349271774,127.970108032
-9.211780548,14.453770638,202.425445557
-8.305387497,13.213399887,227.862197876
-8.703271866,14.292928696,228.279403687
-9.256788254,14.091775894,229.647277832
-10.428159714,15.178021431,54.428188324
-8.644754410,12.418284416,167.733230591
-8.411474228,13.680617332,246.511276245
-8.651680946,13.240797043,244.297439575
-8.704966545,13.104010582,236.641204834
-9.760477066,12.770444870,160.694686890
-6.996187210,13.244803429,95.439598083
-6.821856499,15.102044106,41.167587280
-7.781405449,12.891358376,163.021835327
-9.436175346,12.507786751,159.795898438
-9.044084549,11.618889809,74.690666199
-8.443303108,15.017160416,140.113052368
-9.056724548,12.784608841,206.320770264
-8.498461723,13.102479935,230.912963867
-7.560165882,13.983420372,159.271286011
-9.832221985,14.320160866,164.022720337
-8.386547089,13.978525162,237.768829346
-9.280315399,13.362372398,237.606414795
-7.512275219,14.678101540,113.226837158
-8.901642799,13.180826187,242.140991211
-7.661407948,13.839086533,175.400390625
-7.605393887,12.482000351,113.263946533
-6.528413296,13.787753105,55.970733643
-8.888851166,13.361200333,251.575698853
-10.278770447,13.510643959,136.453048706
-10.065788269,14.149990082,148.844284058
-10.213117599,13.605267525,144.986984253
-8.743521690,13.673310280,257.512115479
-10.505900383,12.846226692,89.939384460
-8.787122726,12.165500641,138.474548340
-10.097154617,14.016294479,151.111373901
-9.085907936,13.246283531,241.702697754
-10.047444344,11.620749474,44.398883820
-10.165086746,13.299683571,146.817199707
-10.733475685,14.074629784,78.548225403
-8.545924187,13.055645943,229.278106689
-7.655762672,13.969759941,170.769729614
-8.637985229,12.771424294,206.659057617
-7.334801197,13.005587578,123.235221863
-8.635159492,14.515756607,205.279937744
-8.933782578,12.811560631,211.599487305
-8.095738411,12.838649750,186.203277588
-9.188901901,12.863296509,209.126358032
-8.482283592,13.742114067,249.583557129
-10.128131866,13.859324455,152.346786499
-7.344173431,13.994479179,133.920486450
-9.379629135,13.026391029,212.204711914
-8.504231453,13.349280357,244.832473755
-7.750614643,13.993644714,180.533538818
-8.464963913,12.886013985,212.269989014
-10.224921227,12.948292732,125.127159119
-10.116941452,11.855379105,56.309898376
-8.698026657,13.229687691,244.552322388
-7.690684319,15.972700119,31.962579727
-8.542025566,12.697607994,196.672866821
-9.379898071,13.033649445,212.723709106
-8.272202492,14.513091087,190.507339478
-6.954136372,11.330615997,13.528506279
-8.066465378,14.008481026,212.208190918
-8.997175217,12.884076118,217.369094849
-11.550909996,12.961061478,18.271350861
-8.997245789,13.977321625,247.648178101
-9.091464996,11.881196022,101.871505737
-7.335616112,12.781904221,110.481269836
-8.579417229,13.733686447,253.532028198
-7.921846390,15.395322800,78.900367737
-8.336657524,13.323922157,235.167678833
-9.443462372,12.570455551,166.023086548
-7.370489597,13.238306999,137.194931030
-9.671215057,13.226771355,200.094329834
-9.203107834,13.840672493,244.297363281
-6.500901222,13.493011475,53.190280914
-8.668366432,13.186690331,241.493728638
-8.660748482,14.310256958,226.086547852
-9.194605827,13.625394821,247.671340942
-9.660079002,12.547055244,148.479187012
-9.650825500,12.653582573,159.549911499
-9.929886818,13.745045662,178.823974609
-7.323965073,13.810601234,136.234237671
-10.752693176,12.170921326,39.126594543
-9.440966606,11.874945641,90.788253784
-10.393732071,13.754716873,121.716094971
-10.074028015,13.988612175,154.905136108
-7.579199314,13.645271301,168.424728394
-11.839034081,12.314802170,6.535249710
-7.703595638,14.168043137,166.933227539
-8.338923454,15.169642448,118.384193420
-9.349659920,14.144999504,219.999984741
-9.390048981,13.796440125,232.949249268
-9.469359398,14.079117775,214.763168335
-7.183524609,12.764755249,94.490455627
-11.408238411,13.884019852,29.314996719
-10.547514915,15.376614571,37.864803314
-8.198934555,13.142252922,216.506500244
-8.974916458,13.241168976,244.534622192
-8.285593987,12.284677505,140.397888184
-9.884778023,15.085710526,95.324417114
-8.880663872,15.684507370,68.608154297
-8.765110970,14.367283821,222.031112671
-9.264320374,13.692385674,243.434448242
-9.587834358,14.301907539,189.037368774
-7.022833347,14.249626160,90.713584900
-9.383512497,13.885087967,230.874633789
-8.388567924,13.844738007,242.680953979
-9.502787590,13.611735344,225.545700073
-8.952376366,14.692204475,184.967437744
-8.792762756,13.338069916,250.901184082
-9.863984108,12.964536667,165.383117676
-9.379131317,13.083141327,216.297348022
-8.974993706,14.818063736,169.097656250
-6.701766968,14.873233795,43.404384613
-8.993622780,12.824229240,211.778915405
-9.496290207,13.990366936,217.137771606
-8.705709457,14.120493889,241.510345459
-9.043861389,13.290499687,245.341232300
-7.929585457,14.735699654,143.783905029
-9.263678551,13.164587021,228.801712036
-6.158267975,13.822088242,31.924728394
-8.708069801,13.384325981,251.985565186
-9.598612785,13.831912041,213.526519775
-8.181849480,13.077301025,211.096725464
-8.448009491,12.317219734,150.745269775
-8.828451157,13.856855392,254.857147217
-8.273464203,12.754685402,190.456588745
-8.920675278,13.350661278,250.772674561
-10.716537476,14.859701157,52.188629150
-9.043844223,15.318107605,106.084732056
-8.902853966,13.890625000,253.161026001
-9.499027252,14.529144287,176.462860107
-8.922151566,13.758080482,256.222869873
-7.800088406,12.982209206,171.257095337
-9.126036644,13.775156021,249.724014282
-9.200140953,12.438918114,163.824615479
-8.270991325,11.919793129,98.445335388
-9.189825058,14.384333611,210.302062988
-8.296072960,13.621681213,239.392028809
-7.747678280,13.134809494,175.022415161
-9.108864784,15.263198853,111.342308044
-9.475287437,12.397985458,145.534454346
-8.446466446,13.545055389,247.632156372
-7.842081070,13.459369659,196.827407837
-8.019088745,15.133422852,108.852386475
-8.121107101,12.691327095,174.526916504
-9.435141563,13.973277092,223.163635254
-9.137236595,12.190972328,136.813583374
-8.537232399,12.138782501,132.010208130
-10.132985115,13.242434502,148.943435669
-7.167472839,12.681460381,88.155441284
-8.035115242,14.566838264,168.416854858
-7.928027153,13.786327362,205.929931641
-8.994797707,13.157371521,239.070404053
-8.453901291,13.779190063,247.665603638
-9.174237251,14.581930161,190.730270386
-9.989816666,13.619917870,172.707366943
-8.278211594,14.275748253,212.322967529
-10.642483711,11.887926102,32.756149292
-8.454803467,12.355619431,155.494445801
-9.256236076,13.355269432,238.774810791
-8.964150429,15.438548088,93.343544006
-8.533089638,14.252463341,227.455474854
-8.798199654,15.469157219,90.573036194
-8.941981316,12.330538750,157.701278687
-7.753765106,12.768632889,150.875793457
-9.447065353,13.418986320,227.553436279
-9.411442757,12.696151733,180.951934814
-7.435286045,12.954771996,131.367813110
-8.076584816,13.376278877,217.608016968
-8.676163673,14.223647118,233.602951050
-8.756924629,12.719450951,202.906250000
-8.231286049,13.787308693,233.393142700
-6.737446785,14.892334938,44.633079529
-7.947849751,12.130787849,105.115776062
-8.581686974,15.300283432,108.452857971
-8.827921867,13.257381439,247.031692505
-6.453495979,15.033592224,27.458391190
-8.067689896,13.964737892,214.223190308
-9.270274162,14.581322670,186.048599243
-8.562484741,13.703441620,253.229888916
-7.834078312,13.361801147,193.569747925
-7.300076962,13.270103455,130.060729980
-9.352311134,14.355282784,203.317276001
-8.741868973,13.351180077,251.108795166
-8.238117218,12.208166122,129.414169312
-9.784736633,14.871751785,121.529602051
-8.530758858,13.067964554,229.665405273
-7.741282940,12.985744476,165.593368530
-9.341890335,13.842156410,235.370574951
-7.701030254,13.700956345,182.283767700
-8.851726532,14.973938942,150.810272217
-7.872596264,14.720330238,140.756332397
-8.238759041,13.903594017,230.861785889
-8.398831367,12.960616112,215.696823120
-9.453594208,13.256459236,220.926605225
-9.732282639,13.463541985,201.423904419
-11.578061104,13.555724144,21.226953506
-8.905337334,15.006732941,146.198364258
-9.207175255,14.086690903,232.867706299
-11.471295357,13.948726654,25.870441437
-8.619233131,13.758340836,254.420349121
-7.940947056,14.926968575,125.523063660
-9.824679375,13.672897339,192.061599731
-9.872512817,12.336347580,111.728614807
-7.300153732,13.279299736,130.339752197
-9.890667915,13.785469055,182.745269775
-8.445326805,12.847561836,207.950500488
-7.711703777,13.910304070,179.180999756
-9.309682846,14.855667114,153.019683838
-8.568943977,13.790694237,252.306427002
-9.770859718,12.811880112,163.184051514
-9.038451195,12.655772209,193.401763916
-9.174916267,10.566282272,10.558635712
-9.079753876,14.280318260,224.560653687
-8.579617500,14.867205620,162.395629883
-9.117279053,14.501783371,201.796417236
-9.531144142,12.860495567,187.843429565
-8.077484131,12.350225449,136.303039551
-9.559168816,13.821131706,217.642105103
-7.977327347,13.554540634,212.058914185
-9.198680878,13.322498322,240.562835693
-8.639547348,13.544981003,254.872573853
-10.361185074,13.659183502,126.450149536
-8.333806992,14.696331024,174.278289795
-8.844875336,13.915349960,252.811706543
-8.953054428,13.640711784,256.520141602
-8.491438866,11.879149437,100.517944336
-9.094839096,12.979603767,223.011779785
-9.902720451,13.616740227,183.211471558
-6.897159576,12.783500671,69.313133240
-9.204894066,14.097223282,232.337875366
-8.138304710,14.694454193,163.080398560
-9.647065163,12.718587875,165.927169800
-8.272297859,14.495891571,192.226531982
-8.851387978,13.845587730,255.085006714
-8.260133743,14.275087357,211.151458740
-8.239040375,13.601841927,235.221664429
-7.227211475,13.287407875,122.155471802
-9.442165375,14.366521835,195.827697754
-8.442219734,13.678199768,248.151351929
-9.136097908,12.779565811,203.231124878
-9.232263565,13.484468460,243.986785889
-8.109977722,12.932802200,195.091598511
-7.967969418,13.577135086,211.313262939
-8.751152039,13.392486572,252.805374146
-7.665015221,14.536870003,138.059402466
-9.578976631,12.703768730,169.952346802
-9.023302078,15.249265671,114.500633240
-9.574184418,13.786383629,217.045608521
-9.800259590,14.759961128,130.650131226
-8.257283211,13.299717903,228.943237305
-9.817217827,13.994512558,184.480789185
-10.541536331,13.516453743,104.610305786
-9.150871277,13.918799400,244.338623047
-9.787701607,14.911394119,117.618782043
-9.413603783,13.468653679,231.418533325
-7.227873802,12.467958450,80.048118591
-8.178626060,12.617267609,170.988403320
-9.847337723,14.131685257,174.342773438
-7.640976906,12.454572678,113.908195496
-9.766078949,13.812128067,196.426147461
-10.055722237,14.489868164,129.366043091
-8.211617470,13.008699417,208.352661133
-8.799189568,14.302463531,228.057205200
-8.106187820,13.427469254,221.687347412
-8.612220764,13.061266899,231.664016724
-9.286503792,15.030199051,133.572509766
-8.907310486,14.542566299,203.076599121
-8.000000954,13.745101929,213.842224121
-10.313585281,14.983416557,73.547447205
-8.187548637,13.380954742,226.956375122
-8.900013924,13.294865608,248.512145996
-9.962182045,12.642474174,131.260665894
-10.322901726,10.890346527,11.103075027
-7.517640591,14.916074753,95.812820435
-9.019617081,11.999197006,116.722610474
-8.986609459,12.550104141,182.809463501
-7.635124207,14.716020584,121.124359131
-8.476793289,13.646632195,249.887329102
-9.686785698,16.807664871,6.325391293
-11.794638634,13.802123070,13.885972023
-9.028998375,13.105176926,234.682327271
-6.934010983,14.522945404,72.115745544
-7.397526741,15.618825912,42.638233185
-9.639886856,14.019094467,202.171478271
-7.844480038,14.605866432,148.854629517
-6.731791496,14.778256416,48.403266907
-8.029974937,14.327897072,188.825942993
-8.652079582,12.832785606,212.961196899
-7.565249443,11.936946869,64.800376892
-8.600976944,12.933382988,221.017471313
-10.177953720,14.996886253,82.307746887
-6.608880520,13.046216011,54.471515656
-9.874894142,13.141801834,174.643768311
-9.056002617,14.011879921,244.069503784
-9.690017700,14.675235748,147.394287109
-9.303297043,13.001609802,215.101531982
-9.770300865,12.157454491,101.892814636
-8.707781792,13.628981590,257.037536621
-8.142634392,15.748650551,55.363285065
-9.049383163,13.238780022,242.496292114
-8.599130630,14.535636902,202.323303223
-8.815940857,14.806825638,172.252670288
-8.384042740,13.540476799,244.204467773
-9.619942665,14.874454498,132.863143921
-7.941218853,13.307982445,202.620590210
-8.499937057,14.470901489,206.132858276
-7.807824135,14.775398254,130.436508179
-10.190725327,14.554776192,111.841720581
-7.632914066,14.834599495,111.236991882
-8.859195709,14.128843307,241.388900757
-8.333076477,13.525123596,240.874649048
-7.549168110,14.007373810,157.105239868
-10.148120880,13.142844200,143.348388672
-8.106678963,13.418145180,221.476257324
-9.773745537,13.585302353,198.090057373
-8.219540596,12.296872139,138.545227051
-8.768898010,15.260163307,114.822158813
-8.336384773,13.732437134,241.625167847
-6.857115746,16.302558899,8.737151146
-8.414868355,16.390626907,21.438825607
-7.753677368,14.343506813,161.168914795
-7.298541546,12.375026703,79.413917542
-7.748343468,12.783481598,151.556289673
-8.896537781,12.247405052,148.118392944
-7.506027699,14.445708275,128.886276245
-7.897519588,14.081999779,192.166595459
-6.570726395,13.130411148,53.435852051
-7.736902714,15.973528862,32.802364349
-9.374697685,15.466056824,82.934379578
-9.577278137,14.174589157,199.199142456
-8.980339050,12.985157967,226.595520020
-7.326533318,13.710147858,137.883071899
-8.313635826,13.211621284,228.282257080
-8.279178619,13.557349205,237.736968994
-8.231684685,12.310303688,140.686019897
-10.087983131,14.346636772,135.423965454
-9.746782303,13.125975609,187.359832764
-8.052294731,14.861845016,139.580718994
-8.878717422,14.547574997,202.876266479
-8.746248245,12.121777534,132.999694824
-9.596319199,13.924447060,210.665725708
-9.091575623,13.624970436,252.412628174
-8.175395966,14.009099007,221.591217041
-7.336049080,11.927113533,51.525299072
-8.717792511,14.364928246,221.906677246
-10.009432793,12.709244728,132.064743042
-6.984403610,14.162220001,90.052803040
-7.698310852,13.594833374,182.342330933
-7.752709866,13.315842628,183.373550415
-8.652396202,14.039195061,245.452880859
-8.853104591,12.195105553,142.018234253
-8.820333481,13.026866913,231.650314331
-9.052602768,15.387421608,98.058242798
-9.401648521,13.353233337,229.004730225
-10.640571594,14.128655434,86.381614685
-9.714056969,13.308465004,199.156814575
-9.762725830,13.332072258,194.832305908
-9.392991066,13.888004303,230.034957886
-9.231483459,14.308939934,214.918502808
-9.021058083,12.285956383,151.024658203
-8.454612732,13.553997993,248.160644531
-10.700581551,13.975632668,83.827781677
-8.923212051,12.943625450,224.012283325
-8.380542755,14.187174797,225.298278809
-8.211209297,12.986223221,206.626266479
-9.284992218,14.330358505,209.893768311
-8.445051193,12.856389999,208.752655029
-9.415103912,12.123427391,118.392639160
-8.326251030,13.103322983,222.427871704
-7.362093449,14.652880669,101.589691162
-9.052441597,10.738139153,15.646992683
-8.307423592,13.993091583,232.160659790
-9.236815453,12.813551903,202.244049072
-9.087741852,15.002460480,143.474868774
-7.596632004,13.700694084,170.129669189
-9.543213844,15.302234650,93.293983459
-9.507931709,13.893323898,220.149276733
-9.724273682,14.490839005,161.126968384
-9.188644409,14.996928215,141.153671265
-8.826190948,14.726492882,182.208480835
-7.961197376,14.724487305,147.308731079
-8.149202347,13.650017738,228.185623169
-8.666663170,12.920373917,221.319396973
-7.991956711,11.967370033,91.019546509
-9.766150475,13.226799965,190.401611328
-9.843694687,14.179230690,172.004959106
-8.263634682,11.310483932,41.991649628
-8.444254875,14.716295242,176.821380615
-9.866292000,14.737686157,127.239746094
-6.556828976,13.384725571,56.548233032
-8.441858292,13.672536850,248.151077271
-8.695816040,14.010087013,247.803436279
-6.918824196,13.593571663,92.098808289
-8.944652557,11.709393501,84.933441162
-7.948654175,15.057785034,112.741195679
-7.468219757,14.208150864,138.876419067
-10.619103432,11.418578148,17.608079910
-7.996538162,13.905540466,209.684875488
-7.418396473,13.088906288,136.567794800
-8.955983162,14.461886406,210.921371460
-9.931357384,14.201859474,161.115982056
-11.081449509,12.490179062,31.969083786
-8.589740753,13.959423065,247.697357178
-8.939162254,13.091573715,235.619567871
-8.769410133,14.295631409,228.604736328
-9.133829117,11.474883080,60.102588654
-9.378686905,14.577489853,180.026168823
-9.545237541,13.883724213,217.056793213
-8.349226952,12.853707314,203.929901123
-8.721545219,15.641780853,72.501815796
-10.404122353,13.834215164,119.329742432
-8.406219482,14.637989044,184.271926880
-9.875165939,12.691391945,143.457595825
-10.256542206,13.394289970,137.723526001
-8.845599174,14.521484375,206.054931641
-8.792508125,11.602728844,74.182647705
-8.274979591,13.305302620,230.398620605
-7.608602524,13.351346970,168.305282593
-9.773878098,12.526804924,137.507095337
-6.243433475,13.367650032,34.789710999
-8.381498337,13.790103912,243.522323608
-7.336894035,13.670950890,139.398605347
-9.315162659,13.577205658,240.166137695
-9.505205154,12.764085770,181.152847290
-8.692490578,13.782093048,255.665039062
-9.142672539,12.621929169,186.538482666
-9.066443443,14.493190765,204.584396362
-7.905901909,14.748273849,140.727859497
-9.243199348,12.713350296,192.018478394
-9.210865974,13.196064949,233.512298584
-9.195956230,13.365368843,242.431060791
-10.039198875,13.002440453,148.873626709
-9.814966202,14.613589287,142.423797607
-7.765604496,11.743424416,59.862300873
-8.893393517,13.650916100,257.457427979
-9.847830772,14.529828072,146.467498779
-10.399714470,14.154000282,110.954055786
-8.639667511,12.381972313,163.338058472
-8.053321838,13.246249199,210.403762817
-10.425562859,12.932903290,102.338119507
-9.575332642,15.426606178,80.150054932
-7.922876835,12.654728889,155.905212402
-8.120074272,14.299639702,198.678436279
-8.979692459,15.413628578,95.974700928
-9.203378677,12.709296227,193.406204224
-8.752598763,12.834794998,214.484313965
-9.043611526,14.869068146,161.222900391
-9.522847176,14.980575562,127.725852966
-9.204145432,13.208445549,234.564849854
-8.906677246,14.851676941,165.930160522
-10.130661964,12.461992264,101.457855225
-8.263681412,13.336608887,230.930953979
-11.159178734,13.331481934,43.353767395
-8.691354752,13.218338966,243.796447754
-9.683781624,12.935198784,180.923950195
-8.378887177,15.550113678,77.660537720
-8.671554565,13.133830070,238.145217896
-9.589193344,13.699118614,217.022949219
-7.864779949,13.157140732,188.210662842
-8.150557518,12.929254532,197.848403931
-9.428796768,15.135086060,115.659515381
-8.589481354,13.589835167,254.014968872
-9.626091003,13.523145676,213.316543579
-7.970044136,14.143957138,195.949569702
-8.817572594,12.244182587,148.081375122
-8.944162369,13.163407326,240.458221436
-7.981557846,14.072009087,201.076889038
-8.460821152,14.229853630,226.260833740
-8.296199799,12.595062256,175.524322510
-9.860065460,14.093800545,174.973602295
-9.678390503,12.914991379,179.877548218
-8.750698090,14.592949867,198.090988159
-8.257298470,12.290006638,139.661483765
-7.992484093,14.224474907,192.964935303
-8.658757210,12.818072319,211.666305542
-9.434720993,13.607971191,231.357406616
-9.063686371,11.712530136,84.004005432
-7.817082882,13.047705650,177.173263550
-7.499207497,13.018558502,141.899490356
-8.298401833,11.592525482,65.978569031
-6.979074478,13.894205093,96.189903259
-9.201063156,14.156449318,228.600769043
-9.424736977,14.172662735,212.444702148
-9.922240257,14.246420860,159.429382324
-10.260154724,11.887190819,50.937824249
-7.107640743,13.462285995,111.862030029
-9.296839714,13.643945694,241.585403442
-10.049206734,12.939134598,144.003677368
-8.676082611,14.519901276,205.541442871
-7.463913441,14.080666542,144.370910645
-7.777556419,12.005683899,82.828750610
-9.899451256,13.960238457,176.537841797
-10.439679146,13.048334122,105.713851929
-7.774985790,13.180548668,180.192596436
-7.766505241,13.786191940,188.516052246
-8.842313766,13.664080620,257.834411621
-6.594184875,13.790157318,61.223140717
-10.066136360,15.316613197,66.271629333
-8.738850594,13.691130638,257.390472412
-9.555148125,12.906949997,189.823455811
-9.558224678,12.603260994,161.670394897
-8.466133118,13.594679832,249.154266357
-10.232516289,12.100336075,66.575920105
-9.810082436,14.044589996,182.969055176
-9.413908958,14.299090385,203.690185547
-9.630199432,13.618805885,213.413650513
-10.745501518,14.745080948,55.072269440
-8.670153618,12.529021263,181.034103394
-10.311267853,13.302981377,129.048065186
-8.348933220,14.151065826,225.924713135
-8.803918839,13.816676140,255.949737549
-9.158398628,12.800196648,204.406494141
-10.384257317,17.292448044,1.037716269
-8.623686790,15.208122253,120.159805298
-9.833147049,13.120395660,178.047348022
-8.965135574,12.383238792,163.687210083
-8.813556671,13.198488235,243.678329468
-9.828091621,15.327171326,77.862350464
-9.024615288,14.074242592,241.605453491
-8.492203712,14.865753174,160.355163574
-9.066327095,11.356845856,50.819065094
-9.798326492,14.102939606,181.253265381
-8.069292068,15.404836655,83.632141113
-7.740461826,14.536720276,145.239242554
-8.965669632,11.599411964,73.460807800
-9.743186951,14.038517952,190.517227173
-8.141730309,14.468730927,185.892547607
-9.453138351,12.660116196,174.649261475
-7.264211655,12.753622055,101.656547546
-10.797004700,12.915772438,64.767196655
-9.411173820,13.469149590,231.617874146
-6.773862839,13.818004608,76.863296509
-8.030508041,15.067193031,116.395271301
-11.893621445,14.535646439,8.086651802
-7.986912727,12.395049095,135.061203003
-8.277386665,13.845527649,235.464035034
-9.886407852,15.251973152,81.091522217
-9.867717743,13.025580406,168.907211304
-6.875153542,12.921437263,72.973548889
-9.071199417,14.158726692,234.424301147
-9.661890984,13.801842690,207.888626099
-8.493674278,13.202636719,237.117187500
-7.455556870,13.956487656,148.040313721
-8.983129501,13.028445244,230.042022705
-10.112453461,13.963109016,151.214233398
-7.596149921,12.875421524,143.313491821
-8.289091110,12.807604790,196.372497559
-8.506436348,13.045706749,227.115722656
-8.851175308,13.005377769,229.850250244
-7.259507179,14.204580307,116.412109375
-9.448280334,13.561112404,229.993759155
-9.064888000,12.928017616,219.566345215
-9.635313034,14.072875977,199.825897217
-7.553365707,14.953907013,95.556953430
-8.484686852,13.160571098,234.194183350
-7.553884506,13.389964104,162.941070557
-8.154603004,13.010746002,204.407897949
-8.849609375,14.740016937,180.420562744
-7.415590763,15.207460403,68.213737488
-9.043368340,15.293617249,108.945503235
-9.985836983,14.103809357,160.267105103
-9.219586372,14.269453049,218.926528931
-8.967005730,13.437182426,253.060058594
-10.014959335,13.490283966,169.042404175
-9.297118187,14.123981476,225.017608643
-10.885034561,13.425916672,67.235054016
-8.754663467,14.259162903,231.644805908
-8.701779366,13.748188019,256.358123779
-8.428809166,12.409955025,160.902191162
-8.436667442,14.229832649,225.112777710
-8.813142776,15.365362167,102.319900513
-9.541518211,13.515310287,221.333908081
-9.137380600,14.307391167,219.822982788
-10.452814102,14.846755028,71.542968750
-8.295800209,14.536210060,189.573196411
-7.704415321,14.553232193,140.522308350
-7.915702820,13.939858437,200.352142334
-7.309133530,12.222685814,69.566741943
-7.783271790,15.390040398,73.487373352
-7.848888397,14.488278389,159.352874756
-8.437691689,12.184419632,134.677642822
-9.120479584,13.725775719,250.741287231
-8.686833382,13.301071167,248.094192505
-10.305919647,14.948353767,76.340461731
-7.494071007,13.834829330,155.872924805
-7.474487305,12.900769234,132.298217773
-9.955941200,11.480595589,39.522014618
-9.816963196,14.022014618,183.278762817
-8.239684105,13.646260262,235.389038086
-7.357933521,14.088418961,132.064727783
-8.923849106,14.599308968,196.401779175
-9.314534187,14.905058861,147.034225464
-9.656370163,14.878610611,129.981338501
-7.765383244,12.049139023,86.056686401
-7.833860874,12.479492188,132.065185547
-9.536004066,14.218280792,199.906951904
-9.663201332,14.875829697,129.790100098
-8.451228142,15.307806969,105.246315002
-8.354189873,13.242127419,232.353347778
-9.454393387,12.872223854,194.563095093
-8.116812706,14.502600670,180.848571777
-7.290110111,14.087429047,124.533149719
-9.536576271,14.612200737,165.472381592
-9.118335724,12.539858818,178.260726929
-9.473597527,13.642566681,228.076934814
-9.008153915,14.098136902,240.621994019
-9.348918915,14.398820877,199.603546143
-9.371454239,12.547552109,167.846893311
-7.652190685,14.146265984,162.464767456
-7.178482056,12.624908447,85.768264771
-9.591459274,12.937374115,189.238128662
-8.066677094,13.563354492,220.608703613
-8.699751854,13.131435394,238.467224121
-8.693814278,14.020726204,247.225463867
-10.961834908,13.375137329,59.659599304
-7.953424931,13.976789474,202.746063232
-8.483092308,15.799223900,56.544517517
-9.918659210,12.251008034,100.472961426
-9.117625237,12.287345886,148.833862305
-7.929432392,12.775303841,167.270935059
-8.330747604,11.999017715,109.436119080
-8.989588737,15.085598946,135.116912842
-9.410766602,13.494491577,232.142883301
-9.035360336,13.772837639,253.253829956
-8.523347855,13.938829422,246.185165405
-5.862298012,12.198063850,8.294082642
-8.080847740,14.132226944,206.922286987
-8.150445938,13.590084076,228.135604858
-7.625811100,13.831755638,171.441024780
-9.344033241,13.738372803,237.524047852
-5.958742142,13.936870575,22.669139862
-9.786770821,13.732692719,195.683395386
-8.269292831,14.911127090,146.209899902
-9.329427719,15.210212708,111.284812927
-9.355632782,14.533378601,186.044967651
-8.876193047,14.456762314,212.715789795
-8.019100189,13.126145363,201.009140015
-10.530200005,14.123847008,97.911384583
-8.467811584,13.833535194,247.173980713
-8.159779549,15.238956451,104.043785095
-8.757741928,13.686983109,257.588500977
-9.511930466,12.306635857,133.407577515
-8.845427513,14.854238510,166.138107300
-8.798262596,12.461353302,174.189514160
-7.076156139,14.387670517,90.068489075
-8.622730255,13.477934837,253.099761963
-9.688003540,12.695938110,160.457366943
-9.625891685,14.261193275,188.614181519
-8.472761154,14.446065903,207.578247070
-8.190229416,13.363923073,226.580841064
-9.112700462,13.568090439,251.185760498
-8.551640511,14.665477753,186.339279175
-10.236058235,14.452461243,113.737243652
-9.161399841,13.216032982,237.014999390
-8.793395042,11.530941010,67.109718323
-9.603966713,13.210597992,205.743927002
-8.928322792,12.379155159,163.708724976
-8.150794983,13.319404602,221.794616699
-8.348760605,13.726319313,242.479721069
-8.987843513,13.824892044,253.478790283
-8.801730156,13.222861290,245.100738525
-8.834097862,12.532768250,182.468826294
-9.732719421,12.009753227,90.042930603
-9.355805397,13.604222298,237.452972412
-10.365509033,13.636773109,126.001739502
-8.846018791,13.663059235,257.818695068
-8.796745300,13.895396233,253.626205444
-10.381220818,13.721884727,123.570930481
-10.193723679,12.411170006,92.209930420
-10.444387436,12.292584419,64.631347656
-10.171056747,14.244014740,132.217697144
-10.395132065,13.749226570,121.607772827
-9.743379593,15.685915947,53.092346191
-8.372391701,15.627634048,70.086898804
-9.194345474,12.941861153,215.867691040
-7.205088139,13.555289268,123.866752625
-9.947030067,13.499370575,177.374465942
-9.852765083,13.259376526,182.352706909
-9.146258354,11.816048622,93.576812744
-9.123404503,13.662468910,251.089508057
-6.844439983,14.186864853,76.438430786
-8.779001236,13.563879967,257.232788086
-8.925441742,14.811577797,170.732208252
-95.591178894,24.870132446,130.819335938
-95.859184265,22.802967072,208.667800903
-96.262466431,22.321073532,163.745391846
-94.436515808,23.496158600,102.776321411
-94.588706970,24.443876266,94.486450195
-95.583732605,26.020626068,32.409164429
-96.059974670,23.111715317,237.115966797
-97.977958679,22.626747131,85.688323975
-94.922523499,24.674369812,107.977455139
-96.620887756,23.909574509,225.762771606
-95.728134155,25.239208221,97.065704346
-95.079353333,23.674737930,173.213607788
-96.823684692,23.767887115,218.607269287
-97.799285889,22.539279938,96.320976257
-97.921157837,23.384489059,112.109855652
-96.901062012,22.906028748,195.180679321
-95.282592773,23.813867569,191.312728882
-96.317611694,23.432592392,247.238662720
-94.379501343,24.579929352,69.822654724
-96.875488281,23.019248962,203.826095581
-97.569496155,22.816356659,131.156356812
-96.534645081,21.523487091,73.292221069
-96.130508423,23.479494095,248.573547363
-97.574501038,22.746555328,127.151206970
-95.920036316,24.471714020,184.856460571
-94.593673706,23.276317596,116.725646973
-97.714576721,20.920299530,15.387886047
-97.243453979,22.508794785,140.420928955
-95.030105591,22.644060135,134.550445557
-95.666023254,23.959770203,216.165893555
-96.922508240,25.420637131,73.265121460
-95.206077576,21.110483170,27.013067245
-95.058090210,23.300220490,169.192504883
-96.748229980,24.464813232,176.717300415
-97.453514099,22.776407242,139.881576538
-95.743995667,24.403224945,185.362319946
-96.656867981,24.667398453,159.733718872
-96.057220459,21.673078537,86.670166016
-97.114990234,24.401050568,158.681091309
-94.283874512,25.945762634,10.555650711
-97.374717712,24.120264053,154.094772339
-97.387489319,23.657730103,168.003280640
-96.989135742,23.021310806,194.833480835
-97.173698425,23.626491547,190.381240845
-96.997406006,23.649021149,206.830963135
-96.487541199,23.892761230,232.457855225
-97.103675842,23.727052689,195.660751343
-96.088806152,22.826436996,216.958908081
-95.780723572,24.905685425,133.709671021
-95.569892883,23.900522232,212.730026245
-97.627601624,24.020467758,132.721939087
-98.300712585,21.695823669,26.371776581
-96.779914856,23.700572968,223.536178589
-95.065567017,21.920875549,78.479240417
-95.257827759,23.411859512,192.921188354
-96.250083923,25.681665421,61.517253876
-95.286605835,23.703182220,194.610549927
-96.668182373,22.495784760,174.703735352
-96.686965942,21.875556946,107.449607849
-95.375679016,23.130327225,197.053085327
-96.549613953,22.653556824,194.817642212
-95.580009460,22.490198135,163.652343750
-95.707351685,21.978759766,112.304092407
-96.602737427,21.999540329,122.664077759
-96.368133545,24.709848404,161.930435181
-97.542198181,22.632425308,123.721305847
-96.710586548,22.486373901,171.948867798
-96.006034851,23.358905792,245.191635132
-95.509773254,23.369842529,216.664901733
-95.029327393,23.564615250,168.528198242
-97.253570557,23.447826385,182.467361450
-97.250740051,23.240854263,179.144699097
-95.251411438,24.759883881,123.974060059
-94.902442932,23.365358353,152.753204346
-99.361839294,24.802310944,9.167858124
-97.200790405,23.572364807,188.053863525
-97.257308960,23.005010605,169.884231567
-95.021148682,23.466648102,167.399978638
-95.639549255,24.021993637,210.712570190
-96.202056885,23.273548126,245.171905518
-94.718757629,22.318881989,85.799156189
-96.092613220,24.310684204,204.651458740
-96.452407837,23.478868484,243.781829834
-96.088317871,24.773479462,154.783187866
-95.542617798,24.058620453,201.773925781
-94.057014465,23.940166473,63.915935516
-98.185295105,24.688348770,53.130008698
-95.708198547,23.480640411,232.842086792
-95.043167114,22.575248718,130.774368286
-96.060523987,22.741451263,208.678527832
-97.572792053,24.761547089,93.832458496
-95.220390320,24.222000122,165.180267334
-94.922042847,23.180374146,150.738891602
-96.894699097,23.274772644,212.962432861
-96.642860413,24.419372559,185.900375366
-96.738220215,23.322187424,226.104049683
-94.614341736,23.408037186,120.948341370
-96.046722412,23.479751587,247.418121338
-96.624183655,24.606393814,167.451477051
-96.776184082,22.770223618,193.965972900
-96.466255188,21.616468430,82.745223999
-95.747108459,24.367488861,188.915618896
-95.784667969,22.638891220,189.744888306
-96.787467957,24.850091934,134.929931641
-96.337402344,23.688634872,244.681869507
-95.930892944,22.325464249,159.913360596
-97.364891052,25.118499756,80.080612183
-95.786537170,23.442468643,237.385437012
-96.172363281,24.925539017,137.946121216
-95.344268799,23.452783585,202.163162231
-97.103118896,23.523664474,197.768035889
-95.777671814,24.177133560,207.126510620
-95.844802856,24.132705688,213.644653320
-97.355804443,24.789293289,107.778945923
-97.245040894,24.272514343,157.248153687
-97.221763611,22.504850388,141.787078857
-96.013854980,23.299186707,243.956420898
-94.944732666,24.228065491,139.445648193
-96.365783691,24.187295914,215.461608887
-94.625175476,23.386564255,121.883056641
-95.787651062,22.619760513,187.921386719
-97.577384949,22.114234924,86.953506470
-97.108924866,23.741155624,194.856277466
-95.571624756,23.825485229,216.210540771
-96.070915222,23.531137466,247.769149780
-96.014549255,22.964164734,226.774307251
-96.456565857,22.877010345,217.623428345
-95.223869324,22.428392410,133.561447144
-97.411605835,24.972835541,88.991859436
-95.333374023,24.052177429,185.446289062
-95.120956421,22.945672989,162.425506592
-98.148902893,24.798856735,50.983154297
-95.864089966,24.714654922,157.124145508
-94.130805969,24.896383286,38.530128479
-95.751296997,23.421701431,235.176422119
-94.470016479,23.845087051,104.120002747
-95.639884949,25.579315186,63.740814209
-97.054039001,22.236408234,130.241592407
-94.319885254,23.789045334,89.945243835
-94.787635803,23.500097275,140.998764038
-97.321884155,25.980293274,27.317749023
-95.760368347,25.884769440,43.185131073
-95.420829773,24.215633392,181.946517944
-97.365966797,23.142251968,164.637527466
-96.777404785,24.800756454,140.636657715
-96.703010559,23.723962784,228.160888672
-95.691970825,25.568861008,65.721038818
-95.714286804,23.104076385,222.798202515
-97.758789062,23.041896820,121.967788696
-95.172592163,23.884986877,177.926223755
-95.874961853,23.911840439,229.865295410
-95.697883606,22.375244141,157.269393921
-96.604759216,23.303466797,233.953094482
-96.372985840,23.846097946,238.127014160
-95.517677307,24.139913559,194.507873535
-95.558708191,23.632976532,220.754791260
-97.289710999,24.761997223,114.799507141
-96.057060242,22.466760635,179.285324097
-93.495903015,24.538543701,17.187576294
-94.885437012,22.828514099,131.825637817
-95.250053406,23.407590866,192.050323486
-96.819099426,21.865909576,103.294799805
-97.691139221,23.373067856,135.793975830
-96.281532288,21.972118378,122.066413879
-95.840560913,22.081016541,128.226577759
-95.858535767,23.250143051,237.004379272
-96.424598694,22.147510529,142.253204346
-97.326576233,23.810932159,171.411407471
-98.175407410,22.020460129,44.099853516
-97.051071167,21.174552917,38.412925720
-95.898857117,21.694402695,86.323402405
-95.746162415,22.917488098,212.689437866
-96.370277405,23.582691193,245.939056396
-95.415573120,22.995143890,193.780288696
-97.591506958,23.544921875,146.993316650
-95.976303101,25.062921524,120.684600830
-94.804229736,21.984203339,68.907928467
-97.244125366,23.360666275,182.385437012
-95.869979858,22.554800034,184.324295044
-95.794197083,22.966646194,218.821166992
-99.068778992,23.353870392,22.468357086
-97.561531067,24.251657486,128.389846802
-96.653511047,22.508504868,176.581283569
-96.224929810,23.199623108,242.306747437
-95.342704773,23.943607330,191.877639771
-96.682945251,25.858987808,44.827205658
-95.211906433,23.537727356,188.671112061
-95.725509644,23.896530151,223.246932983
-96.958999634,21.511011124,65.956565857
-97.831962585,22.799186707,105.989944458
-95.153282166,23.791725159,178.828338623
-96.499534607,23.764020920,237.510772705
-96.382614136,24.667955399,166.482589722
-94.867126465,23.139806747,143.334960938
-95.867851257,22.353946686,161.425308228
-97.119148254,25.229940414,82.759078979
-95.499778748,24.322389603,179.145874023
-96.877990723,23.589675903,217.675598145
-97.680801392,24.279741287,115.131416321
-95.647659302,22.843606949,201.027221680
-95.806793213,23.563234329,238.324371338
-96.587974548,22.198883057,145.402069092
-96.634544373,23.139511108,226.183593750
-96.684799194,24.161890030,206.406692505
-95.481704712,23.080869675,204.284698486
-95.992630005,21.807241440,100.119613647
-98.766143799,24.566537857,26.109573364
-97.054924011,22.183006287,125.238998413
-97.193023682,24.045700073,175.570358276
-95.580810547,23.150512695,215.733123779
-94.983520508,23.254186630,159.712600708
-96.401489258,22.644659042,198.174087524
-95.862564087,24.535631180,176.452148438
-95.910385132,24.048101425,222.519607544
-96.495498657,21.876604080,110.353645325
-96.051521301,23.869714737,237.509460449
-96.657012939,23.950059891,221.739746094
-95.741432190,22.838642120,206.167434692
-96.250572205,23.730699539,244.633895874
-94.579223633,22.784885406,99.215980530
-95.787071228,24.497234344,177.799514771
-97.709182739,24.557764053,96.349342346
-96.417144775,23.218927383,239.401977539
-96.350662231,23.182508469,239.719253540
-95.940185547,24.060211182,222.642700195
-97.660453796,22.221183777,88.324874878
-96.228713989,23.070903778,235.700546265
-94.231323242,23.543945312,82.824508667
-96.768920898,23.010791779,211.009628296
-96.528259277,25.435274124,81.004631042
-95.861160278,24.632404327,166.044158936
-96.412185669,25.329977036,92.773742676
-94.896598816,22.555482864,116.312179565
-94.226898193,23.962444305,78.304710388
-96.039909363,23.836595535,238.924804688
-97.455070496,22.920923233,147.035964966
-97.099967957,22.937618256,180.861495972
-96.078895569,23.645883560,246.321945190
-96.741249084,24.220882416,198.783538818
-96.613037109,23.852878571,228.834533691
-96.640754700,22.778503418,202.084762573
-96.471389771,22.512487411,182.908676147
-96.230995178,25.259929657,101.063980103
-95.174293518,24.747816086,120.101531982
-98.168449402,25.049425125,40.141925812
-95.862434387,23.148933411,232.969207764
-96.042930603,22.239231110,152.005447388
-94.800781250,23.194976807,137.590759277
-96.257339478,22.449041367,178.691589355
-95.261276245,23.418741226,193.359313965
-95.920104980,22.525960922,182.792098999
-97.335952759,24.539615631,129.654388428
-95.980247498,21.549674988,73.314918518
-95.424385071,22.987081528,194.079147339
-95.389739990,23.554811478,206.693710327
-94.138031006,22.093885422,35.828090668
-95.426681519,23.960773468,198.369369507
-95.559089661,24.187393188,193.872665405
-95.814353943,20.654462814,16.008722305
-97.165817261,23.081905365,181.911056519
-96.371200562,23.609760284,245.556381226
-95.951881409,23.677860260,242.459747314
-95.744346619,25.457633972,76.510940552
-95.551460266,24.653245926,151.319534302
-96.128349304,24.019819260,229.457092285
-94.042770386,22.793039322,53.930488586
-96.889335632,24.775733948,138.130630493
-95.759918213,21.493030548,64.362373352
-96.965972900,23.482732773,210.335906982
-96.067466736,22.868835449,220.304458618
-95.778007507,22.264152527,147.781692505
-97.903869629,23.707107544,112.269233704
-95.314292908,23.268001556,195.934402466
-96.983428955,22.833528519,184.146133423
-96.829635620,24.764827728,142.149673462
-95.915367126,23.605817795,242.695892334
-96.796257019,22.552927017,174.116806030
-96.657051086,21.975563049,118.923377991
-95.177253723,24.150615692,165.764495850
-94.912010193,23.178153992,149.547409058
-94.870208740,22.850280762,131.408676147
-94.856880188,24.362871170,123.479125977
-96.930267334,22.496524811,161.281265259
-96.170814514,23.840167999,240.359100342
-96.911331177,24.432376862,170.532028198
-94.262023926,24.482187271,64.738975525
-97.001029968,21.940843582,104.645881653
-94.681632996,24.598266602,93.735969543
-96.347091675,24.713388443,161.756149292
-98.570045471,21.868833542,21.908195496
-96.597595215,24.413064957,188.282928467
-94.090156555,22.782861710,57.100067139
-95.573448181,22.402015686,153.950546265
-98.955909729,23.540845871,28.005846024
-94.905395508,23.066730499,144.969116211
-97.081977844,23.076320648,189.388397217
-97.740417480,22.724378586,110.897689819
-94.545379639,23.956687927,109.528717041
-94.733596802,23.961307526,129.127105713
-96.073280334,23.283054352,244.656295776
-96.348678589,24.650979996,168.797866821
-97.924308777,22.575311661,87.738281250
-95.753913879,23.431236267,235.421585083
-96.715827942,23.940153122,218.890151978
-97.528869629,23.555326462,153.684036255
-96.295890808,22.917089462,224.465820312
-96.678848267,24.068513870,213.383499146
-96.876869202,22.899950027,196.573669434
-95.096794128,23.139677048,168.734115601
-97.332656860,23.880456924,168.699783325
-97.991027832,24.337993622,83.139587402
-96.113906860,24.503131866,185.223770142
-97.311668396,24.360225677,145.194198608
-97.154922485,22.940343857,176.146316528
-96.427452087,22.725460052,205.393341064
-96.254287720,23.245944977,243.887802124
-94.669586182,24.420442581,103.029930115
-94.718429565,24.658939362,92.915771484
-98.406402588,22.359207153,44.286113739
-96.772346497,23.627201080,225.372863770
-94.659301758,23.182744980,121.702651978
-95.812057495,22.839059830,209.758697510
-93.893867493,24.407001495,40.367980957
-96.362899780,23.843221664,238.483810425
-96.056068420,24.837421417,147.124267578
-95.704940796,23.739904404,228.622650146
-97.850257874,22.466045380,88.230079651
-96.549713135,22.135873795,139.077987671
-94.221641541,24.811084747,47.620613098
-96.384750366,24.251815796,209.479278564
-97.722953796,23.942298889,125.538589478
-95.528732300,22.544853210,166.085586548
-95.216438293,24.423166275,150.347000122
-95.996383667,25.814296722,50.560333252
-97.375267029,22.533622742,131.684295654
-96.161903381,22.099184036,136.572021484
-96.409393311,25.482347488,78.035575867
-97.006950378,23.405654907,205.954757690
-97.092544556,23.539152145,198.781967163
-96.508522034,23.628101349,240.596725464
-96.266990662,23.988061905,231.740890503
-96.713035583,24.256484985,197.400222778
-95.873207092,21.316137314,51.719242096
-94.955108643,23.153032303,153.565170288
-96.240303040,23.654527664,246.821136475
-96.296920776,24.025251389,228.958312988
-94.190551758,23.172216415,75.192611694
-96.809944153,21.261936188,48.196754456
-97.235435486,23.104473114,176.183395386
-95.669624329,24.173864365,201.749160767
-96.748039246,24.151451111,203.702209473
-97.608909607,22.969018936,134.121582031
-96.472930908,23.112464905,232.561325073
-97.083457947,22.639617920,162.575210571
-95.433502197,22.754083633,178.265258789
-95.165077209,21.262647629,34.208400726
-98.041290283,22.007720947,51.018417358
-95.590873718,25.528173447,66.848419189
-96.677154541,24.039440155,215.369659424
-95.762237549,23.148870468,227.899444580
-95.937446594,24.535291672,178.618072510
-94.133132935,24.946588516,36.713928223
-97.025436401,22.782407761,177.394317627
-96.061050415,22.106931686,136.264038086
-94.705444336,25.060300827,65.070266724
-96.337608337,23.447908401,246.965270996
-94.962661743,23.761787415,158.925537109
-95.633483887,22.797039032,196.267501831
-96.996482849,23.429956436,207.195510864
-94.479225159,22.958076477,96.330230713
-96.520820618,23.282835007,237.591140747
-94.862533569,24.161510468,134.784332275
-95.817199707,23.395404816,238.527130127
-96.643074036,24.523035049,175.507141113
-95.836273193,24.551858902,173.889083862
-97.873077393,23.342752457,116.667037964
-96.317153931,24.575405121,177.510253906
-95.383697510,24.585287094,148.343490601
-95.671066284,23.639291763,228.992370605
-97.506286621,22.759666443,134.118331909
-98.345748901,23.206859589,70.810989380
-96.913978577,22.700984955,179.577255249
-95.531913757,26.139577866,25.649700165
-96.383872986,22.199380875,148.741973877
-95.163307190,22.298871994,117.544975281
-96.363105774,23.818290710,239.604629517
-95.623977661,22.103813171,123.294174194
-95.647911072,24.528497696,168.595565796
-96.325225830,22.112041473,138.670684814
-96.556495667,23.802045822,233.678405762
-94.737648010,22.677747726,109.056823730
-96.585563660,23.636230469,236.823242188
-97.676910400,22.917642593,125.467430115
-96.641105652,23.697725296,232.553451538
-97.331130981,24.847656250,104.591896057
-95.944801331,22.754837036,207.259933472
-96.565650940,23.973772049,224.874328613
-96.700553894,24.417835236,183.524200439
-95.930686951,22.497219086,179.885986328
-95.582618713,25.677892685,54.693004608
-96.809837341,23.832290649,217.465377808
-96.619155884,22.933044434,214.967010498
-95.026809692,21.801168442,66.908668518
-97.324424744,24.852672577,104.619758606
-97.133049011,23.500164032,194.820663452
-96.394935608,24.945486069,134.693786621
-97.887809753,24.413978577,88.705902100
-97.089530945,22.133443832,118.784721375
-96.180152893,23.009881973,231.952880859
-93.141815186,22.031280518,3.856202364
-95.931823730,22.549125671,185.703674316
-95.131416321,24.270862579,154.172241211
-94.748771667,24.532690048,103.483604431
-97.004539490,23.071266174,195.977081299
-94.994140625,23.475732803,164.392837524
-97.327308655,26.033449173,25.020494461
-94.771644592,23.177076340,133.857772827
-95.574546814,23.750329971,219.143264771
-95.499031067,25.001020432,113.534774780
-96.522590637,23.623033524,240.065170288
-97.506843567,22.681238174,129.693801880
-95.629882812,23.892517090,217.389480591
-96.779022217,23.087961197,214.483062744
-98.386657715,24.385242462,50.336902618
-94.908920288,23.557483673,154.900924683
-95.632919312,24.639991760,156.593154907
-96.911605835,23.256072998,211.018783569
-97.862838745,22.902206421,107.228370667
-95.730903625,23.964576721,219.764328003
-96.302169800,23.204883575,241.648620605
-94.720054626,23.322711945,131.419479370
-95.512596130,24.045513153,200.402023315
-94.765693665,24.504348755,106.709762573
-97.367797852,23.644298553,170.240707397
-96.834396362,23.191528320,214.986068726
-97.316154480,23.002428055,164.136993408
-98.463371277,23.387882233,62.000965118
-96.661186218,22.518106461,177.227249146
-96.582427979,24.075395584,217.593627930
-97.406082153,23.150308609,160.848724365
-95.737686157,24.762306213,147.919113159
-96.252464294,23.425931931,248.107299805
-97.718986511,24.626264572,91.269058228
-95.278884888,23.418527603,195.196578979
-96.570999146,23.348503113,236.853881836
-96.414237976,22.616420746,195.052810669
-96.317802429,25.128406525,114.880554199
-93.359481812,23.555400848,22.198818207
-97.684066772,22.470418930,102.035285950
-95.923545837,22.810659409,211.722091675
-96.891357422,22.612016678,173.780883789
-96.141952515,24.147954941,219.793273926
-96.419845581,24.704139709,161.856933594
-97.635322571,24.948371887,76.332138062
-95.704933167,23.981771469,217.235595703
-95.837081909,23.925216675,227.474105835
-96.193153381,24.389179230,197.680023193
-97.437583923,24.781141281,102.502151489
-98.280662537,23.501209259,77.544250488
-97.636680603,25.276384354,55.063072205
-96.564788818,23.435581207,238.548873901
-97.718605042,23.455629349,133.426208496
-96.727676392,23.211038589,223.402343750
-97.343971252,22.045047760,96.655006409
-95.790298462,22.179229736,138.239151001
-97.839210510,23.948585510,113.210365295
-97.523796082,23.134078979,148.389083862
-96.400184631,24.158571243,217.188278198
-97.537200928,23.353057861,151.787872314
-97.252929688,24.808027267,113.319862366
-95.558731079,24.188737869,193.745681763
-94.526664734,22.911767960,99.306144714
-94.657752991,24.281499863,108.999084473
-94.611709595,23.657291412,121.284545898
-98.963783264,23.866958618,25.941202164
-97.058418274,23.673671722,200.898696899
-97.532608032,23.116905212,146.966476440
-94.576591492,23.315124512,115.585655212
-97.018081665,23.104372025,196.293792725
-95.585708618,23.793054581,218.525070190
-96.245796204,22.513938904,186.050506592
-96.476974487,24.453247070,187.962356567
-95.910156250,23.852472305,234.367584229
-98.879257202,23.794559479,30.830425262
-96.436088562,24.884279251,141.098800659
-97.933624268,24.104354858,98.242195129
-95.342292786,22.186771393,118.276916504
-95.507415771,25.033340454,110.631088257
-96.409973145,24.741220474,157.809478760
-97.890907288,24.218618393,97.687118530
-96.499244690,23.328004837,239.779113770
-95.992156982,24.772176743,153.590103149
-95.893554688,23.268146515,239.112152100
-95.530441284,23.505207062,219.539962769
-95.671836853,22.581323624,178.240692139
-95.571731567,23.350425720,221.475585938
-94.928634644,23.356004715,155.592346191
-96.534103394,24.515987396,179.913421631
-95.610595703,22.865674973,200.321136475
-95.312622070,23.777978897,195.332138062
-95.700614929,23.822559357,225.241180420
-95.361450195,23.453907013,203.874893188
-94.514366150,23.841648102,108.755195618
-95.081428528,24.627010345,123.748313904
-97.746376038,21.940486908,64.792617798
-96.204948425,24.848583221,146.848022461
-96.167427063,24.517732620,184.060302734
-96.092117310,24.451282501,190.481094360
-97.647819519,22.257690430,91.622039795
-97.473640442,22.447893143,117.821205139
-95.318145752,23.893245697,191.825744629
-97.897941589,23.882358551,109.108428955
-96.082954407,21.443471909,64.786590576
-96.617156982,24.393890381,189.398071289
-96.031761169,25.002758026,128.104248047
-96.760452271,23.490470886,226.882400513
-95.358825684,22.472480774,147.513641357
-96.423225403,23.406017303,244.168090820
-98.418495178,21.957885742,30.082372665
-94.171348572,22.551824570,55.239280701
-96.095771790,23.348405838,246.673004150
-97.165740967,23.737495422,189.437011719
-96.386245728,24.753293991,156.762863159
-97.753326416,25.033355713,63.511859894
-96.147605896,24.257762909,210.212310791
-95.577713013,25.740427017,49.985576630
-95.408943176,22.045602798,107.411178589
-96.610321045,23.027936935,221.560333252
-95.689346313,23.887062073,221.546447754
-95.617553711,22.465335846,163.145294189
-97.287559509,22.387260437,127.806030273
-97.564208984,23.545499802,149.920913696
-96.808815002,25.339227676,83.972190857
-97.174682617,22.792947769,165.813735962
-97.401283264,24.757078171,107.105018616
-94.507209778,22.793565750,92.771171570
-95.343109131,24.729812622,132.348037720
-95.045379639,23.364534378,168.986007690
-96.343818665,23.810272217,240.349182129
-95.772506714,24.656221390,160.575378418
-95.561485291,23.428020477,221.767532349
-96.952651978,23.766649246,208.350372314
-96.139549255,25.249565125,102.032058716
-97.193923950,21.801965714,83.850875854
-95.250564575,22.541555405,145.603347778
-96.542938232,24.435354233,187.938461304
-96.201034546,23.466577530,248.723876953
-95.076210022,22.596273422,135.264572144
-95.368301392,22.318582535,133.088546753
-95.207420349,22.992624283,173.763992310
-96.475288391,24.217403412,210.378036499
-96.139152527,24.409914017,195.264099121
-94.351158142,22.791004181,78.531440735
-96.468627930,23.009994507,226.744094849
-95.545364380,23.871828079,212.228225708
-96.274436951,22.838474274,218.304382324
-99.512947083,22.651325226,6.689520836
-97.644172668,23.710880280,139.714950562
-97.199752808,24.752246857,121.913314819
-96.529624939,23.315647125,238.109649658
-97.667686462,24.391269684,110.138778687
-96.189201355,23.452642441,248.663681030
-94.662261963,22.353630066,83.571075439
-96.320419312,23.800090790,241.197860718
-95.656372070,22.524864197,171.548629761
-97.496620178,24.557378769,114.730461121
-96.600090027,22.592853546,187.063140869
-98.223342896,21.927272797,37.836410522
-94.935401917,24.010156631,148.750610352
-94.609580994,23.635061264,121.170066833
-96.739395142,23.007648468,212.774002075
-96.553504944,23.646360397,238.246734619
-98.294601440,23.745786667,73.805412292
-97.774765015,23.030389786,120.040084839
-96.347053528,23.469205856,246.884124756
-98.388046265,24.886627197,35.151130676
-96.009407043,23.360515594,245.308456421
-96.731948853,24.252449036,196.732604980
-96.466156006,23.561216354,243.107681274
-97.982444763,24.027444839,96.217376709
-95.773307800,25.060562134,116.757286072
-95.956817627,22.025629044,124.576423645
-96.666213989,22.291542053,153.406051636
-96.176284790,24.816390991,150.476531982
-94.950866699,24.138149261,144.706649780
-96.262588501,22.300167084,161.262069702
-96.153724670,22.437726974,177.104339600
-96.879722595,24.083229065,199.746154785
-96.158782959,25.199991226,107.354705811
-97.485694885,23.699283600,156.948135376
-95.617813110,23.840913773,218.940902710
-98.448715210,23.806718826,59.793216705
-95.170967102,24.842731476,111.499664307
-96.337081909,21.934949875,117.772544861
-97.233436584,23.656887054,184.033203125
-94.775657654,23.371402740,138.432540894
-97.108123779,23.106882095,188.313980103
-97.239936829,24.071638107,169.785751343
-97.756217957,25.498292923,38.259059906
-95.650985718,22.599081039,178.892242432
-96.879348755,23.955711365,206.959579468
-95.460494995,23.440908432,213.170608521
-96.226638794,25.085449219,119.948989868
-96.795242310,23.769977570,220.620849609
-97.544273376,22.890174866,137.044906616
-96.412399292,23.184495926,238.124679565
-95.365600586,24.092266083,185.845230103
-97.395187378,24.841436386,100.702857971
-96.895339966,24.869541168,128.109497070
-96.835273743,23.212261200,215.684783936
-95.900299072,23.607845306,242.073684692
-95.503517151,23.705610275,214.689071655
-97.279762268,26.099153519,23.201910019
-97.844215393,23.900197983,114.153053284
-97.251022339,23.734558105,180.967071533
-95.473007202,23.668542862,212.903091431
-96.307929993,24.825271606,149.268600464
-95.678253174,22.735551834,193.588684082
-95.070579529,22.494352341,126.946441650
-94.944007874,21.707960129,56.272823334
-97.837043762,23.479593277,121.040245056
-96.071929932,23.409759521,247.367782593
-97.406288147,21.267845154,36.915424347
-97.265007019,23.554313660,181.576461792
-96.276695251,25.443450928,82.541282654
-96.592842102,23.007505417,221.208419800
-95.477783203,20.984653473,25.601160049
-96.149986267,23.016290665,232.300460815
-97.106567383,24.396797180,159.683776855
-94.708518982,23.684570312,131.709289551
-95.378631592,22.729799271,171.867721558
-96.969696045,23.518833160,210.115768433
-95.625076294,24.809082031,138.616226196
-95.171485901,23.179439545,178.233139038
-95.438453674,23.271686554,208.059341431
-94.717300415,23.184333801,128.064910889
-96.520240784,23.488372803,241.027236938
-96.454521179,22.513208389,183.379608154
-95.042465210,23.150220871,163.159790039
-97.304580688,24.768377304,113.196228027
-96.297294617,22.784549713,213.293045044
-95.691688538,23.300598145,229.161605835
-96.819656372,22.484422684,166.457885742
-96.178512573,22.448183060,178.474151611
-96.272583008,23.115617752,237.825286865
-95.390525818,22.723217010,172.299133301
-96.047218323,23.644613266,245.788314819
-97.426177979,25.027097702,83.798416138
-95.516311646,24.675813675,147.258026123
-94.588912964,22.563112259,89.339820862
-95.300010681,22.878475189,175.952194214
-96.006202698,23.772281647,240.943222046
-97.236640930,23.124979019,176.839553833
-95.581100464,22.874252319,198.920196533
-96.953392029,23.792108536,207.555557251
-95.548896790,22.001377106,108.956161499
-96.772056580,23.950189590,214.818084717
-96.420097351,22.818597794,213.910247803
-98.274665833,24.681486130,47.785190582
-96.880264282,23.653818130,216.758438110
-95.074661255,23.407678604,172.886474609
-95.724647522,24.885665894,134.136962891
-95.066276550,24.814624786,107.176765442
-94.540069580,23.203001022,109.507110596
-95.856422424,22.999214172,223.999603271
-97.681625366,23.046745300,129.746353149
-97.025291443,26.099975586,26.867788315
-95.629989624,23.635955811,226.157043457
-97.656631470,23.437709808,139.914978027
-97.439247131,22.681432724,135.730255127
-93.699935913,24.341302872,30.374233246
-96.662055969,22.149244308,137.972259521
-96.411598206,22.105688095,137.457229614
-95.903404236,24.003303528,225.360244751
-97.056457520,21.512575150,63.699253082
-94.867568970,23.435895920,149.646728516
-96.769767761,23.853961945,219.417587280
-96.228652954,23.002599716,231.339111328
-98.843750000,25.431463242,11.551483154
-95.140159607,22.082181931,96.556365967
-96.143165588,23.635129929,247.261398315
-95.954765320,22.509412766,181.926528931
-97.807914734,22.051736832,67.673576355
-95.628768921,22.916173935,205.354492188
-95.446586609,23.883218765,203.728240967
-96.883735657,22.723320007,183.382766724
-97.340660095,24.131364822,156.858459473
-96.278266907,23.104505539,237.151611328
-96.313224792,22.952125549,226.843444824
-95.212829590,23.512933731,188.776428223
-95.903923035,23.742149353,238.766662598
-96.678642273,24.711883545,154.122879028
-95.028625488,23.624120712,168.137008667
-96.640731812,23.186096191,227.880889893
-95.657135010,24.359836578,185.218734741
-96.605346680,24.668445587,161.376632690
-96.576789856,22.048519135,128.647506714
-96.851531982,24.420774460,175.256591797
-96.497650146,23.331932068,239.940780640
-96.905738831,22.550910950,167.602096558
-95.724807739,24.577604294,167.036682129
-95.206863403,24.479925156,145.110107422
-96.907089233,23.011802673,200.981079102
-96.753479004,23.013380051,212.188842773
-96.107780457,23.121517181,238.301254272
-95.254966736,24.631084442,135.789108276
-95.451431274,23.630250931,211.659606934
-96.831146240,23.944799423,211.037414551
-95.076194763,24.493070602,133.794677734
-96.167404175,22.473176956,181.283828735
-95.381446838,24.620803833,144.908905029
-94.776382446,23.463956833,139.513931274
-96.485679626,24.049104691,223.120330811
-96.767784119,23.175947189,219.266983032
-96.052352905,24.650394440,168.272811890
-95.333709717,24.159257889,178.940063477
-96.471817017,23.966457367,228.911315918
-97.375602722,23.350318909,168.710128784
-97.229797363,22.893459320,166.844131470
-95.614974976,24.114854813,202.864761353
-96.539581299,22.894111633,215.860519409
-95.334442139,23.669164658,200.003265381
-95.823913574,22.685123444,196.103713989
-94.859298706,23.270675659,146.052017212
-95.750595093,22.308286667,151.870056152
-97.953674316,21.722249985,41.839904785
-98.088340759,23.919975281,89.184280396
-94.797416687,25.301292419,53.997547150
-96.475997925,24.378524780,195.498535156
-97.028572083,23.048303604,192.815200806
-95.430862427,24.072679520,192.395889282
-97.728652954,24.046350479,121.178695679
-95.674720764,23.273935318,227.257476807
-95.762275696,21.763010025,90.422203064
-98.001495361,22.486574173,77.293678284
-96.886428833,23.480722427,217.119583130
-94.649734497,22.542196274,93.529556274
23.346027374,23.053539276,193.077941895
22.594501495,22.920305252,229.918685913
23.592700958,22.891952515,163.280883789
21.834688187,24.177341461,182.536056519
23.402631760,22.847011566,179.014389038
22.093004227,23.926038742,216.674362183
21.844017029,23.162019730,220.838638306
21.278812408,22.471567154,134.011276245
22.099180222,22.330438614,173.438995361
22.899003983,21.837297440,118.252578735
22.150815964,24.437799454,171.608413696
21.551967621,21.596359253,73.693084717
21.953571320,22.561220169,190.608642578
23.674072266,22.874000549,154.343948364
22.817186356,23.947465897,216.005264282
22.634420395,21.686836243,106.070312500
22.390031815,25.251688004,85.184814453
23.033067703,23.411256790,223.900451660
21.469579697,23.379352570,190.420822144
21.442092896,21.999597549,105.004287720
22.529764175,21.802188873,119.435050964
21.965183258,22.262207031,160.777404785
21.149532318,24.713264465,89.401985168
21.770927429,24.406553268,157.218765259
21.623096466,23.439455032,204.760192871
22.600280762,21.786661148,117.436820984
21.140083313,22.649526596,133.261764526
23.228919983,25.252010345,71.672050476
23.019308090,23.790552139,214.678131104
22.369907379,24.509634018,168.236389160
21.769262314,24.398405075,157.910537720
22.164968491,22.859001160,223.259933472
22.178894043,23.273782730,240.266143799
23.553005219,22.666551590,154.972885132
22.969093323,22.413820267,176.648681641
21.543361664,21.571426392,71.226455688
21.735094070,23.482791901,213.830551147
22.944522858,24.448028564,165.446334839
22.427221298,24.844516754,129.826751709
21.118700027,25.287343979,47.424968719
21.653282166,23.376256943,207.925521851
23.255882263,22.719137192,183.610046387
23.348899841,24.355335236,149.697006226
22.380498886,22.933633804,232.005249023
22.527107239,23.294345856,244.123504639
23.087749481,25.146343231,85.814323425
23.236185074,22.760051727,187.786636353
19.883775711,22.765935898,36.010425568
22.460441589,23.928083420,224.655517578
21.747726440,23.263919830,215.468246460
22.087478638,23.221487045,235.995193481
23.873273849,23.992504120,126.333053589
23.217395782,23.524885178,208.740509033
20.937288284,25.285732269,40.466632843
21.433160782,22.172298431,120.563316345
23.180608749,22.618476868,181.925323486
22.004585266,22.979158401,223.633743286
22.178791046,22.839698792,222.393371582
23.415620804,21.564468384,72.510643005
22.893869400,24.953351974,111.539009094
23.333169937,23.559720993,197.939117432
22.963590622,23.223163605,226.881072998
21.531801224,23.830741882,183.563674927
23.041856766,25.142208099,87.640304565
21.920331955,22.067487717,137.317993164
19.847637177,23.561697006,38.160617828
21.259431839,24.318492889,127.399131775
22.537479401,24.405712128,180.299591064
23.443571091,22.801439285,172.892349243
23.342702866,24.658958435,121.737228394
23.271045685,22.950386047,195.429077148
21.204732895,23.651039124,157.847854614
22.025156021,23.306262970,234.179260254
22.836130142,21.756896973,110.950775146
20.512838364,22.442354202,67.750213623
23.405607224,20.102312088,6.469882965
22.858577728,23.934164047,215.128768921
22.217945099,24.037239075,212.624282837
22.759727478,23.913587570,220.478179932
24.196147919,23.909027100,96.672477722
23.347343445,23.167854309,196.198181152
22.792625427,22.186170578,159.722198486
22.711702347,24.585643768,157.793487549
23.142614365,22.926073074,204.284194946
21.523786545,23.317901611,195.824081421
22.219526291,25.957218170,30.989532471
22.647844315,24.892116547,123.397224426
22.517852783,23.807596207,232.163497925
22.252313614,22.995374680,233.499099731
22.466379166,24.283061981,193.443756104
21.814647675,23.152767181,218.508285522
22.814868927,21.898666382,127.118812561
22.820035934,23.158872604,232.970504761
24.491132736,22.857898712,71.087379456
22.743331909,20.704532623,26.134809494
24.123708725,23.203590393,114.827362061
21.075263977,23.198781967,146.748916626
23.492153168,23.738986969,177.379165649
22.630611420,23.948030472,221.614547729
23.392164230,21.914718628,105.212272644
22.346576691,21.915054321,131.472793579
24.059686661,21.897111893,61.933849335
22.472013474,21.610013962,98.019828796
23.349264145,25.170560837,74.131904602
22.697311401,23.527359009,239.432739258
22.113433838,23.178823471,236.123870850
22.942581177,22.823081970,211.125167847
20.977514267,22.381986618,101.855026245
22.841892242,24.411569595,173.385543823
20.004291534,24.615594864,27.585567474
24.469787598,23.007190704,76.211135864
23.852163315,21.760679245,65.677833557
21.988124847,23.021684647,224.795944214
21.605955124,23.527664185,201.760330200
22.332910538,22.302524567,175.930221558
21.921560287,22.555406570,188.422302246
22.086648941,20.436830521,16.028875351
21.057741165,23.321590424,145.760284424
23.952838898,24.048860550,115.280944824
21.005350113,24.476888657,96.028083801
22.614408493,23.848190308,228.530914307
21.116622925,24.504079819,102.572700500
21.351600647,21.831850052,84.725204468
22.194707870,23.953453064,218.481643677
20.613784790,23.645978928,95.948623657
23.529645920,21.397983551,54.868961334
21.118656158,24.335235596,114.535995483
22.314622879,23.251333237,243.157440186
23.203619003,23.073545456,205.849822998
20.707307816,23.187831879,106.733345032
22.146617889,24.931877136,116.157516479
21.151823044,25.078763962,62.619800568
22.636299133,25.589387894,54.815349579
23.917545319,23.937168121,124.385757446
23.759323120,24.841224670,78.786743164
20.486145020,23.506843567,85.473922729
21.475080490,22.987054825,183.656250000
23.176439285,23.357807159,213.311035156
22.917177200,23.884984970,215.416046143
23.028051376,23.608367920,221.135452271
25.265140533,23.037254333,21.087446213
22.808971405,22.075681686,147.087417603
20.924175262,24.929178238,60.969139099
22.854679108,23.120073318,230.162963867
21.722702026,23.355264664,213.915054321
22.350698471,24.667266846,149.891433716
22.071493149,23.754766464,226.221206665
20.461448669,21.833217621,38.783493042
22.719205856,22.382947922,182.519805908
22.494268417,23.410524368,244.779373169
24.223743439,22.441419601,79.796844482
22.218980789,25.548236847,57.471481323
21.441032410,22.361013412,138.239517212
22.742036819,23.321153641,239.115631104
21.881511688,22.878187180,211.053939819
24.534387589,22.912611008,68.433166504
23.352739334,22.466617584,157.441375732
20.866577148,22.561832428,102.602668762
22.142360687,23.782274246,227.739822388
19.906343460,22.868049622,38.647914886
24.167469025,21.866731644,53.622100830
25.135787964,22.989767075,26.835433960
21.575756073,25.814027786,30.522392273
22.716840744,21.986862183,139.007461548
23.352304459,22.726915359,176.386657715
23.123844147,23.848516464,204.520111084
23.624067307,22.926797867,161.635284424
23.215414047,24.868642807,108.123641968
22.820030212,22.983146667,226.193298340
24.260375977,23.226367950,100.273483276
22.518308640,23.849637985,229.674499512
21.514791489,22.495187759,155.580261230
22.850717545,24.719367981,138.980026245
24.345556259,22.698226929,79.653518677
22.751281738,23.145444870,235.439254761
23.510433197,24.530466080,121.793113708
20.924757004,23.809432983,123.279495239
22.021430969,23.993486404,208.377899170
22.600839615,23.358919144,243.382705688
21.706909180,24.164150238,175.074676514
22.082048416,23.304822922,236.876525879
22.805124283,23.406545639,236.734405518
23.203041077,24.492218018,146.997665405
22.369892120,22.268451691,172.565139771
24.464916229,24.830852509,37.435630798
23.827991486,23.036193848,144.045776367
23.361049652,22.935106277,187.020126343
22.395956039,23.155651093,241.775772095
21.888433456,22.777095795,204.793899536
23.987981796,23.324972153,130.648620605
22.035085678,23.240583420,233.908538818
21.670063019,22.918357849,197.983062744
21.245714188,23.662946701,161.879501343
24.065988541,22.949810028,115.954246521
23.037843704,23.894357681,207.794921875
22.628538132,23.379470825,242.794586182
23.835031509,24.781106949,78.107154846
21.258516312,23.194240570,166.942810059
23.205209732,23.261217117,210.206314087
23.148263931,23.348596573,215.506942749
23.298818588,26.653398514,8.646770477
22.261861801,24.669500351,148.312377930
22.217445374,23.415838242,241.821746826
23.625701904,23.888851166,157.255996704
22.343336105,22.825981140,224.822677612
19.935522079,24.143600464,35.331993103
24.200283051,25.070322037,40.780601501
21.308067322,23.695562363,167.396331787
21.888513565,24.828176498,119.464988708
22.513219833,22.237751007,169.624435425
24.171052933,24.553352356,68.091041565
21.821901321,22.422206879,170.141403198
20.536012650,23.759948730,86.589836121
23.128877640,24.250141144,174.764358521
22.476385117,23.019504547,236.547119141
22.493436813,22.834383011,225.747817993
22.320075989,24.662187576,150.097885132
22.520591736,23.114757538,240.080581665
23.168148041,23.354988098,213.965316772
19.907255173,22.637767792,35.117973328
24.108022690,21.823511124,54.734493256
22.731201172,25.821945190,38.650859833
23.363088608,25.155364990,74.843788147
20.659774780,22.439689636,78.918182373
22.073966980,24.156587601,197.067398071
21.744581223,23.229158401,214.748321533
21.654184341,24.091911316,176.946624756
22.871391296,23.546480179,231.868179321
22.028125763,25.278244019,78.147850037
22.531303406,21.661115646,103.639762878
24.949213028,23.595067978,38.310199738
20.559217453,24.162250519,76.739799500
24.034557343,24.727470398,67.981803894
23.181043625,23.215610504,211.423156738
22.388076782,23.337156296,244.833312988
22.839221954,21.845369339,120.628005981
22.043682098,24.411670685,170.547927856
23.201137543,24.281124115,167.134933472
21.384283066,22.993165970,174.890823364
24.886743546,24.565679550,25.440172195
19.976968765,22.680559158,39.542789459
21.999294281,23.467102051,232.200698853
21.755844116,23.279262543,216.272735596
21.968303680,23.794202805,218.777023315
21.634199142,22.115673065,127.872680664
23.738456726,23.869499207,146.436309814
22.957916260,23.123100281,224.678146362
20.363687515,23.705060959,72.552902222
22.275190353,23.356847763,243.385879517
22.908061981,24.079120636,202.037536621
23.032789230,22.192720413,151.669723511
22.884950638,23.358747482,232.870178223
22.054132462,22.852916718,218.662216187
23.151235580,24.076478958,187.644744873
21.192922592,24.048130035,139.289764404
21.538143158,23.454748154,196.601531982
22.726985931,22.832550049,221.068801880
21.329242706,23.217966080,174.930770874
23.055524826,24.309438705,173.756622314
22.624631882,23.632843018,238.543640137
21.500577927,23.505710602,192.146728516
22.363462448,24.675971985,149.015457153
20.005661011,21.881397247,22.762720108
21.304281235,23.940441132,156.056015015
21.660905838,24.923936844,100.054000854
22.972978592,23.605079651,224.742538452
21.242824554,23.961771011,148.908813477
23.201049805,24.193010330,174.776275635
22.273900986,23.185314178,241.082107544
22.944545746,23.547351837,227.844924927
20.661001205,23.899024963,94.580551147
21.757698059,22.795259476,197.395233154
24.420898438,21.919069290,41.659664154
20.593404770,24.393217087,69.704902649
21.836336136,22.972606659,213.268569946
20.505094528,23.325132370,87.672904968
22.401123047,22.982976913,234.798477173
23.050416946,24.593467712,145.052917480
21.974180222,20.516153336,17.913436890
21.216621399,24.479330063,111.943031311
23.201831818,22.625663757,180.984863281
22.749441147,23.984155655,215.867538452
22.385482788,23.884798050,227.260971069
21.730085373,22.117240906,133.470321655
23.352533340,24.508871078,135.395126343
21.713981628,23.040054321,207.107528687
23.414470673,23.942344666,175.010803223
22.327775955,24.377944946,182.256011963
22.475639343,24.563190460,162.723464966
22.845954895,21.702077866,104.803634644
22.857202530,22.546554565,193.819992065
23.246170044,23.355802536,207.528381348
21.703247070,23.594482422,208.581741333
22.633983612,22.751321793,217.799118042
22.160089493,25.294858932,78.867828369
19.771697998,21.691062927,13.003931046
22.486785889,23.202707291,242.920532227
22.433584213,22.663755417,212.709167480
20.969184875,23.043655396,132.084365845
23.120372772,24.986873627,100.357101440
21.297069550,24.034444809,149.955871582
23.641897202,22.760646820,152.013580322
20.407295227,23.945577621,71.291374207
22.977897644,22.677268982,198.961578369
23.388195038,23.325511932,194.574234009
21.402214050,21.545364380,63.494976044
23.858022690,24.662733078,84.774017334
21.901458740,23.080209732,222.138702393
22.313667297,22.493436813,195.843688965
24.132104874,22.326782227,81.671943665
20.698818207,25.561571121,20.778509140
22.980012894,22.385835648,173.451766968
20.787878036,23.243106842,115.695144653
23.501413345,22.488756180,147.284774780
21.248271942,24.197971344,134.971038818
23.850988388,24.149045944,119.909637451
22.252574921,22.634805679,208.125991821
23.354619980,23.866233826,184.686782837
21.426246643,24.596996307,117.223197937
20.932430267,24.001478195,116.575996399
22.145170212,24.132614136,202.029052734
21.991500854,22.673833847,202.376510620
23.448276520,23.549707413,187.171737671
22.939622879,23.836875916,217.010986328
23.078855515,21.239149094,55.882034302
23.154590607,25.420585632,60.170566559
21.966257095,23.433839798,230.758468628
21.772445679,20.954635620,34.351558685
23.364351273,22.486803055,158.170562744
22.217397690,23.907735825,222.450424194
22.541414261,23.723535538,236.272644043
21.796665192,25.705724716,40.566017151
23.287183762,22.869173050,190.090164185
22.936660767,21.962043762,130.807388306
22.622331619,20.859756470,34.710624695
21.279121399,24.677976608,100.626663208
22.876325607,24.927949905,114.809211731
22.796655655,24.400751114,176.043136597
21.501831055,21.215608597,43.707935333
22.371044159,21.796827316,118.115226746
22.543663025,23.240121841,243.122909546
23.568292618,25.193634033,63.174499512
21.142831802,23.634378433,151.612258911
23.384183884,21.820995331,96.907104492
23.624872208,21.208017349,39.174133301
20.502866745,23.749010086,83.819168091
21.804283142,25.611167908,46.812625885
21.324979782,23.254880905,174.903030396
22.733144760,23.536483765,238.055267334
20.907938004,24.950695038,58.756599426
22.340791702,24.495727539,169.453872681
22.468511581,23.051181793,238.004684448
22.659778595,23.129472733,237.919525146
20.727109909,23.031011581,106.243118286
22.955776215,24.326856613,177.310165405
21.456701279,24.463708878,130.991424561
21.366811752,23.299005508,179.698593140
22.413923264,24.814657211,133.233566284
23.205278397,22.030317307,126.615631104
22.532428741,23.729249954,236.100006104
22.994958878,22.655260086,196.330627441
22.189512253,24.186521530,198.519485474
21.414457321,23.090967178,181.200622559
23.622606277,21.401447296,51.615993500
22.379102707,22.677124023,213.613464355
22.922088623,23.754699707,222.156326294
21.772449493,24.229722977,173.901596069
22.066270828,22.495454788,189.357345581
24.840444565,23.809364319,43.281017303
24.006875992,24.387851715,90.826889038
23.306684494,23.484685898,201.577255249
23.357849121,24.307010651,153.216705322
21.129384995,25.405658722,40.818580627
23.840311050,22.754138947,131.902572632
22.724893570,25.409015656,68.958251953
23.373859406,23.265781403,195.420547485
23.512817383,23.876316071,169.230285645
22.016660690,24.678602219,140.517623901
21.691911697,23.914892197,192.410919189
23.398412704,22.471546173,154.317565918
21.997283936,24.088144302,199.514511108
23.129676819,23.836576462,204.732437134
22.268968582,23.806135178,230.267852783
22.490564346,23.315248489,244.657379150
22.064867020,23.071969986,230.650955200
22.619863510,23.839466095,228.951766968
23.702856064,24.015600204,142.607910156
23.918556213,23.569221497,136.406021118
23.325281143,24.949375153,94.877815247
22.022039413,23.095502853,229.500961304
22.418098450,24.053907394,214.745559692
21.630954742,20.641721725,19.207736969
22.825214386,23.265085220,235.008728027
22.366413116,22.827199936,225.130630493
21.352779388,21.772331238,79.701110840
21.574035645,22.638477325,171.883895874
21.989938736,22.670019150,201.983734131
22.744104385,24.402816772,177.334930420
22.935234070,23.983160019,207.965652466
24.245950699,23.109121323,100.424880981
22.010730743,24.518478394,157.803573608
22.405834198,20.938550949,39.632488251
22.360475540,22.498960495,196.976882935
23.786653519,23.367868423,153.138198853
22.104640961,21.076835632,46.670986176
20.627815247,22.899982452,93.348922729
21.427591324,22.525701523,150.930831909
22.926214218,22.694864273,202.987899780
22.899692535,25.445344925,63.465316772
22.701372147,22.735351562,214.914489746
22.250644684,22.432783127,188.529327393
21.829568863,22.981746674,213.244628906
20.525642395,23.127517700,88.120918274
21.862722397,22.854661942,208.416259766
22.058071136,24.138326645,198.027542114
21.372674942,23.649087906,175.619110107
24.406833649,23.743625641,80.697860718
21.684610367,23.367248535,210.685684204
21.042161942,23.716487885,138.502471924
22.152893066,23.817316055,226.134475708
23.273157120,23.347717285,205.170318604
22.726362228,23.612604141,236.349456787
23.068387985,21.267011642,58.339504242
21.635402679,24.625196457,127.741287231
22.890211105,24.559610367,155.592193604
21.468431473,23.618463516,186.248352051
24.004325867,24.362960815,92.555465698
21.793361664,24.157745361,181.577682495
21.208524704,23.229164124,161.928527832
25.011350632,23.981439590,30.335783005
21.599147797,24.748437881,113.788864136
23.307283401,23.548183441,200.519241333
21.634386063,23.262296677,205.819549561
22.111162186,23.156066895,235.429580688
23.444946289,23.032327652,183.219909668
22.879524231,23.502635956,232.251083374
20.884155273,23.919380188,115.272682190
22.095325470,22.602031708,200.569915771
21.330831528,23.026803970,170.592666626
22.767026901,24.221694946,195.065704346
22.227083206,21.770998001,113.136024475
21.991615295,22.471193314,183.807113647
20.871946335,23.353034973,125.216445923
22.748874664,23.538032532,237.454391479
22.301536560,23.430854797,243.625106812
22.491275787,23.339895248,244.808044434
21.870346069,22.706909180,198.446456909
22.593360901,22.442844391,190.964981079
23.010913849,23.386085510,225.429138184
21.742168427,24.292301178,166.247848511
23.706470490,24.195734024,130.987243652
22.529222488,24.377460480,183.407669067
22.995298386,23.763113022,217.500045776
23.500928879,23.147260666,181.080703735
23.297128677,23.543289185,201.522811890
22.043313980,22.459541321,184.864700317
24.335836411,22.354005814,66.487922668
22.570241928,22.798683167,222.435775757
23.212455750,22.809896469,192.671295166
24.441179276,22.636291504,69.020454407
23.339160919,23.778419495,190.312118530
22.665975571,25.005889893,110.306297302
22.349929810,26.301818848,17.568468094
23.043354034,24.072954178,195.075088501
22.748197556,23.340206146,239.008010864
22.250074387,23.601867676,239.037017822
23.221368790,22.929784775,198.481414795
22.060609818,22.557758331,195.133087158
23.341186523,23.703432083,193.128250122
23.797895432,22.962919235,144.984695435
21.735866547,20.994123459,35.875392914
23.762535095,22.956377029,148.488449097
22.429761887,23.405796051,244.989212036
22.550731659,23.626811981,240.024658203
22.754709244,22.979534149,228.657943726
23.409528732,23.562702179,190.693435669
23.583580017,23.486852646,174.351745605
21.951135635,22.007724762,131.906417847
22.769622803,23.478019714,237.652999878
21.709556580,23.869342804,196.621826172
20.448390961,21.612989426,29.744806290
23.697250366,24.457704544,112.728683472
21.261137009,23.305427551,168.322387695
21.056787491,23.739353180,139.354782104
21.709285736,22.056503296,125.960792542
21.345863342,24.089921951,150.951461792
24.047004700,23.708492279,118.942146301
20.756862640,22.800626755,102.680618286
23.135406494,23.946485519,197.885726929
22.815158844,23.230472565,234.882080078
23.175493240,24.265092850,170.330657959
23.080505371,22.470493317,176.036621094
24.412830353,24.091402054,69.657424927
22.949041367,23.035051346,221.987365723
22.166173935,22.704864502,211.880584717
22.870306015,23.017293930,225.436584473
22.702728271,23.483306885,239.996292114
23.369272232,20.825351715,24.858098984
22.998231888,23.795591354,215.752288818
21.171554565,22.068195343,93.656272888
24.725934982,22.857755661,51.454685211
21.965917587,21.964801788,127.670310974
22.843391418,22.272087097,167.436080933
23.580938339,24.747558594,97.953567505
22.254356384,22.736289978,216.699630737
23.719316483,22.964159012,153.293380737
22.429265976,24.204860687,201.116851807
22.271278381,22.247934341,168.847000122
21.494844437,25.044967651,81.471221924
23.034803391,22.031192780,134.654373169
23.458862305,23.392541885,187.804779053
21.345537186,23.237440109,176.918121338
22.494310379,23.872013092,228.395217896
22.355360031,24.589654922,158.929214478
22.450189590,23.223623276,243.535659790
22.924575806,22.779977798,209.218444824
21.693080902,24.320501328,160.398559570
22.868188858,24.348016739,179.004226685
21.947772980,23.462499619,229.310226440
21.168956757,23.485326767,157.341308594
22.350824356,24.837043762,130.171859741
22.604053497,22.630750656,208.547470093
20.590578079,23.996126175,85.210845947
22.477807999,23.589658737,241.799591064
23.075450897,22.821559906,203.088363647
24.695804596,22.478271484,44.719783783
23.054832458,23.898448944,206.442413330
20.826208115,23.519500732,119.332084656
22.600427628,25.137525558,96.631149292
23.342975616,25.190465927,72.723007202
22.689027786,23.250740051,240.060501099
20.569988251,21.859884262,44.951484680
21.010017395,22.980857849,134.762985229
23.587514877,23.781879425,166.022659302
22.046100616,24.330095291,179.095382690
21.968378067,25.534091949,55.366691589
22.893068314,25.017864227,104.589897156
22.839805603,21.811086655,116.821990967
21.516517639,24.812019348,103.302497864
23.505435944,22.872516632,170.837829590
23.341989517,22.424545288,154.788299561
22.971138000,23.354095459,227.915206909
23.625375748,23.205972672,169.451461792
20.999738693,24.349927902,103.748352051
21.759439468,22.311840057,155.398468018
23.889612198,25.211570740,47.977100372
21.698829651,22.361328125,156.598953247
23.833330154,26.441040039,8.564537048
21.339195251,22.713323593,156.276367188
22.264406204,24.196788788,199.555007935
22.360746384,22.379243851,184.608245850
20.682764053,23.168184280,103.995429993
25.024616241,23.034732819,33.257934570
21.006597519,22.400106430,105.477027893
22.105512619,23.662662506,231.961029053
22.380891800,23.095897675,239.706649780
21.185709000,22.692625046,140.211090088
22.865167618,23.052360535,227.176147461
22.673273087,22.611356735,205.464508057
23.117364883,23.189729691,215.795455933
21.995927811,23.102521896,228.405548096
20.293729782,21.688072205,27.054414749
23.310438156,23.423742294,201.774459839
21.943746567,24.334199905,173.945327759
21.249689102,23.482570648,166.247772217
20.454431534,24.231866837,66.089393616
21.355245590,21.590888977,65.080581665
23.452724457,22.351726532,140.386184692
23.762241364,23.948150635,140.145233154
21.033246994,23.664081573,138.993179321
22.622873306,22.913576126,228.954574585
21.478569031,24.123432159,160.290939331
23.780477524,23.407697678,153.708801270
22.828523636,23.473981857,235.158157349
20.372121811,22.768239975,67.714752197
22.956071854,22.430929184,178.880142212
22.898717880,21.393749237,72.720138550
23.666587830,23.393695831,166.220260620
23.998176575,24.484853745,85.594070435
22.355360031,22.796503067,222.843093872
22.413019180,25.450538635,66.645965576
21.878438950,22.545728683,185.169845581
22.100580215,23.042900085,230.979446411
20.393989563,23.545257568,76.958511353
21.953760147,23.877063751,212.968292236
23.577831268,22.748741150,157.522994995
22.080917358,23.558650970,234.376281738
24.224044800,22.773401260,93.900192261
23.601903915,22.932168961,164.081054688
22.973794937,22.310945511,166.371673584
22.745376587,21.774257660,114.515365601
23.559652328,24.383064270,130.281707764
22.028282166,23.641006470,229.184371948
21.888284683,24.208879471,182.932968140
23.892141342,24.084838867,119.505538940
24.380649567,24.674497604,48.170463562
22.637428284,25.516580582,60.553321838
21.313333511,22.493839264,138.683120728
20.732053757,22.427316666,84.120132446
24.053716660,23.163351059,122.010818481
22.696128845,22.904073715,226.507705688
23.038011551,22.633893967,192.218826294
20.567760468,22.841833115,86.212417603
22.190210342,23.159240723,238.288497925
22.577617645,22.472808838,194.163650513
21.999370575,24.323041916,177.744338989
23.286153793,23.364967346,204.067596436
22.305418015,24.210826874,199.050842285
21.325649261,23.192270279,174.162353516
23.219497681,23.147102356,206.775680542
23.573568344,23.571174622,174.005004883
24.233968735,22.098833084,61.637329102
22.198171616,24.191383362,198.320480347
22.323488235,22.865131378,227.229400635
22.457826614,23.378343582,245.041244507
23.172416687,22.831960678,196.970153809
21.159488678,24.057744980,135.562057495
22.941875458,23.750864029,221.231292725
22.000616074,23.112060547,228.974594116
21.065635681,22.670108795,127.197669983
21.950334549,22.680332184,200.837142944
22.548934937,23.868843079,228.202438354
24.041978836,23.322210312,124.615638733
23.525157928,24.734209061,102.838706970
22.402387619,23.558683395,242.592651367
21.704849243,21.788360596,98.075759888
21.055915833,23.878547668,134.148086548
22.625597000,24.176933289,202.687042236
23.232944489,24.167196274,174.555648804
21.228250504,24.152690887,136.182464600
22.707040787,22.931516647,227.748794556
22.399864197,23.645347595,239.861373901
22.278985977,23.852804184,227.671447754
22.173395157,22.333732605,176.092041016
22.265676498,21.888982773,127.269393921
22.923517227,23.541038513,229.182815552
21.885332108,23.040699005,219.580886841
22.568265915,24.135356903,207.291732788
22.334627151,23.087882996,238.975265503
20.914140701,23.162761688,128.428695679
22.549209595,23.734323502,235.681457520
22.269123077,24.032117844,214.371780396
22.463024139,24.024442673,217.333068848
21.854248047,24.076457977,192.304321289
24.442424774,22.288736343,55.711387634
22.261291504,24.483251572,169.486755371
23.054214478,25.009815216,100.481704712
21.165187836,21.513526917,51.774044037
22.638645172,21.975265503,138.739288330
22.099178314,23.910717010,218.009323120
20.945383072,22.493480682,105.923324585
21.032424927,23.521320343,141.749053955
21.397455215,24.340539932,136.857757568
22.006214142,23.125589371,229.702545166
20.378177643,23.353385925,76.278396606
22.385742188,24.303796768,190.843124390
21.628658295,24.612789154,128.545333862
23.594308853,22.958290100,165.882034302
22.936048508,21.953151703,129.853149414
21.566453934,23.870452881,184.528625488
22.981897354,24.619112015,145.406372070
23.899818420,24.233787537,110.032661438
22.861730576,22.401451111,179.989501953
22.448455811,21.875391006,127.704040527
23.413076401,22.873168945,179.417877197
24.261459351,23.064310074,98.037010193
23.767782211,23.547624588,153.547836304
24.747257233,23.755048752,50.875148773
23.269184113,22.178178787,137.533660889
24.061717987,25.043588638,48.760040283
24.935523987,22.835126877,36.585800171
21.710142136,23.940406799,192.184295654
22.523582458,23.971691132,221.278869629
21.845315933,22.253311157,154.070999146
22.915590286,22.943828583,219.572509766
21.874719620,23.368350983,225.377807617
23.468011856,22.008176804,109.256492615
21.078245163,22.530735016,120.186828613
20.406913757,25.524065018,15.126901627
22.926839828,22.476284027,184.456741333
23.422630310,22.837432861,176.722534180
23.229846954,23.898376465,193.581649780
23.854137421,23.124662399,143.324676514
21.577501297,22.988243103,193.298904419
23.864185333,22.829935074,132.898941040
20.472984314,23.503429413,84.292770386
22.328187943,24.106334686,209.189468384
22.643781662,22.781009674,219.781524658
21.125574112,23.058662415,149.529815674
22.481462479,26.070098877,26.480592728
21.442773819,23.256528854,187.290634155
21.920089722,23.427417755,228.016448975
21.669857025,23.433036804,208.993438721
22.556211472,24.370412827,183.998916626
21.118577957,23.043798447,148.365921021
20.721242905,22.739570618,97.059844971
21.854511261,23.697441101,216.383270264
21.430202484,21.671131134,74.858749390
23.050540924,21.388883591,69.129035950
22.802745819,22.998519897,227.677062988
20.635101318,24.129871368,84.223724365
23.218618393,22.133037567,136.119552612
23.768451691,22.351703644,114.427993774
21.317308426,21.517852783,58.064765930
21.015918732,23.583990097,138.894470215
21.939741135,23.603046417,225.533676147
23.592008591,23.628206253,170.731491089
20.543949127,22.780923843,82.338562012
22.808652878,23.023778915,228.578353882
21.658046722,21.992086411,116.542419434
22.793779373,22.606281281,201.464370728
21.618249893,22.282295227,143.586318970
21.556636810,23.649293900,193.769668579
21.604682922,22.246488571,139.176956177
20.986631393,22.089841843,82.737586975
23.527036667,24.625473022,112.243682861
21.409437180,23.853477478,170.857330322
20.513721466,23.048854828,85.859909058
21.471334457,23.205282211,189.508102417
20.293716431,23.767419815,65.942962646
22.780467987,23.006071091,228.946182251
23.070060730,22.272762299,157.954620361
20.799636841,23.524072647,116.461883545
23.236879349,21.720420837,94.271392822
24.035594940,23.916683197,112.889213562
21.776147842,23.831832886,203.941040039
22.057823181,23.812005997,222.443008423
22.100009918,22.756429672,213.689544678
21.769668579,23.780921936,206.231445312
23.198369980,22.668933868,184.411605835
22.954076767,23.006984711,220.490066528
22.075227737,23.998308182,210.530136108
23.243652344,23.535167694,206.343597412
23.285057068,22.944519043,193.994400024
22.655750275,22.560453415,201.280792236
22.164733887,24.097362518,205.842361450
23.712810516,23.380681992,161.236831665
87.350502014,36.095581055,144.755325317
89.297439575,35.777862549,221.336868286
89.960449219,37.647159576,96.527587891
91.211944580,38.144393921,12.713298798
88.830131531,36.168033600,254.846237183
88.785842896,36.220932007,255.738479614
89.215034485,35.652011871,217.249084473
87.297866821,35.981540680,136.669113159
89.126396179,36.120052338,245.398239136
89.014389038,35.837604523,238.496719360
88.564430237,35.827362061,238.250961304
89.963897705,36.402282715,167.296844482
89.047973633,34.997920990,155.441864014
89.407814026,35.995098114,223.697326660
87.597244263,36.584781647,169.233184814
88.390792847,35.855567932,233.280944824
89.173332214,36.112594604,242.816680908
87.275871277,36.762748718,125.826042175
90.184242249,35.752593994,131.231079102
88.702430725,37.073211670,211.332092285
87.545913696,35.116485596,112.666976929
88.506668091,36.374542236,250.831420898
89.738403320,35.840770721,186.244232178
88.095550537,39.335830688,10.168382645
87.939750671,35.141967773,145.148681641
89.386291504,36.707763672,215.091720581
88.988105774,34.779178619,130.700485229
88.917846680,37.103134155,206.336578369
87.597259521,36.879081726,155.534667969
89.037185669,35.999118805,245.674819946
89.314788818,34.874385834,131.488143921
89.626892090,35.030387878,130.965164185
87.971595764,38.213798523,63.325874329
89.010673523,37.139957428,200.039566040
88.770286560,35.335857391,198.011978149
91.946250916,36.645950317,8.643945694
87.538696289,35.531917572,143.344406128
87.432144165,37.602058411,87.651435852
88.518188477,35.500488281,210.836273193
88.566589355,35.546512604,216.447448730
88.336235046,34.813175201,129.999374390
88.912071228,35.324039459,195.805755615
88.467277527,35.610904694,219.012237549
86.059989929,34.121025085,6.202157021
88.695060730,36.526145935,251.133468628
88.610374451,35.275894165,189.980026245
88.516174316,37.371402740,174.879608154
89.727478027,36.449356079,193.453048706
88.380233765,35.210243225,176.346847534
89.668472290,35.154102325,140.439208984
88.071403503,36.250186920,223.972976685
88.254203796,35.661643982,212.736145020
88.905448914,36.178195953,253.941055298
90.313011169,36.607643127,121.874534607
88.965957642,34.433712006,91.919815063
88.275291443,35.414234161,192.533569336
89.073371887,36.118000031,247.760223389
88.294258118,35.634239197,212.911392212
88.391387939,38.481590271,51.879596710
87.873054504,36.927513123,180.399734497
88.812164307,35.394767761,204.225906372
89.933830261,36.787113190,157.846847534
89.237052917,35.795341492,226.100387573
90.643402100,36.169479370,87.465469360
90.229057312,35.037799835,84.985046387
87.888938904,36.583190918,201.097213745
89.468421936,36.364978790,221.279846191
89.407295227,37.170455933,177.091522217
89.630630493,35.860553741,198.238281250
87.973533630,36.530715942,211.201812744
88.864952087,35.528400421,217.205810547
88.159416199,36.042465210,227.283462524
87.752059937,35.745342255,177.418029785
89.019645691,37.646526337,141.662033081
88.591476440,34.210697174,69.866600037
88.032516479,35.699245453,199.878860474
89.017654419,35.881893158,240.920211792
88.819450378,37.042869568,214.062133789
90.001327515,36.368694305,163.291824341
88.758232117,35.722290039,234.027343750
86.333984375,35.948501587,43.436477661
88.115745544,37.114131927,184.535461426
88.236587524,36.938751221,208.439788818
88.631210327,36.099231720,252.256759644
86.667778015,35.650295258,63.316795349
87.775650024,37.117782593,156.414962769
89.003196716,36.981033325,216.019149780
87.294136047,36.714706421,129.732849121
89.492919922,37.732742310,115.980903625
90.158142090,37.300998688,106.042289734
87.598587036,35.534580231,149.424316406
85.663757324,37.517875671,8.393127441
87.718078613,36.771236420,174.603988647
86.415702820,33.926731110,6.627291679
87.181846619,36.961975098,107.006149292
89.699188232,35.233810425,145.708129883
90.319480896,36.352817535,124.885795593
88.263015747,35.731826782,218.368392944
90.969444275,36.180606842,56.380844116
87.623100281,37.664550781,95.554870605
87.877784729,35.346481323,159.723175049
88.872688293,37.648574829,143.390411377
88.350425720,35.182025909,172.107391357
87.172256470,34.472518921,40.329967499
89.797889709,36.827224731,169.962432861
89.294944763,35.142421722,162.956787109
87.488601685,36.736389160,150.882293701
88.043937683,36.913986206,196.499710083
87.342041016,36.116931915,144.016235352
88.549957275,35.722637177,230.641921997
86.667320251,37.421337128,45.870971680
88.506515503,37.331775665,179.371673584
89.028457642,36.306266785,250.844329834
89.424285889,35.595275879,199.551635742
88.920616150,36.594882965,246.260757446
87.348724365,34.798515320,72.155654907
86.459678650,37.561645508,30.853151321
89.515350342,34.758132935,109.049438477
89.442794800,36.965560913,192.536956787
87.185882568,36.005535126,124.332969666
90.484291077,35.936836243,101.688560486
89.406906128,37.084880829,185.001495361
89.166656494,38.062564850,92.649322510
88.142631531,36.562633514,224.882476807
90.089714050,36.518947601,149.976089478
89.856086731,37.729167938,96.581153870
87.455787659,36.476898193,155.660156250
89.164855957,38.227256775,76.610832214
89.449424744,35.578632355,196.352676392
89.524101257,37.467071533,140.759124756
88.068084717,35.687389374,201.857711792
89.475891113,36.534595490,215.916915894
90.258476257,34.886444092,72.585998535
88.690971375,37.464756012,166.145782471
89.491653442,38.022834778,87.947868347
88.870140076,36.362049103,254.551391602
90.970901489,37.397464752,40.527267456
89.466392517,37.131591797,176.571884155
88.326637268,34.509765625,95.918022156
88.570098877,35.969009399,246.079528809
88.570228577,36.631813049,244.467636108
88.535026550,37.352451324,177.592971802
89.359207153,37.204418182,176.908462524
86.022346497,33.780036926,4.149484634
89.178359985,35.519470215,207.724609375
89.289428711,36.485130310,232.757965088
89.687438965,36.032260895,198.282897949
87.650009155,36.405654907,179.698120117
88.425682068,36.703598022,235.580047607
89.383247375,37.083221436,186.781875610
87.973640442,36.534957886,211.078659058
92.229949951,35.443378448,4.690409660
88.344757080,35.288509369,183.241271973
87.866783142,35.768318176,189.740554810
86.621238708,35.863018036,64.225578308
89.187698364,36.509201050,238.573333740
88.804443359,37.158718109,202.062210083
90.323432922,36.787891388,115.516029358
89.887428284,34.023826599,35.011871338
89.011734009,35.771591187,234.354751587
89.391304016,36.264110565,228.986785889
88.828964233,37.573394775,152.849807739
89.367828369,36.241771698,230.927291870
89.897933960,35.111049652,118.093650818
89.583259583,35.778705597,198.680603027
87.887763977,35.351696014,160.968872070
88.478614807,37.544952393,152.746063232
89.816291809,35.823040009,176.977035522
88.991416931,36.299015045,252.192077637
87.380874634,37.028453827,123.764938354
89.973213196,35.133441925,113.655014038
88.378585815,34.001010895,48.577259064
88.667259216,35.004802704,159.555465698
88.723541260,36.797523499,236.059722900
88.985519409,34.705001831,122.020378113
88.078720093,37.401470184,152.141998291
89.339080811,36.503089905,228.469650269
89.210868835,35.205909729,173.965759277
88.111694336,35.840671539,214.756362915
88.994964600,35.695392609,229.290084839
88.476661682,36.422348022,248.931198120
88.585472107,39.033412933,21.873142242
88.032119751,37.472927094,141.434646606
89.282569885,36.408515930,235.395355225
88.158775330,38.064582825,83.159721375
88.608711243,35.197074890,181.169906616
89.432601929,36.189468384,225.415740967
89.036087036,34.530555725,101.252624512
89.229461670,36.719665527,225.507263184
89.276390076,36.824230194,215.394821167
89.336723328,36.306106567,233.048294067
87.692131042,37.333969116,130.363616943
88.602157593,37.285892487,186.759704590
87.560127258,35.757385254,158.241149902
87.925567627,36.977684021,181.412490845
89.390304565,35.094154358,152.558929443
87.952445984,37.138694763,169.906890869
87.805580139,36.350753784,197.713684082
88.423049927,35.218914032,178.845138550
86.050407410,35.216892242,17.772172928
90.402297974,36.200393677,114.990142822
87.993827820,37.435298920,143.086853027
89.655418396,36.965675354,174.675598145
86.921203613,38.072929382,32.282951355
88.605720520,37.338405609,180.597534180
89.925178528,35.678714752,157.627029419
87.769104004,35.631381989,172.239257812
89.427803040,35.392253876,181.406982422
87.330833435,37.955638885,56.216144562
90.388206482,37.046051025,98.843864441
89.694580078,34.166877747,49.262699127
89.360977173,35.181976318,163.852645874
88.380615234,37.915386200,105.762031555
88.158935547,35.887348175,220.775604248
89.569946289,37.452861786,139.287246704
89.907760620,34.808246613,90.663566589
87.610092163,37.251132965,130.283874512
88.935516357,36.633766174,243.904357910
87.839981079,36.671012878,192.445114136
89.965576172,36.117610931,167.751358032
89.135910034,36.041584015,242.963912964
88.994018555,35.681591034,228.244018555
88.849525452,35.683811188,230.856750488
87.565803528,36.927272797,149.275787354
89.386756897,37.389369965,156.626419067
89.096755981,34.942947388,147.562362671
88.433700562,35.789436340,231.145401001
88.603240967,36.884006500,228.028060913
89.187744141,35.420059204,197.754760742
87.632583618,34.751834869,87.020401001
90.326576233,37.754772186,65.401168823
89.949569702,37.666297913,95.756126404
88.115547180,36.264465332,227.760803223
87.109619141,35.752109528,109.180564880
88.887695312,35.740295410,234.754821777
89.851280212,34.428417206,62.344829559
89.313079834,36.828990936,212.565078735
89.318557739,35.673419952,212.841674805
89.792419434,35.382434845,150.740173340
88.655204773,37.266613007,189.688278198
87.756385803,37.088787079,156.995315552
87.143554688,36.969280243,102.824424744
88.675010681,36.633338928,246.183395386
88.833236694,35.734577179,234.854049683
88.514122009,36.015148163,246.262649536
90.240585327,38.620574951,23.990097046
89.849731445,36.483226776,178.923583984
89.046989441,35.683776855,226.868392944
89.232521057,37.041122437,200.055358887
87.870330811,35.861831665,194.893157959
89.217681885,36.416473389,239.543350220
89.951469421,37.565780640,103.465133667
88.965400696,37.047611237,210.796859741
88.246421814,35.506511688,199.474243164
87.951507568,35.059242249,137.665252686
87.658988953,34.257289886,47.716823578
89.019775391,36.228481293,251.241897583
88.942481995,37.065612793,209.603546143
88.491462708,36.409248352,249.742965698
89.578643799,38.856216431,26.016675949
89.425140381,36.988044739,192.040863037
90.657684326,36.104164124,85.303031921
90.775894165,37.031295776,64.852439880
88.942405701,35.770538330,235.992996216
90.040237427,37.494407654,102.366157532
90.570899963,36.526821136,94.739875793
87.981513977,36.101226807,213.838394165
88.561317444,35.899921417,242.404724121
89.866157532,36.376449585,179.239166260
89.932075500,35.800479889,162.866622925
89.159065247,36.914005280,215.287292480
89.422668457,37.502552032,142.966415405
88.717742920,36.889030457,228.763610840
89.706039429,36.181087494,198.454254150
87.901191711,36.549011230,203.529174805
88.137939453,36.768066406,214.184799194
89.875267029,37.684780121,99.045433044
90.798156738,36.566284180,71.595649719
89.809349060,37.595653534,110.730026245
89.123878479,37.830509186,118.308959961
89.775756836,37.308616638,137.408432007
88.028594971,36.697135925,209.266281128
89.901664734,36.398349762,174.730697632
88.639060974,35.166725159,178.166534424
88.407875061,37.186077118,192.897155762
89.526893616,34.795391083,112.375205994
90.351882935,34.729854584,56.782131195
89.689643860,35.883930206,193.238632202
88.883323669,36.345249176,254.537307739
88.823905945,35.617481232,225.527496338
87.735565186,38.107387543,63.443347931
88.517097473,36.080642700,248.621490479
87.929145813,35.119422913,142.196105957
88.543365479,37.212188721,194.114837646
89.634834290,35.472782135,172.510116577
89.057922363,34.503665924,97.890907288
89.108634949,36.217761993,247.474563599
89.565933228,37.742248535,111.523414612
88.229797363,35.679298401,212.566406250
87.877189636,36.076950073,203.207015991
88.846389771,36.344902039,255.103515625
89.340362549,34.773628235,118.996025085
90.146644592,36.146472931,145.783340454
89.538368225,37.216632843,163.630172729
89.658943176,37.486480713,130.347839355
86.611267090,37.228992462,48.964298248
89.632003784,35.259178162,153.492492676
87.793350220,35.525485992,167.114608765
87.287696838,36.206108093,138.223968506
88.537475586,37.586814880,148.929824829
89.323844910,36.400024414,232.574981689
84.089660645,36.266204834,0.674777031
89.626899719,37.289451599,150.524810791
87.158920288,36.682746887,115.802619934
89.546348572,35.271492004,161.199325562
88.614013672,33.651676178,27.102743149
89.472000122,34.995052338,136.989822388
87.547111511,37.143318176,132.743637085
87.552307129,38.081764221,57.735950470
88.844436646,38.871307373,30.201335907
87.183258057,35.750835419,117.033348083
88.912643433,36.901935577,225.640029907
89.273429871,36.650123596,226.669998169
87.623199463,36.508563995,174.478485107
88.200691223,36.039314270,230.227188110
87.384445190,35.692119598,136.301116943
88.378890991,35.531089783,208.428482056
90.123611450,37.769550323,77.068107605
89.363876343,36.744190216,214.609329224
86.767120361,36.915920258,70.250801086
87.809936523,35.936252594,192.093170166
88.813339233,35.552021027,219.726623535
88.180328369,37.269390106,172.707229614
87.299057007,37.074420929,112.814102173
87.493637085,36.413169861,161.324600220
91.201751709,35.444004059,30.111007690
88.989944458,36.383926392,251.244903564
89.999420166,37.634609222,94.875938416
88.441589355,37.244770050,187.565795898
87.034202576,36.107490540,108.636497498
88.913681030,34.962387085,153.843872070
89.459411621,38.273624420,66.725120544
89.749137878,35.931365967,188.672134399
88.092895508,36.546169281,221.412643433
89.753044128,35.965946198,189.365890503
90.803276062,38.225898743,21.990783691
90.109916687,35.914165497,145.841506958
90.814018250,37.285266876,54.173778534
88.492446899,35.991035461,244.499343872
89.556915283,37.682308197,117.785476685
88.866561890,37.725002289,134.181579590
88.608413696,36.261070251,254.280700684
86.803451538,36.836009979,75.724960327
87.347808838,37.420711517,94.680038452
90.882667542,35.578094482,53.708866119
88.831871033,34.990844727,158.081954956
90.496917725,35.300159454,77.124092102
87.483642578,36.587051392,156.002029419
89.174392700,36.844627380,220.037673950
87.902130127,36.025665283,204.295715332
89.551864624,35.808067322,203.172561646
88.345481873,35.850536346,230.667297363
87.433273315,36.243465424,155.487274170
90.261825562,36.353591919,131.810485840
88.530387878,36.237674713,252.015640259
87.612510681,35.855102539,168.178833008
88.555000305,37.224063873,193.026672363
88.813453674,32.842697144,3.786709070
89.754173279,36.920806885,168.543487549
88.061080933,34.958534241,133.820922852
88.381996155,33.443675995,15.426949501
87.625282288,36.059394836,175.894119263
88.032592773,35.750640869,203.210662842
89.930313110,36.341934204,172.122039795
89.929779053,36.688621521,162.795745850
88.460906982,34.337100983,80.747352600
87.255973816,36.489345551,131.910202026
89.273208618,37.133525848,188.959381104
88.923011780,37.752048492,130.518325806
89.683288574,36.152889252,200.712295532
87.699310303,34.281421661,51.125225067
90.210556030,36.278369904,138.373031616
87.042442322,35.177356720,74.900451660
90.887229919,37.198921204,51.655838013
88.956596375,38.117980957,89.371681213
89.103172302,34.489753723,95.435127258
88.694221497,37.212226868,196.229232788
87.750053406,36.754257202,178.910644531
88.883972168,38.028949738,99.075714111
89.963401794,36.685821533,159.170272827
90.238029480,36.519626617,132.445785522
89.808280945,36.335216522,186.486373901
87.033302307,35.907238007,105.415855408
89.409301758,36.730407715,211.906570435
87.748611450,37.063510895,158.264175415
87.536773682,35.827777863,158.839538574
89.755371094,35.308868408,147.810073853
88.204780579,36.063823700,231.297470093
89.004302979,36.094615936,249.783843994
87.046585083,35.512866974,92.988998413
89.160484314,37.258136749,181.837982178
89.209213257,34.291355133,73.124549866
87.160202026,36.970859528,104.409706116
87.398590088,37.260120392,110.380935669
88.102210999,36.612709045,219.606338501
87.478172302,36.360172272,160.197708130
87.480590820,35.624401093,142.979537964
88.723121643,36.057003021,252.213500977
89.062934875,36.285320282,249.579498291
89.553733826,36.619594574,205.155914307
86.808006287,35.388195038,66.025085449
89.909103394,36.973426819,149.981536865
89.659385681,35.257804871,151.190185547
89.608909607,36.079395294,207.458618164
89.355987549,36.097618103,230.467727661
89.101295471,36.340175629,247.399581909
89.375198364,35.573806763,201.282623291
86.723136902,35.207328796,52.046577454
88.872573853,36.439102173,253.002944946
89.133666992,36.974567413,211.301559448
90.178222656,37.903060913,64.936561584
88.771209717,35.725635529,234.312500000
88.716957092,35.888572693,244.691909790
88.690284729,36.594753265,248.227874756
87.178215027,36.597434998,120.454521179
89.867149353,35.936435699,175.539047241
88.519569397,35.565582275,216.849731445
89.256004333,37.073627472,195.683197021
88.820396423,36.690193176,242.866653442
88.232994080,37.139595032,189.441833496
90.170570374,36.811344147,131.104019165
90.262771606,35.854927063,125.550178528
88.603248596,35.133350372,173.809555054
89.566390991,35.540359497,183.912857056
90.376586914,35.022464752,72.370063782
88.798362732,35.563594818,220.821701050
88.122680664,38.209159851,68.412719727
89.244522095,35.042499542,153.907913208
89.384078979,36.573024750,222.172454834
88.271369934,36.671756744,229.130706787
87.090179443,37.737083435,56.560665131
88.528747559,35.843009949,238.142044067
89.034774780,37.263729095,185.887939453
86.187370300,36.296607971,36.440738678
88.773033142,37.378536224,176.843154907
87.794914246,37.210220337,150.169204712
88.684707642,35.726852417,233.770507812
90.147041321,36.738758087,136.563156128
89.517715454,36.623493195,208.328979492
90.455337524,36.525402069,107.370246887
88.835014343,35.550632477,219.502929688
89.693267822,35.421676636,163.065460205
89.329727173,36.495937347,229.431167603
88.464805603,36.497615814,246.553375244
89.337272644,36.046161652,230.678863525
88.736785889,36.450599670,253.717559814
89.081527710,36.139247894,247.814682007
88.773651123,36.982830048,220.260162354
89.107070923,37.272888184,182.393844604
88.819328308,36.804725647,235.083190918
88.552902222,35.894016266,241.837417603
86.575523376,36.013977051,62.538150787
88.901313782,36.587417603,247.064620972
89.034889221,36.988067627,214.259307861
88.862213135,36.704395294,241.408157349
87.293251038,36.737373352,128.764999390
90.884239197,35.437442780,49.952014923
89.142829895,34.353073120,80.512580872
88.714569092,36.928062439,225.358291626
88.391792297,36.494796753,243.347152710
88.450653076,35.653160095,221.857345581
90.054084778,36.765522003,145.761627197
88.234443665,36.272773743,236.851043701
87.872230530,36.711956024,193.729263306
87.679519653,35.112476349,123.065422058
89.373092651,36.887683868,203.897048950
87.124351501,35.080619812,75.580383301
87.656089783,37.430145264,118.862876892
90.173851013,36.536182404,139.644470215
88.280044556,36.730472565,226.323654175
90.526817322,35.410022736,79.358512878
89.786346436,33.981262207,35.402240753
88.357482910,35.779029846,226.855606079
88.532814026,37.706844330,134.042083740
89.354949951,35.735534668,214.757156372
89.091339111,37.758708954,127.129470825
88.364509583,35.843009949,231.227340698
87.915435791,38.242225647,59.177986145
89.248954773,37.283744812,174.991058350
90.220474243,35.035354614,85.509574890
86.874588013,35.710205078,83.830169678
88.305953979,36.678768158,230.862411499
88.513252258,35.207660675,180.332656860
88.017318726,35.554565430,188.096984863
88.946304321,38.256229401,75.747459412
88.850730896,37.435485840,169.523483276
87.637367249,35.514911652,151.849807739
89.752273560,34.494155884,72.121177673
89.240661621,35.063308716,156.472244263
87.993743896,35.157840729,150.357543945
87.448028564,38.662204742,22.283960342
88.365409851,35.955429077,237.178329468
88.241470337,37.387874603,162.723602295
88.726325989,35.660022736,228.956069946
88.074188232,35.827220917,211.077285767
89.191146851,36.140933990,242.322463989
90.335273743,36.736751556,115.894126892
87.915618896,36.023933411,205.550369263
89.185203552,36.776260376,224.429306030
89.253822327,35.083232880,158.182754517
88.440681458,36.573574066,242.801788330
87.760833740,36.951297760,167.821533203
88.307861328,34.628524780,108.313339233
90.313316345,37.514678955,80.553642273
88.789810181,37.178970337,199.934829712
90.448333740,35.320735931,82.561546326
88.330856323,36.725154877,229.605438232
87.189941406,35.990482330,124.515464783
88.951797485,36.993049622,216.440536499
89.629379272,36.898548126,181.795608521
88.899971008,35.582675934,221.786911011
89.047248840,37.097312927,203.200439453
88.043792725,36.400875092,220.746109009
89.127334595,35.802413940,232.128753662
88.782974243,37.127285004,205.600311279
87.584175110,35.941474915,168.196273804
88.331405640,34.624385834,108.568801880
90.007987976,34.885379791,90.344047546
88.957595825,35.685142517,229.383865356
90.759574890,36.613239288,74.730354309
87.219596863,36.058101654,129.034591675
87.430259705,38.320739746,37.918449402
89.435585022,36.568050385,218.104461670
88.873748779,36.358100891,254.543685913
89.239196777,34.170822144,61.765666962
89.203155518,34.988380432,149.308258057
88.035591125,36.947517395,193.198730469
88.323020935,35.592910767,211.087097168
88.686134338,34.290378571,78.316696167
89.237388611,37.133075714,190.995651245
86.535552979,36.240474701,60.627975464
88.007965088,37.527748108,133.972549438
89.500755310,36.172500610,219.210113525
88.104286194,35.934989929,218.865997314
88.026779175,35.353496552,171.494750977
88.233665466,35.895240784,226.398666382
89.356666565,36.660102844,220.083663940
89.530746460,37.583442688,128.894577026
88.013183594,35.787876129,203.849212646
88.751670837,35.888725281,244.920440674
87.517074585,38.472366333,32.328674316
89.101959229,35.374580383,196.536727905
89.170906067,35.976852417,238.929336548
88.009719849,36.990612030,187.578491211
89.941131592,36.955089569,147.902542114
89.687820435,34.715240479,95.460929871
89.685432434,36.285190582,200.641632080
88.017601013,36.777179718,203.735794067
88.132293701,35.773704529,212.371856689
88.470680237,36.216846466,249.632949829
87.473129272,36.242267609,160.202133179
90.028747559,35.702220917,147.121688843
89.412117004,36.896141052,200.324188232
88.294479370,35.862293243,228.453430176
90.573265076,37.055473328,81.418968201
89.052246094,36.545623779,244.051712036
88.999504089,35.113437653,170.272033691
88.705383301,36.242431641,255.663848877
89.279510498,34.819679260,126.730560303
88.347557068,36.297855377,244.024917603
88.667793274,34.945522308,152.512557983
87.381217957,36.275199890,149.269638062
90.470809937,35.964252472,103.810272217
88.793640137,37.058235168,212.737991333
88.733291626,36.087131500,253.200653076
89.054244995,36.113689423,248.444473267
88.418304443,36.638526917,238.827926636
87.487358093,36.131732941,161.218063354
88.767417908,35.535827637,218.244415283
89.846031189,36.609218597,175.284378052
90.252601624,34.935386658,76.261054993
89.333000183,36.887580872,206.780517578
90.533966064,36.721294403,95.240089417
87.506561279,35.768894196,153.023620605
90.527961731,35.446525574,80.806968689
90.317512512,38.114479065,45.394157410
90.532760620,35.636085510,87.678443909
89.186958313,35.123889923,165.665847778
88.761268616,36.369983673,255.351272583
87.167381287,36.818714142,111.812667847
87.581085205,36.589969635,167.203094482
88.246002197,35.898094177,227.354797363
88.842391968,38.817115784,33.180587769
89.378868103,38.017852783,92.058448792
89.049911499,36.673759460,237.731124878
88.085113525,34.811702728,119.366241455
88.346466064,34.757862091,124.031890869
91.531585693,35.305709839,15.230969429
88.610038757,36.243698120,254.231307983
88.851875305,37.236145020,192.966979980
90.232673645,35.867801666,129.559020996
89.782516479,36.701389313,178.204498291
91.148246765,36.487018585,43.337104797
89.350074768,35.624553680,207.058120728
90.157531738,36.295200348,144.830764771
88.460746765,36.422584534,248.284759521
89.509971619,35.623874664,195.066696167
88.095252991,37.488212585,143.469528198
90.135169983,36.614257812,142.116363525
88.725120544,37.121540070,206.323898315
90.027740479,37.892501831,73.997970581
89.368164062,36.868087769,205.741317749
88.469146729,36.485713959,247.086120605
88.065101624,37.158233643,176.678161621
88.713005066,35.665691376,229.308868408
86.897346497,36.618350983,90.109802246
85.466468811,36.759414673,9.107879639
88.248054504,37.013927460,202.516937256
87.622016907,37.514659882,108.737617493
88.939987183,35.140872955,174.641296387
88.092239380,35.880722046,215.342742920
88.285758972,37.750137329,121.874511719
88.097419739,36.502643585,223.173446655
89.130134583,36.478065491,242.859512329
86.338844299,37.251552582,33.206035614
90.404670715,36.044338226,113.000503540
87.350746155,36.823074341,131.489151001
88.539443970,36.773544312,235.083892822
87.815345764,36.974353790,171.470703125
88.727622986,37.175071716,200.503479004
88.616912842,35.771060944,235.813888550
88.839294434,34.884834290,145.301818848
88.113830566,36.173000336,226.785980225
86.274597168,35.831855774,38.089279175
89.273757935,35.664562225,214.947341919
89.602531433,35.873760223,201.588973999
87.867851257,35.015842438,127.760086060
88.717834473,37.662628174,141.834716797
88.403022766,35.783218384,229.362045288
88.757202148,35.636474609,227.172836304
89.563812256,36.816173553,193.269683838
89.028114319,38.191822052,81.490554810
88.230560303,35.472591400,195.522689819
89.018592834,35.397819519,201.507797241
88.102539062,36.655540466,217.667312622
87.934089661,34.990150452,129.533889771
86.364807129,35.243087769,31.390769958
87.931373596,36.245815277,210.968078613
88.409805298,36.810760498,227.790115356
88.996078491,37.422595978,168.705291748
88.523498535,35.027492523,160.014663696
86.571624756,34.010200500,8.943394661
89.736221313,37.216777802,148.156524658
87.696769714,35.551486969,160.038284302
88.419960022,35.207580566,177.501052856
89.523208618,37.308448792,156.167205811
87.616363525,36.683788300,167.637023926
88.973724365,34.389595032,87.177391052
87.807830811,36.115947723,196.904998779
89.110740662,37.257556915,183.929519653
87.592758179,35.789489746,163.222198486
88.820533752,36.143985748,254.497207642
87.671783447,36.247913361,183.288269043
88.717178345,35.864143372,243.300781250
87.012397766,36.295604706,106.624679565
87.896759033,35.823055267,195.477371216
89.900459290,36.191959381,176.197860718
88.884109497,35.800289154,238.960144043
88.350067139,35.713920593,221.950973511
89.696182251,38.303234100,57.713703156
88.181144714,37.881427765,103.111953735
88.121345520,35.422294617,184.225631714
88.764022827,36.453033447,253.661773682
88.516563416,36.661502838,241.391540527
89.985710144,36.508823395,162.489868164
88.020523071,35.607872009,192.442718506
89.936691284,36.605522156,165.230285645
89.048011780,37.109909058,201.894134521
90.935325623,37.204032898,48.184650421
89.504524231,37.096744537,176.818389893
88.717742920,35.706390381,232.569244385
88.769439697,35.712501526,233.316131592
88.269065857,37.063205719,199.076370239
90.959709167,34.577621460,22.128000259
88.086578369,35.186920166,159.187255859
88.096138000,36.769531250,210.814208984
88.089508057,35.617649078,198.405593872
89.024078369,37.979907990,103.438827515
87.043601990,36.656013489,104.172714233
88.875305176,35.662239075,228.882003784
88.950111389,36.664974213,241.770568848
89.642761230,35.111213684,138.075790405
87.801437378,37.135860443,157.233306885
87.868057251,35.344661713,158.793151855
88.841621399,35.578239441,221.977981567
89.667739868,35.606987000,179.839706421
88.695404053,37.455238342,167.346923828
87.582534790,35.998443604,169.658004761
89.381858826,38.950740814,23.735542297
87.847167969,36.263416290,202.469024658
88.793037415,35.761405945,236.931411743
87.998489380,34.217472076,57.252922058
87.434883118,35.319908142,118.861633301
90.434127808,35.429924011,89.223335266
88.408508301,34.618480682,109.981460571
88.176055908,36.009666443,227.397491455
89.595542908,36.349082947,209.361587524
89.827919006,34.959587097,109.818405151
88.151481628,37.128463745,185.545364380
88.492866516,35.889129639,239.564422607
89.096359253,36.318267822,247.868972778
89.066757202,36.039878845,245.987472534
85.943885803,37.266460419,17.547458649
88.205039978,37.335353851,166.815139771
89.205497742,36.220767975,242.259857178
88.886276245,36.890918732,227.143951416
89.190574646,36.677661896,230.405242920
89.057022095,35.799163818,234.717941284
87.926773071,35.407379150,168.881301880
87.824760437,36.070682526,197.729568481
89.890251160,37.280307770,130.301162720
88.680168152,35.278587341,191.242645264
89.174064636,35.284450531,184.177032471
87.646583557,37.778884888,86.938453674
88.294006348,37.801166534,116.221206665
88.848625183,35.647216797,227.892944336
87.299171448,36.131595612,139.136810303
89.505798340,36.466331482,215.488754272
89.351722717,34.895534515,132.208908081
87.059341431,35.410087585,89.173751831
86.660079956,36.836685181,63.744949341
88.346626282,36.364845276,243.575042725
88.612319946,36.285526276,254.402648926
87.967163086,36.678527832,204.620742798
89.733055115,35.052947998,125.672920227
88.929023743,35.818565369,239.426223755
87.522048950,35.258506775,122.152603149
-65.309318542,9.705875397,0.616180718
-94.689666748,79.920349121,1.186333776
-22.684825897,93.734901428,0.612579465
-79.665229797,58.141540527,0.902154922
62.851562500,-94.242111206,0.554035604
-20.510322571,-80.766426086,0.510698974
26.055704117,-16.766477585,1.019932032
80.695350647,-77.173118591,1.199201345
76.187713623,10.127753258,0.548914790
-70.801521301,-96.962341309,0.595214784
-53.191909790,-44.621574402,0.590471566
-32.870567322,90.456924438,0.520922244
-36.630874634,95.949157715,0.626760542
-31.102455139,61.409626007,0.689362645
97.863937378,99.036315918,0.568484306
29.814577103,-2.351439238,0.566899836
65.257278442,75.508224487,0.778901875
-19.317880630,-4.334436417,0.529501796
-84.566764832,-53.608932495,0.663952053
-32.024375916,-43.651565552,0.514639080
-58.488292694,-74.297401428,1.333290815
-86.617393494,5.373250008,0.557813764
50.619804382,-20.923404694,0.619483113
-74.337455750,53.772151947,0.455634356
75.972961426,54.432331085,0.530171692
49.179496765,45.988372803,0.598640740
-43.863323212,-47.692424774,0.983679950
-38.753402710,-74.285255432,1.650712252
30.380136490,-80.568572998,1.078704000
58.801933289,27.251003265,0.482226849
-41.973754883,-90.154853821,1.143199325
-69.355354309,80.991920471,1.090930343
40.067687988,-51.259407043,1.176851749
-96.729553223,49.789955139,0.806141675
-50.559555054,12.967826843,0.559396148
-81.091804504,-27.350526810,0.586749077
-17.217634201,-5.220825195,0.573593497
82.243659973,29.141889572,0.666320920
-49.896419525,55.517570496,24.285739899
-10.612026215,38.289951324,0.554525912
-87.667304993,-60.496379852,0.557046890
12.841958046,32.674346924,0.667283058
-69.705055237,94.536483765,0.603254259
-63.453952789,71.255035400,0.508971572
-38.269474030,73.572898865,0.570684671
-33.736099243,58.863250732,1.029231548
-77.018066406,-67.707977295,0.632497907
60.186656952,4.703226566,60.609886169
-71.679687500,-32.044033051,0.813859403
86.590934753,63.515163422,0.529570460
22.133510590,59.909965515,0.901135027
-11.006382942,11.593141556,13.240827560
-98.308998108,-65.406455994,0.872118413
45.685661316,81.975135803,0.597290397
-20.533887863,-78.190010071,0.553557813
91.741447449,-99.088966370,0.614287019
89.704826355,-52.120159149,0.509624720
-36.670772552,22.874334335,0.785157859
63.770645142,27.835823059,0.598326564
80.520057678,93.901252747,0.564551473
-96.446365356,13.799410820,1.479513288
-87.014823914,-28.927040100,1.687339425
53.906242371,9.675850868,0.882257342
-74.835334778,-72.013679504,0.608472764
-1.626439452,-9.109889030,0.655973136
-89.172584534,-1.982796550,0.583318233
-29.692338943,-65.197509766,0.536282539
84.236045837,34.322601318,1.256123781
5.067322254,8.351299286,1.105971813
67.275352478,-32.115577698,1.166362882
-14.628914833,-79.002021790,0.705479383
72.002342224,43.285205841,0.799961388
-69.715026855,37.658267975,0.534513354
25.745927811,41.693824768,0.706355810
-7.956416130,-98.873374939,0.697413206
54.622909546,-87.660972595,1.577258110
-7.342222691,3.184373379,0.653050840
-56.771263123,18.262905121,0.509981751
41.799430847,66.415596008,0.612616658
64.552536011,-81.949348450,1.139875054
97.280410767,74.633033752,0.656951070
84.400947571,-84.828964233,0.668009222
74.981094360,24.093631744,0.576730072
57.997516632,39.729270935,0.828732669
-68.844879150,-74.101654053,0.695901215
-30.843418121,34.838333130,0.540223777
-41.047843933,-63.973598480,0.681731462
32.087341309,66.515716553,0.586437941
-61.503013611,-28.939153671,0.611022234
-75.552696228,30.742774963,20.750377655
24.978506088,44.336009979,0.509325624
90.946525574,-47.058116913,0.515361249
-2.588727236,29.383794785,0.808184862
58.126937866,-71.869850159,0.580318749
21.787508011,-80.504920959,0.597970366
63.999954224,97.194480896,0.688087463
98.466949463,-14.029410362,0.553834498
-67.256179810,-99.600708008,0.750888348
5.252469540,-68.728179932,0.565390229
35.287399292,-27.605451584,0.584853113
-66.105194092,-98.555679321,0.788659275
33.925056458,-10.816609383,1.133916020
-8.920913696,4.033603191,0.465819001
47.754985809,26.413738251,0.571944892
-34.777988434,48.399402618,0.618011713
8.078675270,37.781387329,0.519978821
-84.569290161,-32.654933929,1.330720067
51.033382416,2.512495279,1.037036419
-23.941234589,53.031604767,0.594347179
37.959774017,-29.134290695,1.173093557
-26.019781113,-94.562850952,0.525039434
-94.158111572,70.793891907,0.813130677
-56.234016418,22.995738983,0.914298594
-30.195135117,70.941596985,0.566602170
70.577079773,43.789173126,0.900318623
-96.428291321,-53.720790863,1.119092464
-49.285228729,64.127769470,1.089962006
33.320190430,56.874931335,0.515639782
-98.347366333,50.994060516,0.623316705
80.948623657,-6.397892475,0.607467413
10.257520676,42.705150604,232.780960083
54.169647217,-61.535926819,0.654040456
-14.407587051,-27.503175735,0.595598400
41.993625641,50.513904572,1.386841178
43.872482300,71.544639587,0.586765885
79.301406860,85.790489197,0.564714015
-36.532352448,-90.017135620,0.555724621
-81.246093750,-64.340644836,0.870425165
20.629974365,2.536345720,0.855856359
98.432334900,-27.441570282,0.532539666
92.003509521,-77.089462280,0.636020005
19.365901947,-23.242136002,0.616165638
-56.504440308,4.955288887,0.586505592
-85.864715576,-31.280746460,1.445760250
-25.905532837,23.769952774,0.860460341
52.556255341,-84.199226379,1.061369300
12.154961586,-50.376495361,0.521533668
88.119720459,-98.874908447,0.626167417
47.429275513,10.262152672,0.702838063
82.705429077,-59.425476074,0.539802134
8.724415779,-31.006818771,1.089460015
-89.304100037,15.203993797,0.918651283
-78.709274292,58.695175171,1.006453156
19.191423416,-12.779538155,0.661296248
82.323143005,-55.171886444,0.563157856
-67.582778931,-12.760205269,1.167570472
-67.050262451,10.552811623,0.640606761
38.602569580,71.400863647,1.108942509
-45.145782471,32.530303955,0.627913833
-64.078536987,98.504783630,1.101364374
-13.526421547,14.217037201,1.140355587
-95.176727295,-12.365340233,0.545098960
-48.217258453,-78.004043579,1.139771700
-26.645450592,-36.893272400,0.523040593
-33.210956573,2.803766727,0.566073179
-20.291488647,-17.557390213,0.671473563
-53.080547333,-71.336112976,0.574992120
-42.697898865,-12.579172134,0.999255538
32.736541748,27.818641663,0.670907438
-48.267604828,-26.724241257,0.622111380
-45.896167755,22.657094955,0.665269792
65.873352051,89.636878967,1.115990996
63.223762512,35.470413208,0.737568557
-68.555664062,33.303524017,1.359417558
95.608871460,54.939327240,0.818988383
56.132205963,8.428421974,4.879369736
89.363334656,99.305564880,0.609498262
93.474792480,68.254203796,0.468362778
26.929744720,-53.002552032,0.866027117
-60.551357269,68.130409241,0.509307027
-36.912029266,39.434841156,0.596977174
-88.604675293,84.564514160,0.545131087
89.146400452,67.397254944,0.533991814
13.808001518,38.711734772,0.828554153
0.501333356,32.095520020,1.637275219
-17.561008453,91.614006042,0.576715589
-33.203002930,-13.742477417,0.572939217
18.405836105,-82.792152405,0.626433313
50.094573975,-65.084281921,0.553063333
36.584938049,-67.263351440,0.533955514
36.100772858,34.709590912,0.573192179
-15.443373680,-41.566753387,0.607602835
84.326507568,38.940681458,0.470926404
-0.005670793,-77.626960754,0.925714433
65.671264648,-81.389289856,0.890859544
-96.447868347,61.034461975,0.043221682
-89.017097473,55.219337463,0.558530629
17.451860428,-79.217948914,0.581829786
-51.937511444,65.204605103,0.561795473
-27.820302963,4.911400318,0.618343472
85.198127747,-60.206501007,0.549295962
39.949855804,24.132417679,0.554810107
-49.785781860,90.828643799,0.824686527
19.766609192,77.956611633,0.554961860
-43.089817047,33.748844147,0.597705960
-91.214630127,27.931102753,0.541575670
31.484447479,20.878011703,0.849047840
4.748148441,-52.710182190,1.436541915
29.882499695,31.606431961,0.548383892
47.406631470,56.421405792,0.539382756
-84.041984558,-12.314941406,0.699888229
-47.960620880,92.489044189,1.014666915
54.538997650,35.450942993,0.812233210
41.547317505,-21.722379684,0.508981287
-9.443870544,-35.663234711,0.515897036
-9.027516365,42.668342590,0.934178054
60.607509613,-34.327106476,0.786100268
44.627143860,48.082279205,1.250128388
11.560784340,43.195491791,98.026832581
-8.259986877,-65.889938354,1.120183110
-99.924972534,-29.398551941,0.553575993
74.212120056,87.340057373,0.672829747
-16.521389008,-31.584558487,0.570209801
-41.415706635,-90.486442566,1.119794607
18.177511215,-11.104603767,0.627045333
96.676589966,15.156162262,0.582167208
-77.515785217,-42.963726044,0.575981021
-5.365815163,-54.670009613,0.608655512
53.688175201,-27.629297256,0.604721367
-35.474666595,26.765169144,0.602126718
55.495506287,-90.917984009,0.585196257
-66.267669678,96.409454346,1.619905949
-8.886619568,40.841876984,1.145303011
-68.477836609,-36.923721313,0.561627328
67.451461792,-0.606988072,0.560865045
-53.612720490,-29.228540421,0.607153952
-29.646751404,96.987472534,0.545132697
98.265640259,-56.475486755,0.572924614
-12.865375519,-45.971191406,0.554923832
-59.065185547,-48.069042206,0.574534893
-79.113349915,-6.394726276,1.000399947
24.523136139,-71.465507507,0.942523301
38.739353180,-71.885871887,0.565994143
4.602568626,48.023582458,0.568373144
-4.757759571,9.254363060,0.465807378
26.929866791,15.982795715,0.563235879
-51.830661774,-8.472276688,0.792993188
7.278968334,64.921890259,0.444609851
95.285125732,76.791641235,0.591318130
-41.680900574,44.544021606,0.599574864
-81.430595398,30.738752365,0.534123957
77.701995850,-73.972412109,0.547732532
47.880641937,-60.475788116,0.602782011
-65.738098145,39.014404297,0.522250473
6.788923264,-56.176410675,0.579017520
85.759460449,-10.585815430,0.623301864
-86.127059937,-79.191650391,6.916575432
-90.812026978,-74.276878357,0.700336874
-72.799125671,-96.546264648,0.588575244
-7.154043198,-66.054420471,1.015500188
99.821815491,-70.001213074,0.800480783
1.277805209,31.848634720,1.701114297
41.712368011,-28.962924957,0.600474477
11.157583237,12.070975304,0.697642565
80.305198669,-77.274002075,1.185333490
5.818123817,-36.966182709,1.087023377
-23.435060501,-62.293525696,0.538224697
9.583588600,67.675964355,0.750004947
-80.840393066,-73.221649170,0.547586560
69.593162537,-2.023776770,1.169728637
-1.306692600,92.947479248,0.545452237
-37.547725677,-52.493461609,0.556683302
27.692968369,59.074344635,0.554088235
-46.599727631,43.288871765,1.052158117
96.905944824,-73.997375488,0.575311720
-80.787643433,-43.384445190,0.787522018
95.212348938,-92.727424622,0.560746908
31.080472946,38.171569824,0.518672705
-86.709037781,46.028083801,0.549993753
-36.408756256,92.460060120,0.601434529
73.534088135,89.082855225,0.641552389
74.714050293,-5.507394314,0.618295133
-33.209465027,12.203918457,0.607877493
74.295524597,47.947341919,0.602237821
-84.551795959,-29.641366959,0.672383130
-59.696102142,-40.826229095,0.598552823
54.072727203,23.773759842,0.658543706
-27.540243149,23.655202866,0.773572624
73.713363647,-46.372497559,0.572046340
-6.037214756,16.219961166,2.589818478
-62.757606506,-31.278665543,0.912877798
58.138179779,87.247367859,0.743440151
26.654634476,-56.225036621,0.491783768
77.363731384,16.982515335,0.960990548
37.135135651,-58.449802399,0.507505834
-95.727386475,-27.097921371,0.809251010
-65.058799744,-8.481780052,0.560959101
22.085660934,-39.721248627,0.584439874
-57.586143494,-75.499008179,0.960377038
34.719017029,-16.773353577,0.608994722
30.516843796,99.715042114,0.580425262
-29.937437057,15.528051376,0.566940963
35.199016571,-21.103326797,0.585745811
1.236529946,32.203945160,1.708947659
-64.948394775,-22.633766174,0.548310459
65.906539917,-70.154747009,1.168838739
-51.060050964,-50.737369537,0.894356966
1.761547565,72.958366394,0.530440271
-8.403225899,-20.756916046,0.467532605
74.623260498,61.335800171,0.651491761
-6.435228348,83.621582031,0.550798893
20.182754517,-19.110151291,0.615363717
50.553256989,71.523475647,0.727325141
90.862770081,1.615564466,1.148226261
-54.011756897,-76.122375488,0.975685298
20.922279358,96.577865601,0.592823207
17.398967743,13.965790749,0.593353271
76.074722290,5.068553448,1.624720812
-85.149528503,13.197902679,1.012190342
-48.346008301,73.090240479,0.592326701
-48.355556488,-18.732416153,0.646458089
88.735923767,76.477653503,0.559332550
41.924423218,32.619350433,0.667347789
59.898151398,72.957000732,1.720557094
24.214439392,90.222694397,0.707184732
-13.577973366,88.606536865,0.596447468
-47.698623657,-53.210208893,0.583987594
2.798278570,-81.956253052,0.497558713
-18.834688187,98.413764954,0.749897480
-16.947860718,-14.234299660,1.596526146
69.409690857,46.710556030,0.586530089
-71.984367371,-48.612838745,0.937993526
88.697319031,-7.001640320,0.521520972
28.713788986,-48.833751678,0.707470298
91.970008850,29.918750763,0.618799627
-89.015785217,-65.507942200,0.580646753
6.905843258,81.473480225,0.579682231
12.734545708,45.601902008,1.245155692
-26.750648499,8.904635429,1.129354835
41.208404541,27.300466537,0.773045301
12.474208832,-55.131084442,0.579652905
-4.747819424,65.564384460,0.776329935
-14.087037086,-9.382061958,1.058606267
-1.295562744,-77.254714966,0.913703322
-14.216435432,94.036140442,0.824332118
-11.537102699,18.754152298,0.557672501
40.076641083,-88.049491882,0.578554392
35.828849792,-60.486652374,0.830161750
-78.530563354,-39.632713318,0.604332983
50.281059265,-62.166667938,0.558432043
-95.901611328,14.156894684,1.365950823
-23.215013504,2.910512686,0.575762033
14.110800743,20.025737762,0.864641190
-76.464874268,-55.834320068,0.520810902
95.303016663,6.460951805,1.242487073
-24.033365250,-42.874050140,0.551835120
-8.245454788,-79.790588379,0.483083516
-31.714548111,-4.704505920,0.577068329
-66.759178162,-53.142162323,0.563113928
67.520889282,-32.370594025,1.170033932
55.417240143,-6.369288921,0.487876564
-37.294555664,80.185066223,0.512111008
51.655303955,-91.875190735,1.294914961
36.872417450,-76.263977051,0.581382036
71.360130310,78.330177307,1.180401921
7.920056343,99.165031433,0.578875005
6.140717506,23.043222427,0.798972249
34.290802002,86.189811707,0.630387604
-42.675727844,-64.602676392,0.807463467
71.790496826,30.058906555,1.135935903
74.921134949,18.188041687,0.581814051
43.073722839,78.214797974,0.591888130
-85.245605469,-63.283428192,0.502953231
-83.258941650,-6.204364777,0.569639921
67.276268005,55.557746887,0.575415850
-85.431770325,47.986125946,0.542266667
-37.676776886,42.304836273,0.502384901
81.728698730,64.309608459,0.605554461
41.182506561,-38.453269958,0.559244394
37.823688507,-17.610603333,0.593663156
71.395416260,78.035430908,1.186404467
44.664569855,88.748542786,0.604434133
22.265285492,46.932144165,0.480131716
30.663909912,0.981509626,0.752289295
67.346832275,-24.720920563,0.482463002
54.614185333,11.092146873,0.742482305
-57.067188263,89.996055603,1.462338209
49.445957184,66.657028198,0.992068470
29.853698730,-10.449624062,0.590990305
-8.138484001,32.221607208,0.713417709
22.171113968,-92.419464111,0.561242282
54.368614197,34.023632050,0.884359717
-26.049219131,72.913688660,0.530016184
-74.681701660,49.152637482,0.518198073
-57.246551514,25.110157013,0.538398266
29.682743073,72.163879395,0.588423967
71.188072205,33.351295471,0.573987663
42.716033936,27.786851883,0.849158406
-25.552013397,-97.030517578,0.535776377
29.696615219,2.258959532,0.637610018
-27.047389984,-65.953369141,0.596421480
-43.989555359,-65.683975220,0.691509068
-26.672288895,36.381439209,0.573911965
-76.865348816,-35.963523865,0.605807006
-43.350978851,-80.042556763,0.603267908
5.615102291,7.988761902,1.201874375
-72.424568176,51.195701599,0.646076083
2.735525608,-58.928375244,0.690479815
90.778465271,56.061500549,0.586414099
-29.400981903,43.329803467,1.144906998
34.643714905,-45.412391663,1.140016556
-61.308902740,-34.265724182,0.976849973
42.455532074,-76.611816406,0.576616645
-37.684280396,87.045173645,0.539397180
99.487640381,-29.866765976,0.571147501
24.918607712,-6.577568054,0.866027415
-49.926692963,64.614868164,1.011089325
-22.865282059,-78.277976990,0.534208894
34.906852722,-65.662467957,0.544006228
41.974433899,-53.284721375,0.564526320
-94.593971252,30.075971603,0.568922281
72.178283691,-16.148828506,0.615084946
78.237060547,-25.977937698,0.507497668
-29.492574692,99.228919983,0.654200613
-99.532142639,37.322895050,0.569250703
49.519451141,91.975219727,0.570309103
40.839221954,-61.896423340,0.581913769
28.626110077,-57.771369934,0.930973291
-86.128067017,86.562950134,0.559183180
0.325746745,-85.761978149,0.563211203
-0.208507776,81.116622925,0.578318179
77.398811340,89.964202881,0.803299606
84.428520203,-98.672073364,0.583892524
-54.097061157,-79.051063538,0.580954194
82.552070618,-36.460453033,0.684640050
-88.608383179,77.953956604,0.573548496
-35.933032990,5.234216213,0.586774528
93.926002502,98.309432983,1.048611522
-63.946174622,-30.753086090,0.935065091
-26.986536026,-43.542045593,0.524615347
15.891501427,19.392959595,0.782667458
-2.758406401,0.891490102,0.596632183
-41.005046844,-58.996326447,0.570546389
-7.391926765,-34.509395599,0.783426166
-59.102401733,-94.890724182,0.580617428
13.031599045,-24.754636765,1.172550082
-26.104736328,44.471687317,1.126189828
78.908485413,-19.451539993,0.564660430
-69.791755676,33.303012848,1.478585958
-57.901317596,68.166114807,0.480178356
47.211334229,-85.066368103,0.830492914
-67.223785400,96.568359375,1.667908192
87.564102173,5.258986473,0.967739642
-1.187502146,-24.425392151,0.689319849
-47.093872070,-6.743418217,0.563973546
44.783069611,95.171447754,0.574716747
8.795762062,-20.567174911,0.467481226
38.708282471,-64.136070251,1.091933131
-23.677509308,41.420448303,0.590787172
65.483078003,64.214302063,0.545556962
37.232063293,52.437671661,0.556308866
-32.502021790,16.412416458,1.652609348
-89.717613220,71.520698547,0.566256225
19.613065720,-30.750867844,1.424440384
-59.783710480,93.301307678,1.294396877
-2.279513836,10.591861725,0.552334666
-39.781250000,-38.840717316,0.566956460
-3.520711660,66.678215027,0.704654455
96.886825562,25.788385391,0.548580408
87.371963501,-50.093486786,0.566584408
-40.872100830,84.029754639,1.004453897
-3.687485218,-48.334838867,0.774190187
-27.188854218,42.820404053,0.885789394
-13.196377754,-2.547599077,0.567807734
-51.943771362,-94.291160583,1.027880788
2.251876354,77.627403259,0.486366272
81.450759888,56.492340088,1.007995009
-11.679389000,94.670539856,0.563230813
91.270706177,-62.219501495,0.592223942
-64.102684021,-11.017306328,0.669445813
93.022567749,98.088211060,1.046511173
-88.219100952,91.168510437,0.604284942
9.775588036,29.782985687,0.539780736
-18.196546555,-51.620933533,0.707487702
-90.189239502,-83.211784363,1.144466639
-46.729328156,54.974472046,238.366333008
15.739645958,37.304176331,1.594349861
-38.232810974,44.591236115,0.560954988
-98.300811768,86.925247192,0.569803834
-43.714534760,-7.299640656,0.596978307
66.953842163,-65.000617981,0.553577304
69.735839844,-24.433368683,0.585901976
46.084926605,43.110229492,0.535941184
-41.369388580,10.699525833,0.582770169
-26.577028275,64.632583618,0.704902172
83.848922729,-21.647584915,0.547340691
-96.681892395,-26.019626617,0.801612616
76.842803955,72.278579712,0.618415475
61.504207611,-77.554969788,0.533140123
41.537536621,-10.202518463,0.870984375
-64.496315002,24.213045120,0.566944003
87.364685059,43.816638947,0.659838796
1.081110477,-11.906231880,0.689649343
57.977737427,-9.264603615,0.488186806
84.082168579,76.997612000,0.527778208
-92.865043640,91.696281433,0.598951578
62.008125305,87.701499939,0.622078419
-96.011146545,-83.624725342,0.594671428
50.413127899,56.109737396,0.531513155
-70.079162598,-10.065262794,0.569366395
-41.801788330,66.541297913,0.544730067
-60.254566193,-34.819198608,0.975061774
5.048584461,-73.737510681,0.581534386
93.067489624,-1.058823943,0.499564558
-58.023643494,97.970214844,0.622588158
46.741333008,-83.939002991,0.990256965
-20.428806305,-70.877853394,0.614461064
-48.812347412,59.469726562,0.537247300
39.646453857,91.017433167,0.587199688
-17.644479752,97.502777100,0.778774679
6.759345055,-0.188264862,0.531266689
-92.765571594,-47.876205444,0.586487651
57.846374512,-96.674720764,0.509448886
-53.845859528,52.166763306,0.638515592
86.223129272,-84.106430054,0.674734354
56.587608337,-56.894847870,0.565323830
-86.073562622,67.619400024,0.417817026
44.786258698,-96.741317749,1.073155046
16.302509308,81.632514954,1.493600965
84.631286621,33.916858673,1.703184247
-30.471940994,-70.192672729,0.587338626
-91.841072083,74.941970825,0.512974620
20.210159302,6.959839344,73.303504944
99.483177185,4.649574280,0.555488825
93.046867371,49.461597443,0.533254921
-35.509468079,86.391441345,0.648651302
28.285787582,40.709701538,1.099788785
-38.048568726,-6.481239319,0.724263549
69.456062317,-1.576879382,1.172672153
31.721548080,7.778541088,0.801288247
-41.219715118,-33.275119781,0.585454524
-17.083021164,-15.260551453,1.430804610
8.825953484,-13.369662285,0.989488244
-79.903221130,69.266769409,1.185150743
27.665216446,88.974983215,0.561198950
69.015045166,-66.450775146,0.720340908
-79.210929871,22.228254318,0.664411902
-90.080253601,81.884544373,0.559073269
30.003824234,81.217552185,0.582291901
-60.857109070,-20.609519958,0.854005158
-84.286209106,11.653957367,1.235169888
-93.599494934,20.510807037,1.234334469
-80.607788086,26.903686523,1.148384929
-31.417858124,44.388866425,1.001815796
-70.555595398,96.738700867,0.659561634
16.179254532,72.423286438,0.500670731
-29.249418259,42.062969208,1.218468785
60.875122070,57.089088440,0.577068627
-55.530254364,21.938896179,0.996234298
-26.754594803,-69.354782104,0.614453852
-94.215278625,80.120529175,1.219042301
48.007682800,96.565170288,0.607566833
28.248388290,-93.017822266,0.589755595
-25.473215103,-8.285137177,0.589414477
83.007179260,-39.545791626,0.692253888
-88.242614746,63.934291840,0.631923914
71.770698547,81.552528381,0.605156481
-11.279926300,2.519407034,0.462198406
98.665275574,15.653102875,0.653216183
99.530647278,-44.884887695,0.588249326
-65.439781189,41.477378845,0.527279675
69.991508484,72.324470520,0.532518327
20.537233353,-9.971785545,0.639737129
37.715106964,17.499515533,0.668985426
-44.165275574,30.680131912,0.564059436
-15.136987686,-61.127975464,0.686502397
58.709892273,-85.739204407,0.794770837
58.304615021,-29.122928619,0.638286591
-77.231895447,-29.622318268,0.730471313
-0.845782876,28.744525909,0.681515813
28.455242157,-51.119701385,0.514889121
-57.390331268,39.784423828,0.780913532
58.039901733,9.738324165,1.541752577
70.291137695,-89.552711487,0.552358985
-9.394322395,81.665824890,0.369282544
-60.191158295,-15.904140472,0.533236027
-19.925886154,0.312850386,0.958050370
-80.775878906,-62.823432922,1.357561827
-61.506965637,28.475830078,1.010011315
24.885377884,1.838836432,0.594428301
-41.621341705,-47.147796631,0.533017159
9.852398872,64.835227966,0.460462272
-75.527076721,24.013975143,1.829892039
16.102334976,57.040607452,0.564144433
-9.580801964,-98.241127014,0.681333363
-67.527328491,45.928550720,0.599138737
-75.850196838,-39.896514893,1.026881695
-15.417256355,87.977745056,0.537315249
-26.324060440,68.285179138,0.586479902
65.899887085,23.337646484,0.641815126
52.558834076,84.361495972,0.554137111
84.720809937,16.584217072,0.592649043
27.590423584,41.180603027,1.143695474
-33.724632263,-3.528565168,0.573448062
98.202255249,-69.979598999,0.773951054
51.170124054,-92.087661743,1.547537804
-54.560291290,-77.011100769,1.015151978
90.372970581,1.443964720,1.147878408
-26.883493423,-32.306102753,1.125639915
2.158859491,-27.853839874,0.573696613
32.770015717,20.095708847,0.746200979
-99.662887573,83.141357422,0.564968169
-30.253927231,87.494102478,0.713375568
-60.083450317,86.070678711,0.504876852
-16.110322952,20.368112564,0.561008275
-34.395439148,-64.242218018,0.741884112
-49.540454865,8.866572380,0.596520841
-73.051284790,27.551996231,5.946880341
-28.105974197,20.039672852,0.565230668
-51.131336212,-49.321105957,0.901247263
92.576133728,-72.101051331,0.571158767
2.604868650,21.312059402,0.606489658
22.046947479,-49.791156769,0.620845795
7.029001713,24.009292603,0.857623875
-43.187526703,49.892509460,0.549504101
59.538337708,-36.509185791,0.569925964
-14.344128609,33.749069214,0.643198967
61.519916534,-36.267681122,0.623029530
13.354413033,-41.477008820,0.571381927
44.235580444,-38.567497253,0.571006835
64.074440002,-77.834205627,0.527433872
-73.017364502,19.168775558,0.980995119
-38.263557434,-75.396850586,0.922671437
30.702745438,17.235069275,0.681324482
-42.588073730,88.354255676,0.896449208
39.214817047,71.110351562,1.286264777
1.646758318,-13.925434113,1.396322846
-33.220664978,-52.273021698,0.531210124
-11.483571053,-8.612178802,0.576312602
-57.297473907,-83.846618652,0.576500773
-13.139512062,-9.596968651,1.071414113
-30.758670807,83.303993225,0.614384472
27.711618423,-22.583553314,0.516506374
93.956352234,-22.896797180,154.780670166
12.649672508,-8.739501953,0.603915334
-78.001075745,-6.226700783,0.995435536
64.770935059,-57.771091461,0.613627672
-27.185346603,-50.952114105,0.561011434
-78.341865540,-21.154310226,0.579138815
75.657936096,-32.945758820,0.625487506
90.869552612,65.758522034,0.494310439
56.436729431,10.387828827,0.483866364
46.131366730,62.038684845,0.575885594
-54.413982391,40.509044647,0.678195655
14.924488068,1.857336521,0.605165660
9.035727501,-73.785354614,0.611376286
-78.636940002,38.733123779,0.537064612
-76.164306641,33.630599976,0.878254294
26.996555328,-70.617889404,0.959857702
-33.303539276,16.340656281,1.673802257
-75.789070129,24.878566742,10.215139389
17.024965286,31.090053558,0.538206577
80.139556885,-36.581710815,1.688109875
93.228012085,9.301922798,0.568533123
9.288044930,-62.099796295,0.599276781
-26.565946579,-32.455436707,1.137984157
41.244113922,43.429985046,0.993709922
-11.518332481,10.119323730,1.167371869
-27.468109131,-85.201690674,0.951891005
-42.968620300,-28.857147217,0.594990075
-84.832481384,-31.037418365,1.753440619
99.281532288,80.566139221,0.566320658
45.022010803,-52.892971039,0.514478922
-0.601730943,-89.590881348,0.585772157
71.358215332,54.065525055,0.520887494
25.910478592,-85.909080505,0.503805161
88.803253174,16.577941895,0.573457301
-82.075599670,49.878974915,0.554149389
94.053527832,-26.796951294,2.262779474
-80.705421448,-84.442420959,0.396389663
75.312179565,-72.935920715,0.539290965
-8.847647667,39.729694366,0.911059260
-74.119110107,-32.517848969,1.064391732
-25.367429733,98.715209961,0.578869879
-82.413070679,-89.984687805,0.571275473
-34.480060577,22.775867462,0.541050673
-28.602020264,26.499448776,0.623394966
96.135704041,30.058301926,0.578626335
79.570907593,-58.145553589,0.560107112
-77.843833923,-3.917518616,0.509246230
-64.105972290,46.965400696,0.561343491
10.843804359,22.568359375,0.777908206
-19.773252487,-1.955494881,0.840413749
-53.210681915,93.822708130,0.602146327
-87.024299622,-29.096351624,1.670373917
69.321342468,-96.998908997,0.559541166
-10.775935173,-14.567497253,0.553501010
-6.517156124,-35.710216522,0.790751398
-34.055179596,57.974826813,1.126149297
57.913055420,-6.801027775,0.332706541
83.526428223,-47.565093994,0.590800762
-22.784334183,-59.526157379,0.588902831
-63.733226776,-53.738456726,0.579486609
-61.129379272,3.258195162,0.570031285
90.547668457,-71.428436279,0.590819657
22.254880905,35.386581421,0.873632431
-50.935794830,45.882221222,0.600226760
47.081592560,71.093994141,0.598191023
31.775930405,-21.108434677,0.614292145
35.504993439,-3.211977243,0.594905674
-45.158744812,53.421958923,44.603935242
63.729129791,39.015201569,0.953470051
-1.642465472,90.615066528,0.511381149
98.966094971,25.005178452,0.566130698
-86.265014648,16.154439926,0.605221868
83.136169434,59.014015198,0.771430910
83.035873413,86.721267700,1.573515773
-51.021846771,33.245197296,1.090645790
54.045158386,-86.830001831,1.523401976
77.349998474,-53.325950623,1.141900539
-65.789489746,48.585124969,0.548352599
-16.825639725,-13.357998848,1.136211872
-0.509193122,-49.460235596,0.584775448
24.091476440,-5.443359852,0.779185355
84.861976624,82.670242310,0.585797489
-63.519104004,67.018371582,0.652424812
78.431770325,-87.116050720,1.059635043
-17.102901459,-54.551235199,0.711870015
-88.302268982,8.001934052,0.558278322
-21.026737213,25.810174942,0.559093118
-43.637290955,-48.779903412,1.018982887
12.564124107,-32.859390259,0.579696596
-67.597549438,4.182957649,0.562064826
68.942573547,65.865020752,0.551225364
-94.053634644,-3.303189278,0.560863376
-33.066612244,16.127243042,1.723647833
-8.247849464,-62.657138824,0.519069076
-56.493568420,-97.578239441,0.581161857
-5.365550518,98.846443176,0.525329411
-0.674589038,98.927772522,0.563811719
-6.971943855,63.890628815,0.619107783
17.575902939,46.744647980,0.547773182
39.884651184,-45.124153137,0.612689078
-6.637768745,-9.398883820,0.528408647
-76.708717346,-40.128555298,1.189618349
-27.496503830,-90.541908264,0.594920218
-7.123410702,24.590436935,0.685482979
31.387310028,-81.160133362,1.101015687
-94.074028015,28.626306534,0.954678774
-48.138393402,13.679556847,0.523364127
2.718135357,7.234802723,0.628300786
77.657493591,60.635902405,0.497518003
32.545101166,-84.874671936,0.590193808
-64.362716675,-12.768111229,0.742853165
-1.778359056,-29.699464798,0.573433995
-50.192745209,70.978813171,0.542825282
-1.166510701,-16.372941971,0.208220392
-45.173091888,43.538894653,0.981358528
17.875019073,-67.007820129,0.565829277
-42.976451874,89.534782410,1.010051608
50.074878693,3.104076624,1.495484710
63.154048920,-62.755748749,0.578058779
82.400688171,12.742121696,0.730662167
84.525466919,-96.456092834,0.607048512
-77.565040588,-73.569725037,0.620790780
54.036445618,-18.628973007,0.663270831
-13.303456306,17.070655823,0.550507069
75.706436157,13.565651894,0.562139034
-86.666671753,22.989393234,0.613403499
54.099536896,79.841995239,0.835934877
-88.388618469,41.871662140,0.607136011
-70.126762390,-55.154087067,1.085860848
18.951910019,-60.586837769,0.607855916
-58.945533752,-43.904205322,0.597704053
-86.686759949,-86.515830994,2.739505053
-64.002922058,0.830053449,0.548172295
68.872711182,89.474296570,1.122813702
25.562971115,-31.139711380,0.635189056
-47.619518280,-36.667453766,0.898132086
-5.930281639,10.938700676,1.439520359
7.311703205,-81.214492798,1.111216426
-26.459449768,-13.091417313,0.583908439
-1.280473471,-64.106155396,0.554432273
61.020248413,51.188949585,0.628745556
40.057617188,-10.375154495,0.848991275
-19.409637451,73.487274170,0.870978057
-70.034355164,63.985496521,0.638635874
-4.973622322,61.261837006,0.705887735
-85.748191833,-12.961291313,0.687032640
33.990741730,90.424316406,1.007220745
-46.661373138,-35.830551147,0.880179346
51.553882599,-44.429058075,0.602091193
52.531879425,63.793453217,0.513157427
0.640442133,23.991584778,0.923952818
43.157714844,-7.235517502,0.615524590
49.298892975,-92.882331848,1.075936913
13.677867889,89.155586243,0.592898309
13.026145935,26.758481979,0.602935076
10.755346298,4.874433041,0.528441012
-78.232872009,91.598472595,0.724521458
-0.777830362,-10.784317017,1.016124010
-15.962333679,5.651473522,0.550825715
-82.022338867,-96.088432312,0.913108587
29.076663971,-56.785972595,1.040983677
43.241279602,-90.186653137,0.825247586
64.701072693,38.272407532,0.869234145
-98.902740479,-8.356149673,1.150626302
79.286041260,90.490913391,1.152512670
-12.890571594,83.793930054,0.793741822
-38.643257141,66.299331665,0.588202059
-73.815155029,79.281105042,0.716016114
50.868873596,26.366012573,0.524759293
50.328033447,-92.792678833,1.584401131
-8.732602119,19.938600540,0.733930290
98.513137817,-41.951541901,1.638536453
-67.334144592,-91.331687927,0.583781600
-31.680160522,49.689506531,0.606545508
0.191957623,19.589586258,0.561729968
45.969211578,-70.698478699,0.578153789
-41.000499725,21.900608063,0.517271698
40.358615875,44.100841522,0.945212424
-91.059799194,3.281697512,0.550677061
81.487434387,33.020549774,0.519683957
89.234535217,64.229774475,0.553506136
75.091522217,-97.635269165,0.578276634
-35.718864441,-54.307678223,0.554990172
-38.487407684,93.379714966,0.557884693
36.408428192,40.846023560,0.588164091
30.939601898,-57.425884247,0.584895790
-11.337756157,4.517898083,0.468902677
-25.708599091,66.194496155,0.733141899
82.488662720,87.260910034,1.756500959
49.696880341,74.778587341,0.728075624
10.212471962,-56.376636505,0.609568417
-50.800075531,79.086486816,0.541235745
99.258926392,19.546937943,0.680619299
41.003295898,-72.618583679,0.552791357
-81.189743042,-6.793443203,0.594886363
-18.486883163,30.050712585,8.211160660
93.588645935,-42.411289215,0.630699217
-30.969627380,43.410476685,1.240386128
48.992832184,-18.112445831,0.534222543
-72.487800598,91.991996765,12.453797340
44.986259460,-20.734552383,0.610666096
-31.620330811,65.736938477,0.625469685
-2.784627676,-15.581248283,0.676006317
34.433010101,89.383132935,0.956580460
10.691276550,66.620155334,1.060479879
49.951934814,29.133161545,0.603462100
80.152473450,57.065963745,0.940292120
-72.154052734,-50.782749176,0.591104150
-1.164476752,-5.634191036,0.592608333
-49.125713348,-39.092369080,0.655364156
23.998651505,69.336822510,0.534521401
98.450881958,72.680061340,0.534327626
-79.428207397,60.688621521,0.523102343
94.600059509,-6.000981808,0.555815101
-73.113601685,-80.664756775,0.622299075
12.670046806,14.811503410,0.594153404
27.203329086,11.753285408,0.526920676
19.143035889,-17.784614563,0.552580178
-15.526418686,83.526268005,0.473002613
-95.769485474,39.974693298,0.597971082
-81.535102844,82.045730591,0.616810381
-70.018119812,-32.083114624,0.773922145
-77.884597778,-14.494215012,0.547819555
23.788162231,-70.663414001,1.010183811
-81.939620972,-12.095081329,0.601291955
94.767639160,4.562624931,1.334698200
44.101474762,-58.591773987,0.570768535
-86.919158936,-71.277107239,0.524489999
73.619682312,-86.888534546,0.513885558
31.201707840,23.259220123,0.527696609
-80.089111328,-58.954627991,1.149650574
-41.583316803,79.285232544,0.529163837
-13.117428780,-79.845153809,0.674206138
-17.098922729,-37.696578979,0.561659873
-58.155952454,85.219215393,0.583971441
31.494222641,-7.617961407,0.574085712
97.959724426,-95.034576416,0.556542218
11.455928802,-67.165206909,0.552444994
4.455333710,-43.194000244,0.467881173
15.730724335,82.130874634,5.373836994
90.214118958,23.924272537,0.475681245
22.248456955,94.781311035,0.568084002
37.654861450,37.882453918,0.603369474
-18.599258423,-15.125905991,0.908626318
-49.066795349,77.578857422,0.491753191
-48.816421509,-34.263530731,0.567068875
-4.025468826,12.674257278,0.310398698
84.843269348,-44.223190308,0.613281012
4.217135906,53.868030548,1.002402306
-22.444047928,-2.362559080,0.546690047
9.541324615,-65.275711060,0.563272893
22.267375946,9.490694046,92.481369019
32.012268066,63.168209076,0.606219292
2.198863029,-95.154525757,0.983956397
-67.862480164,-38.951744080,0.595357656
42.937526703,85.808959961,0.672660351
21.038890839,49.011234283,0.464968383
86.719200134,-9.020509720,0.676213920
-87.666084290,70.154769897,0.614600539
57.329917908,73.956588745,112.439033508
28.761810303,23.888904572,1.082120538
-88.007492065,-20.835107803,0.572318792
-50.415061951,33.069744110,1.209032655
19.503995895,-31.159961700,1.502659798
87.349334717,72.959709167,0.567589998
-0.471596897,87.555068970,0.523187697
-67.556838989,-12.277708054,1.160056114
55.438129425,-65.831573486,0.836986899
32.607059479,82.820358276,0.936233997
13.130887985,-84.675628662,1.015009522
-11.163923264,-0.322846681,1.125451803
17.720209122,-98.324638367,0.575937927
-78.052215576,-82.350547791,0.911110461
-99.736366272,-9.302570343,0.879549742
55.355094910,-84.161201477,0.550996423
53.760608673,-59.664054871,0.643394887
-47.375511169,38.229469299,0.557091892
73.810623169,-91.455673218,0.541643441
-58.888637543,-74.605278015,1.320817709
41.771499634,-16.789386749,0.798625946
39.866008759,56.815605164,0.561225593
-32.599182129,-0.393897206,0.559224427
7.875652790,83.132347107,0.859372020
-63.609573364,-2.113013744,0.545158148
75.926109314,-38.525283813,0.596220434
10.194859505,37.296905518,0.962623775
-63.180610657,-83.442565918,0.529857039
-26.473201752,22.035203934,0.680905521
92.129745483,47.665122986,0.545568407
-53.180000305,-93.961730957,0.949925184
76.067443848,4.610274792,1.646803617
32.597141266,-52.764556885,0.890077829
-55.551395416,66.196609497,0.532265961
-79.904388428,-75.956596375,0.563760459
2.509116650,-24.900136948,0.638526499
-98.161209106,-7.185105324,0.815348566
-65.535362244,-35.239910126,0.576841652
96.087059021,45.254695892,0.563165545
-18.654285431,67.646430969,0.545768440
-57.252799988,89.583198547,1.422221303
-97.325752258,71.260337830,0.843812287
60.842880249,-40.193336487,0.605262280
-27.553716660,8.559522629,1.074698210
32.956192017,-15.793172836,0.548765659
28.889360428,50.529060364,0.602536559
33.850032806,69.730155945,0.585756898
-84.830398560,25.041816711,0.348740995
24.429485321,-88.943099976,0.558785021
-62.187274933,59.780338287,0.582828760
80.888626099,-80.879264832,0.618110120
76.457519531,-58.612426758,0.593288660
-66.238410950,71.598426819,1.016343951
6.869699478,-36.731258392,0.960902691
64.264495850,80.022247314,0.539021134
91.636428833,-91.130966187,0.591826856
-34.593521118,-65.917419434,0.745366037
-12.492308617,68.997627258,1.033594728
-53.960517883,-2.649490595,0.550786972
78.421394348,16.488056183,0.940476894
-36.401351929,-14.410573006,0.540628374
72.018722534,30.249017715,1.128910184
14.490592957,-47.812450409,0.628300786
91.744132996,94.558952332,0.532965839
16.999717712,62.397979736,0.586438358
-51.872402191,30.229887009,0.649899960
-73.909179688,77.468429565,0.713626564
50.695625305,-72.656417847,0.609349012
-78.858268738,-79.024108887,0.539727211
20.092281342,39.112525940,0.594305336
-69.368377686,-54.764839172,1.057803869
79.518653870,-89.972976685,0.578700483
-62.088016510,-99.583595276,1.050105333
-96.126335144,-54.235408783,1.118401527
14.633000374,18.378761292,1.389022827
-69.145736694,-50.081478119,0.901760578
46.409389496,-5.307936668,1.013902903
40.765666962,70.595260620,0.754051447
34.723384857,-59.673736572,0.854440749
-2.078343153,20.430738449,0.875916064
-97.581451416,-0.681330800,0.522303998
-60.845844269,96.241905212,0.669925809
13.174674988,-1.133888602,0.544238448
-27.294517517,-16.596567154,0.651696861
-59.890300751,88.470466614,0.724285305
80.884742737,-38.313503265,1.402218342
96.426139832,-62.084999084,0.567580521
-68.556922913,-75.935783386,0.657282412
31.995952606,-1.195745587,0.539784849
-34.638275146,-40.201618195,0.510759592
14.190146446,17.808652878,1.072216034
-81.511268616,28.227479935,1.070986748
33.805953979,82.545516968,1.017670512
59.486053467,74.111175537,4.430474281
-54.059120178,32.854419708,0.842510462
64.596084595,-84.537223816,0.557463765
1.330302835,6.176198006,0.665319920
13.290853500,96.123939514,0.592984617
77.553916931,1.833809972,0.580201864
-68.991317749,81.051162720,1.090095520
-32.735488892,61.902008057,0.738576353
91.787925720,-53.708755493,0.535279155
85.559913635,-80.615821838,0.538684666
-26.175176620,43.573970795,1.384874701
71.637893677,-61.298603058,0.568548858
69.522445679,61.600181580,1.064900279
-29.029970169,-82.468444824,0.535001755
49.940433502,3.879981279,1.260907769
81.284111023,85.676170349,0.971903503
28.056083679,24.876243591,1.007997036
-86.326965332,-85.641578674,11.965102196
-48.935909271,91.997543335,1.219531894
9.173273087,-30.888107300,1.107842922
-35.172950745,-26.122842789,0.554446399
-41.819793701,-8.628716469,0.507093012
73.050582886,51.720031738,0.590566337
72.806060791,-31.248933792,0.610840499
91.827659607,-80.819000244,0.573239267
12.025444031,57.220897675,0.552233040
-63.380161285,18.355640411,0.550490499
7.854799271,-81.463478088,1.162810922
-31.370746613,99.195884705,0.698182940
-29.759456635,55.818050385,0.643490434
-60.628482819,92.678184509,1.020904064
-26.346965790,-84.659538269,0.929545224
-49.174175262,-17.042833328,0.658673644
-26.124265671,93.609596252,0.618936539
49.955299377,-27.899610519,0.609197140
-90.713439941,-39.474849701,1.120950460
41.980636597,-44.917633057,0.575795412
3.784813643,54.399604797,1.054414153
23.155204773,83.796707153,0.596610367
86.627326965,-75.677932739,0.990135014
-72.184379578,91.630828857,24.962888718
-21.968130112,-19.075334549,0.555660188
60.619812012,71.434638977,0.657407939
-68.929222107,-95.246467590,0.537434399
-83.652160645,69.222625732,0.678025126
30.734876633,19.084541321,0.734223902
-94.773582458,71.978782654,1.131698608
-37.812088013,19.852046967,0.610679448
68.149055481,-47.392410278,0.575655639
-58.253070831,-51.372097015,0.590293705
49.818454742,11.571910858,0.533047616
-97.057487488,-80.651725769,0.640023410
98.495002747,-41.185409546,1.451297283
44.742816925,-50.132785797,0.537011087
84.670120239,-52.413906097,1.174697161
53.132461548,96.160942078,0.559262693
-85.493446350,-42.580036163,0.545065284
92.034217834,19.797214508,0.605015934
-21.134008408,64.709747314,0.615079880
46.224189758,-91.392639160,0.650535405
4.786462307,-53.206230164,1.534155965
72.713890076,14.263184547,0.545953572
-90.824325562,-35.347076416,0.586871088
-70.135437012,-69.183799744,0.571632743
-58.198020935,-27.914047241,0.713988304
38.196617126,-28.122472763,0.986662865
-54.534072876,-24.764421463,0.549805284
67.467704773,-61.847240448,0.572764695
38.125358582,-8.741298676,0.536480188
-31.677831650,57.069179535,0.515572309
59.267478943,-70.360115051,0.536548555
61.999809265,12.635516167,0.634677827
-12.140063286,-91.590721130,0.619030297
68.932739258,61.353218079,1.133891225
60.899955750,-30.106287003,0.579553306
4.270241261,24.178262711,0.539249837
44.370986938,-78.781631470,0.600243747
-63.938953400,97.627876282,1.098890185
53.667098999,0.986036241,0.579400182
22.946722031,-60.884952545,0.567262828
-19.556539536,72.066940308,0.869767606
-11.894791603,-88.256744385,0.624506593
-84.746070862,-8.705608368,0.575512409
-30.123283386,58.987117767,0.579911828
54.969352722,-49.661056519,0.637896776
13.497995377,-25.007902145,1.304533362
-90.260360718,-25.809976578,0.586827576
79.057067871,-86.563903809,1.112159371
47.420730591,-96.786796570,0.483268201
-73.063636780,73.459312439,0.635337710
1.751539946,-56.786285400,1.005915046
83.149971008,-95.240051270,0.591131210
50.044662476,96.160400391,0.581906617
-11.947291374,-33.089397430,0.551535964
-11.380089760,-0.171480507,1.077292085
-28.323226929,-47.221637726,0.581157804
-43.521102905,2.880984068,0.553754091
1.759006500,-83.769935608,0.544363022
96.323348999,78.667404175,0.618445337
-52.053840637,35.445625305,0.557169914
33.625068665,22.735578537,0.343596548
-83.874763489,-46.277873993,0.583800197
-69.395042419,-72.144546509,0.615103960
22.688207626,-67.340179443,0.878056049
77.034896851,4.933508873,1.555022478
66.035240173,41.666629791,0.522176147
-48.374549866,-32.275043488,0.591361284
-83.056915283,-14.987851143,0.545640707
-98.730979919,31.315708160,0.698202014
31.166463852,45.077499390,0.534980774
35.850349426,17.478036880,0.671616733
-84.398681641,-40.505279541,0.569869041
-13.108097076,-20.052185059,0.547219634
55.392890930,77.013191223,12.203084946
89.997344971,59.989421844,0.579348683
-45.439834595,94.386184692,0.617015958
-20.732196808,9.168722153,0.658295214
-14.720999718,-33.152587891,0.530665517
-89.827774048,-39.590900421,1.092309594
-46.231185913,2.246756792,0.523571730
84.922218323,-52.643142700,1.163541079
18.096597672,-30.951803207,1.084287405
42.228885651,50.158588409,1.225933790
-69.508407593,33.988403320,1.510276198
51.625923157,89.440391541,0.594571054
-68.707878113,88.309089661,33.879756927
41.623157501,3.415233850,0.571126223
-92.019371033,-42.142757416,0.665744305
-78.344093323,51.242729187,0.614249289
69.434799194,96.711967468,0.612191975
22.933166504,58.924549103,0.866810322
-72.435310364,-61.281276703,0.594363689
-37.937248230,61.012737274,0.573384166
-48.247917175,-82.155868530,0.653377473
-47.519653320,25.273286819,0.801875293
62.720802307,90.680068970,0.529856980
-14.016114235,27.397090912,60.862491608
20.500400543,-25.407291412,0.491224825
-73.047821045,-47.917476654,0.894037902
63.054527283,93.145545959,0.506740332
28.484132767,78.045585632,0.742813110
62.939601898,64.232254028,1.062242389
36.829605103,-46.615062714,0.668237507
-72.349037170,42.435161591,0.543350756
-88.626411438,20.684410095,0.553614438
78.965919495,-2.900848389,0.638828993
58.432086945,30.729885101,0.687012732
-72.377128601,-30.466922760,0.710056961
-48.588619232,-78.634696960,1.146699786
-37.478748322,-98.767707825,0.520938575
-56.284214020,40.764781952,0.873584449
-50.183574677,-74.274444580,0.556512117
63.651554108,-13.577142715,0.914941669
-19.808853149,79.391639709,0.735026121
99.240859985,38.527881622,0.539053559
27.549085617,-69.570747375,0.965317369
-28.676170349,-29.129180908,0.566661596
44.796478271,-84.877830505,0.606257021
-65.881141663,65.439346313,0.556373298
81.315307617,-14.259067535,0.735336840
85.740379333,51.582187653,0.991018593
64.711753845,-35.407966614,0.595841825
-92.905632019,-43.712821960,0.669292331
62.316337585,43.342811584,0.588946402
18.144849777,-33.509304047,0.560349643
-50.980258942,49.627811432,0.615753710
51.718116760,-84.647880554,1.002484679
-5.056749821,-6.333752632,0.593579054
81.704978943,20.364349365,0.554855525
-18.907438278,27.607034683,1.942618847
18.909399033,74.228713989,1.082310557
-53.454082489,-20.740781784,0.586135328
-35.874366760,34.847568512,0.576109290
46.370601654,-94.956901550,0.658924043
74.648872375,-1.673496842,0.950733066
-39.370273590,-14.448224068,0.567991495
77.658424377,-4.154516220,0.644460440
-70.586814880,27.686389923,0.600678861
-92.985046387,5.304988384,0.516620457
-67.890983582,-20.598680496,0.613567948
93.868202209,5.415638447,1.303753495
-61.669536591,-10.345626831,0.521293223
36.159179688,87.860900879,0.537343323
13.326209068,83.965614319,170.565597534
-60.052185059,76.260383606,0.588229597
59.918823242,89.989547729,0.568731248
25.912492752,-83.366195679,0.561749935
18.377857208,-90.951766968,0.587490618
44.915531158,-95.981094360,1.161726236
-90.162063599,76.835342407,0.642511308
81.901657104,58.024459839,0.897317052
-65.998527527,-13.981116295,0.573866785
-89.657669067,67.243072510,0.425717503
-44.967288971,20.400396347,0.560452163
78.396026611,97.477630615,0.682665706
14.762454033,92.740135193,0.617038012
-29.942754745,40.944538116,0.833231270
15.573020935,38.069042206,1.778173566
-56.496292114,72.360015869,0.545965791
47.868904114,-4.274768353,1.033709168
-6.713990211,54.077907562,52.057559967
80.885780334,-36.451694489,1.770629287
8.179034233,33.676620483,0.512127936
98.982292175,17.644775391,0.684035480
-15.077018738,80.326538086,10.857372284
-26.148735046,-57.734798431,0.571500003
-4.619046211,-83.553131104,0.842662573
-52.468128204,-83.300445557,0.627976835
-24.449607849,-53.769130707,0.564224362
79.846809387,-65.512237549,0.611480355
17.212125778,-94.136077881,0.577521026
-55.767219543,52.085998535,0.615785301
-48.374210358,-72.037300110,0.599307358
-74.891426086,-5.796015739,0.584037423
-20.872205734,30.657644272,1.095229506
12.038832664,-84.366149902,0.997482538
-94.567306519,1.199996948,0.542987883
81.191307068,-39.437034607,1.106844068
21.312114716,74.386116028,0.899659932
88.259185791,-90.550132751,0.521433413
-56.008487701,-66.442489624,0.561696112
99.235694885,31.593643188,0.578903973
-37.655902863,-4.800244331,0.749673963
-33.287132263,-82.008415222,0.514745891
53.101303101,-48.916912079,0.605463445
-2.555181742,19.264209747,0.877375245
60.708663940,33.488468170,0.540001571
2.484852314,-71.250640869,0.571506143
-20.194862366,-76.342849731,0.673032820
-78.254570007,4.330366135,0.552074492
4.849149704,5.850961208,0.521423697
-5.036512375,-69.173156738,0.935503066
45.371829987,45.810131073,0.598303795
3.710225582,-34.667148590,0.736570001
14.960020065,-24.383207321,0.788444579
39.965938568,11.114304543,0.528326690
-8.785110474,-53.949737549,0.595774531
63.954597473,95.306526184,0.618832529
-67.917213440,-50.522022247,0.902701259
82.648651123,-73.539161682,0.543119550
32.230506897,74.683471680,0.493809551
58.858356476,-21.458131790,0.575004518
-9.260078430,20.307704926,0.883076727
86.481910706,-5.823277950,0.587716401
-24.618947983,39.165363312,0.578039289
-21.105165482,6.970746040,0.566196084
67.985801697,68.976234436,0.573425174
16.989240646,-77.135253906,0.573584676
41.409942627,-26.224941254,0.513195157
68.781097412,-87.897926331,0.547999740
30.623979568,-19.245435715,0.525843799
11.949861526,66.738006592,0.964547753
-32.610473633,-86.526039124,0.581844926
-85.587677002,-32.427864075,1.633453012
-49.911712646,-65.607116699,1.096561074
-44.123088837,98.026626587,0.583494842
66.963722229,18.521829605,0.585682511
41.043750763,-78.074958801,0.614886522
27.877151489,66.903846741,0.548461199
-12.992758751,-59.797187805,0.541206717
86.560554504,4.576679230,0.926169336
55.129219055,69.883239746,1.022144556
92.301856995,-36.045272827,0.859482467
-18.388458252,-53.418598175,0.825535655
-55.789409637,-58.958805084,0.594525039
-88.584655762,-50.555217743,0.594087601
-37.120254517,31.632734299,0.726374090
-47.769985199,16.331272125,0.943374872
-92.466613770,-73.959106445,0.670692921
34.673000336,-11.023620605,1.137087822
19.862293243,27.711563110,0.527293265
35.087730408,-83.019042969,0.562325001
-96.181571960,42.113254547,0.519909024
-3.101619482,53.291980743,0.699846148
62.070175171,64.518623352,1.046833158
-72.407928467,38.263385773,0.507057607
12.567971230,6.984951973,0.574422896
67.879127502,-94.992057800,0.544964671
-82.339172363,-42.792892456,0.720657706
99.577888489,-90.507415771,0.599914134
-44.435188293,-41.749546051,0.584815621
13.595704079,-3.863460302,0.493470788
-52.218578339,-81.529571533,0.716336131
72.488861084,92.455024719,0.581361532
48.682254791,-68.315895081,0.593965650
35.213413239,-45.713569641,1.199342012
0.867852092,17.811815262,0.661113560
44.548503876,39.739471436,1.162527680
-34.867176056,14.841833115,1.073512197
92.108924866,74.056121826,0.535529971
4.152676105,-33.329334259,0.895617127
49.524745941,22.429927826,0.658436775
59.394111633,64.493408203,0.548259199
35.311397552,-33.958232880,0.556149304
47.491790771,19.617647171,0.565589607
-5.856071949,13.689326286,18.780355453
23.972133636,-64.912918091,0.590962052
29.948738098,-23.640819550,0.561602950
7.036314487,-43.596187592,0.502578020
-77.406059265,-63.536434174,0.658716559
-14.152861595,-37.896335602,0.519126892
87.112731934,53.615474701,0.537417173
87.869163513,96.318107605,0.588369310
-65.642303467,72.374778748,0.989711940
48.875972748,67.699798584,0.948040962
58.793613434,92.857406616,0.600053072
-52.200019836,77.739677429,0.954789877
83.018096924,-14.725428581,0.700501621
27.114191055,-18.304210663,0.673629463
1.746317148,24.914514542,0.790548325
-34.095092773,52.130466461,1.184435844
65.180244446,89.177650452,1.109272242
-19.127172470,10.053412437,0.661958933
42.189472198,51.957344055,0.971158445
81.048866272,69.235237122,0.564496219
-16.562976837,64.172523499,0.588724196
99.240982056,-8.054141998,0.561496377
61.265998840,-57.162796021,0.580511332
-14.881439209,-58.250854492,0.907556891
-59.420101166,-28.997871399,0.729805410
74.751510620,99.735473633,0.573959053
-35.037235260,74.161125183,0.611818433
-41.328639984,-17.931362152,0.627107739
29.116479874,-47.224559784,0.783495784
38.086704254,-25.199451447,0.572111785
47.441776276,-77.952613831,0.580346048
34.468029022,-51.645637512,0.618048072
94.167114258,33.616424561,0.572334468
-12.439533234,90.883377075,0.577439010
4.691158295,-54.542221069,1.076879025
39.699661255,60.343769073,0.915073991
77.004257202,-52.805015564,1.163607717
64.073425293,-38.347652435,0.592802346
77.314147949,70.316612244,0.621810555
39.878135681,-92.241012573,0.558568239
33.774784088,31.323429108,0.578368604
2.770232677,-57.187095642,1.163084149
-33.586189270,85.629364014,1.061271071
84.069732666,55.677467346,0.515887439
7.854391575,-58.858680725,0.580252886
-94.347793579,61.672687531,0.125815496
-32.506546021,-91.957786560,0.601975322
-30.877658844,89.186210632,0.635491312
2.188469648,-17.373008728,56.744037628
-49.112487793,-65.916259766,1.071561575
56.600246429,39.344661713,0.913539588
-13.838944435,95.543716431,0.722384751
64.947074890,35.776752472,0.620109916
79.132484436,-43.369575500,0.571146011
-9.424696922,72.644714355,0.593258798
-28.905117035,-54.812557220,0.589094639
24.177995682,-0.453043759,0.514869332
75.846519470,-94.680366516,0.577985704
-74.280097961,-31.961637497,1.021269202
79.040359497,95.821220398,0.659974873
-23.008117676,13.892074585,0.535369992
-76.384063721,-58.542488098,0.528612435
-32.148914337,79.861473083,0.615120232
63.227794647,-82.617256165,0.710232913
22.180690765,-68.484573364,0.891475320
38.374973297,-63.282470703,1.029414177
-82.611785889,-94.969429016,0.902026832
32.344924927,-90.772644043,0.597806454
-18.816965103,-59.332088470,0.678558469
-3.275315046,-83.067008972,0.868640482
10.886851311,-76.460784912,0.567884207
21.775903702,-59.323989868,0.612806439
-29.711692810,-92.824432373,0.533460379
85.572013855,-76.070220947,1.040845037
-77.584075928,76.024978638,0.619363189
-20.350469589,96.584358215,0.538991809
-38.780353546,31.177064896,0.756949365
-92.240371704,87.500175476,0.619048357
-12.019067764,-81.562805176,0.511786819
48.737976074,50.605007172,0.531158328
9.898792267,8.835005760,0.399290591
77.117942810,-34.213394165,0.600069642
-84.927375793,-16.358976364,0.564043164
-76.755111694,93.656997681,0.487046152
10.541606903,94.592170715,0.626181722
74.547058105,44.270824432,0.638697803
-20.375699997,-8.424535751,0.530025959
-54.423332214,20.829568863,0.718933761
56.703128815,44.813621521,0.574996710
-37.956783295,34.220783234,0.552092969
25.376705170,29.441560745,0.614649832
-46.851726532,24.041200638,0.913749158
-59.794223785,-19.854450226,0.884590983
10.947707176,32.180725098,0.487113833
14.460286140,-49.749439240,0.613387764
60.122898102,-97.070137024,0.513773501
-99.943374634,-61.991973877,0.575662911
-67.886634827,90.208900452,5.201960087
-38.161190033,-70.643753052,0.526934266
-13.521427155,61.797634125,1.077451587
-73.275276184,16.010686874,0.529109895
-43.909553528,81.941925049,0.561592519
-64.923675537,-25.033321381,0.521775901
-40.019161224,23.756826401,0.549768746
16.692708969,-6.632463455,0.581386745
78.735214233,25.488533020,0.557893217
78.018394470,-66.379470825,0.608768940
-47.616710663,83.911766052,0.576002181
3.468483925,90.188728333,0.597351372
-24.272817612,-5.673336506,0.567152321
-10.526475906,79.517211914,53.678302765
-39.506614685,-73.139991760,1.368157625
24.986110687,67.277565002,0.492673486
73.142547607,-2.409005880,1.195683241
-66.453491211,96.546920776,1.691411734
98.129516602,-42.520038605,1.400800824
-92.312545776,-76.295310974,0.513619900
-4.144152164,-78.397720337,0.573118627
63.937816620,86.987770081,0.616481483
54.976478577,-87.058540344,1.607164979
-27.322622299,60.901096344,0.654474378
12.859165192,-58.392871857,0.595602334
-12.629148483,69.479377747,1.024778008
72.611289978,39.730075836,0.593743801
39.008918762,59.281261444,0.897243261
2.831458807,65.281517029,0.504487455
90.530715942,-36.201698303,0.764254093
-25.722955704,-0.085869208,0.593318641
-13.442150116,-87.205955505,0.613539338
-20.795812607,29.908300400,1.233301759
3.218407393,-94.768089294,1.008826017
20.284608841,60.700115204,0.667379081
87.226806641,36.686824799,123.179161072
70.689476013,41.721385956,0.537390411
82.509284973,-92.957389832,0.538320005
21.683670044,33.986103058,0.870563865
-75.454887390,-93.312911987,0.590281725
-72.544990540,-17.932678223,1.201348186
5.847691536,-51.590560913,0.799373865
-42.747241974,-52.606426239,0.561930537
91.331687927,-3.243159533,0.634408414
-30.295907974,-41.943603516,0.532020807
-33.519214630,86.821907043,1.080810428
-34.648902893,-42.790191650,0.477770507
47.147933960,-46.754196167,0.589489222
-2.405167341,-74.166084290,0.582117319
41.042621613,-96.419799805,0.628887832
25.867895126,-39.151607513,0.616913676
78.926635742,83.605720520,0.536120534
99.270118713,84.977264404,0.571937919
50.369647980,24.171949387,0.595457077
-40.665119171,-50.935440063,0.585584998
21.463125229,-70.909393311,0.494878531
94.007209778,85.223342896,0.461667329
50.626182556,-16.784225464,0.565403581
-15.264299393,-59.427608490,1.126884341
23.771553040,-56.578914642,0.574105144
-19.741075516,-0.738442302,1.501147509
-48.894214630,51.272392273,1.565260291
-37.281654358,-93.990333557,0.566304803
70.695930481,25.628133774,0.618537664
27.164117813,78.899871826,0.799030006
-51.185684204,-38.904235840,0.821996689
-44.407009125,44.944206238,0.638219297
45.639049530,6.564901829,0.617755592
-14.502546310,70.473907471,0.605813742
40.499111176,79.969886780,0.585771263
-44.077220917,-54.641666412,0.535275161
-55.626930237,33.207473755,0.772667885
3.698532104,27.119312286,0.540747762
-84.366539001,12.178742409,1.433283925
-24.063022614,75.544990540,0.615764797
-41.016792297,89.941978455,0.523031354
43.409759521,48.469409943,1.094749451
38.304759979,-56.214340210,0.586812973
-40.869594574,82.881370544,1.024527788
69.294364929,89.150817871,1.151206017
-31.648626328,-23.754203796,0.537671626
94.783531189,70.533203125,0.531518340
66.610557556,-46.067329407,0.562354326
24.780065536,5.656883717,0.657359898
25.188766479,86.373474121,0.455438137
-50.463527679,-40.202774048,0.861810327
89.485275269,7.082995892,0.527878642
40.079544067,32.457977295,0.690927744
-94.168540955,-91.660797119,0.564451814
-75.783355713,-30.446447372,0.721129477
81.480194092,14.129652023,0.705090106
-55.065044403,63.732223511,0.561129332
-72.517272949,-17.576429367,1.204874039
23.815868378,-18.611795425,0.605763137
72.311218262,19.444980621,0.576779544
42.494903564,8.680566788,0.559682488
-87.974632263,15.347148895,1.016889215
-39.207027435,-77.043601990,0.608535290
81.123451233,88.070930481,0.627081513
47.739593506,-5.399057865,1.395426869
11.285287857,80.355224609,0.811608076
-23.243757248,68.173912048,0.535656989
33.660606384,-74.280082703,0.578396201
30.788261414,27.689172745,0.573600054
-47.416397095,42.229198456,0.830767751
-72.960464478,-82.772567749,0.413997054
-13.434667587,60.568904877,0.916723371
24.694936752,15.289157867,0.510886490
-3.963232279,-46.698711395,0.724519253
24.503042221,88.501419067,0.709691167
-21.093593597,-42.061531067,0.576781929
-30.777225494,-59.356590271,0.602260709
-62.894302368,-98.350364685,1.359480381
44.192909241,-91.191482544,0.853517532
-68.467704773,-23.840051651,0.593453944
-48.788722992,-13.109490395,0.603190422
27.298414230,28.767974854,0.590699136
-5.772859573,-14.142966270,0.544043720
-18.327436447,2.446049929,0.536605418
-97.687187195,14.099209785,0.945754111
98.766883850,-97.708671570,0.553309977
54.689548492,-36.392719269,0.530922413
-81.032165527,-62.508129120,1.254099727
99.341598511,58.212047577,1.012802362
34.141506195,-29.195873260,0.668639958
45.395790100,-86.622383118,0.640890598
62.902984619,-20.440923691,0.596567333
-97.805007935,22.831176758,109.810150146
-36.045028687,21.498107910,0.779536366
-62.835506439,-98.395645142,1.405152678
53.373615265,76.260177612,8.259590149
48.008110046,-1.568477392,0.546024621
80.621635437,-84.314765930,0.625578582
13.165541649,12.347679138,0.631656766
-73.899780273,18.505933762,0.946324587
58.644256592,-84.089416504,0.829371810
-38.752948761,97.721008301,0.554884672
19.987833023,-49.317508698,0.611923397
37.711460114,-35.078304291,0.576328635
95.252082825,5.538221836,1.878870368
-32.471775055,-54.658519745,0.600218713
64.077667236,-69.677490234,0.654550493
-35.474910736,15.162694931,1.121080160
-27.973455429,-26.677698135,0.545659840
84.606277466,51.281967163,0.947225988
-9.557933807,34.530242920,0.542987049
62.668247223,54.056816101,0.504711926
44.483600616,39.310928345,1.143236637
31.811103821,51.825820923,0.585644543
-41.702976227,-13.132269859,0.897019386
-51.886260986,23.741294861,0.605743349
52.380455017,-17.999431610,0.757516444
-54.905284882,-68.446014404,0.561794400
-14.740099907,50.501407623,0.527568519
18.495109558,-27.459394455,0.672876775
50.993392944,-50.337100983,0.586342156
93.298294067,36.021839142,0.770354986
59.962169647,-32.926616669,0.812316120
23.888061523,-2.552925825,0.497607857
87.795654297,22.765495300,0.408826143
65.534111023,8.878565788,0.530545950
73.159164429,-1.179823041,1.240737200
-50.962783813,-76.140754700,0.610278010
29.202993393,34.143245697,0.560587287
62.742786407,-85.098937988,0.603159785
-27.028627396,83.667701721,0.628182530
82.356491089,86.181289673,1.895945430
80.191703796,-37.241935730,1.839444041
39.833629608,-50.925647736,1.167595744
66.182464600,-69.632705688,1.098834991
33.303897858,6.985703468,0.723231614
10.648826599,51.675472260,0.587258935
68.376136780,-72.895843506,0.536684215
-89.640197754,74.949562073,0.630362213
-11.111598015,-96.256607056,0.552834272
58.399177551,-11.099445343,0.553495944
-58.927391052,94.183029175,0.900064349
15.142957687,37.780979156,1.803892374
-25.249910355,30.934083939,0.541363180
-32.926345825,71.715545654,0.573810756
1.540224791,-36.137081146,0.611131728
-79.664245605,69.017639160,1.173598170
84.366874695,-77.371177673,0.716590941
56.403816223,-78.418243408,0.589815199
73.486763000,10.167340279,0.459199429
-98.425117493,-66.870079041,0.867875874
55.180027008,-67.384529114,0.801733255
-51.670703888,-3.276874304,0.540508628
-55.771057129,-43.054241180,0.587177634
-28.784307480,-99.221862793,0.561046779
-99.797988892,30.256952286,0.724560618
70.540626526,-65.885681152,0.765352547
30.268779755,-82.338752747,0.825748503
87.560508728,-88.077728271,0.527338684
-87.021224976,-28.894626617,1.690923095
47.419960022,12.164744377,0.641431808
31.495536804,-52.051670074,0.868653417
-6.374330997,-21.226079941,0.605450809
59.699188232,42.112113953,0.528677642
82.226654053,27.274433136,0.698317468
84.934310913,49.116729736,0.550345004
-87.521423340,51.775032043,0.571431935
46.682384491,51.305072784,0.545097470
-73.819038391,31.607437134,0.827718079
27.936832428,-53.916542053,0.826199055
-18.048034668,40.156295776,0.591863155
65.024124146,-13.542356491,0.926065743
22.048559189,-83.536071777,0.611730278
-29.653676987,-88.150665283,0.581872463
10.238841057,-93.955093384,0.550913274
29.343698502,53.962173462,0.563973963
-50.192333221,-8.409376144,0.801881552
-38.562225342,-73.167098999,1.446426630
36.717391968,57.262260437,0.628972769
-51.338272095,76.886215210,0.852165282
-58.179725647,70.783187866,0.508459210
-79.474960327,31.962938309,0.668077826
-14.866269112,-95.266288757,0.559774578
88.113258362,-59.902507782,0.579820931
65.229553223,54.148368835,0.492814302
78.680419922,90.875564575,1.243901968
-60.374065399,28.227405548,1.006594062
-34.077808380,52.033843994,1.177849174
-70.798545837,-36.249649048,0.545692444
-63.637844086,84.556869507,0.561267257
-80.647338867,-46.885658264,0.629637063
-79.310005188,-59.198574066,1.068740368
-6.512526512,-46.002300262,0.574437857
-36.778705597,-85.741798401,0.569034338
-15.451055527,77.523941040,10.154895782
83.634803772,-69.227539062,0.559336722
-1.802744985,47.734428406,0.565436900
1.091969609,-64.949081421,0.550091982
97.753219604,41.833396912,0.546823680
91.737236023,41.108715057,0.660603702
23.336507797,31.444152832,0.574013770
44.632274628,49.442985535,1.069365144
-46.538650513,-9.011351585,0.550476968
68.167053223,93.614997864,0.572963476
43.796035767,63.979156494,0.582676232
88.115699768,35.889518738,217.621612549
68.263374329,-35.566589355,0.644941032
-74.296997070,51.417743683,0.569201887
-46.958477020,15.627694130,0.975484490
49.810832977,32.642936707,0.627836823
-3.741129637,-68.930358887,0.941951513
26.465501785,-15.475430489,0.891133487
-82.801261902,83.406135559,0.627747536
-51.311149597,-95.974098206,0.669505060
83.264442444,-62.175643921,0.535512388
-77.256553650,1.519511700,0.688276649
-97.718757629,73.337196350,0.715355873
20.064369202,74.188972473,1.323840022
42.272987366,-15.517452240,0.878141940
9.668154716,17.280384064,0.499166757
-35.434711456,-31.028789520,0.551732898
52.818157196,5.211778641,0.814295352
4.867424965,-26.758390427,0.535937786
-7.021360397,10.535716057,3.052611589
80.732841492,-31.586854935,0.564643025
72.300407410,-85.018058777,0.584267259
9.904865265,-13.803424835,0.911377728
56.899780273,98.519592285,0.588629425
-85.859550476,-73.812774658,0.547722995
-90.058784485,6.078845978,0.566702664
89.249740601,31.116687775,0.819190621
-0.882158756,-12.041263580,1.026539207
