x,y,rho
8.874915123,41.057075500,18.209568024
9.414788246,43.194221497,63.164337158
10.992991447,44.240253448,22.460533142
9.375373840,42.735569000,61.921047211
8.714147568,41.617855072,29.438552856
8.056430817,44.988647461,11.321895599
9.253048897,42.599800110,59.234355927
8.509905815,43.815364838,38.637794495
8.148802757,42.825134277,34.083557129
8.867234230,43.424774170,53.584960938
9.251895905,41.857242584,43.002685547
9.734519005,43.466205597,59.594013214
9.829217911,43.340343475,60.296367645
9.128378868,42.675132751,58.596576691
9.090240479,42.678321838,58.042900085
8.949554443,41.311592102,25.034069061
9.940127373,42.636093140,59.001548767
8.132502556,43.500656128,31.739612579
8.855401993,43.089817047,55.517818451
10.491791725,43.166854858,48.740749359
10.902101517,41.803047180,23.884170532
10.165042877,42.353061676,51.495227814
8.891903877,42.459022522,51.245048523
9.451148033,43.094039917,63.677318573
8.597551346,43.938701630,38.437156677
10.228363037,41.501628876,29.543678284
11.250952721,44.933761597,8.752040863
10.941480637,42.857948303,36.598316193
8.691947937,44.092323303,37.049915314
9.359523773,44.260318756,40.485134125
9.970975876,44.014511108,45.492935181
10.119067192,43.744445801,49.514011383
9.773200989,44.823741913,23.541408539
9.889613152,43.439861298,58.326103210
11.645851135,41.690113068,8.887016296
8.492216110,44.007270813,34.646892548
8.589577675,44.981494904,15.993622780
9.349081993,42.290416718,54.612827301
11.685643196,44.518386841,8.835456848
11.630259514,43.943916321,14.830203056
8.901474953,44.947937012,18.637752533
9.494697571,43.840328217,52.926208496
10.709952354,42.882862091,43.302036285
10.376780510,43.960079193,40.195163727
10.139126778,41.938472748,42.748924255
10.060938835,44.364257812,34.983112335
9.068133354,42.888237000,59.461318970
9.327547073,44.887138367,21.800106049
10.434995651,43.445335388,47.672691345
8.992784500,43.577121735,53.942829132
9.088368416,43.069702148,60.217311859
9.126854897,43.714305878,53.388767242
10.339291573,42.829574585,52.916957855
10.158707619,41.944812775,42.611648560
8.271443367,43.477264404,36.235748291
9.929374695,43.672904968,53.873229980
12.145845413,43.982353210,7.690090656
8.849878311,44.154888153,38.278316498
8.446793556,42.576290131,41.580520630
9.694458961,44.751216888,25.764804840
9.017946243,42.211433411,48.813758850
9.664248466,42.374393463,57.176948547
10.889336586,41.957942963,27.102745056
8.615232468,42.600051880,46.577060699
9.264668465,44.967407227,19.636972427
10.712121964,43.125423431,43.039371490
8.537264824,43.882236481,38.114509583
8.762485504,41.493103027,27.165868759
10.950730324,43.354816437,35.212097168
10.683559418,43.356601715,42.309093475
10.619531631,42.386848450,41.598815918
8.728458405,43.719467163,45.808654785
8.959291458,42.348323822,50.596790314
9.307168007,43.055351257,62.932495117
9.408706665,41.662921906,38.576328278
9.119082451,40.814468384,14.652398109
10.387931824,41.435813904,25.501136780
8.658317566,43.090038300,50.367858887
9.023138046,44.580886841,28.573436737
8.469843864,43.304924011,43.827064514
9.723418236,41.869781494,44.793838501
10.285977364,42.866325378,54.265022278
10.534491539,43.861377716,38.844707489
11.925936699,44.374401093,7.723187923
9.393519402,42.798492432,62.586536407
10.862360001,43.693138123,33.852355957
10.402832031,41.420917511,24.901517868
9.738374710,42.299842834,55.423892975
10.042625427,42.939723969,59.244983673
10.672879219,43.355091095,42.604446411
10.549028397,42.571453094,45.801486969
8.818254471,42.627822876,52.034812927
9.745680809,43.417026520,60.191913605
12.022009850,42.995616913,10.862536430
8.806756020,42.691890717,52.479438782
9.299104691,43.519355774,58.902023315
8.221903801,43.101135254,36.697982788
9.919207573,43.270053864,59.856639862
9.165384293,42.799949646,60.368492126
8.338640213,42.544551849,38.076618195
9.219839096,43.453922272,59.164844513
8.606518745,43.819072723,41.001461029
11.257184982,40.967887878,6.744470119
10.188959122,43.714782715,48.820892334
9.125264168,42.640602112,58.127887726
9.629819870,42.740081787,62.448360443
9.453687668,41.361869812,29.927732468
10.915032387,44.117492676,26.050846100
8.949336052,41.571449280,31.774778366
10.283765793,42.462085724,50.884860992
9.904653549,42.718544006,60.224243164
10.454239845,43.732624054,42.946514130
9.037103653,41.654510498,35.110740662
8.179762840,43.648254395,31.762786865
8.573841095,42.531055450,44.627090454
9.166386604,42.985305786,61.327915192
7.826420784,43.226650238,23.922397614
10.286591530,43.126296997,53.956756592
9.451814651,43.135272980,63.557617188
10.161746979,40.265281677,5.283072948
11.718612671,43.427967072,16.468950272
9.110292435,42.646919250,57.979881287
10.256443024,42.921768188,55.026805878
7.732016087,45.102367401,7.133091927
9.652159691,44.058044434,46.792819977
9.070651054,44.574249268,29.135572433
10.049044609,43.646717072,52.583736420
8.717447281,44.249019623,33.715137482
10.452519417,44.339717865,30.287240982
9.134613037,42.556846619,57.105522156
12.066617012,41.977855682,5.995384693
9.626750946,44.174766541,43.436496735
9.860425949,43.620826721,55.735733032
9.363251686,43.407928467,60.949073792
8.456173897,44.696002960,20.074766159
9.644536972,42.357696533,56.897842407
10.429083824,42.577152252,48.943180084
8.428442001,41.691154480,25.902765274
10.456474304,42.878299713,50.163501740
9.628998756,44.115615845,45.191368103
8.635874748,42.307193756,42.840660095
9.377820969,43.132225037,63.270198822
9.720529556,42.750984192,62.149868011
9.701074600,42.930568695,63.223972321
9.043096542,42.224880219,49.513233185
10.037217140,42.146957397,49.321186066
8.605345726,42.725582123,47.544475555
9.605033875,45.294597626,12.585455894
9.058000565,43.981132507,46.000434875
10.509888649,41.848926544,33.612598419
10.535953522,41.853992462,33.173679352
7.103528500,43.644191742,7.332393646
8.006810188,43.488807678,28.025707245
9.078689575,44.697425842,25.783483505
10.831210136,42.584487915,38.051765442
9.074863434,41.823795319,40.135307312
9.321778297,42.757518768,61.732418060
9.398007393,43.194576263,63.092052460
10.341221809,43.387527466,50.569404602
8.998557091,41.600082397,33.166965485
11.127232552,42.348423004,27.021072388
9.110406876,42.516685486,56.124973297
7.919631004,42.559898376,25.678899765
9.283044815,43.658229828,56.216346741
10.461157799,43.041645050,50.022819519
10.694549561,43.377838135,41.823013306
9.747018814,43.198802948,62.349353790
9.572047234,42.643024445,61.516029358
9.494967461,41.909862518,45.963165283
10.043142319,42.044750214,46.804321289
10.604331970,42.788414001,45.928802490
9.812195778,43.531711578,57.843196869
10.406015396,41.467250824,26.020616531
9.555797577,43.918052673,50.895347595
8.064595222,43.425155640,30.210060120
7.507136345,42.015365601,11.242429733
9.801331520,41.381156921,30.087642670
8.777190208,41.566040039,29.178834915
11.410835266,43.202102661,23.983243942
10.329991341,42.815196991,53.081092834
9.409269333,41.421398163,31.519102097
9.470863342,42.276382446,55.025848389
10.620624542,44.178974152,30.801183701
11.229279518,43.890426636,22.896209717
19.954021454,7.860739708,42.003681183
21.319337845,9.332929611,47.930580139
18.784135818,9.332118034,25.521518707
21.367195129,9.035562515,48.158264160
20.367622375,8.168988228,51.803913116
19.106140137,9.776934624,27.629634857
20.243560791,8.743169785,59.816463470
22.285396576,9.661137581,21.185098648
20.923500061,9.118698120,56.946460724
22.072669983,10.696226120,12.269660950
21.482179642,9.558860779,41.948677063
18.458072662,9.100358963,19.163427353
20.422567368,9.070590019,60.942634583
21.495721817,6.236959457,5.640946865
19.983364105,9.246541023,56.395832062
20.085828781,7.559730530,35.745586395
21.421638489,9.253508568,46.075790405
19.581571579,9.291453362,47.940193176
21.374261856,8.981928825,47.996532440
21.353240967,9.054896355,48.480083466
20.157445908,7.817215919,42.583728790
20.466745377,9.170929909,60.377967834
21.428508759,8.861529350,46.363567352
21.010089874,8.012024879,43.830627441
19.770046234,8.866247177,54.185615540
19.498046875,9.796884537,36.794986725
21.015806198,9.255732536,54.591747284
20.891578674,10.997679710,17.841650009
20.083810806,6.775195122,17.439514160
20.751976013,8.926033020,59.532539368
20.035156250,7.997806549,45.927665710
20.113485336,9.157975197,58.781505585
20.049858093,11.389090538,8.992360115
19.592170715,8.183519363,43.340492249
18.264055252,9.228120804,14.306838036
18.536268234,8.437182426,21.959836960
20.277004242,8.266908646,53.485679626
22.291547775,9.971031189,18.201416016
21.871812820,8.094218254,25.942234039
21.681268692,9.472637177,37.963844299
21.324081421,10.006075859,37.879676819
19.643911362,8.552318573,49.572433472
21.415271759,6.321017742,6.464267731
22.066003799,9.529768944,27.553878784
20.506971359,9.197144508,60.115764618
19.522739410,8.626692772,47.656269073
21.652959824,10.274658203,26.565710068
23.248899460,8.902711868,5.042055607
19.894123077,8.462402344,52.895236969
19.534633636,8.898781776,49.069713593
20.935407639,8.942394257,57.159938812
21.649021149,8.742421150,39.634838104
20.205224991,8.395368576,55.368694305
18.920040131,7.408868790,17.764205933
19.373517990,10.278064728,23.040998459
21.447935104,10.351600647,28.442314148
19.220462799,7.008011818,15.574197769
19.892618179,9.152455330,55.771743774
21.051364899,10.024608612,41.488670349
20.836954117,10.719305038,24.923894882
20.330068588,8.063557625,49.333644867
18.871456146,8.087665558,26.879901886
20.794794083,8.087916374,48.354698181
21.489418030,10.388964653,26.978219986
18.183088303,9.840688705,9.252414703
18.313070297,9.378135681,14.316937447
21.777545929,9.041492462,37.008964539
19.272985458,8.391205788,39.610393524
20.291028976,8.794391632,60.397491455
20.349779129,8.866753578,60.921867371
20.766155243,7.768063068,40.426860809
20.310655594,10.494897842,30.114559174
20.168029785,8.532800674,57.121932983
21.630872726,6.417451859,6.233064651
21.734054565,8.344733238,33.184211731
20.716604233,9.072957993,59.645412445
21.495143890,8.709041595,43.758441925
19.874649048,10.274482727,31.616390228
18.188501358,8.996971130,13.907130241
19.204750061,8.215063095,35.904064178
22.563932419,8.932041168,15.944183350
20.747745514,7.195073605,24.929569244
19.823631287,9.173193932,54.380435944
20.907432556,9.593523026,51.954822540
20.561302185,9.503641129,56.164245605
21.006456375,7.146896362,21.485221863
20.589681625,9.744539261,51.396560669
21.142555237,8.612777710,51.679359436
19.747049332,7.858324528,39.484798431
20.421621323,10.109716415,41.913318634
18.600872040,8.316744804,22.855236053
19.412872314,9.761593819,35.538009644
19.998365402,8.505998611,54.949680328
20.335725784,9.422029495,57.396453857
20.160285950,5.930493355,5.131875038
21.095987320,9.415679932,51.631580353
20.333133698,7.892600060,45.179065704
20.904455185,9.355872154,55.323081970
20.082641602,8.759904861,58.522003174
19.622518539,8.798047066,50.904525757
19.002244949,9.393955231,30.797615051
19.608306885,9.214739799,49.402309418
19.146711349,8.386578560,36.567298889
20.442186356,7.315936565,29.751789093
20.667823792,8.597489357,58.363044739
18.810319901,7.673393726,19.945220947
21.157794952,9.872192383,43.298629761
20.420766830,9.381398201,58.181865692
20.776517868,9.306259155,57.387508392
21.838659286,7.469638348,16.865362167
21.229135513,8.594627380,49.590202332
20.328416824,8.674386978,59.691387177
20.177528381,7.750440598,41.016670227
20.736015320,10.647579193,27.042951584
20.496541977,8.975251198,61.102245331
19.865375519,8.859162331,55.909214020
21.018840790,8.606393814,54.029918671
20.098871231,9.379900932,56.246204376
19.634670258,9.229133606,49.884223938
21.372997284,10.336585045,29.913705826
20.462293625,10.344233513,35.310596466
21.587085724,7.980423927,31.212547302
19.334735870,8.671672821,43.436977386
21.581611633,8.904349327,42.320499420
19.952016830,10.528880119,25.710845947
20.839580536,6.656042099,13.051591873
20.869834900,9.496677399,53.935279846
20.778284073,9.426348686,55.927726746
20.485399246,7.658240795,38.936882019
20.181970596,8.031021118,47.868141174
19.619934082,7.713568211,34.647792816
21.005165100,9.074532509,55.807891846
20.104509354,8.327299118,53.339576721
20.529253006,10.055830956,43.685974121
18.548460007,9.353512764,19.437841415
20.006963730,7.092050552,24.127290726
18.606971741,8.063853264,20.904300690
20.772184372,9.369699478,56.716362000
19.613693237,9.993658066,34.575645447
21.975658417,9.372723579,30.837865829
19.961273193,10.101056099,37.781887054
21.308071136,9.844043732,41.288192749
19.896211624,6.142082214,6.710999966
22.669466019,7.365758419,5.157532215
20.516906738,11.357381821,10.675073624
20.883251190,9.925883293,45.540073395
19.050277710,7.198969841,16.415283203
20.019971848,10.067386627,39.554737091
20.206426620,8.182000160,51.352764130
20.750642776,10.058571815,43.200206757
19.107734680,7.766093731,26.970993042
19.764005661,10.071274757,35.409095764
20.787496567,11.108790398,15.531818390
21.489120483,8.941541672,44.952102661
21.817752838,9.188133240,35.786766052
19.847753525,9.656611443,47.396656036
19.856348038,8.686239243,54.801906586
21.880458832,8.875354767,33.613208771
19.749534607,8.512298584,51.148448944
21.574466705,8.424096107,38.693954468
20.165803909,8.466343880,56.174480438
20.736600876,8.591146469,57.731006622
18.950839996,8.089455605,28.643260956
19.619886398,10.219956398,28.881837845
21.365348816,9.563896179,44.494770050
20.047317505,8.160844803,49.563098907
20.045158386,7.924756527,44.349624634
23.049875259,6.731315136,1.910343885
21.116683960,7.692084312,34.100360870
20.448331833,7.988634586,47.696407318
19.375045776,7.836440086,33.139301300
22.307661057,8.843647957,21.669143677
19.786973953,9.532423973,48.786212921
20.563024521,9.696670532,52.494567871
18.728418350,9.280240059,24.552240372
21.325370789,7.315038204,21.712175369
21.000869751,10.672818184,25.450410843
20.537817001,9.798042297,50.266014099
21.223245621,8.269130707,45.208152771
20.592441559,7.409641743,31.647806168
20.101371765,9.242324829,57.941177368
21.275775909,9.001248360,50.397087097
21.272659302,7.873730183,35.905288696
20.450977325,8.995916367,61.137802124
-13.419448853,28.964656830,23.699434280
-15.768056870,29.200174332,61.502845764
-16.188154221,29.371576309,50.079284668
-15.634095192,27.387495041,25.581615448
-15.327626228,28.861280441,66.081802368
-16.901462555,29.111688614,27.933414459
-13.779684067,29.700126648,32.097408295
-14.657113075,27.837326050,35.915199280
-14.792141914,29.327272415,62.254310608
-14.739995003,29.601451874,57.502761841
-16.628820419,29.137422562,36.662227631
-16.026910782,29.128738403,55.367504120
-16.166440964,30.491292953,28.873939514
-16.128011703,28.279880524,42.935867310
-15.194454193,28.101722717,49.591491699
-15.693703651,28.348857880,53.030426025
-13.857868195,29.964626312,30.612401962
-15.326509476,28.787605286,65.314445496
-14.328122139,29.584026337,48.566295624
-14.770987511,29.152629852,63.076404572
-16.957269669,29.066356659,26.268522263
-15.801529884,29.823877335,53.288482666
-14.257197380,28.520872116,45.187213898
-14.800655365,30.914701462,24.825653076
-15.936753273,30.860744476,22.900531769
-16.121625900,29.201782227,52.694686890
-15.280185699,29.190320969,67.115028381
-16.106718063,28.587638855,48.781009674
-15.936759949,29.505784988,55.725418091
-14.939004898,31.404766083,14.050830841
-13.898051262,28.668979645,35.926013947
-14.944170952,30.175941467,46.754039764
-15.238438606,29.109180450,67.363479614
-15.217465401,30.046098709,52.093662262
-16.117361069,28.853153229,51.553215027
-14.798606873,29.490270615,60.328426361
-15.029457092,28.809020996,65.263343811
-14.296504021,31.312690735,11.884021759
-14.862624168,28.985645294,64.635414124
-14.513299942,28.639690399,54.267852783
-16.018730164,29.211631775,55.552505493
-17.851837158,28.024871826,3.787642956
-15.617001534,27.825433731,39.203468323
-16.301683426,28.742074966,45.228801727
-16.912006378,28.772750854,27.077857971
-15.804309845,29.204227448,60.745529175
-14.114855766,29.351327896,44.916667938
-15.247978210,29.278276443,66.660903931
-15.041646957,28.162084579,50.945327759
-15.383815765,29.487573624,64.097373962
-16.639801025,30.044475555,27.076286316
-14.187664032,28.547447205,43.526359558
-15.510377884,28.300632477,54.164791107
-14.569659233,28.117599487,43.347106934
-15.491517067,28.319902420,54.849082947
-15.218086243,27.384593964,25.480228424
-13.942578316,28.214216232,30.439306259
-15.209145546,28.966299057,67.106582642
-16.031154633,28.291042328,45.341796875
-14.332641602,28.653181076,49.488246918
-14.997869492,28.377325058,56.917140961
-15.916221619,29.651069641,54.214500427
-14.338631630,29.003505707,52.566730499
-16.690959930,31.176778793,8.032849312
-16.125589371,27.637235641,28.073362350
-12.674615860,28.774789810,8.909604073
-16.730772018,28.495382309,30.227161407
-14.901494980,29.369134903,63.471321106
-16.120769501,31.001546860,17.264789581
-15.790619850,27.994136810,42.391078949
-14.308346748,30.507884979,28.988889694
-16.086532593,27.777475357,32.220661163
-14.238601685,27.131498337,11.966094017
-16.495662689,30.146268845,29.176794052
-15.324392319,28.914884567,66.528427124
-14.916223526,29.026048660,65.442398071
-16.567726135,30.454898834,21.078308105
-13.944025993,29.384155273,39.485359192
-15.223906517,31.518447876,12.201484680
-15.545473099,28.919244766,64.525489807
-14.904559135,30.650144577,32.810115814
-13.676269531,28.920249939,30.901218414
-14.960708618,27.800739288,38.074604034
-15.581016541,28.338531494,54.349315643
-16.275871277,30.860399246,18.086826324
-16.061326981,28.647216797,50.798221588
-14.903191566,30.476648331,37.779865265
-14.787924767,31.938177109,5.610659599
-15.343708038,29.437538147,64.913955688
-14.993439674,30.613872528,34.439140320
-14.761800766,29.062593460,63.085659027
-16.216527939,29.423265457,48.859104156
-13.867694855,28.768440247,35.920879364
-14.740096092,29.424970627,60.214817047
-14.405520439,28.374069214,46.399845123
-12.922392845,27.899662018,7.248252869
-15.634591103,30.116914749,48.324153900
-14.972307205,30.008808136,51.577281952
-15.765142441,29.104017258,61.590991974
-15.256808281,30.748083115,31.139131546
-14.578611374,29.975494385,46.682540894
-15.926966667,30.147705078,43.002815247
-15.043458939,30.567968369,36.057170868
-13.254980087,28.872056961,19.174255371
-15.675343513,28.314777374,52.492397308
-15.412619591,28.796796799,64.830444336
-14.909535408,29.034255981,65.368263245
-15.630639076,30.243408203,44.696178436
-16.206920624,29.611930847,47.164936066
-15.674982071,29.903190613,53.450504303
-13.883778572,28.875724792,37.268070221
-14.828007698,29.357616425,62.528396606
-16.068462372,29.419610977,53.176212311
-14.979919434,29.591693878,61.110942841
-15.467438698,29.273014069,65.665031433
-16.416650772,28.820709229,42.440177917
-14.713077545,30.071296692,46.636474609
-15.691354752,29.283536911,62.641956329
-15.040987015,29.380302429,64.851104736
-14.728266716,27.360744476,21.659235001
-15.318364143,29.417856216,65.225944519
-16.269371033,30.852807999,18.346431732
-15.107481003,30.742227554,31.161287308
-16.059562683,28.271522522,44.313758850
-15.044788361,27.500133514,28.365879059
-15.054074287,29.276041031,65.973152161
-14.253375053,29.879863739,41.745014191
-15.686517715,28.081325531,46.176513672
-13.556735039,28.386707306,22.694570541
-16.314563751,28.093967438,34.953575134
-14.151734352,28.659921646,44.004901886
-16.022745132,29.316513062,55.092319489
-15.475984573,28.500726700,59.291885376
-14.515048981,30.244138718,38.993179321
-14.283722878,29.945741653,41.164691925
-14.866415024,27.402935028,24.045614243
-13.599789619,29.480812073,28.788858414
-14.660883904,30.293785095,40.036468506
-13.835687637,29.597221375,34.680347443
-14.833494186,28.579597473,59.704380035
-15.235950470,28.324661255,56.312541962
-15.988980293,28.285247803,46.126415253
-15.425064087,30.227916718,46.666851044
-12.098065376,29.368322372,3.276914358
-16.617452621,30.443805695,20.192794800
-15.569824219,28.518213272,58.553817749
-15.059190750,27.938198090,43.573791504
-15.046576500,29.090446472,66.741508484
-15.170661926,29.560239792,63.049427032
-15.201547623,29.195159912,67.124259949
-14.984725952,29.594223022,61.116046906
-16.300521851,27.748830795,27.860671997
-15.330677986,27.746088028,37.656421661
-15.181509018,30.117568970,49.985485077
-14.661928177,28.130651474,45.420009613
-16.129302979,29.507123947,50.658214569
-15.670337677,28.862167358,62.107807159
-14.672133446,28.191535950,47.422657013
-15.670274734,28.378740311,54.084007263
-16.312170029,28.321744919,39.219127655
-14.591577530,29.230642319,58.962619781
-16.148200989,28.947721481,51.343177795
-16.907848358,28.445508957,24.891757965
-13.119465828,29.088579178,16.897132874
-14.537381172,29.113334656,58.112491608
-14.920870781,29.842081070,55.188011169
-16.373657227,29.147886276,44.985157013
-13.690175056,28.383321762,26.173486710
-15.835479736,28.871131897,58.877292633
-15.000016212,29.703741074,59.132953644
-14.001628876,29.678319931,38.449718475
-15.331092834,30.437990189,40.519870758
-14.564929008,27.683143616,29.644414902
-12.742671967,30.948743820,1.613300204
-15.437253952,29.556732178,62.778827667
-13.944681168,29.006622314,39.933181763
-14.538688660,30.283401489,38.400844574
-16.283866882,28.576490402,43.839523315
-14.347631454,29.639636993,48.238861084
-14.345243454,29.046255112,52.840080261
-15.558045387,27.180183411,19.889291763
-16.415040970,29.225889206,43.546535492
-14.444482803,29.710000992,49.406051636
-15.397281647,28.907051086,66.010459900
-12.265377998,78.432807922,64.926574707
-11.078012466,78.501037598,41.485237122
-13.963803291,77.082038879,20.412462234
-10.963798523,77.183441162,22.352375031
-11.718060493,78.086227417,57.625881195
-12.652316093,78.220466614,63.362442017
-11.261173248,78.161758423,46.737464905
-12.515876770,76.823799133,33.336978912
-12.275867462,78.885643005,59.334781647
-12.243412018,79.752494812,34.989822388
-12.427386284,78.653579712,63.033077240
-10.834053993,76.804588318,12.058990479
-12.938383102,79.780761719,29.728919983
-11.546428680,79.032981873,47.460140228
-11.649907112,78.681663513,55.046085358
-10.850960732,78.732360840,33.346618652
-12.242691040,78.513557434,64.385917664
-12.289693832,77.197586060,44.904026031
-11.711884499,78.224159241,58.258445740
-10.660642624,78.278945923,29.065891266
-12.061639786,78.601203918,62.392986298
-13.108115196,79.346740723,38.734882355
-10.577493668,78.339820862,26.742399216
-12.783036232,77.999572754,59.914009094
-14.374919891,78.176788330,17.213037491
-12.231559753,79.409355164,45.675098419
-11.522509575,77.938102722,51.790031433
-12.759380341,79.478507996,40.482055664
-12.656022072,77.844573975,59.376762390
-11.090039253,79.392189026,29.865650177
-12.463766098,77.760826111,59.289463043
-14.494438171,78.944305420,12.929945946
-13.378927231,76.391868591,16.905679703
-10.897737503,79.002571106,31.661619186
-13.621565819,77.140197754,27.934881210
-11.611596107,77.476631165,45.027259827
-11.186408043,78.971061707,39.884319305
-11.945960999,78.759292603,59.111934662
-12.291107178,79.235115051,50.804721832
-12.936637878,78.440551758,58.560852051
-11.730610847,78.917587280,53.188625336
-13.677544594,77.854187012,35.945217133
-12.229754448,77.946586609,62.444854736
-10.707899094,77.961448669,28.553131104
-12.644776344,79.124031067,51.925403595
-12.152025223,78.209327698,64.364379883
-13.239050865,78.656112671,49.140876770
-11.443461418,78.833694458,48.437320709
-13.260741234,80.091377258,19.038547516
-13.929135323,76.771911621,16.722829819
-11.522000313,78.580444336,53.119647980
-13.032055855,77.256027222,41.086711884
-10.161757469,78.471687317,15.919612885
-11.948356628,78.672485352,60.303817749
-12.047749519,78.894691467,57.934562683
-11.750133514,77.979377747,57.223415375
-12.774199486,76.613578796,26.460374832
-13.262862206,78.625709534,48.788349152
-11.437534332,78.953636169,46.455287933
-12.823249817,77.091430664,39.402946472
-15.259917259,79.506332397,4.263161659
-13.071786880,77.906135559,53.189918518
-12.350983620,76.949043274,37.245326996
-12.832340240,80.378074646,16.547138214
-11.977170944,78.713851929,60.141117096
-14.065052032,80.598205566,6.736038208
-13.905352592,80.276924133,10.446164131
-14.597613335,79.759963989,8.312177658
-10.864503860,77.530189514,26.958196640
-12.059977531,78.902084351,57.900234222
-13.296352386,76.905479431,28.743310928
-13.800274849,78.895606995,29.627782822
-12.567673683,77.790298462,59.231307983
-11.515789986,78.862670898,49.712574005
-13.238020897,77.153396606,35.288917542
-11.959296227,77.817016602,58.205589294
-12.383353233,79.930900574,29.367034912
-11.980229378,77.492332458,51.375221252
-12.321896553,77.401954651,50.933380127
-10.874035835,77.793022156,31.513322830
-12.275286674,78.662330627,62.998577118
-12.323307037,76.396049500,20.567226410
-13.928978920,77.902252197,28.751911163
-12.163125992,78.216819763,64.469673157
-13.439704895,77.006172180,28.692289352
-12.884115219,77.886123657,56.758445740
-11.969720840,78.028282166,61.248580933
-11.879850388,77.759948730,56.099533081
-12.738515854,78.006553650,60.643424988
-13.264925003,78.979721069,43.477058411
-13.296154022,77.832962036,46.674396515
-12.555677414,77.057220459,40.313808441
-12.807492256,77.643295288,53.615303040
-12.870712280,78.294670105,60.203678131
-13.282471657,78.134521484,49.645259857
-11.173889160,78.328804016,44.647300720
-11.337295532,78.701095581,47.356567383
-11.708396912,77.580139160,49.439018250
-12.377650261,78.488510132,64.727958679
-13.095183372,77.531768799,46.301055908
-13.972823143,79.850738525,14.439627647
-13.454960823,79.700820923,24.308622360
-12.950051308,77.492103577,48.061687469
-11.860038757,77.723411560,55.101837158
-11.914098740,78.021789551,60.428478241
-12.002133369,77.386413574,48.744804382
-11.651206970,78.842575073,52.929145813
-13.402208328,80.997535706,6.225148201
-11.942434311,80.645065308,10.736694336
-10.882289886,78.165763855,35.361606598
-12.894829750,77.951141357,57.440437317
-14.312585831,77.658767700,17.766576767
-12.235792160,79.880554199,31.032199860
-13.255330086,79.236656189,38.338024139
-13.735151291,77.768280029,33.569232941
-12.940197945,78.726409912,55.637626648
-12.025248528,79.316940308,47.570987701
-11.711720467,78.597770691,57.150283813
-12.092192650,79.943130493,28.903451920
-12.993483543,79.129325867,46.430465698
-14.290701866,78.765937805,17.718482971
-12.965806961,78.357170105,58.209690094
-11.442471504,78.519241333,51.561916351
-11.597370148,79.828361511,28.450338364
-12.093463898,79.525642395,41.783248901
-12.809118271,78.346389771,61.295627594
-13.005177498,79.397575378,39.248573303
-12.068466187,77.847366333,59.896991730
-12.327888489,79.396171570,46.035720825
-12.521825790,77.405670166,50.584259033
-12.350646019,76.374031067,20.079879761
-11.713787079,77.933273315,55.959354401
-12.951868057,79.230293274,44.646923065
-13.847721100,80.301696777,10.627159119
-12.962800026,77.831352234,54.458061218
-11.461333275,79.063293457,45.040119171
-10.031328201,78.143394470,12.500583649
-12.602964401,76.875282288,34.653964996
-12.814660072,77.633171082,53.297115326
-12.931324959,76.610412598,25.475973129
-10.821949959,76.937995911,14.302324295
-15.284760475,77.166175842,2.563174486
-13.086397171,77.205047607,38.987865448
-11.384254456,78.216758728,50.400932312
-12.457172394,78.964988708,57.336177826
-12.196545601,79.333168030,47.892944336
-13.592035294,77.807083130,38.067550659
-11.816590309,75.820045471,5.763444424
-13.857742310,78.855590820,28.385015488
-12.962806702,79.290710449,42.853977203
-11.673377037,77.156509399,37.287055969
-12.075901031,79.556297302,40.768505096
-12.335123062,77.377136230,50.245719910
-11.603167534,78.990028381,49.439071655
-11.939947128,79.070541382,53.121704102
-15.477170944,79.235534668,3.459984541
-10.674426079,78.791236877,27.848682404
-12.289828300,79.051040649,55.666870117
-12.144331932,79.006378174,56.293762207
-12.481086731,77.587898254,55.449710846
-13.486880302,77.356407166,34.541156769
-13.855600357,77.286857605,25.261005402
-10.721291542,79.108695984,25.548376083
-13.107584953,77.964210510,53.023811340
-12.369999886,77.699058533,58.279209137
-12.415040970,79.132202148,53.383178711
-12.518300056,78.690612793,62.084716797
-11.596066475,78.082466125,54.974010468
-12.197767258,78.045219421,63.471431732
-12.511086464,78.029869080,63.178409576
-13.011427879,78.528312683,56.323730469
-11.916012764,78.500907898,61.428806305
-11.983830452,77.616668701,54.458641052
-13.686292648,78.771644592,34.308113098
-11.794676781,78.404457092,59.881359100
-11.134522438,79.262298584,33.495285034
-9.801986694,78.153793335,8.492876053
-13.481406212,77.614463806,38.826446533
-13.048055649,78.830635071,51.574951172
-14.640625954,79.673149109,8.254759789
-12.721854210,78.107803345,61.842716217
-13.561901093,78.240371704,41.206447601
-12.469318390,78.232658386,64.859268188
-12.143498421,77.764968872,59.009937286
91.836738586,-22.763368607,48.936561584
92.831222534,-23.114515305,60.885555267
93.791580200,-24.334260941,31.795450211
91.877311707,-22.054475784,35.016632080
91.249671936,-24.621109009,21.976022720
93.550415039,-23.073495865,47.946350098
92.837783813,-23.403356552,60.861625671
92.763816833,-23.403808594,61.446575165
94.087997437,-23.709844589,33.384105682
92.571182251,-21.517248154,26.087266922
92.760063171,-21.079679489,16.086469650
92.627571106,-21.944280624,37.881771088
91.077209473,-23.158052444,30.595899582
91.148078918,-22.467241287,27.070444107
91.519683838,-23.027927399,43.307201385
92.450355530,-24.469900131,40.744064331
91.113189697,-23.822736740,30.130407333
94.473182678,-23.605180740,24.493682861
93.649772644,-23.368738174,45.970470428
93.609275818,-25.138607025,16.292306900
92.329360962,-22.362291336,48.290546417
92.569297791,-23.398151398,62.139976501
92.302093506,-22.162317276,42.740585327
93.030067444,-23.267673492,58.835006714
93.375610352,-22.723470688,48.795753479
92.945137024,-21.764665604,31.916007996
92.672264099,-23.033615112,61.388420105
92.089599609,-23.161581039,58.083408356
94.320312500,-23.954954147,25.388259888
91.598960876,-22.314935684,35.555961609
92.583786011,-23.215692520,62.430000305
92.687438965,-23.232574463,62.192150116
93.583084106,-24.150819778,39.674484253
91.720779419,-23.226728439,49.900333405
91.126113892,-24.684749603,19.052246094
94.599235535,-22.554227829,16.911981583
92.722496033,-22.073688507,41.575046539
91.691955566,-23.627300262,47.382785797
93.356002808,-22.421024323,44.165355682
93.245468140,-25.852935791,5.105159760
91.764472961,-22.834629059,48.186252594
92.376602173,-20.771465302,11.406287193
93.659111023,-22.753614426,42.747535706
91.615600586,-23.346992493,46.961719513
92.973754883,-22.183912277,43.516693115
93.613685608,-22.278707504,36.282150269
91.808639526,-21.899543762,30.428728104
91.352119446,-23.847610474,36.082687378
93.163322449,-23.461587906,56.162559509
91.726516724,-24.133245468,40.038742065
91.184295654,-22.779722214,31.376066208
93.993118286,-23.412090302,37.221168518
92.332206726,-24.784019470,30.866807938
93.645751953,-21.100391388,10.965138435
90.935096741,-24.375129700,20.333843231
92.052955627,-23.876014709,51.361633301
92.959899902,-21.697446823,29.954919815
93.741149902,-22.784099579,41.041023254
92.008621216,-24.431324005,37.506721497
91.935775757,-21.763629913,28.840682983
92.670806885,-23.758531570,58.245498657
92.548797607,-22.487077713,52.557800293
91.419700623,-21.896821976,24.207815170
92.889030457,-23.528039932,59.593559265
93.175399780,-23.093299866,56.028331757
92.388359070,-23.564407349,60.231719971
91.863693237,-22.655305862,47.780517578
92.200561523,-24.267953873,44.243606567
92.898414612,-21.982555389,38.381053925
92.684204102,-23.919797897,55.354293823
93.136451721,-21.374982834,20.526430130
91.280647278,-22.929492950,35.447082520
92.937637329,-22.150161743,42.861297607
93.723464966,-23.498405457,43.780490875
91.048034668,-22.505132675,24.979724884
91.897361755,-24.258436203,40.261974335
93.880905151,-24.222547531,31.893007278
94.135398865,-22.975851059,32.382575989
93.051673889,-23.004430771,57.545860291
91.094131470,-25.088085175,12.425298691
92.948104858,-22.743688583,55.933727264
92.815162659,-24.133230209,50.324893951
92.751472473,-23.393730164,61.572368622
91.775390625,-22.297723770,38.831165314
91.002273560,-22.722953796,25.853780746
93.116874695,-22.301984787,45.131370544
91.727241516,-23.210289001,50.044490814
94.903717041,-22.649621964,11.724610329
92.833129883,-22.772535324,57.442012787
92.818725586,-21.120798111,16.680612564
93.716186523,-23.397310257,44.279556274
92.984886169,-23.702493668,56.760356903
93.942405701,-24.717800140,20.976663589
91.127815247,-21.852981567,18.348106384
94.885673523,-22.843391418,13.505536079
92.845291138,-22.654428482,55.366649628
92.085494995,-23.140453339,57.927204132
92.771461487,-22.685131073,56.392887115
91.174552917,-23.818731308,31.752716064
93.577545166,-23.987289429,42.504848480
91.739189148,-21.269624710,16.710706711
92.770668030,-23.890613556,55.646652222
91.040184021,-22.582349777,25.570034027
93.431686401,-23.610456467,49.931575775
91.630325317,-23.336246490,47.396030426
91.896697998,-24.253789902,40.363819122
92.629341125,-24.363086700,44.513172150
92.979202271,-22.703702927,54.957309723
91.892921448,-24.679941177,29.624450684
94.293830872,-24.251966476,22.149179459
92.072608948,-23.098678589,57.484840393
93.331924438,-23.568012238,52.326507568
93.193344116,-23.712682724,53.610065460
91.761383057,-21.885379791,29.447923660
95.220993042,-21.615726471,2.079018593
92.874359131,-21.478260040,24.499505997
93.088256836,-23.788982391,54.294544220
93.198928833,-23.406087875,55.758434296
91.749435425,-24.210018158,38.823162079
93.534606934,-25.158227921,16.561424255
93.336685181,-24.941280365,24.151983261
90.611373901,-25.150543213,6.985915661
94.699317932,-23.507930756,19.508047104
92.819137573,-21.892440796,36.111515045
93.666732788,-24.703201294,26.028617859
93.601554871,-23.127515793,46.931304932
92.390876770,-23.287405014,61.886936188
94.012367249,-24.197662354,29.307987213
93.133438110,-23.321353912,57.136440277
90.935386658,-24.113948822,23.282806396
92.925765991,-22.014354706,39.140884399
93.733886719,-22.714483261,40.450004578
91.917274475,-21.510482788,22.982007980
92.947792053,-24.318061829,45.031623840
92.549644470,-22.415447235,50.814788818
92.740173340,-22.424831390,50.979114532
93.836242676,-22.911165237,39.768280029
91.874847412,-23.176240921,53.702384949
92.777717590,-21.452350616,24.174839020
91.106231689,-23.446517944,31.724546432
92.148460388,-22.976591110,57.765647888
90.294990540,-22.196771622,7.857796669
92.746299744,-25.156396866,21.188863754
92.371437073,-22.702733994,56.306285858
91.141105652,-23.308473587,32.796733856
91.675079346,-23.867681503,43.841659546
92.759292603,-23.128246307,61.513065338
92.261810303,-23.038900375,59.843189240
93.550529480,-23.590610504,47.418338776
94.164123535,-21.849481583,16.780567169
92.303848267,-23.949537277,53.153614044
91.068382263,-23.438264847,30.647502899
92.369117737,-22.532644272,52.747234344
91.222892761,-23.589088440,34.636428833
93.701293945,-24.042053223,38.936588287
91.970191956,-24.758636475,28.490468979
95.353126526,-24.059169769,5.904949665
91.432205200,-24.115547180,34.227149963
91.958259583,-23.581085205,54.053695679
93.557922363,-23.610019684,47.114582062
91.809730530,-24.763034821,26.625610352
92.754409790,-23.269157410,61.837074280
94.263481140,-23.219247818,30.173633575
92.633544922,-24.362350464,44.541919708
92.426597595,-23.750169754,57.941123962
92.362388611,-24.270952225,45.739021301
93.270881653,-23.454141617,54.197345734
92.532196045,-25.025741577,24.803785324
93.226196289,-22.824680328,52.933712006
91.893424988,-22.321575165,41.537311554
91.367790222,-23.333566666,39.639671326
92.461341858,-24.628871918,36.137489319
92.922256470,-21.609125137,27.723825455
92.800186157,-23.774717331,57.452171326
93.179573059,-23.205976486,56.304042816
92.760314941,-23.737237930,58.238292694
94.154525757,-22.855333328,30.939596176
92.203880310,-23.419700623,59.578163147
91.991683960,-23.919986725,49.457633972
92.091827393,-24.446008682,38.160552979
93.509826660,-23.602737427,48.263298035
93.286682129,-23.981822968,48.263149261
92.672187805,-24.022737503,53.205177307
93.452217102,-23.560115814,49.832645416
57.614135742,4.137280941,24.870344162
58.620674133,5.070599079,53.027336121
58.329227448,5.287253857,58.057975769
59.299198151,6.323128700,41.943168640
58.792221069,5.162862778,52.880138397
58.811298370,7.493815422,26.765586853
57.512821198,5.951323032,51.811676025
56.695789337,7.177546024,17.360891342
57.947093964,6.561563015,52.398193359
56.621780396,7.576523304,11.375875473
57.988136292,6.324641228,57.021190643
58.495826721,5.523513317,60.576164246
60.030799866,4.130937576,13.106211662
58.643722534,6.689629555,48.676193237
58.315151215,5.660813332,62.067558289
58.202320099,4.551347733,40.925846100
58.383136749,6.291701317,58.609752655
58.413608551,5.506707668,60.787918091
57.855281830,5.499687195,57.007301331
59.602752686,3.692348957,11.587451935
58.385078430,5.451229095,60.274562836
59.800815582,5.834475994,30.773504257
59.829933167,3.655093908,9.336112976
58.804592133,6.059041977,56.636955261
59.735542297,4.137635231,17.027376175
58.189971924,5.845044136,62.236362457
57.849212646,6.995561600,41.137096405
58.006324768,7.813746452,21.148048401
59.399185181,6.729817867,33.149055481
58.904308319,4.715288162,42.005710602
57.913909912,6.351735115,55.811805725
59.022563934,7.086167812,33.806465149
57.877567291,4.918830395,47.357971191
59.204113007,4.969357491,42.079299927
59.218318939,6.978720188,32.539119720
58.801158905,5.421404839,56.283451080
58.386089325,6.372449875,57.297515869
58.355194092,7.977280140,17.666458130
57.354335785,4.776315212,35.181900024
57.368110657,5.189404011,42.795154572
56.166076660,5.149333477,12.733493805
57.691722870,5.857498169,55.968379974
58.762809753,4.538767815,39.144546509
59.245059967,7.581226349,19.717746735
58.136722565,7.353355408,33.241210938
58.543998718,7.767715931,21.929218292
59.462291718,4.215079308,22.272699356
58.363636017,6.833308697,47.288463593
58.375553131,5.742100239,62.293235779
59.614772797,5.069129944,33.470256805
58.362522125,6.102609634,61.011772156
58.011215210,5.758854866,60.826721191
59.120029449,6.211821556,48.078254700
57.536289215,4.674860001,36.485958099
57.555904388,5.780232430,52.870361328
58.185066223,4.947026253,50.868892670
57.746856689,4.258944511,29.427379608
58.762863159,5.738965034,58.656318665
57.085220337,5.807604313,39.833679199
59.687629700,5.039048195,31.228002548
59.660144806,5.455526352,35.034954071
58.542835236,5.876734734,61.294921875
59.746532440,5.937417984,32.023193359
57.203105927,4.468013763,26.050737381
56.812088013,4.067013741,12.903897285
58.391143799,4.820609570,48.322631836
58.264194489,5.075124741,54.011234283
57.574222565,5.298138618,49.140899658
59.048591614,6.708128929,41.573684692
58.716178894,4.789161205,45.926628113
58.988639832,6.467880726,47.392208099
58.619655609,5.175363541,55.009727478
59.053867340,6.201802731,49.833602905
55.228149414,6.423436165,2.423776388
56.431266785,6.442545414,18.426498413
58.190937042,6.972595692,43.771385193
58.246845245,4.892369747,49.859130859
58.197654724,6.838790417,47.304382324
58.371253967,5.664649010,62.031234741
59.088562012,5.989343166,50.989177704
58.339080811,7.145043850,39.006263733
59.900119781,6.392310143,24.337720871
58.059047699,7.275895119,35.105060577
59.528125763,6.497880936,33.319225311
57.128929138,5.919655800,41.132507324
57.601333618,5.619971752,53.190494537
58.585063934,5.879143238,60.875370026
57.869831085,7.051937580,39.873329163
56.648876190,6.509167671,23.481237411
56.487525940,6.161581993,21.246046066
57.458103180,6.657287598,42.536888123
58.431461334,6.026690483,61.351345062
57.326728821,5.124413967,40.807670593
58.552223206,6.362554073,56.274627686
61.274105072,6.001842499,3.012034893
59.321044922,4.222050190,24.438947678
57.015117645,5.423489094,35.996349335
57.147579193,7.265383244,24.354679108
57.934787750,7.161165714,37.511867523
59.831790924,5.821763515,29.874418259
58.846805573,5.722884655,57.192745209
58.883445740,6.262325764,52.815773010
58.221359253,6.283954144,58.935539246
60.068702698,6.492000103,19.236782074
58.670806885,5.903753281,59.757736206
57.332332611,4.751687050,34.242214203
58.668365479,4.409592628,36.424503326
57.578678131,7.060495377,36.051174164
60.259239197,4.113028049,10.281768799
59.971656799,5.567545891,26.047729492
58.330001831,5.665572166,62.087547302
59.425552368,4.171307564,21.920995712
58.801170349,4.834113598,46.097679138
58.915794373,7.321780205,29.792015076
58.344589233,6.153139114,60.546630859
58.754558563,4.979390621,49.851104736
59.856647491,7.485452175,12.409565926
59.046791077,5.852269173,52.730049133
57.883113861,5.152493954,52.267890930
60.055843353,7.193398952,12.695386887
58.281345367,4.199053288,31.453655243
55.512996674,4.695557117,3.198233128
58.214385986,7.179673195,38.135749817
57.693351746,6.283799171,53.328910828
59.648189545,5.907520294,35.180889130
58.202560425,4.470220566,38.720249176
57.142532349,6.195083618,40.324295044
58.144100189,5.901515484,61.937335968
58.297729492,6.443128109,56.279067993
57.560321808,5.443403244,50.679096222
60.241188049,4.979197979,17.354040146
58.063430786,5.189597130,55.046279907
58.789787292,6.801376343,44.149436951
57.846794128,5.347569466,54.973133087
58.066024780,6.308817863,57.902614594
57.605613708,5.403024197,51.212528229
55.972812653,4.397238731,6.048452377
58.232563019,6.676847935,51.331745148
58.640083313,4.680215359,43.815017700
56.944751740,5.953663826,35.406440735
56.692203522,6.844910622,21.266046524
58.408905029,4.171663761,30.773063660
57.379055023,5.054672718,40.900283813
57.571815491,4.289051056,27.989032745
57.470344543,5.094582558,43.634075165
57.633720398,6.906940460,40.534549713
58.449836731,4.785726547,47.373291016
58.010387421,4.899426937,48.438465118
58.045001984,6.654493332,51.190200806
58.597278595,8.064584732,15.134125710
58.720935822,4.865389347,47.686473846
59.154747009,6.858915329,36.292579651
59.439174652,4.684742928,31.886722565
58.197368622,6.910795689,45.427581787
56.660278320,5.279567242,24.960769653
56.918071747,4.846413612,26.741516113
57.332550049,7.029553890,32.484790802
58.110469818,4.915628433,49.672664642
57.309402466,5.920650959,46.448383331
58.333873749,7.123058319,39.621711731
58.845024109,4.347186089,33.327983856
57.716026306,6.849056244,43.129707336
57.723926544,7.513556004,26.682117462
57.246719360,6.351597309,41.866283417
57.483791351,5.269388676,46.703590393
59.443588257,5.651916981,42.006114960
59.158458710,6.252274513,46.600372314
59.098873138,4.890795708,42.735065460
58.123432159,6.203236580,59.664726257
57.495933533,7.408483982,26.700574875
57.567779541,5.478980541,51.227382660
57.338447571,3.635675907,11.370436668
60.141925812,5.574645042,21.379020691
57.897090912,5.580268860,58.395248413
59.764869690,4.813877106,26.676458359
59.024574280,5.355195522,51.458084106
57.748336792,6.346042156,53.488616943
59.333248138,5.265080929,43.082935333
57.576156616,4.609888077,35.676647186
59.448513031,5.203727722,39.374603271
56.495876312,7.188936234,13.672389030
56.975147247,6.558444500,31.873226166
58.528434753,6.066899300,60.330818176
57.760631561,6.144575596,56.038944244
11.941132545,85.707366943,26.499954224
15.165922165,86.003356934,23.856687546
11.589371681,84.135116577,14.114984512
13.421116829,85.606262207,61.538494110
13.502259254,84.626113892,60.364402771
14.204212189,86.283477783,39.925289154
13.376618385,85.848258972,56.319419861
11.029861450,84.181816101,7.053049088
13.287652969,84.630760193,59.026203156
13.941710472,86.133079529,47.622474670
14.115581512,84.497100830,54.295806885
12.086144447,85.676292419,30.673164368
11.770735741,85.772361755,21.767135620
13.420463562,83.943489075,42.675071716
13.896169662,85.116455078,64.135452271
13.572315216,85.035102844,65.481773376
14.028436661,86.043762207,49.134910583
14.105527878,86.131462097,45.674999237
13.564772606,86.737785339,30.043060303
14.180022240,84.575630188,54.720092773
12.515017509,85.325126648,46.281337738
12.302391052,84.145950317,29.403995514
13.847999573,84.511436462,57.437335968
12.675596237,85.084854126,51.540359497
13.681590080,84.913490295,64.479598999
13.231365204,85.973968506,51.817253113
13.951339722,84.895904541,62.300903320
16.073234558,85.313156128,7.755998611
14.740917206,84.558349609,41.651321411
12.245971680,84.327568054,31.407953262
13.340902328,84.622718811,59.364524841
14.945298195,84.999282837,38.526657104
14.070381165,85.072845459,61.688568115
13.175357819,85.157325745,62.643627167
15.322963715,84.351379395,22.721853256
14.375903130,84.093322754,41.406955719
13.149285316,85.122909546,62.224422455
13.935287476,86.602455139,33.222267151
13.558829308,84.275711060,52.569637299
14.258954048,84.755157471,55.870250702
13.847594261,85.003105164,64.185493469
11.665455818,85.627624512,20.429555893
14.192279816,86.045928955,46.606163025
15.409375191,83.924224854,16.242610931
14.125419617,85.528625488,58.290599823
13.189829826,85.516433716,60.447200775
14.108559608,83.900642395,40.216968536
13.855134964,84.201339722,50.143302917
12.957056046,83.344581604,21.038885117
13.135551453,84.915756226,60.989921570
14.158768654,85.120223999,60.215015411
12.066623688,85.981475830,26.624935150
13.490325928,85.607696533,61.869258881
14.574848175,86.541931152,26.796617508
15.570138931,85.047088623,18.949941635
13.920036316,84.040969849,45.523967743
14.670512199,83.934440613,32.270362854
11.803660393,85.949714661,20.842927933
13.087215424,85.896934509,51.770114899
14.016986847,83.489326477,29.812667847
10.889232635,84.022727966,5.335698605
13.625403404,83.897552490,42.168651581
12.956151009,83.660385132,29.381484985
13.778790474,85.210151672,65.158111572
13.127519608,86.516395569,34.879592896
15.106627464,85.684593201,29.601474762
11.809141159,84.014640808,16.687000275
14.016042709,84.490768433,55.460872650
13.121820450,86.018295288,49.282238007
14.119787216,86.433479309,36.681121826
13.179702759,86.494552612,36.024272919
13.054780960,86.618820190,31.085266113
13.714746475,84.258819580,52.151069641
11.977692604,84.817855835,29.441320419
13.352679253,85.976989746,52.888759613
13.498321533,84.686897278,61.431068420
14.685949326,84.894500732,46.300930023
13.032670021,85.693939209,55.043582916
13.119084358,85.778129578,54.894542694
13.011995316,84.896369934,58.665000916
13.761089325,84.745201111,62.115619659
13.595460892,85.934799194,54.963520050
14.019514084,85.600296021,59.000789642
12.973482132,85.972160339,48.073791504
14.278474808,86.123748779,43.049392700
12.882546425,84.946868896,56.315670013
14.242445946,84.510513306,52.512832642
13.382789612,87.045135498,20.574260712
15.560672760,86.359268188,11.124550819
14.547497749,84.100074768,38.331390381
14.121474266,84.760208130,58.417678833
12.550340652,84.610321045,44.180736542
13.724576950,84.571975708,59.295890808
13.058113098,85.911369324,50.965007782
13.753018379,85.352783203,64.680168152
13.720784187,84.443626404,56.603847504
12.238340378,85.429893494,37.176071167
13.101875305,83.108543396,17.050943375
13.216344833,84.027107239,43.339092255
14.307562828,85.640953064,52.897346497
14.105805397,84.454284668,53.591758728
14.340463638,85.438980103,54.750926971
13.199057579,84.665992737,58.645568848
14.501620293,84.645721436,49.083923340
13.912569046,86.153282166,47.309528351
15.518255234,86.783203125,7.605233192
14.509735107,83.613418579,27.798954010
12.919863701,84.571243286,52.350692749
15.262062073,84.420013428,25.046968460
13.995079041,85.220191956,62.863849640
12.673785210,85.501152039,49.424335480
14.007207870,83.863555908,40.098770142
14.831789970,83.032814026,12.112447739
13.018155098,86.091300964,45.831371307
12.415654182,85.469596863,42.247646332
12.312551498,85.026306152,40.516613007
11.295139313,84.276756287,10.595912933
12.065990448,84.717567444,31.319566727
13.193680763,84.445663452,54.149852753
14.406825066,84.232444763,43.954925537
14.243298531,86.748603821,26.142105103
13.747976303,84.261657715,52.142211914
12.359573364,84.409545898,35.806091309
14.313554764,85.274917603,56.602134705
14.545707703,85.889656067,42.544155121
13.749722481,85.592819214,61.889610291
15.464158058,86.534980774,10.822948456
13.306166649,86.109008789,48.843318939
14.194763184,86.255714417,40.856960297
14.280529022,84.145156860,44.184894562
11.989227295,85.691955566,27.899164200
15.511530876,84.343666077,17.791212082
13.420822144,84.083580017,46.729804993
14.786741257,82.814163208,9.293244362
11.345252037,85.494346619,14.698329926
13.526568413,84.639701843,60.685279846
13.307817459,85.656318665,59.731040955
13.195108414,84.022399902,42.965690613
12.681549072,86.007667542,41.293170929
13.084170341,83.734046936,33.195621490
13.711090088,85.624320984,61.554656982
14.937872887,85.337234497,38.020954132
12.949200630,85.593338013,55.022888184
14.336087227,85.080421448,56.380527496
13.564312935,85.379463196,64.921516418
13.539055824,85.369438171,64.962509155
12.586998940,83.968887329,31.521692276
12.772800446,85.761535645,48.251884460
13.867710114,86.159568787,47.500770569
13.422221184,83.975685120,43.626747131
14.753465652,85.100563049,44.738098145
14.892367363,85.717277527,35.663700104
15.797531128,84.899551392,13.073719978
14.509635925,86.010688782,40.886829376
13.053786278,84.946846008,59.853492737
12.147173882,83.570533752,15.145614624
13.735481262,85.912338257,55.230201721
14.246935844,85.459350586,56.687602997
14.471929550,84.529632568,48.140090942
13.336379051,85.856849670,55.792045593
14.042031288,84.909141541,61.213268280
14.929706573,83.827323914,24.807973862
13.090233803,84.835929871,59.463371277
14.425447464,85.121711731,54.198638916
12.347420692,85.633331299,38.581867218
14.696458817,85.858634949,39.112136841
14.228067398,83.245010376,22.133989334
12.709025383,85.601409912,49.151969910
13.554023743,85.641883850,61.452816010
12.342569351,85.057830811,41.510551453
12.219131470,83.165649414,9.510764122
13.904691696,85.961914062,52.725639343
13.854528427,85.086334229,64.483650208
12.046897888,86.125434875,24.176618576
13.564867020,87.078887939,20.006216049
14.551226616,83.114204407,16.329172134
14.363962173,83.722793579,32.544746399
12.849416733,84.868568420,54.939762115
13.514849663,85.516891479,63.321327209
12.586056709,83.968635559,31.496515274
14.209517479,85.106079102,59.202541351
13.783285141,82.925643921,16.276014328
13.431775093,84.228599548,50.817028046
12.688285828,86.041259766,40.723514557
-86.888458252,-83.667037964,35.899799347
-86.123802185,-82.123847961,59.498970032
-86.676803589,-81.339996338,31.767515182
-84.342941284,-83.455589294,25.833940506
-86.037872314,-83.352813721,55.661556244
-87.478172302,-82.271125793,30.284885406
-85.059196472,-80.562278748,15.668952942
-86.690200806,-81.237907410,28.741899490
-84.450431824,-82.376289368,36.897277832
-85.190628052,-81.700866699,45.484920502
-83.818687439,-82.096328735,17.450485229
-85.852928162,-83.440307617,53.775882721
-85.487464905,-81.549972534,45.201084137
-85.548179626,-83.354064941,54.029014587
-85.703712463,-82.703292847,64.709449768
-85.528053284,-84.235984802,27.480251312
-85.241996765,-81.978713989,52.676395416
-85.347938538,-82.577903748,60.893535614
-87.598724365,-82.593460083,28.873659134
-84.732070923,-83.434265137,35.926357269
-87.782058716,-84.114700317,11.192720413
-85.478759766,-82.201263428,59.978752136
-84.906494141,-82.629402161,50.793563843
-87.293113708,-83.392646790,31.960279465
-84.973945618,-82.433647156,52.405422211
-85.142959595,-82.139350891,53.557502747
-85.997749329,-82.748146057,64.561706543
-83.935684204,-82.159469604,20.770805359
-85.921379089,-82.118721008,60.664527893
-85.569885254,-84.731498718,14.114737511
-85.142700195,-80.753204346,20.049169540
-86.573066711,-81.120101929,27.280630112
-86.049659729,-82.280670166,62.398712158
-84.722427368,-83.294143677,38.292934418
-84.550292969,-83.788360596,24.717956543
-86.667945862,-83.167663574,50.625698090
-85.130783081,-82.915016174,54.620723724
-87.312759399,-82.790672302,37.163288116
-86.577011108,-81.842849731,46.772361755
-86.136024475,-82.503364563,63.505542755
-86.198257446,-82.140197754,58.982437134
-85.976379395,-82.248939514,62.435859680
-88.386177063,-82.476890564,9.837318420
-85.378875732,-82.773422241,60.827991486
-85.123397827,-81.835533142,47.493797302
-84.488571167,-82.469329834,38.326881409
-87.706588745,-84.859642029,4.980692387
-87.394630432,-82.612045288,34.780803680
-85.950096130,-82.297897339,63.149894714
-86.418037415,-83.310630798,52.690849304
-85.237739563,-81.918212891,51.363555908
-86.049438477,-82.612617493,64.510902405
-85.388473511,-82.069793701,56.703193665
-86.936767578,-83.293716431,42.413284302
-87.023330688,-83.081047058,43.228961945
-84.980453491,-82.027870178,48.232151031
-86.890884399,-82.061874390,43.759590149
-85.706947327,-83.068069458,61.171108246
-87.199249268,-82.748962402,40.501934052
-85.112846375,-84.737236023,11.832223892
-86.188911438,-80.319854736,10.904126167
-85.120155334,-82.314308167,55.134601593
-86.529975891,-83.252471924,51.931449890
-85.876075745,-80.971275330,28.547483444
-85.327201843,-83.446296692,48.653835297
-84.616004944,-82.866737366,40.916908264
-84.095443726,-83.140739441,23.414447784
-86.796051025,-82.399513245,50.498210907
-84.810462952,-81.536697388,34.375175476
-85.633598328,-83.562232971,49.351024628
-86.298126221,-84.592422485,17.947546005
-86.705909729,-82.752593994,53.662506104
-85.403785706,-82.913597107,59.991775513
-85.849769592,-82.970329285,63.018276215
-85.041763306,-83.473251343,42.430488586
-84.955238342,-80.613258362,15.899205208
-85.319999695,-83.101234436,55.911819458
-86.329055786,-81.364303589,37.814315796
-86.919380188,-83.527946472,38.334888458
-86.957237244,-83.852653503,30.181137085
-86.837608337,-81.784233093,39.638725281
-84.690505981,-83.271209717,37.832912445
-85.585456848,-81.814987183,53.290515900
-85.692222595,-83.529083252,50.718116760
-87.263191223,-81.563713074,24.939731598
-85.296607971,-81.997184753,53.955120087
-86.900436401,-82.339164734,47.219959259
-85.163787842,-82.260108948,55.534950256
-86.537811279,-81.561882019,40.397628784
-87.320419312,-81.645401001,25.202871323
-84.711730957,-81.001808167,20.852493286
-86.135276794,-83.573570251,49.417869568
-84.998908997,-83.273353577,45.778446198
-85.748794556,-82.891601562,63.667201996
-86.694862366,-82.253143311,51.496784210
-87.184806824,-81.981933594,34.587318420
-86.759719849,-84.305870056,22.018621445
-85.842895508,-82.142509460,61.190967560
-85.215850830,-81.755783081,47.268066406
-88.146430969,-83.579284668,11.062480927
-85.686134338,-81.055137634,31.093448639
-85.009040833,-80.672798157,17.396821976
-86.317726135,-82.299720764,59.575988770
-86.892761230,-82.978492737,47.657627106
-86.528083801,-83.208129883,52.758010864
-86.186241150,-82.571418762,63.196144104
-85.770576477,-82.030685425,59.086547852
-85.652801514,-82.918182373,62.839271545
-86.315368652,-82.881271362,60.550533295
-86.241828918,-82.083168030,57.461894989
-84.927261353,-81.300094604,30.768394470
-86.590492249,-82.104766846,51.711200714
-87.187469482,-82.200965881,37.697795868
-84.710113525,-82.723731995,44.742057800
-84.720153809,-83.712707520,29.851293564
-86.681434631,-82.709953308,54.337287903
-84.770576477,-82.991569519,44.206501007
-86.246337891,-83.565765381,48.733947754
-85.589904785,-81.327445984,39.209278107
-85.092109680,-81.877487183,47.795555115
-85.999763489,-83.137451172,60.248439789
-85.115539551,-82.606048584,56.185146332
-85.966400146,-81.675895691,50.224498749
-85.990577698,-83.411918640,54.406055450
-84.883598328,-82.493423462,50.173313141
-86.829818726,-83.687042236,36.600578308
-85.697380066,-80.236732483,11.002004623
-86.185607910,-82.910415649,61.937858582
-84.269020081,-82.631423950,31.428144455
-87.241256714,-84.146934509,18.832998276
-84.566123962,-81.907783508,35.817752838
-84.966659546,-82.631896973,52.418586731
-86.519500732,-82.791305542,57.591281891
-85.656753540,-83.412452698,53.595222473
-85.231338501,-83.833732605,36.429050446
-86.125549316,-82.778144836,63.510761261
-86.483810425,-84.779647827,13.020833015
-85.344917297,-83.329887390,51.758338928
-84.467079163,-82.916122437,35.975513458
-86.334144592,-82.482620239,60.847682953
-84.739349365,-83.137550354,41.326023102
-84.778053284,-81.133834839,24.557460785
-84.802467346,-80.947708130,20.895425797
-84.500144958,-81.059257507,19.019239426
-84.188461304,-82.366073608,28.833765030
-86.222015381,-84.836380005,12.426445007
-87.115524292,-83.022422791,41.369464874
-86.174522400,-82.726936340,63.238430023
-86.793548584,-84.169914246,25.001220703
-85.923011780,-82.763557434,64.765251160
-86.600341797,-83.316291809,49.393913269
-86.732948303,-82.970664978,51.645503998
-86.649093628,-81.314262390,31.540067673
-85.551788330,-83.546455383,49.035865784
-86.073234558,-83.754425049,44.404102325
-84.780616760,-81.189956665,25.848020554
-84.540786743,-83.718833923,25.862297058
-85.884056091,-82.975708008,62.951587677
-85.230773926,-83.582046509,43.452381134
-86.468681335,-82.987358093,57.003414154
-85.639503479,-81.880012512,55.249015808
-86.121513367,-81.910171509,55.238742828
-84.970710754,-82.787353516,51.795997620
-87.038444519,-83.745330811,31.038473129
-85.201065063,-83.050361633,54.389057159
-87.505416870,-81.961189270,25.874290466
-85.663230896,-83.980110168,36.550380707
-84.613365173,-81.737503052,34.177528381
-85.654045105,-83.848457336,40.756111145
-87.195121765,-82.881210327,40.180278778
-87.506706238,-82.169059753,28.446884155
-87.203613281,-82.409225464,39.327228546
-86.080917358,-81.862358093,54.454681396
-86.730735779,-82.300407410,51.184242249
-87.187629700,-81.778587341,30.885345459
-85.907752991,-82.078292847,59.978645325
-87.113311768,-82.075057983,38.010784149
-85.486587524,-82.210441589,60.198181152
-85.480155945,-82.767601013,62.353820801
-84.551490784,-82.730041504,39.851760864
-86.531959534,-82.632865906,57.671100616
-86.743309021,-83.038139343,50.691497803
-85.970031738,-82.953697205,63.037345886
-85.593391418,-80.628379822,19.067090988
-95.385368347,67.596267700,35.241916656
-96.460029602,65.936950684,55.693275452
-96.334495544,67.376861572,49.791755676
-98.104438782,65.490806580,12.469484329
-95.853981018,66.299873352,59.443222046
-93.988594055,66.971649170,13.127254486
-96.618515015,64.946365356,31.001052856
-96.296882629,65.220748901,40.976360321
-95.489570618,66.685073853,52.761783600
-95.636291504,68.603149414,15.712525368
-96.863784790,66.331565857,52.825256348
-97.168838501,66.443367004,45.414745331
-94.363044739,67.092689514,19.030113220
-96.070808411,66.775596619,60.432464600
-97.167175293,66.130233765,44.279754639
-95.871070862,66.623390198,59.920032501
-97.486938477,66.851593018,35.344619751
-95.677124023,66.146919250,55.900653839
-95.952148438,65.040473938,36.139724731
-97.436119080,66.658653259,37.672668457
-96.624046326,66.512413025,57.745384216
-95.116828918,66.350036621,44.000564575
-98.766990662,66.373313904,6.971890450
-96.437362671,66.289276123,59.664424896
-95.056587219,64.945442200,24.039295197
-95.712364197,68.094276428,27.248432159
-96.582260132,66.996299744,54.812526703
-94.990013123,66.734199524,38.573116302
-96.641418457,65.814445496,51.583324432
-95.212516785,67.116119385,40.430309296
-96.742790222,65.347496033,40.159137726
-97.237129211,68.185623169,21.689624786
-96.024269104,68.884201050,12.492888451
-95.400772095,66.963493347,47.630744934
-95.650047302,67.523117065,41.571899414
-96.922386169,68.683982849,14.858603477
-96.056625366,65.820571899,54.918190002
-95.653762817,67.616310120,39.228828430
-96.963874817,67.090835571,46.311466217
-96.672767639,66.017692566,54.082229614
-96.445800781,67.287513733,51.165740967
-97.065391541,66.716583252,47.407649994
-96.299736023,65.676757812,52.023674011
-97.169845581,65.321083069,31.488897324
-97.590118408,67.420135498,27.273986816
-96.197975159,66.682624817,61.244560242
-94.778129578,65.303848267,25.307384491
-96.897865295,66.778686523,51.085277557
-97.780403137,65.945259094,25.450984955
-96.881210327,66.853492737,50.846538544
-96.382133484,68.532119751,19.275863647
-95.018432617,65.670730591,36.453372955
-96.343635559,66.176383972,59.560436249
-92.649749756,65.013771057,1.443892479
-95.752777100,64.439537048,20.052131653
-95.963256836,68.433860779,20.530031204
-96.364776611,67.628524780,43.129825592
-96.022438049,66.101470947,59.010215759
-96.207977295,65.937065125,57.051715851
-96.582382202,65.193771362,38.187931061
-94.449516296,66.130889893,25.108440399
-95.662544250,65.647438049,48.284996033
-94.839332581,66.250411987,36.045852661
-96.047355652,64.694992065,27.017858505
-95.560340881,68.335472107,20.465053558
-96.825401306,66.065742493,51.845249176
-97.094642639,66.653129578,46.965576172
-95.892295837,67.229049683,51.924530029
-95.404846191,65.711456299,45.358146667
-95.731369019,66.195671082,57.144016266
-97.047355652,66.397109985,48.575843811
-92.154663086,68.839141846,0.695855856
-95.816490173,68.262825012,23.786272049
-96.001701355,66.470832825,61.298290253
-97.905891418,65.563865662,17.695585251
-96.739822388,66.631484985,55.340221405
-95.942337036,65.945030212,56.418651581
-96.545135498,66.357818604,58.719253540
-97.337730408,65.911331177,37.538906097
-96.337608337,65.275016785,42.246963501
-96.286560059,65.689163208,52.329689026
-94.720939636,66.280166626,32.675621033
-96.145866394,66.951995850,58.550243378
-95.399353027,64.787727356,25.469240189
-96.333106995,65.614936829,50.556903839
-96.101493835,65.987640381,57.781715393
-95.799247742,65.543510437,47.635059357
-96.524085999,65.932807922,54.969535828
-94.873725891,66.891975403,33.697608948
-95.587432861,66.237648010,55.044830322
-96.341041565,67.084968567,55.910911560
-95.178886414,66.539115906,45.357593536
-94.814674377,67.798126221,20.778116226
-97.621017456,66.954345703,31.122751236
-95.998924255,66.912254333,58.538993835
-94.840347290,65.603431702,31.256687164
-97.576591492,67.630157471,24.833211899
-96.954803467,65.837753296,46.240596771
-95.751701355,65.837867737,52.874759674
-97.548530579,66.558158875,34.783012390
-96.737808228,67.121826172,50.426658630
-96.462394714,65.835525513,54.028415680
-96.166320801,67.576126099,44.704574585
-95.048416138,65.430740356,33.301494598
-93.156616211,66.198196411,3.600399494
-97.108734131,67.412200928,38.297565460
-96.317993164,68.677688599,16.322263718
-95.108909607,66.325248718,43.772827148
-94.381011963,67.373085022,17.070652008
-97.185218811,67.412361145,36.650947571
-96.472808838,66.440643311,59.854900360
-95.825263977,65.644874573,50.028617859
-97.289665222,66.891754150,40.327621460
-97.344551086,63.948764801,3.925152063
-96.792427063,66.855064392,52.742683411
-96.226203918,67.791099548,38.629859924
-95.772567749,65.757659912,51.702072144
-96.395904541,65.087425232,36.835754395
-94.870521545,65.142868042,24.447891235
-96.876731873,66.363685608,52.629653931
-95.953964233,65.021316528,35.634521484
-96.861854553,66.789009094,51.821075439
-94.826599121,66.872970581,32.541233063
-95.982131958,64.961563110,34.111080170
-96.573661804,67.045463562,54.219879150
-94.875373840,67.413345337,27.299674988
-95.818252563,67.728569031,38.162780762
-93.074859619,65.930107117,2.667410374
-96.719436646,68.042449951,30.209215164
-95.720855713,66.636276245,57.752079010
-95.563949585,65.869483948,50.681034088
-96.991119385,65.746818542,43.998588562
-94.710372925,65.087326050,20.353885651
-95.457664490,65.966278076,50.041332245
-96.309684753,67.266921997,52.444622040
-95.112335205,66.866943359,40.892543793
-97.829437256,68.094932556,13.683196068
-94.646125793,66.615402222,29.478294373
-95.946060181,68.325416565,22.953884125
-95.009094238,66.494674683,40.610046387
-96.248657227,66.330429077,61.162902832
-94.779090881,67.563957214,23.144008636
-97.569740295,66.988609314,32.192420959
-95.092201233,65.017509460,26.097387314
-95.959281921,64.746925354,28.311815262
-95.826828003,64.440734863,20.313997269
-96.638069153,65.912902832,53.200286865
-96.665168762,67.975494385,32.269817352
-95.420806885,66.124397278,50.841621399
-96.889396667,66.285194397,52.073162079
-96.985435486,67.497047424,39.237304688
-93.959556580,67.577171326,9.356765747
-95.624633789,66.358337402,56.295730591
-96.361427307,68.269256592,25.434066772
-96.532257080,68.085067749,30.029783249
-97.087860107,66.227737427,46.975502014
-97.670379639,66.683204651,31.191568375
-97.220046997,68.189018250,21.850282669
-95.544044495,67.061363220,49.510478973
-95.673645020,65.431427002,43.841575623
-95.832199097,68.361053467,21.571876526
-95.947769165,65.506950378,47.903835297
-97.808662415,65.810638428,23.236063004
-97.718551636,67.354484558,25.049617767
-95.175155640,65.648284912,39.676898956
-95.342338562,65.947517395,47.420032501
-96.001937866,66.895927429,58.772426605
-96.400283813,66.942169189,57.677333832
-97.642051697,66.641441345,32.063938141
-95.991271973,64.477577209,21.431293488
-97.766014099,64.664443970,8.019039154
-95.542015076,66.647926331,54.198623657
-95.682365417,65.197593689,38.397438049
-94.817344666,67.506813049,24.710987091
-96.723281860,67.700027466,38.712532043
-96.207244873,64.747764587,28.221254349
-97.589012146,67.257690430,29.178789139
-96.060371399,67.405197144,48.966464996
-96.044692993,66.791641235,60.175884247
-93.832794189,67.920814514,6.142127991
-96.389144897,66.898941040,58.322010040
-95.461875916,67.285362244,43.530971527
-95.885314941,66.030433655,57.178047180
-95.959945679,66.043678284,57.937377930
57.314716339,75.243156433,16.847763062
55.427734375,74.430725098,60.156902313
55.465892792,75.195671082,44.330474854
56.680229187,74.571037292,39.786922455
56.502613068,74.663002014,43.286739349
56.805412292,74.533561707,36.694572449
55.783248901,73.425201416,54.569007874
54.059600830,73.974578857,30.812749863
54.890293121,74.062438965,53.636749268
56.771839142,74.175254822,39.832355499
55.216346741,73.149299622,45.988201141
54.201213837,75.335235596,24.433925629
53.854660034,73.067649841,17.081270218
53.318149567,73.686286926,11.556160927
55.289066315,73.598136902,56.017330170
55.568222046,73.181167603,49.157661438
54.717693329,75.820259094,23.134820938
55.297286987,74.910087585,51.018150330
54.794578552,75.615158081,28.690126419
57.145530701,74.233451843,28.663875580
54.531818390,74.089431763,44.575321198
55.678653717,74.242050171,61.869308472
54.653129578,72.479431152,22.654102325
55.793712616,73.992141724,61.505836487
55.633426666,75.029228210,48.527420044
54.156188965,75.013122559,28.004978180
54.888122559,73.607208252,49.547523499
54.805572510,74.092048645,51.737236023
53.725532532,73.434341431,18.324249268
55.115592957,75.266357422,40.793197632
55.782047272,74.697944641,55.317955017
55.637287140,72.953529358,43.352634430
56.538555145,73.156990051,38.657764435
55.105106354,74.184532166,58.020706177
56.576889038,73.801048279,45.418182373
57.141876221,73.430953979,26.635013580
56.296939850,74.006042480,53.417613983
57.178020477,74.216835022,27.800081253
53.754035950,75.090766907,17.953029633
55.549800873,73.449371338,55.178474426
56.854316711,73.671119690,36.581520081
56.231338501,73.234046936,45.941707611
54.795219421,75.813011169,24.092529297
54.844318390,73.417655945,45.629524231
53.923030853,75.632408142,15.219768524
56.029350281,74.240211487,58.276790619
56.606487274,72.673095703,27.260980606
55.090301514,73.910995483,56.879753113
54.082878113,75.313858032,22.315374374
55.612922668,73.679138184,59.291931152
55.867576599,73.249847412,50.303432465
55.676464081,77.429969788,2.108953953
56.236030579,75.670738220,26.890129089
55.276268005,73.250862122,48.980205536
55.941055298,72.660728455,34.479263306
53.324394226,74.734024048,12.041990280
56.272689819,74.836280823,45.496196747
55.659519196,75.980804443,23.350049973
55.544021606,73.448463440,55.140998840
52.624851227,73.955261230,3.369017363
56.463226318,74.009292603,49.136672974
56.755573273,76.297309875,9.398997307
55.458000183,75.233680725,43.288536072
54.045497894,75.033752441,25.079925537
55.694839478,73.781036377,60.499393463
55.467952728,73.846122742,60.805625916
55.322547913,74.201103210,60.913516998
55.457057953,72.846633911,40.074794769
56.048404694,73.394561768,51.759078979
56.679336548,73.968605042,42.874694824
55.758373260,71.953201294,17.516923904
54.374671936,74.942047119,34.355846405
54.897533417,73.469993591,47.600872040
55.353408813,75.366172791,39.459537506
56.005489349,75.312690735,38.316345215
55.363601685,74.215606689,61.244609833
54.428108215,75.180458069,31.788122177
55.739997864,74.046562195,61.970806122
55.969665527,75.449218750,35.087322235
55.416854858,75.665466309,31.426782608
54.779827118,74.424613953,50.307193756
57.640567780,73.512611389,15.015734673
55.876605988,74.879936218,50.535392761
55.493450165,72.502075195,30.968336105
54.575389862,74.583358765,43.871883392
56.522865295,74.786987305,40.955287933
56.777782440,74.074417114,39.868572235
55.839584351,72.483558655,30.176954269
55.948680878,74.615112305,55.061004639
55.048137665,74.646430969,53.283554077
53.815460205,74.753532410,22.150938034
55.931632996,76.113037109,19.329103470
57.044437408,75.509407043,18.203638077
56.448745728,74.649047852,44.799369812
54.449718475,73.667335510,39.612087250
57.458080292,72.546264648,10.453433990
55.181068420,72.583198547,31.465635300
57.082302094,73.436645508,28.320791245
57.175884247,73.588668823,26.767416000
55.127216339,75.280960083,40.511909485
56.570182800,71.286148071,4.158815384
56.082492828,74.602600098,53.226615906
55.841156006,73.344772339,52.594833374
55.659759521,73.604370117,58.156192780
55.842674255,73.800033569,59.904552460
55.009422302,74.166198730,56.288463593
56.433788300,74.291435242,49.001834869
55.077709198,74.338684082,57.010017395
56.701141357,75.597831726,22.276233673
56.838901520,74.539810181,35.705883026
54.622226715,72.636878967,25.510063171
55.428970337,72.593246460,33.192707062
54.846565247,73.832305908,51.257308960
55.147140503,73.674514771,55.271770477
54.303344727,74.233894348,38.116397858
56.627857208,73.454292297,41.080333710
56.357105255,76.665153503,7.481828690
55.539539337,74.653640747,57.158210754
55.828121185,74.972053528,48.793209076
53.912700653,72.945472717,16.694662094
55.774814606,74.889389038,51.219017029
55.761875153,72.337860107,26.610778809
54.807735443,73.207725525,40.970439911
56.020343781,73.240386963,48.839504242
54.950542450,75.087173462,43.309040070
56.966667175,73.589157104,32.754913330
56.056251526,72.120948792,20.005306244
55.829677582,75.192405701,43.092689514
56.158130646,74.103492737,56.440387726
55.242706299,73.355636597,50.913761139
55.452266693,72.450988770,29.529951096
57.241809845,74.566642761,24.672630310
55.528911591,73.382621765,53.715034485
55.561012268,74.800224304,54.202423096
56.642799377,73.098739624,35.327812195
54.657821655,76.080657959,17.144617081
56.767944336,74.710952759,35.877841949
55.492702484,74.926452637,51.314067841
54.358116150,75.534194946,24.007560730
55.595577240,74.793289185,54.294677734
56.277568817,73.870857239,53.510047913
55.455982208,75.224014282,43.551082611
56.657848358,72.230201721,16.935810089
53.938945770,73.056205750,18.773872375
54.737804413,72.883903503,32.863986969
55.903461456,73.538726807,55.908992767
56.837474823,75.455307007,22.726854324
55.602668762,75.685890198,30.792472839
55.655563354,73.567642212,57.544441223
55.696136475,74.947288513,50.322982788
54.016887665,73.793830872,28.735630035
55.928756714,74.365516663,58.759437561
55.262912750,74.491218567,58.203170776
55.923473358,73.410522461,53.376586914
57.812950134,74.441978455,12.873827934
55.300167084,73.430709839,53.087371826
56.660758972,74.104492188,43.351043701
58.179462433,73.566505432,6.883656502
54.388744354,73.974731445,40.193195343
55.806419373,71.883979797,15.951372147
55.322181702,73.634017944,56.948219299
55.262588501,73.372207642,51.486640930
54.288158417,74.760467529,34.398414612
55.047508240,72.978729248,39.876766205
54.871414185,73.530105591,48.046642303
55.739997864,74.670768738,56.153942108
54.678169250,73.523132324,43.624160767
54.285842896,70.610130310,0.407245159
55.787143707,75.522430420,34.452503204
56.153434753,73.495368958,52.041584015
55.727828979,72.827606201,39.869705200
55.509056091,73.574722290,57.370155334
54.778636932,74.408081055,50.389686584
58.231216431,75.667877197,2.474218130
55.559276581,74.886543274,52.242404938
56.494056702,73.354888916,43.018268585
56.275253296,72.561439514,29.040430069
54.826053619,74.241180420,52.231662750
55.216564178,75.758911133,28.455612183
56.279392242,73.620391846,51.419612885
55.160770416,74.189399719,58.906978607
54.575817108,74.598045349,43.739955902
54.256050110,74.625442505,34.822547913
55.466754913,74.417045593,60.469474792
94.711082458,60.076698303,43.228553772
98.136016846,59.374496460,10.109111786
96.041069031,61.337280273,29.631912231
96.485374451,60.263599396,48.337432861
94.709976196,58.554122925,30.523902893
95.777099609,59.368476868,58.471645355
95.704612732,60.037368774,58.303840637
95.047241211,60.325817108,47.579971313
97.582221985,58.822372437,18.779891968
95.254119873,59.782100677,56.152282715
96.864128113,58.645332336,32.718463898
94.658523560,57.668052673,11.884737015
95.283309937,60.511859894,47.922054291
96.788894653,60.188865662,43.373268127
95.122711182,60.538185120,44.940078735
95.927986145,57.911006927,24.093236923
94.495574951,61.343578339,17.715150833
96.045875549,58.456916809,39.568759918
96.543624878,60.893146515,34.984600067
95.288635254,60.489395142,48.457012177
91.983566284,60.805290222,0.195479348
96.898826599,58.707008362,33.220134735
96.005752563,59.493591309,58.935279846
95.621139526,59.406833649,58.283416748
94.391372681,61.722118378,11.682553291
95.413360596,59.936466217,57.500663757
94.714271545,58.794845581,35.397399902
96.136268616,60.358104706,51.666339874
96.601593018,60.935485840,33.155395508
95.513458252,59.387508392,57.363346100
96.470481873,59.194274902,50.890922546
96.595428467,60.206214905,47.175193787
96.878692627,60.502105713,36.562736511
94.669219971,58.966079712,37.509475708
96.456153870,61.738769531,18.093997955
94.400856018,59.854923248,36.446529388
96.005340576,58.305934906,35.394947052
96.201789856,59.738590240,57.598014832
93.627113342,61.453441620,8.259346962
94.860458374,58.549209595,32.995433807
96.143806458,60.389198303,51.025573730
96.460083008,59.445709229,53.463069916
95.712753296,59.100906372,54.803295135
94.413467407,60.910842896,23.407417297
95.620903015,59.649398804,59.586597443
93.724403381,59.653343201,19.683856964
94.881172180,59.657100677,49.135604858
95.504425049,59.385246277,57.265792847
96.662506104,60.278766632,44.772487640
96.850822449,58.506885529,30.004886627
95.074714661,59.791431427,53.164443970
95.317031860,59.752456665,57.027969360
94.541564941,59.115535736,36.887470245
94.082115173,58.941688538,24.522283554
96.417846680,59.617504120,54.738330841
97.229423523,59.236179352,32.453449249
95.842742920,58.618461609,44.546207428
98.324340820,59.653091431,7.076570511
96.553298950,60.245098114,47.401901245
95.139793396,58.500812531,36.151912689
95.879814148,59.274921417,57.495254517
95.568161011,60.483013153,51.097690582
95.801910400,60.208827972,56.206802368
95.873718262,58.364463806,37.464229584
97.119728088,61.007564545,22.738800049
94.587501526,60.337013245,36.773128510
95.061645508,59.084796906,47.196552277
95.718826294,61.579380035,23.926897049
96.781623840,60.436935425,39.737495422
94.573059082,62.386161804,6.163801193
96.597396851,57.482875824,10.813982964
96.123146057,59.343017578,57.064235687
96.133651733,60.232353210,53.770641327
94.805152893,61.657600403,16.086168289
95.923454285,60.773059845,44.494003296
97.075088501,59.093555450,35.235027313
94.811897278,60.953620911,29.972484589
97.116508484,58.454692841,23.651458740
97.734909058,59.596210480,19.737066269
96.415451050,60.396102905,47.261482239
94.752326965,58.967662811,39.261764526
93.640075684,58.680561066,13.771498680
94.241195679,59.871902466,31.972660065
97.093070984,59.804569244,38.700641632
96.062522888,60.609714508,47.355735779
96.403381348,59.445880890,54.415790558
94.260322571,59.401908875,32.504093170
95.786628723,58.960067749,52.441734314
96.085632324,59.539001465,58.613128662
96.345489502,59.028472900,50.316787720
94.801704407,61.605770111,16.907730103
95.752426147,60.384677887,53.394931793
94.625244141,59.454448700,42.175643921
96.405838013,61.397327423,25.547218323
94.999183655,59.028797150,45.127120972
95.700996399,58.307315826,35.699668884
95.693534851,59.766983032,59.843093872
96.448417664,61.246322632,28.433759689
96.293510437,60.573265076,45.594131470
95.775947571,59.471969604,59.292293549
93.727691650,58.945491791,17.449382782
95.940933228,58.186119080,32.081352234
95.966560364,59.430877686,58.737842560
94.702110291,59.361686707,43.344882965
96.452453613,60.717212677,40.235031128
93.786643982,59.682228088,21.032810211
96.637550354,59.573818207,50.477725983
95.832481384,58.336303711,36.679279327
95.243637085,61.660488129,19.711080551
94.935600281,58.391078949,30.599866867
95.873138428,60.620342255,48.282730103
96.917480469,59.313991547,42.073158264
95.946144104,60.376068115,52.912307739
96.372879028,59.284511566,53.560855865
97.436393738,59.144416809,25.646375656
96.431541443,59.809803009,54.096759796
95.136451721,59.188861847,50.102142334
95.137321472,59.384841919,52.537448883
94.704780579,60.529121399,36.450843811
95.020156860,59.216693878,48.444488525
96.212356567,59.723751068,57.514869690
94.301765442,58.895702362,28.604507446
95.527114868,59.256725311,55.994728088
96.474151611,59.067310333,48.950733185
94.756538391,58.821166992,36.715106964
96.130325317,60.315185547,52.472698212
94.051223755,60.453788757,22.431785583
96.584640503,58.140716553,25.471290588
95.033233643,61.260604858,26.476245880
96.729766846,59.856506348,47.896598816
96.224914551,61.943733215,15.459901810
96.226463318,58.610904694,42.422744751
97.088607788,58.960773468,33.001853943
96.717567444,60.487983704,40.136562347
96.613182068,61.372646332,23.759975433
94.257751465,59.762123108,32.829944611
97.669715881,60.808094025,15.074769974
95.900825500,58.808540344,49.212680817
95.830390930,58.919830322,51.678596497
94.255302429,60.408191681,27.502256393
95.788970947,59.058200836,54.280902863
96.118614197,59.327823639,56.956508636
97.503227234,59.801139832,26.567598343
97.300758362,59.018909454,28.054925919
96.337020874,61.675411224,20.178461075
95.994758606,60.968158722,39.270149231
93.985336304,60.538848877,20.271736145
95.754051208,60.596714020,49.062244415
96.591331482,57.575462341,12.536967278
95.280067444,59.161689758,51.885208130
95.875831604,57.891178131,23.638839722
94.633163452,60.833633423,29.028127670
95.900558472,58.743698120,47.676563263
95.470451355,60.929985046,39.777320862
93.884101868,59.620285034,23.357240677
95.494003296,60.018692017,57.581718445
96.227447510,61.742053986,19.419336319
96.277450562,59.244232178,54.423137665
96.981620789,58.973045349,36.002502441
96.159858704,61.403175354,27.389062881
96.800979614,60.642803192,35.590507507
93.492134094,59.730709076,15.023613930
95.136291504,61.156581879,30.308528900
96.564315796,60.092819214,49.265987396
96.518112183,59.182094574,49.863468170
96.357955933,59.926715851,54.508567810
94.040458679,60.175758362,24.761327744
96.430824280,61.025127411,33.658142090
96.251060486,60.838417053,40.229991913
93.991340637,59.458301544,25.849571228
95.581161499,59.501972198,58.766685486
95.634628296,59.254318237,56.702465057
96.459831238,58.840507507,44.867835999
95.848846436,59.904865265,59.262943268
95.867607117,58.883987427,50.924633026
97.122901917,59.605590820,37.882156372
94.284812927,60.633014679,25.152219772
95.720336914,59.734771729,59.941177368
95.627799988,60.227149963,55.841728210
95.670425415,59.058212280,53.891918182
94.304481506,60.135166168,31.791677475
94.205459595,60.951419830,19.266595840
94.769805908,58.982097626,39.862888336
94.741767883,58.468635559,29.264890671
-8.476726532,55.822208405,50.046672821
-10.031731606,53.660606384,2.871990204
-8.419992447,56.989231110,42.570953369
-9.004567146,56.029495239,38.048072815
-6.273570538,54.782424927,19.656782150
-8.142483711,55.362682343,47.714035034
-6.812160015,56.569709778,48.667972565
-7.086466789,58.602252960,8.322835922
-6.074652195,56.006790161,31.987218857
-7.906119347,54.657009125,29.692115784
-9.418292046,56.056194305,26.828313828
-9.003522873,56.731189728,34.406906128
-8.495846748,55.522891998,45.711326599
-9.256808281,58.215988159,6.421749115
-6.945298195,55.395904541,44.083908081
-7.552980423,57.428928375,37.753540039
-8.631952286,58.012432098,15.269947052
-8.736302376,55.928474426,44.798854828
-9.354505539,53.567325592,5.143017769
-6.694036961,56.191535950,47.898601532
-9.437988281,54.465232849,12.740536690
-6.558766365,55.955238342,43.774856567
-6.272684097,56.742420197,34.397327423
-7.770690441,56.138164520,60.945632935
-8.259201050,56.203620911,55.843791962
-7.765112400,56.943351746,50.775993347
-7.867546082,56.929389954,50.616386414
-6.783495426,56.286598206,49.843772888
-9.017095566,55.945358276,37.481498718
-9.610201836,54.899211884,15.157942772
-6.973709106,56.600727081,51.390678406
-7.707336426,55.803401947,58.717193604
-8.443528175,55.593021393,47.815265656
-6.738875866,56.582515717,47.001884460
-9.075344086,56.304687500,35.849021912
-7.564164639,57.754508972,28.255313873
-9.461679459,55.322704315,22.171051025
-6.730501652,54.994903564,31.256906509
-5.318505764,54.926891327,8.789884567
-7.675005436,56.665382385,56.704643250
-6.823090553,56.821044922,45.448776245
-8.166205406,57.019042969,45.639232635
-8.458780289,55.570858002,47.183555603
-7.247485161,57.615413666,31.212036133
-7.932298660,55.215492249,45.650745392
-6.494355679,54.841033936,24.103307724
-5.865946293,55.121753693,18.480386734
-7.063179016,57.032527924,45.076763153
-6.919093609,56.332836151,52.523632050
-7.654597759,54.452655792,23.954196930
-8.484947205,56.830478668,44.647937775
-7.040758610,55.067955017,37.571559906
-7.357148647,56.357864380,58.920001984
-5.953208923,55.687435150,26.857217789
-8.223984718,55.182392120,42.465553284
-8.703406334,56.480785370,44.655494690
-8.408468246,57.180538177,38.232002258
-8.331426620,57.639831543,27.196163177
-7.286402225,56.364219666,58.148815155
-8.854556084,56.434947968,41.153789520
-7.658605576,56.737918854,55.414653778
-8.214974403,54.652206421,28.436759949
-7.428905964,56.245620728,60.018463135
-7.460235119,57.111484528,46.481887817
-8.643768311,53.724086761,9.200150490
-7.229100704,56.511749268,56.228824615
-8.181183815,56.276432037,56.893379211
-8.751908302,53.999637604,12.203986168
-9.397039413,56.148197174,27.373294830
-6.321417332,55.716316223,35.825901031
-6.890189648,55.511505127,45.402091980
-7.759566784,56.902397156,51.756824493
-7.570947647,55.564155579,54.518234253
-8.569430351,56.013305664,49.243827820
-6.522025585,54.535179138,17.975904465
-6.844796658,56.389480591,50.761516571
-8.673239708,56.087463379,46.915649414
-7.908163071,55.158096313,44.192569733
-8.243562698,54.849548340,33.510505676
-9.775650978,56.257072449,17.787742615
-6.659637928,57.739185333,22.213523865
-8.815505981,58.253200531,9.445188522
-6.177820683,57.529312134,19.510017395
-8.489793777,55.543582916,46.164886475
-9.642484665,56.296993256,20.832612991
-8.097730637,56.267627716,58.107673645
-8.538645744,56.778705597,44.507484436
-7.360939503,54.961711884,37.679653168
-7.750015259,56.390518188,60.070884705
-5.695685863,56.201614380,23.185289383
-8.644536972,55.789573669,46.029693604
-7.735351086,55.972240448,60.370216370
-9.545598984,55.774257660,23.014677048
-8.397436142,55.845321655,51.863658905
-5.583165169,55.273544312,15.487038612
-6.266186714,57.266452789,25.977333069
-7.020629883,56.108943939,54.588890076
-7.049734116,55.655914307,50.756965637
-8.250586510,55.357975006,46.347473145
-7.430225849,55.896064758,58.748237610
-7.943712711,57.526065826,33.783916473
-8.408876419,56.841201782,45.862773895
-8.226055145,54.513641357,24.833221436
-9.130078316,55.614284515,32.512660980
-7.074516296,56.747623444,50.903381348
-7.944814682,56.724258423,54.424140930
-7.627864361,55.844345093,59.165153503
-6.849396229,57.293727875,35.795326233
-6.688100338,55.798961639,45.431476593
-7.136419773,53.976589203,11.188860893
-7.509060860,56.466838837,59.095413208
-7.552152157,55.883563995,59.360969543
-6.399354458,56.012596130,40.179061890
-7.843665600,55.864898682,59.073776245
-6.670022011,55.813377380,45.173728943
-8.538476944,55.997077942,49.893474579
-5.996413708,55.805149078,28.854480743
-7.088356018,55.827724457,53.770828247
-7.980874538,55.544994354,53.191513062
-8.920431137,55.996051788,40.254371643
-6.985671997,57.682029724,27.275541306
-7.262258053,55.288974762,45.947772980
-6.958622932,56.559864044,51.590000153
-6.305764198,58.195446014,10.148726463
-6.489519596,55.713077545,39.812770844
-7.863357067,57.263774872,41.834365845
-8.211820602,55.965351105,56.090728760
-7.069787502,57.176441193,41.695537567
-7.481216908,53.213314056,4.015278816
-7.364761353,55.793785095,57.008617401
-8.680048943,56.129966736,46.779087067
-6.583663464,54.975959778,28.459260941
-6.114204407,57.084564209,25.946527481
-6.769963741,55.291126251,38.716438293
-7.955369949,55.722999573,56.530731201
-7.703786373,56.043628693,60.811958313
-8.021476746,55.927906036,58.309555054
-7.915747643,56.373317719,59.366207123
-9.355944633,56.592414856,26.678010941
-6.006855965,57.178337097,22.230733871
-8.650024414,57.150444031,34.853843689
-5.414499760,55.863277435,16.523593903
-6.983095646,58.405216217,10.965980530
-6.673831940,57.656555176,24.336708069
-8.799352646,56.341457367,43.173698425
-7.312158585,56.670124054,55.027603149
-6.914619923,56.262008667,52.637588501
-9.016521454,57.172107697,27.243066788
-7.325267315,54.927219391,36.418403625
-6.945131779,56.658813477,50.146625519
-7.167092800,55.819000244,54.901634216
-6.069721699,56.677062988,30.126483917
-8.494081497,54.563076019,24.400056839
-8.471459389,53.736213684,9.771853447
-7.964687347,56.234790802,59.687648773
-8.911793709,55.560390472,37.301139832
-6.150845051,56.213127136,34.394760132
-6.168784142,55.920883179,33.864997864
-7.880910397,53.906581879,12.369869232
-6.974838734,57.206394196,39.740905762
-8.046495438,55.795532227,56.685096741
-6.891091347,55.369537354,42.583740234
-8.486452103,56.422931671,50.224849701
-8.310379028,56.716892242,49.880012512
-8.624437332,57.615345001,24.209367752
-7.047663689,56.171688080,55.182212830
-8.577757835,55.048080444,34.819427490
-8.601364136,54.673633575,25.994783401
-6.363697052,56.447910309,39.212265015
-6.633499146,57.844902039,19.518577576
-6.397521496,56.555450439,39.319114685
-8.115178108,56.855133057,50.037147522
-7.492990017,55.845184326,58.642555237
-8.219326019,57.185050964,40.756832123
-6.226664543,55.830726624,34.628719330
-8.141135216,56.804004669,50.776947021
-8.339303970,56.709510803,49.506370544
-5.967197895,55.687999725,27.180379868
-7.679614544,58.095527649,19.183893204
-8.077296257,56.246871948,58.442272186
-8.645942688,55.402999878,40.807430267
-9.082964897,59.031085968,2.301875114
-7.132375717,56.059959412,56.317302704
-8.761191368,54.281143188,16.653423309
-76.103378296,27.839052200,61.769241333
-75.843124390,28.676532745,51.809188843
-75.332839966,27.942028046,49.620143890
-75.723106384,27.576667786,55.137252808
-77.196563721,27.646020889,48.737133026
-75.576148987,28.590702057,49.848640442
-76.357727051,28.306631088,60.094783783
-74.737609863,26.181793213,8.038336754
-77.600181580,27.971170425,36.781429291
-75.644760132,27.768930435,55.536262512
-75.442024231,24.976766586,1.225074530
-78.675582886,27.416400909,10.763412476
-73.677795410,27.984136581,8.029766083
-78.586563110,27.624174118,12.678632736
-75.727622986,28.946426392,44.306022644
-75.874565125,27.748399734,58.977592468
-75.666328430,29.137823105,38.600643158
-76.899848938,27.860603333,56.456787109
-76.481208801,26.278661728,27.937807083
-77.602210999,25.665578842,7.954857349
-76.260780334,27.686531067,61.389255524
-76.684150696,27.949800491,60.064220428
-75.825843811,27.311620712,52.596733093
-75.171501160,26.391975403,19.794738770
-76.358764648,27.885858536,62.557693481
-75.495239258,27.489217758,49.919044495
-75.276382446,27.750337601,47.525199890
-76.446922302,27.835126877,62.125938416
-75.647018433,28.837352753,45.997272491
-76.949851990,26.575313568,32.337219238
-77.326217651,28.149387360,44.029476166
-76.361763000,28.125137329,61.955368042
-77.070289612,28.779945374,40.270793915
-76.521553040,26.350769043,29.706960678
-76.189765930,28.531629562,56.591800690
-76.201354980,28.114425659,62.052642822
-76.117942810,26.930475235,46.332984924
-74.813362122,27.657711029,34.518203735
-74.878273010,27.430074692,34.038639069
-75.378440857,28.224384308,50.043201447
-76.244796753,27.045412064,49.593566895
-75.139297485,28.403175354,42.876712799
-76.435363770,29.191579819,38.067935944
-76.256538391,30.194009781,13.850174904
-75.328437805,27.653495789,48.050369263
-74.986732483,28.045061111,40.695968628
-74.339225769,28.065862656,22.471302032
-76.424324036,28.078172684,62.002529144
-75.945610046,29.533515930,29.033819199
-76.052261353,27.877489090,61.538959503
-76.838577271,28.769886017,44.925743103
-76.899459839,26.815374374,39.356674194
-77.287361145,27.519277573,45.399440765
-76.469551086,29.037376404,42.333835602
-76.922355652,29.181333542,32.976615906
-77.982818604,30.618806839,3.028382778
-77.931541443,28.182291031,26.144834518
-76.562698364,27.198888779,52.448211670
-75.668708801,29.041418076,41.211135864
-76.517303467,29.193588257,37.363723755
-76.281059265,26.920423508,46.351806641
-76.424301147,27.456708908,58.281433105
-75.884902954,27.585037231,57.528644562
-76.419296265,26.898847580,45.521320343
-75.275756836,27.628576279,46.577102661
-77.414588928,30.615678787,5.085715294
-77.758087158,28.491634369,28.376934052
-78.508781433,28.292726517,13.970630646
-76.156997681,27.731826782,61.421230316
-77.708656311,27.125673294,30.000022888
-77.151672363,26.810081482,35.693595886
-77.293159485,29.419330597,22.479757309
-75.953903198,29.315031052,35.401077271
-77.333953857,27.552900314,44.394767761
-78.082160950,26.793748856,17.886043549
-76.636230469,27.563598633,58.478122711
-74.567764282,28.092250824,28.778205872
-76.610214233,28.443666458,55.762004852
-76.318237305,26.898500443,45.736530304
-76.972000122,29.383161545,27.311302185
-75.041328430,28.241439819,41.542469025
-75.325630188,29.627014160,21.898010254
-76.786842346,28.168519974,57.108589172
-76.124023438,27.157390594,51.957424164
-75.898681641,26.840526581,42.619789124
-76.242851257,27.715290070,61.606971741
-75.915565491,26.629343033,37.014579773
-76.866210938,29.867368698,17.750537872
-76.479957581,28.052349091,61.809551239
-77.014686584,28.029575348,53.433338165
-75.965339661,27.508640289,57.420913696
-76.594612122,27.817745209,60.989948273
-76.049377441,29.114721298,41.531757355
-77.014442444,28.790184021,41.163162231
-75.540512085,28.239036560,53.392555237
-75.263465881,28.083272934,47.890007019
-76.237297058,27.810651779,62.243000031
-76.615478516,27.773706436,60.583614349
-78.205932617,28.584478378,17.952039719
-76.667373657,26.515338898,33.345260620
-75.374794006,27.008661270,38.903327942
-75.485626221,27.242649078,45.850364685
-75.386230469,29.883125305,16.656570435
-77.940177917,27.729242325,27.001564026
-75.388305664,28.263893127,50.006458282
-76.063415527,28.899806976,47.659912109
-77.133972168,26.701156616,33.267398834
-77.058921814,29.317756653,27.743869781
-77.109024048,26.449245453,27.262039185
-75.188331604,27.472023010,42.741085052
-76.794120789,26.590332031,34.354133606
-75.814727783,28.552169800,53.916561127
-76.895568848,26.790472031,38.739021301
-78.237213135,28.552263260,17.561496735
-73.748619080,28.388526917,8.973331451
-75.736793518,28.130765915,57.517288208
-75.995536804,27.751188278,60.368938446
-76.050926208,27.183197021,52.137485504
-77.585807800,28.095443726,36.583271027
-76.246955872,26.809782028,43.330123901
-76.896545410,27.634130478,55.482246399
-75.629333496,28.142871857,55.630809784
-76.512725830,26.391988754,30.876174927
-76.074707031,28.513402939,56.668846130
-74.147003174,28.430538177,16.648704529
-75.421005249,28.917865753,40.708621979
-78.157814026,27.859586716,21.298994064
-76.514762878,27.524234772,58.918876648
-75.488578796,29.610925674,24.008825302
-77.269584656,27.828210831,47.214698792
-75.920120239,27.204652786,51.537033081
-78.461654663,27.769142151,14.987501144
-77.449203491,26.045745850,14.884338379
-75.443214417,29.619686127,23.339822769
-75.816184998,28.400167465,56.278884888
-75.911033630,27.906597137,60.199970245
-75.895942688,27.852901459,59.842960358
-77.096046448,29.261856079,28.527156830
-75.596351624,30.641477585,6.183665276
-77.163719177,26.539052963,28.820587158
-75.003349304,27.879014969,40.997230530
-74.988327026,29.998218536,10.915534973
-77.717742920,27.126775742,29.786584854
-78.026405334,27.833604813,24.619619370
-77.066177368,26.043321609,18.322185516
-76.245208740,29.266040802,36.832897186
-77.315193176,29.229579926,25.963998795
-75.648246765,27.919652939,56.238414764
-77.402954102,27.514982224,42.178424835
-74.216720581,27.594963074,17.677545547
-75.775505066,27.709905624,57.286479950
-77.443534851,28.673925400,33.863861084
-74.695869446,29.049337387,23.152673721
-74.736068726,28.127220154,33.502990723
-76.347671509,28.511884689,56.672714233
-76.567733765,27.492719650,58.092353821
-77.938957214,29.002576828,19.241506577
-76.295433044,26.382354736,31.234212875
-78.163528442,29.755861282,8.457820892
-75.269508362,28.367607117,46.407802582
-77.812110901,27.719423294,30.697942734
-77.377197266,27.619770050,43.576702118
-76.561988831,27.258922577,53.790382385
-77.738883972,28.722909927,26.296548843
-76.095764160,28.532756805,56.385463715
-75.210220337,29.087152481,33.114616394
-74.681884766,28.910070419,24.935335159
-75.886001587,27.571859360,57.381221771
-77.634849548,28.574462891,30.558183670
-76.637176514,29.981830597,16.873596191
-76.849670410,28.264282227,54.792671204
-76.060447693,26.510971069,34.516639709
-77.110214233,25.997543335,17.022481918
-76.070610046,28.170885086,61.088951111
-75.601348877,27.259016037,48.274040222
-77.404640198,27.662240982,42.957172394
-75.931861877,26.901210785,44.476696014
-75.963264465,28.474456787,56.676731110
-75.524795532,27.626739502,52.086055756
-76.257980347,29.212705612,38.383930206
-77.045082092,27.945960999,53.068836212
-74.339088440,28.288251877,21.983419418
-75.401840210,28.284683228,50.153575897
-75.338180542,28.468885422,46.906673431
-71.548759460,88.693496704,56.850246429
-71.557762146,89.591567993,50.835056305
-71.304969788,88.917045593,58.863914490
-71.248893738,89.208282471,57.054557800
-69.766098022,88.007202148,25.109119415
-70.250770569,88.507560730,42.310924530
-71.664390564,88.785491943,55.840225220
-72.683929443,88.298942566,31.071338654
-71.465217590,88.337013245,54.086029053
-70.032264709,88.109634399,32.353221893
-71.496597290,88.329750061,53.726009369
-70.078048706,87.590919495,26.163175583
-70.914093018,90.130653381,37.437522888
-69.921638489,89.110671997,34.675716400
-69.601013184,87.982101440,21.373136520
-71.880920410,88.394660950,49.365066528
-71.072074890,86.819854736,19.664541245
-70.380805969,90.165061951,30.999324799
-71.617530823,90.191978455,37.569301605
-70.755584717,87.956909180,44.149047852
-72.020370483,88.426490784,47.076751709
-71.000587463,89.874374390,43.944667816
-70.657333374,88.313507080,49.313381195
-71.216491699,88.320579529,54.765323639
-69.747070312,88.549346924,28.651435852
-71.396720886,88.650375366,57.875549316
-72.528862000,88.854751587,38.524322510
-70.507469177,88.763031006,50.341682434
-72.980369568,88.725158691,27.220588684
-72.040290833,88.986129761,49.754032135
-70.363983154,88.233573914,41.972007751
-71.484848022,88.980148315,57.780082703
-72.757019043,89.286720276,32.401187897
-71.623504639,87.977470398,46.282882690
-72.675117493,88.891288757,35.065792084
-70.508842468,89.424781799,46.259166718
-72.507385254,88.592704773,37.707714081
-70.870658875,90.126594543,37.169338226
-69.821723938,89.149711609,31.829408646
-70.253143311,87.534423828,28.033237457
-70.820716858,90.526206970,28.037899017
-71.370788574,90.309722900,35.160186768
-69.973739624,89.559104919,33.199600220
-69.653839111,88.643585205,26.583435059
-71.558334351,90.458427429,31.116703033
-70.940147400,87.690841675,39.787883759
-71.302246094,91.913757324,4.256247997
-73.698143005,90.255973816,6.940361500
-71.838020325,89.462219238,50.206733704
-70.504127502,87.585350037,32.594593048
-72.887466431,88.063919067,24.024030685
-71.427177429,87.251281738,29.708190918
-70.673080444,89.526016235,47.390689850
-71.031005859,89.158569336,56.753921509
-72.648223877,88.617881775,34.546390533
-71.287666321,89.707298279,49.032726288
-71.198364258,90.600944519,27.996770859
-70.704895020,88.988342285,54.122268677
-70.876945496,90.548576355,27.923999786
-72.456184387,88.573699951,38.772228241
-71.679031372,88.263023376,50.750312805
-72.285919189,89.531723022,41.592895508
-71.786117554,89.544876099,49.712295532
-71.789794922,87.671760559,37.960567474
-70.131294250,90.732192993,17.876457214
-71.104660034,89.456871033,53.110237122
-69.592575073,89.442436218,24.851097107
-70.164306641,89.646903992,36.300045013
-70.009368896,89.244895935,36.542617798
-71.030410767,89.542457581,51.094707489
-72.678886414,88.060470581,28.508752823
-69.968299866,90.354438782,22.017202377
-70.898971558,87.981788635,46.374061584
-70.126571655,89.013710022,40.577392578
-72.499603271,89.553329468,36.553344727
-70.436851501,89.809898376,38.572563171
-71.638923645,88.414176941,53.328281403
-72.636215210,90.453384399,18.654483795
-71.116477966,90.500282288,30.121484756
-71.588249207,90.645271301,26.319887161
-73.150161743,89.097274780,23.450538635
-72.142456055,88.328430176,43.476074219
-72.656867981,88.289611816,31.592071533
-69.420455933,88.370239258,19.805477142
-70.246871948,86.981872559,18.545782089
-68.888122559,88.916496277,10.719094276
-70.417060852,90.173439026,31.301700592
-71.902709961,89.358673096,50.433483124
-71.600601196,88.250213623,51.496437073
-72.866783142,88.832412720,30.266681671
-70.582679749,89.862968445,39.677154541
-71.099922180,89.348190308,54.814792633
-71.019615173,88.196327209,51.875583649
-72.866264343,88.371528625,27.613267899
-72.928855896,89.758171082,23.898088455
-68.837860107,89.945640564,7.420757771
-71.610580444,88.950492859,56.647964478
-70.175422668,88.332870483,38.564453125
-71.196403503,86.763809204,18.563144684
-72.445899963,88.364418030,37.168567657
-70.693077087,88.166137695,47.451602936
-70.710861206,89.116943359,53.399055481
-69.469993591,87.858268738,17.891302109
-73.348564148,86.496322632,1.776134372
-71.477905273,90.084938049,40.600944519
-71.144020081,89.592247009,50.843822479
-71.378875732,89.171180725,57.234016418
-72.840919495,90.866157532,9.730856895
-70.846923828,87.618003845,37.216953278
-73.292961121,89.466850281,18.438743591
-71.438667297,88.650596619,57.595176697
-69.895599365,88.365165710,31.431177139
-72.179191589,89.658233643,42.082191467
-70.723442078,87.643524170,36.591835022
-70.539909363,90.894699097,18.925083160
-71.664878845,88.326171875,51.849864960
-72.056587219,89.785194397,42.136451721
-70.440925598,87.822456360,36.428401947
-70.191497803,90.209335327,27.623739243
-71.034744263,86.748100281,18.188167572
-70.536964417,87.308738708,27.237703323
-70.589508057,89.948051453,38.031436920
-70.371131897,86.318412781,9.275486946
-72.057472229,89.676284790,43.957660675
-71.411483765,87.408882141,33.772594452
-71.767524719,88.928390503,54.577655792
-73.041427612,90.639366150,10.400931358
-70.518150330,89.083145142,50.027027130
-72.064796448,88.620819092,47.900207520
-71.982757568,87.942558289,40.817188263
-71.180374146,90.037109375,41.291496277
-71.519393921,88.521522522,55.857139587
-71.150718689,89.715461731,48.383377075
-71.853981018,87.552688599,34.572673798
-70.383865356,87.572090149,30.651716232
-70.794357300,88.837821960,55.869991302
-72.225746155,90.320968628,28.053024292
-70.331947327,89.510253906,41.607936859
-70.889343262,89.409255981,52.153030396
-72.312919617,88.371788025,40.250900269
-72.970344543,89.226066589,27.376775742
-69.896240234,88.550071716,32.763084412
-71.091850281,88.401031494,55.652362823
-71.800521851,88.593696594,52.709197998
-72.792549133,90.072380066,22.434633255
-71.334365845,89.905372620,44.807228088
-71.027000427,88.127548218,50.578502655
-71.646255493,87.346916199,31.314115524
-70.540657043,89.071006775,50.573558807
-72.114524841,87.427215576,28.595125198
-71.905754089,87.826492310,39.808174133
-71.194061279,87.881004333,45.779430389
-69.277046204,89.919090271,15.105673790
-71.702178955,87.447547913,33.443992615
-71.441001892,86.974166870,22.907190323
-70.268638611,89.725082397,37.167839050
-69.880699158,88.377128601,31.129751205
-70.523780823,90.317825317,29.693908691
-71.765007019,88.199943542,48.589660645
-69.981231689,89.079261780,36.404628754
-70.904045105,88.845741272,57.274871826
-72.577812195,90.038383484,27.489715576
-73.358726501,89.931762695,13.402476311
-71.608581543,88.746147156,56.413196564
-71.861885071,89.460632324,49.909278870
-70.920600891,90.545280457,28.246425629
-71.513412476,88.751724243,57.461277008
-71.683135986,89.037712097,55.573387146
-71.778320312,90.089050293,39.048736572
-69.958938599,87.011398315,16.068727493
-72.618202209,87.915000916,27.920434952
-70.667724609,88.041748047,44.646800995
-70.777450562,90.305114746,32.422782898
-70.558456421,87.888961792,39.748065948
-72.529243469,86.265724182,4.166494370
-70.839332581,87.678741455,38.627494812
-71.286949158,89.164573669,57.487541199
-72.639114380,89.877174377,28.890266418
-72.365310669,88.339630127,38.736755371
-72.511619568,88.982826233,39.175674438
-71.993988037,91.203842163,11.443927765
-71.972938538,89.120155334,50.803489685
-71.609657288,89.820442200,46.182941437
-71.325431824,87.472015381,35.499980927
4.568540096,-16.627637863,58.892284393
3.090528965,-18.110404968,26.905906677
3.714057207,-16.810457230,54.570701599
4.012855053,-19.319858551,15.491951942
3.609388828,-15.932456017,37.638771057
5.002345562,-16.413749695,48.864589691
4.313595772,-14.894616127,16.742137909
4.300933361,-17.298931122,62.372379303
3.897318125,-17.466299057,56.631008148
5.151945114,-19.151611328,17.281475067
3.184446096,-15.666834831,25.175579071
3.593900919,-18.195194244,36.429634094
4.202415943,-17.815910339,54.068202972
4.662535191,-18.263944626,43.758651733
5.868765354,-18.378541946,22.436618805
4.285717964,-17.011791229,63.092342377
4.616056442,-17.128217697,62.029323578
4.363884926,-17.137615204,63.219577789
5.675347805,-17.193010330,38.375240326
5.333217621,-17.799877167,43.965080261
4.367245674,-17.197782516,63.041542053
5.370135307,-17.654212952,44.790946960
3.677941799,-17.223691940,54.341197968
4.348461151,-19.169961929,19.896280289
3.511183500,-15.957440376,36.570110321
4.115090370,-17.309238434,61.158958435
4.939909935,-16.527076721,52.113353729
6.108939648,-16.436368942,20.888673782
3.929379702,-17.012575150,59.705089569
5.143768787,-16.105943680,39.445922852
3.467040539,-16.397829056,43.837738037
6.136795998,-17.241033554,25.532602310
4.380974770,-17.993074417,50.829788208
3.307790279,-17.056077957,44.540916443
5.157756805,-17.366353989,52.029899597
5.475315571,-16.159809113,32.959064484
4.003517151,-16.337518692,52.304824829
4.240323544,-16.974662781,62.819915771
5.443522930,-14.628928185,6.765798569
2.973448992,-17.397943497,32.674716949
5.529924393,-17.311853409,42.523132324
3.940301895,-15.399922371,27.858623505
4.308827877,-16.280313492,52.851867676
4.060328484,-18.626249313,31.887964249
3.858562946,-16.383846283,51.354537964
4.562646389,-17.865472794,53.639053345
6.433536053,-16.949716568,17.489669800
3.374304295,-15.768099785,30.318790436
5.286267281,-17.627546310,47.068416595
5.023838997,-16.277065277,45.676101685
4.832005501,-16.937757492,58.726703644
2.601586342,-17.390993118,21.581996918
4.316750050,-17.650974274,57.906883240
4.013418198,-16.366104126,53.019622803
3.870961428,-18.763784409,26.450492859
3.743835926,-17.603195190,51.797283173
4.207773209,-18.294372559,42.133441925
4.059026241,-17.944473267,49.831336975
5.149211407,-17.261150360,52.609130859
4.917232990,-16.790800095,56.054737091
3.085093737,-17.109972000,37.512866974
6.039548874,-18.678462982,14.326876640
5.317511082,-16.968965530,47.826290131
2.859000206,-16.494195938,28.850513458
5.373118877,-17.128602982,46.873863220
4.676829338,-15.245219231,23.062055588
3.764246702,-15.239596367,23.014884949
6.011452675,-18.392906189,19.195171356
4.493205547,-17.000679016,62.808006287
5.663074970,-15.898532867,23.686004639
5.879823685,-18.686935425,16.936017990
5.746819973,-16.499694824,31.085634232
2.530991316,-15.754528999,14.598750114
3.262572289,-16.294652939,37.373107910
3.783582449,-17.273450851,56.387203217
4.813268185,-17.277311325,59.154159546
2.917491674,-16.761808395,31.930723190
3.217144489,-16.523256302,39.000335693
3.117394447,-16.928277969,38.521137238
4.733872414,-15.053894997,18.291885376
2.432066917,-16.751451492,18.688762665
3.109328032,-16.588998795,36.567344666
4.257416725,-16.298431396,53.178848267
5.785850048,-17.405075073,35.084587097
4.356294155,-16.163469315,49.946800232
3.840523243,-16.664447784,55.605850220
5.208523273,-18.143800735,40.606777191
2.844691753,-16.891899109,30.057632446
5.246390820,-18.572578430,30.179737091
4.860758305,-17.433004379,57.378658295
4.198060989,-16.035953522,46.283164978
4.510169029,-17.922697067,52.525794983
4.357409477,-17.301233292,62.447170258
4.088514805,-15.888277054,41.721523285
3.714976549,-17.860723495,46.416763306
4.620117664,-16.428699493,54.912532806
4.235826969,-18.299163818,42.194694519
4.478410721,-14.643357277,11.942213058
4.935977459,-18.729831696,29.654211044
3.418018818,-16.974111557,47.742710114
4.911491394,-17.763284683,52.455516815
6.533837318,-16.529760361,12.820420265
4.702308178,-15.810665131,38.317760468
4.615283489,-19.033073425,23.216629028
3.975441694,-17.706897736,53.945415497
4.032357693,-16.953582764,60.986644745
5.062171459,-17.841375351,48.808521271
3.604438543,-17.145252228,52.825851440
4.945334435,-16.516578674,51.832828522
4.969957829,-15.958053589,38.998481750
4.008678913,-15.947483063,42.787681580
4.704208374,-16.909715652,60.468231201
6.171108723,-17.386356354,24.616540909
3.603398800,-15.602460861,29.952547073
4.324805260,-15.962313652,44.475708008
4.768141747,-18.820030212,28.294212341
4.650687218,-16.443002701,54.899814606
4.297118187,-16.444261551,56.463565826
5.561839581,-15.596079826,20.017971039
5.161635399,-17.912368774,45.830844879
4.493808746,-17.781515121,55.544807434
3.909241676,-17.543292999,55.760448456
4.316265583,-16.845731735,62.292499542
6.453557491,-16.820096970,16.371885300
6.152410507,-17.081100464,24.755924225
5.137635708,-17.423103333,52.166774750
4.405876160,-17.784255981,55.538574219
5.062407017,-17.846746445,48.715343475
4.072243214,-16.847276688,60.820262909
4.804648399,-16.542709351,54.732406616
3.895873785,-18.426931381,35.381130219
2.109688759,-17.961093903,6.843217373
3.712949038,-17.760602951,48.395614624
3.528010607,-16.606990814,48.159446716
4.094762325,-17.204765320,61.620437622
3.583379984,-15.435832977,25.920665741
4.093638420,-19.418764114,14.049929619
3.592430830,-18.395990372,31.559125900
2.968467236,-16.604919434,32.640174866
6.751350880,-18.276597977,7.816144943
3.950796843,-17.852933884,50.579761505
2.205112934,-15.923030853,10.469187737
3.419162512,-16.303489685,41.238677979
5.689154148,-17.187936783,37.968574524
3.315354824,-19.826539993,4.831765652
5.029419899,-14.924206734,13.618018150
3.918787479,-16.602504730,56.044239044
3.981920242,-17.674346924,54.646907806
5.906223297,-16.896455765,30.480283737
4.383227348,-16.939090729,62.910923004
4.493449688,-18.680297852,32.622596741
4.199758053,-15.348820686,27.268625259
5.164940357,-17.629798889,49.758541107
4.563614845,-15.807304382,39.278476715
4.702287674,-14.571617126,10.142734528
4.704536915,-16.823526382,59.813343048
3.288189888,-18.738822937,18.830650330
5.399116039,-17.463163376,45.543968201
3.604882479,-16.503610611,48.603721619
3.755735159,-16.361974716,49.234382629
4.610736847,-17.692876816,56.718338013
4.627260208,-18.544111252,36.301612854
4.809294701,-17.581022263,56.509620667
4.332757950,-15.833547592,40.796073914
4.400758266,-17.722232819,56.756366730
5.356093407,-17.113168716,47.309917450
5.572946548,-17.813474655,37.970249176
4.071818829,-18.049846649,47.382865906
3.047839165,-16.904254913,36.307716370
3.744697094,-17.809324265,48.061122894
4.505887032,-18.127061844,47.624122620
4.288690567,-17.592159271,58.806774139
6.207930088,-17.903682709,20.867198944
3.010506392,-17.621105194,31.814401627
4.524400711,-17.945472717,51.986675262
3.815141201,-18.343502045,36.461051941
3.522388697,-16.728122711,49.267322540
5.256448269,-16.670610428,46.866661072
5.332623959,-17.147338867,48.005794525
5.014507294,-16.662940979,52.599685669
4.348381519,-19.505744934,13.045151711
4.203953743,-16.145256042,49.205856323
3.564175129,-15.249953270,21.655015945
5.196243763,-15.549094200,25.026449203
-45.325424194,52.746059418,5.046340466
-46.131565094,55.094612122,47.586540222
-45.906307220,55.825256348,31.171705246
-47.662040710,53.862293243,42.117393494
-48.083065033,55.016044617,54.443069458
-48.020591736,53.892375946,37.264427185
-47.701484680,55.173213959,61.829902649
-47.890445709,55.895282745,44.924880981
-47.870456696,56.214221954,35.604198456
-48.110301971,54.645824432,51.439922333
-46.986324310,53.883129120,45.577217102
-47.823509216,55.093620300,60.131446838
-47.555038452,54.279472351,54.684768677
-47.505649567,55.029541016,64.484283447
-47.928295135,56.510158539,25.898948669
-48.972522736,54.885807037,26.557497025
-47.237663269,54.490562439,60.913143158
-48.490249634,55.466629028,38.549671173
-48.760440826,55.368751526,31.195259094
-47.191616058,54.307743073,57.412693024
-48.367263794,54.125415802,35.514366150
-49.440189362,55.463909149,12.741588593
-46.950782776,55.359279633,61.578121185
-48.289997101,54.250324249,40.077304840
-46.493743896,55.080646515,56.478813171
-45.988246918,55.271472931,42.195095062
-46.751636505,54.985675812,61.449462891
-45.682933807,54.368385315,30.866146088
-47.733795166,54.859886169,61.268959045
-47.126354218,54.603122711,62.508010864
-46.209472656,55.234001160,48.572978973
-47.593132019,57.004440308,15.387777328
-47.658164978,55.435726166,59.589454651
-47.940788269,54.306118011,49.240837097
-47.440135956,56.705944061,23.983127594
-46.981750488,55.034858704,64.147598267
-48.527656555,55.074584961,40.916210175
-48.119049072,54.170539856,42.334651947
-46.644882202,54.375579834,54.481330872
-45.575439453,56.138809204,17.856340408
-46.903827667,54.919174194,63.372070312
-47.269840240,55.170551300,65.016387939
-46.618831635,54.592411041,57.293952942
-48.253097534,55.103466034,49.495487213
-46.912006378,54.172615051,53.240798950
-47.143280029,54.029979706,50.408420563
-46.486213684,55.003906250,56.598484039
-46.904041290,55.571361542,57.730869293
-44.897243500,54.886268616,13.599248886
-46.500347137,55.932975769,42.740932465
-47.182224274,55.744159698,55.961860657
-45.834274292,54.859153748,39.538948059
-44.247108459,53.099487305,3.135310650
-47.861587524,53.681861877,34.011459351
-45.939990997,55.125144958,42.050556183
-47.837703705,55.645500183,52.462017059
-47.380477905,57.476795197,7.315178871
-47.592971802,55.935825348,48.453559875
-48.095909119,55.385738373,51.347301483
-47.538780212,53.546108246,33.542465210
-49.138900757,54.561500549,20.631509781
-46.107006073,54.885944366,47.427928925
-48.505035400,56.257358551,23.147314072
-46.664123535,55.628967285,52.957664490
-46.641765594,57.383651733,6.856401920
-46.908351898,54.046123505,49.887775421
-46.009056091,52.663871765,6.436791420
-46.800567627,54.468002319,58.202980042
-45.805896759,54.893089294,38.735435486
-47.844120026,54.985900879,59.829338074
-48.397048950,56.694152832,16.483736038
-47.318778992,55.535682678,60.550846100
-47.718093872,55.286357880,60.664848328
-47.172523499,56.773292542,22.421762466
-48.560619354,54.433437347,36.029922485
-47.597843170,53.615688324,35.239807129
-47.217441559,55.700374603,57.086807251
-47.816627502,54.834110260,59.709072113
-46.634464264,55.396549225,56.350112915
-47.606853485,52.434375763,5.790015697
-47.535869598,56.916213989,17.657663345
-48.028301239,53.794612885,34.466873169
-46.885181427,54.853870392,62.984508514
-47.775928497,54.831157684,60.396900177
-47.253623962,55.219223022,64.698043823
-46.647098541,53.763778687,38.542602539
-46.393169403,54.626647949,53.221706390
-47.727302551,55.891784668,47.917842865
-47.116413116,54.486770630,60.768211365
-47.351814270,55.375503540,63.016094208
-46.905960083,55.523571014,58.622257233
-48.915222168,55.977119446,19.629043579
-47.173107147,55.401428223,62.610088348
-45.691516876,56.216587067,18.690151215
-48.461952209,55.861858368,32.260322571
-46.824157715,55.878261566,49.665134430
-48.667335510,53.855976105,23.098510742
-46.832153320,53.947109222,46.380767822
-47.475654602,56.256511688,38.981857300
-44.858901978,54.657119751,12.261660576
-46.136409760,55.016948700,48.066352844
-46.148994446,55.378898621,45.293682098
-48.327651978,56.136169434,29.228713989
-47.947082520,53.545940399,28.893476486
-45.890689850,54.510086060,38.744998932
-46.246929169,55.390110016,47.689392090
-48.051864624,53.245780945,19.742530823
-45.331539154,55.540332794,21.406589508
-45.623397827,54.666999817,32.299022675
-45.845119476,56.559307098,15.043468475
-47.337882996,54.578098297,62.040744781
-46.995838165,54.809177399,63.784233093
-49.748901367,53.895824432,5.439511776
-46.808238983,55.140419006,61.761089325
-46.832145691,54.545310974,59.703788757
-49.122165680,54.969779968,22.042821884
-46.875148773,53.939201355,46.532676697
-46.736186981,55.103096008,60.877304077
-47.629653931,54.723064423,61.549423218
-46.251853943,55.139823914,50.455135345
-48.020244598,56.413898468,27.386053085
-45.927326202,54.029975891,31.239465714
-47.807086945,54.213363647,49.554096222
-46.503238678,55.524826050,51.673408508
-46.499847412,55.559097290,50.993892670
-48.373771667,54.285808563,38.658981323
-49.000293732,55.684627533,21.073854446
-46.073162079,55.942050934,32.812564850
-47.488960266,55.181095123,64.156593323
-46.702556610,56.363407135,33.498806000
-49.001346588,55.589157104,21.999973297
-47.427116394,54.495754242,60.244232178
-46.458499908,55.277820587,54.166030884
-47.938583374,55.368877411,55.447868347
-46.684272766,56.496994019,29.048942566
-46.839656830,55.630897522,55.733943939
-48.571296692,54.392192841,35.117019653
-48.061149597,54.795803070,54.187149048
-45.381423950,53.121318817,7.580213547
-47.397880554,54.801357269,64.290611267
-47.594696045,56.233898163,38.662429810
-45.968105316,55.859165192,32.022663116
-47.392616272,54.741329193,63.793231964
-46.565109253,54.989711761,58.228214264
-47.907627106,55.592567444,52.200889587
-49.199245453,55.919563293,14.658121109
-45.357593536,55.206043243,24.762928009
-46.212295532,54.818496704,50.096359253
-48.126281738,56.196269989,31.664968491
-47.968688965,57.061557770,13.087169647
-47.442413330,54.910221100,64.691947937
-47.082431793,55.256984711,63.781188965
-47.666553497,54.518501282,58.176307678
-45.876514435,53.415325165,16.500593185
-47.771266937,53.960273743,43.433574677
-47.195446014,54.914066315,65.211982727
-47.296371460,55.137954712,65.167175293
-46.135398865,55.644603729,40.585361481
-47.259017944,55.075416565,65.378654480
-47.958980560,56.168956757,35.509883881
-46.907371521,52.407329559,5.243078232
-47.436290741,53.939750671,46.733154297
-46.100727081,54.252338409,40.394081116
-47.766571045,54.341270447,53.192501068
-48.844898224,53.383411407,12.077513695
-46.556560516,54.046710968,45.514984131
-45.920547485,53.801971436,25.860935211
-47.025306702,54.511054993,60.797527313
-48.236526489,54.989719391,50.218776703
-47.737148285,54.853961945,61.178966522
-46.652954102,53.958885193,44.571750641
-44.623481750,54.260181427,7.276526451
-46.301395416,54.769519806,52.132534027
-46.998210907,55.020870209,64.308143616
-47.803821564,54.803287506,59.703838348
-47.064899445,55.014160156,64.803695679
-47.470905304,54.814125061,63.945362091
-48.370525360,54.557010651,43.242908478
-47.683570862,54.889793396,62.176918030
-46.713928223,54.858856201,60.746448517
-45.325393677,53.495689392,10.702637672
-45.900726318,55.338253021,38.997169495
-47.087944031,52.955379486,16.030546188
-46.635223389,54.474403381,55.989715576
-8.538672447,12.273096085,37.054397583
-9.353983879,13.580347061,56.866779327
-7.393730640,13.261671066,40.001838684
-10.677515030,13.969527245,19.387237549
-7.274679661,13.389191628,36.688945770
-9.516047478,14.009233475,49.806224823
-10.178201675,13.832833290,32.924636841
-8.924812317,13.429039001,62.493854523
-8.977697372,13.012055397,55.935745239
-9.286106110,12.944025040,51.245349884
-8.503828049,13.756348610,63.271755219
-9.255973816,14.211278915,52.111652374
-8.296862602,15.449132919,20.091041565
-7.870821476,13.668357849,52.817867279
-9.820339203,13.941956520,42.362014771
-9.957026482,14.346146584,33.422874451
-9.083576202,14.904486656,35.620750427
-9.857398987,13.635251045,43.585720062
-8.563803673,13.060262680,57.900287628
-7.377766609,16.512559891,3.840456724
-7.736376286,12.878142357,44.631656647
-9.860060692,13.376122475,43.705024719
-8.933196068,13.226448059,60.105163574
-10.104074478,14.202241898,31.565189362
-9.259879112,13.990073204,55.854137421
-6.316936970,11.813155174,5.386067867
-8.838042259,13.744016647,63.641674042
-8.765512466,13.621430397,64.165382385
-8.536097527,12.547590256,45.130928040
-8.780333519,13.165850639,59.865997314
-9.859154701,13.340586662,43.614124298
-10.615341187,11.087867737,1.923780203
-8.571711540,13.202609062,60.455234528
-8.562904358,14.441777229,51.068786621
-7.410513401,14.382862091,30.430801392
-8.087732315,13.675575256,57.763011932
-7.425173283,12.855297089,37.217468262
-9.177905083,12.355985641,36.882926941
-8.417334557,13.148904800,58.827083588
-8.376488686,13.973307610,59.862644196
-6.727397442,12.767328262,18.900568008
-8.655263901,13.549365997,64.085052490
-7.404406548,13.425151825,40.519214630
-10.056174278,12.032132149,15.328776360
-8.732700348,14.957091331,35.132537842
-8.913209915,14.482045174,49.652095795
-8.842005730,12.944365501,55.211788177
-7.544279575,11.481401443,8.930604935
-9.300571442,13.855004311,56.623016357
-9.738780022,13.996443748,44.041728973
-7.829825878,13.523399353,52.250461578
-9.090815544,13.283358574,59.416381836
-9.434000015,13.570502281,55.114078522
-9.186338425,13.476164818,59.736835480
-6.158133507,12.869693756,9.475480080
-8.540240288,13.822075844,63.073387146
-6.754623890,12.703194618,18.947992325
-8.809773445,12.976803780,56.054477692
-8.518030167,14.696841240,42.954936981
-9.516928673,13.459650040,53.063709259
-7.927466393,13.683944702,54.137149811
-8.712614059,12.895634651,54.402816772
-7.258426189,13.257585526,36.056175232
-9.051424026,13.388139725,60.963443756
-7.798570633,14.852724075,29.224449158
-8.954439163,13.693374634,62.956504822
-8.263384819,13.882572174,59.407623291
-7.984717369,14.786040306,34.074069977
-9.408092499,13.460978508,55.536273956
-8.821824074,13.195754051,60.228069305
-11.015923500,12.888278961,9.625549316
-9.579327583,13.927221298,49.201763153
-8.332238197,13.988953590,59.052753448
-8.493121147,12.774478912,51.174144745
-10.233577728,14.487899780,25.042730331
-10.247530937,15.647075653,8.259445190
-8.477934837,13.801692963,62.782848358
-8.380638123,13.224939346,59.712596893
-8.047912598,13.553413391,57.225463867
-9.607878685,14.130873680,45.680267334
-6.046360016,12.570964813,7.179354191
-8.997688293,15.018503189,32.656345367
-9.262079239,15.045835495,30.167161942
-7.685161114,13.702405930,47.594863892
-8.943362236,14.627074242,45.113838196
-9.547397614,14.447686195,41.206760406
-7.368180752,14.918442726,20.106456757
-7.768775463,12.708738327,41.932743073
-8.091977119,13.617325783,58.036773682
-9.827294350,13.546669006,44.736087799
-10.203429222,13.507708549,33.435089111
-8.892975807,14.224985123,56.511783600
-7.704455376,12.285470009,30.385622025
-10.097537041,11.640474319,7.420970917
-7.931399822,12.999858856,50.360515594
-9.331946373,13.642501831,57.242725372
-8.774670601,14.370975494,53.386219025
-10.930204391,13.489430428,14.151817322
-10.002466202,15.378629684,14.976779938
-8.238645554,14.038758278,56.816787720
-6.597841263,13.540582657,18.149311066
-7.873738766,12.225588799,30.964298248
-8.568521500,15.961445808,11.931796074
-8.271923065,12.934934616,53.623409271
-9.745529175,12.112923622,22.126701355
-8.326295853,14.547841072,45.892585754
-8.642827034,12.875443459,53.946624756
-8.528113365,13.000046730,56.565727234
-7.549198627,13.275920868,44.433769226
-9.652702332,13.141160965,47.549922943
-8.383133888,12.456298828,42.028171539
-8.102904320,13.415528297,57.942722321
-8.688113213,13.556823730,64.133186340
-6.505874634,13.517284393,16.240369797
-7.924708366,16.140018463,8.219436646
-8.344181061,15.534385681,18.493089676
-8.672478676,14.483496666,50.202274323
-9.358641624,12.574610710,41.167198181
-9.738704681,13.662634850,46.920764923
-8.484194756,12.569886208,45.643054962
-10.148289680,11.810061455,9.706489563
-6.643224239,13.794383049,18.201793671
-10.915202141,13.677699089,14.800724983
-8.929203987,12.309616089,37.379173279
-7.610621929,13.229427338,45.845352173
-8.728640556,13.402477264,63.131561279
-8.723547935,14.704322815,43.319679260
-8.164262772,13.234903336,57.391803741
-7.194445610,15.226983070,12.890942574
-10.233136177,12.572239876,23.669891357
-9.381097794,15.211874008,24.855028152
-8.952647209,13.114868164,58.120914459
-8.803927422,13.462647438,63.431194305
-8.925911903,12.617152214,46.418029785
-9.563092232,13.419628143,51.827846527
-7.388357639,14.975951195,19.496850967
-7.854246616,14.050115585,48.152961731
-11.381809235,15.467157364,1.422904849
-7.651921272,13.317470551,47.365188599
-9.418316841,13.872861862,53.832031250
-8.725223541,12.994116783,56.628280640
-7.275952816,13.031736374,35.295001984
-8.520062447,12.482538223,43.230644226
-9.025222778,14.769056320,40.174774170
-8.727363586,13.099876404,58.779834747
-10.718110085,13.345798492,18.568908691
-9.124587059,14.420135498,49.311584473
-7.447714806,12.468218803,30.545658112
-7.968243122,12.718053818,45.304039001
-7.620595932,13.249994278,46.225730896
-8.212654114,15.235619545,24.650897980
-10.473604202,13.833648682,24.801832199
-7.192538738,14.465911865,23.779302597
-6.603991985,13.190541267,18.267509460
-7.684722900,14.405229568,36.978221893
-8.719345093,12.674469948,48.711791992
-8.546200752,15.620550156,17.364740372
-7.520052910,14.175206184,36.900390625
-9.263851166,12.279276848,33.677841187
-8.968963623,12.777802467,50.503124237
-9.125843048,14.789417267,38.749011993
-7.544692516,14.773967743,26.133995056
-8.225779533,13.156993866,57.160572052
-8.330935478,11.960082054,26.959653854
-7.665887356,12.587447166,37.373252869
-7.435797215,13.053245544,39.843292236
-6.536819458,13.422931671,16.984790802
-8.885630608,14.449190140,50.762195587
-10.111799240,13.905389786,34.299705505
-9.775217056,14.363640785,37.613426208
-8.270176888,13.911120415,59.182933807
-7.533751011,13.830286980,42.037101746
-10.964699745,12.933573723,10.829671860
-9.729515076,14.350175858,38.953666687
-8.972293854,13.043760300,56.622165680
-9.583386421,13.345171928,50.990257263
-8.348093033,14.576296806,45.293571472
-8.732427597,13.243910789,61.212211609
-8.730682373,12.475689888,43.047515869
-9.227856636,15.115403175,28.530477524
-7.697729111,15.923253059,9.281335831
-9.503135681,16.287033081,5.597934723
-9.276784897,13.033637047,53.134918213
-8.472935677,14.178092957,57.184696198
-96.047798157,23.449523926,59.000606537
-94.180213928,22.329154968,13.495958328
-97.338592529,23.739936829,40.219932556
-96.339347839,23.578012466,58.333740234
-93.924156189,25.198778152,5.315347195
-95.598770142,22.761234283,49.039558411
-95.986938477,21.785270691,25.792243958
-97.090881348,24.276849747,37.865367889
-97.181510925,22.913040161,41.620353699
-96.017822266,20.589635849,5.370560646
-96.029411316,23.840620041,56.498741150
-95.674217224,25.209758759,21.029109955
-96.758323669,23.321245193,53.091972351
-97.027984619,22.906213760,44.332672119
-96.964347839,22.807762146,43.893077850
-98.202911377,22.385391235,15.344028473
-95.446166992,23.186916351,52.267154694
-96.734191895,23.092138290,51.507499695
-95.928245544,22.199935913,37.165729523
-95.331420898,21.447612762,15.080827713
-95.224250793,23.953773499,43.578491211
-98.301116943,23.613666534,20.558593750
-95.842071533,22.332925797,40.578613281
-96.307640076,22.010364532,31.563047409
-95.374160767,24.231134415,41.603000641
-96.256202698,20.975761414,8.878950119
-96.301147461,23.348836899,58.305934906
-96.914169312,22.069362640,28.531536102
-97.083564758,23.034671783,44.929042816
-96.347496033,24.185806274,50.224979401
-95.614280701,23.729804993,53.630298615
-97.270652771,23.726959229,41.922657013
-95.584861755,24.217576981,45.213291168
-95.283088684,21.205032349,10.865982056
-97.685195923,23.133993149,33.019596100
-95.458213806,24.370206833,40.016681671
-96.869537354,25.607305527,10.065386772
-98.104393005,23.201911926,24.374528885
-95.550178528,23.062631607,52.879295349
-97.180953979,24.739439011,25.664493561
-96.372596741,23.739408493,57.219879150
-95.040748596,22.727668762,38.870071411
-96.039169312,23.111783981,56.954051971
-97.440422058,24.595233917,24.637466431
-95.703056335,23.811716080,53.942687988
-96.159492493,24.933300018,29.107721329
-98.822402954,23.239101410,12.166720390
-97.696189880,23.769514084,31.699293137
-95.018241882,22.675870895,37.509902954
-94.715454102,23.896551132,32.860492706
-95.460304260,24.334686279,40.831775665
-95.846794128,22.590810776,47.172653198
-96.966758728,23.494298935,49.696269989
-96.713653564,24.090867996,48.505409241
-98.509963989,23.869752884,15.938330650
-96.340003967,23.286855698,57.708251953
-96.338340759,21.332712173,14.704813957
-95.547760010,23.556221008,53.972217560
-93.789001465,24.245893478,10.283986092
-96.028648376,22.439643860,43.762153625
-97.129379272,22.586793900,37.251766205
-94.319923401,22.700401306,20.197799683
-97.764404297,24.449123383,21.628614426
-95.369079590,23.426549911,51.275978088
-95.301582336,23.802038193,47.191097260
-97.515563965,25.634096146,7.404083729
-98.457000732,23.184810638,17.709157944
-94.775207520,25.497390747,9.695481300
-97.167129517,23.521028519,45.366756439
-97.230331421,25.015869141,18.849365234
-95.961631775,23.178188324,57.472679138
-95.687789917,21.984857559,30.186956406
-97.499572754,23.798601151,35.917587280
-94.951812744,23.280559540,41.691627502
-95.899559021,22.496665955,45.049129486
-94.477096558,24.374658585,22.031621933
-94.907363892,25.201831818,15.473125458
-96.478919983,23.171398163,55.551910400
-98.274536133,23.084264755,20.556993484
-95.570594788,24.611461639,35.710197449
-95.965568542,23.411550522,58.693275452
-95.253669739,23.938392639,44.404319763
-96.869049072,23.381042480,51.441421509
-95.969108582,22.428155899,43.426261902
-98.999305725,24.283235550,7.207285404
-97.224807739,24.437948227,31.790233612
-95.581626892,23.398166656,54.964580536
-94.414024353,24.203060150,22.842369080
-96.593994141,25.148626328,20.954893112
-97.330307007,20.999963760,4.905351162
-96.599174500,24.475076675,40.688182831
-95.805160522,23.255371094,57.156398773
-95.542671204,22.749076843,48.174571991
-97.428405762,22.968729019,37.306495667
-96.978019714,22.501909256,37.856636047
-96.405929565,24.778144836,33.047206879
-96.559295654,22.606157303,45.193637848
-96.779861450,23.302742004,52.640865326
-95.684700012,24.305936813,44.549537659
-94.475471497,22.962287903,26.746902466
-95.734680176,23.339340210,56.837612152
-97.245132446,23.529115677,43.576141357
-98.451103210,23.135128021,17.622922897
-96.331336975,23.250291824,57.491611481
-96.980331421,24.005268097,45.170227051
-96.769165039,22.670583725,44.202873230
-96.253524780,23.186130524,57.343402863
-95.319999695,23.981924057,45.066795349
-95.131530762,22.673053741,39.929988861
-96.776275635,23.368375778,53.013286591
-95.863380432,25.149663925,22.966938019
-98.647552490,22.560371399,11.042820930
-95.536270142,23.743976593,52.242031097
-98.095947266,22.215009689,14.722583771
-97.407363892,22.989654541,37.956325531
-96.737182617,24.137708664,47.219272614
-94.776969910,23.810443878,35.144458771
-96.238632202,23.066938400,56.035846710
-96.949783325,23.365110397,49.872817993
-96.613113403,24.746206284,32.516941071
-94.761398315,22.440229416,27.513006210
-98.306907654,22.614671707,16.264556885
-98.231323242,24.422245026,14.957849503
-95.431076050,24.323471069,40.624320984
-95.479400635,24.197002411,44.037055969
-94.932044983,23.705026627,39.825374603
-95.844032288,23.304737091,57.691268921
-95.500007629,21.121337891,10.572966576
-95.499496460,24.301080704,42.158748627
-94.435028076,22.142433167,16.162899017
-96.054039001,23.336147308,58.739791870
-97.759445190,24.771436691,16.745670319
-95.799560547,24.275581360,46.512516022
-98.077995300,22.430946350,17.860424042
-96.762153625,23.049726486,50.583408356
-98.363426208,22.735546112,16.484914780
-96.410812378,23.137187958,55.803123474
-95.952438354,23.175977707,57.422340393
-97.590820312,23.434076309,35.768962860
-95.872383118,23.134313583,56.676162720
-96.090782166,26.472084045,3.031890392
-94.613220215,23.180681229,32.072959900
-97.260803223,23.661762238,42.615531921
-96.382743835,23.266122818,57.253780365
-95.424987793,23.600852966,51.551071167
-95.643829346,23.676759720,54.572673798
-93.521957397,21.913314819,3.521572113
-94.719032288,21.142084122,7.211839199
-95.325332642,22.442399979,38.607925415
-96.058494568,25.375898361,17.157266617
-95.843093872,24.419063568,43.310810089
-95.010536194,23.503684998,42.973533630
-96.990242004,23.675893784,48.587657928
-95.803894043,23.910753250,53.772220612
-94.692901611,22.800516129,31.099065781
-95.266845703,22.242311478,32.892475128
-94.137855530,23.754356384,19.772048950
-97.371208191,23.245767593,40.524600983
-96.981452942,20.942777634,5.772929668
-97.418685913,24.498300552,26.917095184
-97.482063293,24.205671310,30.954025269
-95.461441040,24.458108902,38.067687988
-96.011238098,22.574913025,47.140876770
-97.298980713,23.537204742,42.310379028
-94.951225281,24.370534897,31.260107040
-97.273452759,22.145380020,25.726560593
-96.299110413,23.936903000,55.236698151
-95.519187927,23.365158081,54.006206512
-96.354835510,22.166561127,35.629726410
-94.546058655,23.425184250,30.797983170
-95.156295776,23.334037781,46.800586700
-95.729003906,23.729766846,55.206665039
-95.460182190,22.931501389,50.028617859
-96.048133850,23.280981064,58.444187164
-96.537330627,24.629590988,36.725479126
-95.800132751,22.348583221,40.827095032
-96.376075745,23.151247025,56.236347198
-96.125480652,22.390115738,42.386940002
-95.269744873,23.697050095,47.650653839
-97.391799927,22.969335556,38.076057434
-93.809486389,25.557163239,2.941900253
-95.924819946,24.569154739,39.714599609
-94.845039368,22.141067505,23.667263031
-95.566390991,23.318296432,54.674545288
22.460756302,23.022006989,60.367073059
21.036481857,23.419513702,41.040218353
20.689100266,22.774763107,24.912366867
23.585012436,24.171678543,37.428401947
21.885759354,24.756992340,43.398582458
21.812746048,22.478126526,43.122562408
24.704029083,24.075105667,9.714767456
23.081541061,24.275695801,48.869750977
22.963518143,22.660278320,44.233341217
21.732196808,23.722709656,60.611179352
22.907640457,24.308319092,51.779136658
22.309511185,25.234766006,30.276592255
21.093990326,25.316934586,14.566902161
23.822435379,23.713708878,32.927509308
22.726057053,23.141662598,60.266403198
21.602163315,22.937105179,50.739921570
22.825649261,25.627492905,17.776706696
23.304586411,21.946649551,19.717742920
21.421413422,24.327230453,45.760192871
22.446825027,22.357074738,40.986431122
21.459949493,22.195753098,30.623170853
24.174659729,23.341005325,20.919343948
22.403766632,23.044395447,61.066337585
21.816682816,21.879188538,25.741559982
22.735971451,24.685770035,44.774566650
22.075359344,23.746860504,65.739395142
23.566570282,24.214458466,37.390029907
21.624282837,23.065313339,53.470996857
22.569091797,25.078306198,34.633018494
23.663433075,23.275075912,36.681247711
20.532545090,23.321523666,25.069587708
21.570732117,24.302593231,49.980873108
21.538127899,22.710109711,44.710163116
22.490898132,23.292432785,64.947227478
21.538129807,24.900724411,33.476615906
21.353864670,20.317592621,1.143734455
20.695789337,23.601339340,30.381565094
22.342975616,21.734306335,22.541934967
20.560035706,23.393243790,26.085243225
23.862665176,23.825588226,31.425062180
21.589630127,23.832426071,56.888950348
21.589380264,21.102182388,7.473876476
22.725858688,23.625297546,64.334381104
23.350488663,24.125093460,44.751106262
22.391761780,24.151649475,61.492195129
21.587417603,21.975942612,26.461830139
20.620864868,22.688640594,22.128326416
23.026046753,24.236986160,50.896472931
21.568243027,23.825166702,56.408123016
23.043991089,24.260744095,50.014938354
22.799831390,22.423347473,39.625690460
22.313812256,22.336315155,40.884243011
21.201826096,24.857810974,27.457891464
23.086202621,23.412538528,56.173217773
21.498004913,22.849374771,46.811946869
22.382099152,24.288400650,58.567356110
23.043439865,23.381784439,57.060539246
23.257493973,22.730230331,39.706966400
24.247753143,23.965702057,19.766138077
20.101362228,22.800945282,11.883706093
22.078767776,25.107994080,33.590923309
22.378780365,23.386226654,66.327613831
23.402870178,24.557260513,35.603019714
20.364088058,23.985874176,18.656822205
21.113334656,23.283466339,42.602767944
22.087453842,24.290843964,58.148265839
25.375543594,21.802040100,2.039229870
22.916240692,24.652463913,43.067764282
22.237121582,22.748895645,53.719215393
24.183345795,23.033277512,19.020734787
22.028680801,23.468723297,65.084197998
21.923099518,24.026899338,61.368732452
21.265863419,22.666183472,37.827018738
22.016658783,24.129457474,60.842201233
23.088584900,24.821582794,35.770610809
22.112581253,23.754709244,66.023284912
23.687299728,23.452251434,37.059040070
23.253713608,22.271148682,27.967832565
23.266801834,23.625370026,51.522258759
21.955556870,22.241044998,37.301620483
22.400394440,23.925516129,65.143821716
22.674013138,23.295221329,63.309749603
23.487623215,24.472013474,35.275424957
21.579736710,23.205829620,54.508499146
22.026714325,23.531892776,65.351387024
22.360435486,24.073268890,63.054775238
21.377376556,23.683139801,51.812397003
25.369939804,21.461730957,1.716165543
22.275787354,22.200426102,36.581291199
22.605810165,24.346261978,55.463394165
22.736593246,24.840143204,40.340190887
22.986207962,24.696348190,40.745540619
22.552444458,22.420509338,42.302379608
22.778909683,23.547077179,63.497180939
22.626317978,24.236436844,57.801338196
21.698173523,23.505735397,59.739631653
21.664651871,24.261121750,52.892570496
21.750976562,23.725139618,60.986232758
21.230012894,23.366075516,46.688613892
22.779241562,24.469186783,50.057579041
22.858230591,24.054115295,57.808834076
22.226190567,23.341657639,65.650711060
21.961547852,23.655502319,64.684196472
22.960557938,23.947166443,57.331966400
22.882568359,24.684606552,42.743175507
22.188234329,25.098976135,34.409832001
22.667572021,22.648117065,48.431190491
22.749576569,23.328992844,62.634090424
22.388561249,24.328092575,57.592395782
21.820661545,22.406444550,41.162254333
22.626165390,22.731777191,51.431945801
22.551162720,24.176820755,59.890327454
21.050241470,24.324848175,35.017883301
22.903875351,23.630138397,61.090778351
20.988439560,22.319517136,24.667154312
21.662055969,22.911788940,51.442016602
22.499914169,24.682479858,47.189086914
22.949228287,22.962163925,52.538940430
21.818397522,24.763786316,42.332904816
22.833154678,24.414560318,50.585628510
21.594284058,23.643909454,57.630130768
21.709455490,23.234796524,57.695201874
21.796253204,23.246700287,59.515022278
22.224838257,22.018682480,30.952005386
21.255151749,23.817623138,47.652824402
22.553050995,22.575128555,47.297172546
21.890865326,23.849599838,62.817604065
23.732381821,24.219974518,32.640094757
22.217252731,23.480110168,66.693519592
21.409172058,23.803852081,52.288597107
22.852352142,23.186737061,58.942760468
21.937219620,23.439474106,63.709438324
23.009576797,23.806287766,57.748920441
23.857198715,23.177633286,29.414970398
22.559694290,24.232345581,58.616111755
22.261457443,24.178205490,61.186573029
22.979455948,24.009395599,56.020648956
21.769632339,24.992572784,34.371273041
20.962629318,23.227552414,37.577835083
23.364418030,22.235866547,25.257093430
23.605379105,22.463598251,25.656198502
20.932321548,24.675506592,24.854858398
21.915164948,22.457441330,43.544769287
23.830560684,22.081996918,15.459642410
21.893184662,23.534292221,63.520118713
21.780281067,22.932338715,53.973953247
24.019826889,25.284906387,10.826116562
23.714366913,22.709749222,27.581226349
22.384830475,23.429239273,66.658264160
22.478511810,23.499328613,66.723266602
22.591297150,23.619173050,66.027183533
23.426282883,24.548683167,35.242603302
24.492954254,21.835062027,6.589951038
22.998437881,21.856662750,21.160583496
21.477890015,24.934566498,31.316337585
22.260257721,22.872674942,57.083374023
22.258386612,23.975374222,64.638412476
23.169095993,22.304821014,30.281753540
22.705902100,22.544172287,44.703918457
21.972501755,22.670198441,50.112648010
23.934333801,23.023744583,25.633853912
21.123907089,23.610113144,44.172676086
23.121440887,24.686597824,38.561386108
22.200555801,23.030868530,60.588638306
23.351554871,22.213827133,24.956905365
23.289043427,23.738330841,50.505741119
22.953884125,23.971136093,57.148162842
21.514694214,23.591217041,55.603004456
21.289783478,24.459428787,39.376495361
21.836856842,24.624616623,46.797222137
22.708513260,22.382215500,39.474273682
21.386611938,22.485727310,36.514976501
21.904266357,23.804653168,63.331710815
20.370311737,22.397054672,13.444653511
22.080850601,24.890625000,40.800670624
22.160936356,23.232204437,63.927295685
20.763317108,23.293245316,31.886798859
21.329063416,24.164808273,46.122104645
24.588098526,23.974281311,11.954222679
21.317699432,24.034421921,47.602130890
21.554538727,23.067646027,51.972705841
22.557056427,24.634124756,48.169700623
22.524305344,23.985456467,63.572429657
22.485668182,24.005390167,63.564987183
88.646865845,37.592239380,38.963302612
87.315696716,35.602672577,31.586269379
87.636711121,35.670768738,42.063995361
87.770332336,36.858444214,45.393253326
88.098617554,36.327648163,59.567687988
88.214546204,35.607128143,55.149005890
88.849807739,35.055809021,44.383441925
87.660499573,34.700042725,24.014331818
88.049339294,36.288131714,58.408790588
89.909523010,35.527557373,36.355533600
90.331718445,36.236881256,28.665342331
89.183273315,36.533470154,60.134552002
89.322082520,38.193954468,19.411369324
90.168266296,35.386432648,26.734746933
88.330047607,36.793773651,58.870975494
87.686286926,36.755241394,44.257129669
88.674827576,35.364700317,53.772125244
89.094017029,37.337741852,44.124279022
87.806526184,37.966655731,20.606458664
88.987228394,36.235862732,65.367591858
89.141937256,33.771163940,9.666363716
89.524909973,36.628974915,51.061492920
88.292861938,36.701213837,59.982292175
89.154548645,35.303112030,49.188198090
88.843307495,34.771766663,35.545566559
90.563423157,36.260601044,22.192487717
88.444374084,34.959350586,40.875499725
88.383865356,36.266784668,65.007690430
89.024749756,34.805171967,35.534729004
88.380828857,37.110626221,52.023323059
89.077568054,36.514156342,62.189888000
89.420890808,35.966037750,56.105171204
87.949508667,35.810272217,52.691314697
89.462928772,37.254753113,40.402645111
88.754119873,35.378662109,54.201072693
88.571334839,37.287872314,48.063625336
89.464157104,35.342803955,44.667007446
88.981918335,36.209144592,65.458038330
88.349624634,33.705673218,9.751735687
87.746185303,37.753345490,24.912916183
88.678260803,36.502948761,65.568847656
88.652854919,36.767173767,61.473102570
89.377761841,36.932056427,49.387615204
89.931594849,36.822765350,37.200710297
90.453392029,37.874687195,9.244863510
88.768432617,35.150844574,47.534084320
87.590072632,35.368015289,36.222923279
88.931632996,35.105861664,45.529914856
88.738708496,37.584434509,39.209560394
89.369697571,36.160659790,58.210498810
88.689834595,35.251895905,50.577751160
89.119499207,36.607048035,60.275024414
87.293930054,36.568656921,32.513088226
88.985916138,36.155403137,65.380149841
87.931015015,36.091995239,54.750087738
88.203758240,35.072669983,41.859630585
89.990905762,37.859394073,16.815067291
88.528190613,36.872955322,58.947746277
87.201881409,35.629951477,28.397220612
88.687828064,35.447360992,56.016349792
90.497909546,36.975418091,20.293853760
88.874084473,34.598590851,30.207868576
87.936462402,36.137386322,55.108051300
88.506301880,35.405399323,54.089897156
88.389793396,36.185390472,65.018081665
86.894653320,36.846881866,18.033330917
88.512199402,36.140575409,66.200897217
87.956802368,36.355258942,55.798000336
88.635780334,35.202754974,49.029605865
89.307586670,35.167644501,43.094776154
90.025718689,35.821208954,36.307559967
87.982009888,34.326038361,19.863943100
87.912200928,38.171752930,17.119577408
89.422164917,35.949676514,55.945934296
88.768676758,36.989475250,56.189891815
88.467582703,37.238937378,49.061771393
88.233314514,35.274192810,47.663089752
88.877189636,36.224533081,66.461242676
87.192100525,36.788970947,27.402734756
88.588844299,37.679298401,36.193046570
87.983390808,36.222122192,56.641693115
87.605339050,36.906002045,39.621040344
88.689247131,36.375640869,66.660842896
88.323593140,35.494728088,54.397151947
89.081718445,36.140830994,64.051933289
88.935531616,36.439620972,64.835151672
89.230873108,36.444614410,60.154888153
88.561439514,35.052867889,44.281421661
88.660888672,37.876831055,30.505180359
89.323326111,35.823055267,57.028118134
88.850791931,37.358612061,45.589363098
88.768325806,36.619731903,63.830451965
88.038436890,37.467903137,37.428878784
89.499488831,35.673881531,50.547546387
88.133499146,35.488578796,51.189216614
90.133010864,34.899799347,19.766925812
87.459037781,35.227073669,30.409856796
86.933280945,34.304752350,6.567828178
87.172264099,36.183151245,29.614717484
91.382621765,35.490207672,6.798362732
89.212265015,36.935779572,52.510742188
88.172760010,35.985931396,60.018287659
88.562171936,36.560779572,64.632331848
89.111770630,34.576206207,28.016609192
89.872901917,38.595542908,6.996533394
88.490409851,36.783763885,60.609760284
89.114334106,35.865772247,61.563617706
89.602989197,37.033924103,42.235973358
90.207107544,36.550777435,31.718383789
91.755668640,36.435203552,4.741664886
88.534118652,36.393383026,66.062721252
88.660629272,36.488452911,65.719169617
88.814147949,36.134567261,66.742988586
87.700836182,36.533599854,46.927631378
88.267227173,36.081008911,62.626785278
87.502319336,36.492374420,40.334056854
89.197502136,35.666515350,57.082984924
88.915100098,36.027774811,65.545883179
88.583892822,35.689220428,61.228504181
88.088897705,35.078315735,40.410385132
88.970077515,34.913883209,39.302486420
88.715965271,37.183429718,51.147293091
87.972259521,37.661155701,30.931035995
88.219757080,36.076808929,61.700664520
88.663284302,36.697978973,62.765552521
89.050125122,37.302051544,45.596435547
88.282402039,38.312500000,17.232736588
88.440872192,34.336803436,23.233062744
88.979843140,36.512882233,63.558940887
92.042312622,35.861686707,4.098929882
89.686447144,36.786437988,44.515628815
87.535003662,36.000705719,41.706214905
87.733238220,37.180213928,38.333694458
86.107551575,35.364471436,3.576220274
88.065322876,34.985439301,37.614097595
88.632949829,35.863132477,64.427452087
90.054542542,35.194000244,26.722610474
89.176956177,35.877182007,60.651329041
87.809646606,36.557731628,50.252990723
88.619148254,38.000469208,26.913669586
87.502296448,36.819606781,37.431148529
89.537101746,37.418937683,35.041358948
90.152511597,36.023742676,33.618431091
87.983375549,37.155120850,44.789577484
88.181533813,34.677623749,30.698085785
90.544723511,35.846984863,21.170732498
90.134971619,35.876499176,33.254405975
89.703437805,35.951320648,47.815124512
90.004180908,37.345195770,26.530233383
91.314819336,36.849559784,6.843840599
87.117652893,34.381301880,9.596267700
89.469238281,36.694736481,51.557952881
88.361625671,37.978427887,26.203159332
86.986724854,36.064823151,23.636007309
88.468009949,35.872726440,63.391265869
88.855827332,36.975105286,56.055564880
89.197845459,37.175109863,47.033012390
88.699119568,35.332275391,52.900772095
89.331947327,37.208557129,43.974414825
88.364677429,35.008975983,41.756149292
89.380302429,36.681171417,53.896362305
88.759155273,37.220890045,49.968132019
90.551605225,35.368820190,17.042951584
91.961463928,36.197959900,4.236271858
90.526252747,36.029972076,22.599712372
88.521080017,36.282966614,66.415779114
87.022460938,36.807518005,21.947534561
88.044853210,36.896553040,51.854881287
89.208457947,36.970970154,51.790176392
87.632736206,35.943531036,44.614555359
88.341392517,37.279975891,46.879486084
88.769401550,35.398105621,54.717063904
88.746475220,35.254783630,50.674476624
89.949012756,35.447128296,33.911464691
88.424514771,35.708599091,60.224674225
89.789916992,35.517219543,39.749618530
88.729507446,37.412384033,44.407566071
90.134399414,36.651733398,33.177925110
89.103858948,36.862674713,55.871746063
88.506401062,36.226799011,66.338104248
89.273078918,35.098457336,41.659637451
89.230293274,39.367183685,2.098710060
88.598342896,35.639663696,60.290893555
88.788406372,36.244239807,66.950103760
-50.825939178,41.409942627,0.565436482
6.449560642,-89.165199280,0.588147938
-72.157241821,82.355499268,0.675119579
75.156974792,63.150829315,0.814175129
14.230540276,-27.962141037,0.579752386
91.752792358,81.888160706,0.573321283
-96.594535828,-75.786773682,0.567005873
8.609848022,38.105056763,0.482348770
-7.032287598,-63.586639404,0.571729302
-15.943888664,-58.927646637,0.562880993
60.840164185,8.444566727,0.864376664
-18.229492188,-71.666770935,0.974846840
2.887623072,13.278068542,0.614621639
30.620948792,41.111003876,0.563529730
-91.634445190,-24.440563202,0.589474440
-25.592466354,-65.901664734,0.573243916
-35.556415558,-91.172439575,0.577690005
-7.571352959,2.763834476,0.578669310
-2.159406662,-71.603179932,0.592122555
-78.826995850,51.832874298,0.572302997
49.775108337,-40.607124329,0.574113131
36.005592346,88.302993774,0.561586201
67.804779053,-40.916286469,0.573460817
-73.353912354,-89.754425049,0.577710211
0.745666564,-8.492738724,0.564076841
50.227668762,53.670787811,0.581038475
-86.004249573,94.286331177,0.593103588
-48.417167664,-25.179534912,0.584213614
15.257406235,-92.343475342,0.558412313
42.576839447,-61.560028076,0.610108316
83.399810791,-50.652320862,0.605396509
-17.338464737,-55.134975433,0.567548275
29.219814301,-24.539459229,0.570735872
-52.164970398,68.784271240,0.576474786
40.589023590,-5.670265198,0.575255752
-42.812919617,74.458618164,0.579314411
-16.123237610,-6.920653343,0.555930138
-61.601394653,66.784088135,1.174072862
9.981014252,31.379549026,1.194354057
-16.236553192,-96.124526978,0.585617185
-39.897636414,-95.865570068,0.562367022
-94.014289856,97.025688171,0.582940400
-81.050659180,-9.800621986,0.579259157
67.743896484,-15.689922333,0.577025056
-50.249538422,-17.199684143,0.586163282
64.777770996,-91.021713257,0.567606628
-2.244434595,-61.298805237,0.601711690
-87.946136475,57.110897064,0.572595119
-97.103500366,-17.008411407,0.557668328
9.100555420,-65.423255920,1.136735320
79.891334534,-18.263883591,0.553405285
-63.579238892,22.235914230,0.597072959
27.889738083,-22.265714645,0.564702868
-93.706329346,32.329193115,0.582126856
-52.446674347,-70.014884949,0.556376815
64.187431335,0.848281741,0.591448247
-10.414049149,50.968448639,0.603121758
-5.862157822,22.367969513,0.560894430
-18.751880646,77.504455566,0.610058963
13.113127708,80.502212524,0.707472920
79.765914917,51.714145660,0.582972825
9.610257149,30.843919754,1.172138453
-55.583026886,83.825469971,0.565115154
71.947181702,57.428657532,0.569645941
-94.903793335,-61.094570160,0.568871617
83.339485168,61.810787201,0.923092663
69.231925964,-19.086099625,0.580920637
-48.725055695,78.139564514,0.577579081
-25.408935547,-40.225883484,0.550121546
-39.827537537,76.486480713,0.555753589
-64.613990784,66.591468811,0.643416226
-4.486453533,-47.771251678,0.585606277
16.846246719,-44.201702118,0.574513733
2.977735758,22.735164642,0.541467130
16.604764938,63.247455597,0.569478810
23.753360748,-55.872100830,0.603744805
-41.021373749,-19.564453125,0.572530568
53.897468567,80.836486816,0.693826020
-95.093528748,98.683631897,0.565634668
-1.707595229,-73.651199341,0.595180392
13.088337898,-8.293330193,0.591074526
-90.135688782,15.524858475,0.568798065
86.314231873,-5.473876476,0.568942785
-54.159465790,34.188095093,0.577087045
-46.474903107,83.038208008,0.519611537
-4.590878487,56.910896301,2.644633532
-90.172485352,46.497772217,0.579788685
-70.404777527,-56.456424713,0.535094619
72.261680603,-75.214973450,0.573681533
-41.057857513,-26.018552780,0.546936631
82.002113342,-71.422073364,0.572482109
23.386993408,-59.418445587,0.623910308
-42.238212585,-10.987992287,0.574386716
9.445315361,-64.925270081,1.240714312
19.104391098,21.448877335,0.674114108
-18.292945862,-59.855972290,0.548961222
-33.214546204,-80.392684937,0.580994248
48.967552185,-97.076538086,0.617649138
-33.641834259,84.868103027,0.603017807
-62.496135712,4.703108788,0.577459753
-70.151000977,89.953681946,31.386411667
64.115898132,-37.474906921,0.946170151
50.389171600,13.470449448,0.558493912
-55.669544220,-73.122573853,0.585852981
-50.151050568,25.798118591,0.593825400
90.954994202,55.375061035,0.517389119
80.692176819,-61.184307098,0.606129467
82.917877197,-83.063606262,0.589447796
88.837379456,-71.756866455,0.560644567
-27.694021225,-30.888914108,0.569577873
-34.028594971,47.323093414,0.586553335
67.894393921,14.094676018,0.583176196
9.215009689,-47.738410950,0.535626769
80.665016174,12.955468178,0.577681601
-17.737548828,11.899854660,0.574855864
-79.106658936,-77.713142395,0.576649129
85.457061768,-56.288852692,0.573154211
-45.943771362,11.448447227,0.568657637
-2.627606153,11.146567345,0.601147652
-26.914173126,-18.956947327,0.608254135
-66.240226746,-0.596576393,0.599499762
-15.408776283,88.016746521,0.538949788
-74.042556763,23.148086548,0.492998689
93.305206299,-80.407646179,0.551675260
44.223705292,73.103210449,0.506337225
-33.553401947,13.872685432,0.576726913
-82.073974609,-32.588668823,0.574344635
-50.233711243,37.073604584,0.935088456
-88.862442017,-3.354200602,0.580203176
10.769167900,86.250923157,4.281536102
84.224441528,-98.681388855,0.575318813
16.206207275,-20.042358398,0.565122843
7.251224995,29.920013428,0.558356762
-45.124652863,52.230148315,3.092936039
84.103904724,77.757217407,0.577622771
51.068569183,4.891316891,0.475661993
-2.961493969,48.999729156,0.569834292
54.546024323,-97.576118469,1.158608317
-92.434432983,-4.487980843,0.583529353
73.271278381,-56.998729706,0.600354016
-71.284645081,86.632453918,15.895349503
78.222465515,-46.265144348,0.581376374
68.056999207,51.402027130,0.563340127
99.078208923,-67.325126648,0.586749554
79.478721619,-88.603927612,0.540919960
34.612930298,33.831562042,0.575671971
83.138786316,-54.424896240,0.608685195
-65.673515320,2.702279568,0.592941105
90.514350891,-44.226795197,0.560485065
59.332992554,-36.011569977,0.580181956
-48.975635529,36.821140289,0.930588782
54.281200409,-97.387329102,1.137004256
16.720170975,6.180644035,0.487098992
-22.198539734,57.063545227,0.566995442
-28.815855026,8.805619240,0.567921221
-14.428355217,-10.389659882,0.560884118
-2.876489639,-68.763793945,0.562503040
60.691776276,-41.881519318,0.581603825
3.259159803,-45.386344910,0.585479319
71.856666565,66.337409973,0.577589452
90.123954773,-27.147176743,0.598909557
77.390724182,71.771492004,0.565065682
14.760861397,-70.485107422,0.568697393
40.829708099,88.957572937,0.570575476
63.861015320,-84.693786621,0.573188603
-95.495307922,-7.872817516,0.617702842
82.601745605,44.472557068,0.573118567
99.877113342,25.459720612,0.582468271
76.445999146,62.405006409,0.796540499
7.721782207,-81.909889221,0.876083136
-73.833389282,63.096382141,0.577684641
-26.125221252,20.528192520,1.154070377
-41.657672882,78.305847168,0.501729906
83.199272156,91.141067505,0.584816635
85.727348328,12.803404808,1.009851813
20.375980377,92.449539185,0.577130914
-25.473081589,26.167396545,0.595544338
-12.056344032,-31.055646896,0.554571807
85.888450623,13.928833008,1.003510952
-6.978777409,-89.174232483,0.563488841
-68.902252197,8.148691177,0.574747384
98.923667908,-8.112708092,0.578361988
25.038320541,70.338485718,0.571255922
83.679420471,-26.773984909,0.574067950
-67.281242371,94.260597229,0.549919486
5.497939110,77.155853271,0.618802547
-40.298763275,-82.267318726,0.575849593
75.680427551,-16.687324524,0.559118927
-11.884486198,96.707710266,0.567684174
-18.231462479,14.735919952,0.577321887
47.458229065,-54.960311890,0.569138706
-46.060417175,47.765075684,0.615394235
61.428958893,-59.880706787,0.563098013
-38.252178192,-98.255737305,0.617533743
-23.033456802,80.222984314,0.540074468
-19.731906891,51.802982330,1.094000340
-88.522590637,17.578948975,0.571107388
90.808784485,96.876808167,0.569390535
15.680776596,-97.136207581,0.564953864
67.979125977,46.943038940,0.560779691
-95.063766479,51.332378387,0.552661359
43.899665833,-80.681442261,0.579867721
7.275449276,9.775195122,0.550981283
78.970993042,-11.375552177,0.581204653
11.831512451,10.189288139,0.480522513
3.875187397,70.631698608,0.567085683
89.325866699,82.984397888,0.585402310
-60.709671021,73.599967957,0.589606702
-36.449035645,-97.437698364,0.607714415
6.624855518,-81.145370483,0.902333736
-0.138352111,47.955085754,0.590543985
69.155014038,-35.437324524,0.592537582
67.760772705,-88.573966980,0.591322660
23.124286652,-30.086051941,0.576577306
9.750409126,-61.610443115,0.794376612
-53.752964020,67.277145386,0.580045640
59.518768311,70.865379333,0.510640919
-4.322406292,32.426315308,0.571206748
-8.361675262,-50.175167084,0.586222053
-98.760459900,83.961349487,0.587196708
39.420696259,56.366359711,0.588283598
-85.177291870,76.582084656,0.575674176
-70.653083801,68.608215332,0.521273732
52.944053650,47.763641357,0.567897022
37.439537048,-59.499656677,0.559099853
31.558189392,-78.281929016,0.581016719
71.923492432,-59.925857544,0.575236797
-12.078933716,81.208900452,3.910640717
59.085464478,-92.375549316,0.573341787
-2.298766613,5.029227734,0.617307246
67.056640625,19.393041611,0.582934260
-86.815109253,-16.053831100,0.581691146
32.040073395,97.606887817,0.578027129
-23.183139801,96.918655396,0.623215795
9.772170067,-7.249189854,0.572499514
-16.913198471,15.867892265,0.637852967
-14.292693138,-23.304882050,0.547472417
95.633796692,-1.098332763,0.593470097
56.037731171,1.259672761,0.600787222
-53.613685608,89.673614502,0.541699886
76.261398315,-71.613319397,0.586916685
76.996459961,-60.597206116,0.588706374
13.722665787,86.203048706,47.002407074
12.898633957,-57.674297333,0.583959162
-47.009208679,35.714153290,0.507028580
49.407928467,18.350446701,0.577200413
-43.714843750,-62.645839691,0.573763371
30.929325104,-54.133750916,0.581185818
-67.444206238,-73.771743774,0.577408731
47.768913269,42.382312775,0.562536299
85.494903564,-47.657478333,0.573848784
17.890916824,83.923255920,0.570446491
-55.298896790,-9.206213951,0.545664072
93.163520813,90.976478577,0.608658671
2.317229986,-10.266225815,0.538269758
88.965370178,19.891326904,0.506673872
-50.611732483,3.465339184,0.586073875
14.510604858,10.458370209,0.484294653
-18.864151001,-70.715904236,0.958540440
73.611244202,-77.534393311,0.579553902
-72.106369019,-70.150367737,0.594515681
-92.117897034,71.546371460,0.500137568
78.341674805,-75.487274170,0.589759767
-7.686249733,-21.363075256,0.578894138
-74.769226074,72.878532410,0.523541629
72.813491821,48.163673401,0.580866277
-66.686836243,-47.274070740,0.569742858
-61.539154053,66.493713379,1.158322334
-6.476280212,-69.910751343,0.568464279
-97.980964661,-44.297878265,0.615970671
94.826110840,-93.661827087,0.584225714
82.290306091,-88.411918640,0.535639226
34.354049683,-30.060613632,0.567375004
-8.900314331,-55.772239685,0.608201504
-32.294826508,-38.378772736,0.577762187
41.780056000,74.250717163,0.517886996
-18.136682510,63.244220734,0.612493873
-97.690155029,57.539535522,0.579810202
5.190761566,66.745780945,0.574057817
-55.191875458,-24.651420593,0.546168804
39.541717529,69.684082031,0.571263790
-4.336685181,69.272010803,0.586810470
9.663867950,98.274208069,0.537163079
80.942237854,-22.874418259,0.681390345
91.096527100,53.068363190,0.510685265
5.100543976,98.208641052,0.551120579
38.996665955,-61.078620911,0.586498916
-77.192649841,-47.576847076,0.576844335
47.100444794,10.089364052,0.582888126
-20.569732666,51.685905457,1.109116793
-95.242515564,62.715015411,0.591484845
49.653594971,-63.959457397,0.566299438
-22.195371628,-92.479965210,0.577058852
-97.642448425,99.253570557,0.551386476
-2.360668421,-25.595046997,0.571701705
-60.765579224,61.438449860,0.576575279
41.150543213,-99.688758850,0.579819858
54.245334625,-77.703453064,0.573467910
89.726539612,-33.452781677,0.573311388
-9.779444695,-99.003822327,0.588168442
64.878540039,-38.366348267,0.940669835
11.289375305,85.320159912,14.126598358
-68.755523682,73.465919495,0.583365560
0.047786169,84.891235352,0.635154247
64.471008301,-11.403993607,0.591233790
-82.257644653,-93.960510254,0.576324821
74.846160889,-5.143016338,0.579792142
32.738983154,76.329681396,0.578520298
-39.068202972,79.152603149,0.529049098
-94.493515015,-44.014865875,0.585615993
62.353279114,70.644065857,0.559026301
88.967079163,-39.397747040,0.585263431
56.047115326,97.026062012,0.552778363
5.401203156,-49.480743408,0.552688479
-92.207534790,51.930610657,0.535252094
-72.230926514,-22.611478806,0.577892900
-38.144424438,-16.629865646,0.574503183
81.199798584,-14.810447693,0.576641679
82.548866272,61.080173492,1.087554097
-42.324333191,-36.382194519,0.568719685
-26.031154633,21.129438400,1.136367679
34.812503815,94.445968628,0.575565994
85.303215027,22.374343872,0.573132694
-90.752243042,9.061524391,0.570077062
-19.271955490,8.955744743,0.602746546
-91.964721680,99.152442932,0.592105448
-88.608322144,-45.464012146,0.557598233
-85.575195312,9.522221565,0.570561945
-29.636341095,-24.940031052,0.601901770
57.833503723,80.804023743,0.544956684
-66.860603333,-44.204612732,0.563082278
-5.454276085,-77.423667908,0.569420218
-22.692382812,-39.582389832,0.540344656
84.395263672,-60.293174744,0.582575798
44.242279053,-56.821357727,0.578837991
25.131675720,16.398145676,0.576815426
-8.255141258,63.381462097,0.585941374
-55.456562042,-4.543955326,0.553906381
96.483520508,-63.347640991,0.575289845
9.086490631,-41.378845215,0.556506932
-75.238784790,70.318595886,0.513599336
15.535768509,15.765852928,0.597908556
9.066946983,-63.106380463,0.788528979
13.726633072,-81.722198486,0.566913724
36.528373718,-89.708564758,0.577180445
-62.169776917,-41.156440735,0.579908192
-44.213756561,62.420455933,0.590385318
-42.449871063,-85.208419800,0.581233680
-86.403457642,-70.117294312,0.577524066
-21.161619186,-60.637153625,0.565879941
-52.995529175,-63.204868317,0.562840104
-40.252922058,0.971745729,0.581496119
94.269416809,58.398086548,20.092348099
-65.495857239,60.570137024,0.545982778
42.018604279,81.159683228,0.579618156
-13.058652878,73.419738770,0.658292890
39.618049622,-45.381484985,0.575246990
-22.044771194,67.695716858,0.561023116
61.542457581,-50.898803711,0.556913674
67.254776001,89.151412964,0.578699470
75.553894043,-23.742395401,0.583174407
8.232358932,69.192131042,0.580670536
43.280086517,41.820987701,0.547488749
-42.949707031,22.160377502,0.588622928
-89.107780457,-40.570518494,0.562829375
-59.442226410,-22.597085953,0.584910095
47.645915985,-47.891773224,0.564409792
-64.216979980,68.407135010,0.663638234
83.019592285,-10.756680489,0.586704135
-51.100444794,-49.526821136,0.572912991
-16.764022827,60.488586426,0.547023356
12.296336174,15.467189789,0.589977920
95.631462097,-84.464958191,0.580496132
-4.997321129,-4.119541168,0.576061189
10.794795036,-66.411949158,0.610831082
-66.215568542,-16.910287857,0.592572212
21.243452072,-39.439495087,0.557293117
-0.496159166,97.351455688,0.593448520
-93.913795471,-6.826542854,0.623751760
-5.219060421,38.361278534,0.588466883
-46.719978333,59.986812592,0.215561107
-19.801315308,-80.967521667,0.567927837
26.012100220,-94.721374512,0.579112291
43.360439301,-97.571937561,0.569514990
19.334039688,74.178398132,0.576717317
39.681686401,24.868751526,0.586329222
-13.641775131,-32.760894775,0.548819244
-25.940895081,-24.994716644,0.994298697
5.976726055,-71.333984375,0.593149722
76.376388550,25.175107956,0.561557174
-25.112754822,96.442436218,0.617903054
74.505508423,21.363237381,0.559192538
-25.650236130,-26.181228638,0.978782117
-86.658653259,-31.495805740,0.562599897
-50.863155365,21.710224152,0.587958813
44.032695770,-41.515037537,0.584418535
9.229499817,57.415927887,0.582658112
28.380762100,48.732261658,0.578027964
-56.384063721,27.009979248,0.579991877
-45.243137360,-53.849884033,0.582764387
-45.812545776,-26.694898605,0.568862319
-5.811916828,-54.147712708,0.586792111
-30.007301331,79.299339294,0.563899457
-73.074615479,-56.855186462,0.522488832
-87.861457825,41.776226044,0.561396539
5.882142544,-5.135931969,0.621417761
-93.116966248,92.268531799,0.569027364
68.815475464,64.074821472,0.571207404
75.043495178,55.405033112,0.605037391
-72.112487793,94.298484802,0.664185882
86.743698120,39.215423584,0.616955876
-41.597866058,-99.777778625,0.564772546
-2.827646017,18.960695267,0.585918427
98.796264648,-73.416992188,0.580236852
-82.235977173,-14.736312866,0.586765707
50.191246033,-31.985933304,0.568595827
