x,y,rho
8.874915123,41.057075500,38.268222809
9.414788246,43.194221497,122.924934387
10.992991447,44.240253448,48.486679077
9.375373840,42.735569000,120.589256287
8.714147568,41.617855072,59.135639191
8.056430817,44.988647461,17.765010834
9.253048897,42.599800110,115.164291382
8.509905815,43.815364838,71.510803223
8.148802757,42.825134277,67.173057556
8.867234230,43.424774170,102.338882446
9.251895905,41.857242584,84.297393799
9.734519005,43.466205597,117.392089844
9.829217911,43.340343475,119.226181030
9.128378868,42.675132751,113.723846436
9.090240479,42.678321838,112.611557007
8.949554443,41.311592102,51.050281525
9.940127373,42.636093140,116.601043701
8.132502556,43.500656128,59.757972717
8.855401993,43.089817047,106.970230103
10.491791725,43.166854858,98.736274719
10.902101517,41.803047180,48.234298706
10.165042877,42.353061676,102.140205383
8.891903877,42.459022522,99.651290894
9.451148033,43.094039917,124.121582031
8.597551346,43.938701630,70.823043823
10.228363037,41.501628876,58.264781952
11.250952721,44.933761597,19.327627182
10.941480637,42.857948303,74.126701355
8.691947937,44.092323303,67.971275330
9.359523773,44.260318756,77.775619507
9.970975876,44.014511108,91.340324402
10.119067192,43.744445801,99.896804810
9.773200989,44.823741913,47.272621155
9.889613152,43.439861298,115.730606079
11.645851135,41.690113068,18.237014771
8.492216110,44.007270813,63.128437042
8.589577675,44.981494904,27.192331314
9.349081993,42.290416718,106.435142517
11.685643196,44.518386841,18.728174210
11.630259514,43.943916321,31.479333878
8.901474953,44.947937012,33.392742157
9.494697571,43.840328217,102.933853149
10.709952354,42.882862091,87.532257080
10.376780510,43.960079193,82.879486084
10.139126778,41.938472748,84.396636963
10.060938835,44.364257812,71.211502075
9.068133354,42.888237000,115.135299683
9.327547073,44.887138367,41.614295959
10.434995651,43.445335388,97.116775513
8.992784500,43.577121735,102.916679382
9.088368416,43.069702148,116.391357422
9.126854897,43.714305878,102.038612366
10.339291573,42.829574585,105.997352600
10.158707619,41.944812775,84.169494629
8.271443367,43.477264404,68.387947083
9.929374695,43.672904968,107.365356445
12.145845413,43.982353210,15.319511414
8.849878311,44.154888153,70.796112061
8.446793556,42.576290131,81.538787842
9.694458961,44.751216888,51.230915070
9.017946243,42.211433411,95.150566101
9.664248466,42.374393463,112.022010803
10.889336586,41.957942963,54.598312378
8.615232468,42.600051880,90.803230286
9.264668465,44.967407227,37.152999878
10.712121964,43.125423431,87.612388611
8.537264824,43.882236481,70.288604736
8.762485504,41.493103027,54.969284058
10.950730324,43.354816437,72.729980469
10.683559418,43.356601715,86.773078918
10.619531631,42.386848450,83.357421875
8.728458405,43.719467163,86.055259705
8.959291458,42.348323822,98.473495483
9.307168007,43.055351257,122.210433960
9.408706665,41.662921906,75.896537781
9.119082451,40.814468384,31.264932632
10.387931824,41.435813904,50.517814636
8.658317566,43.090038300,97.001472473
9.023138046,44.580886841,52.779521942
8.469843864,43.304924011,83.686988831
9.723418236,41.869781494,87.783782959
10.285977364,42.866325378,108.594856262
10.534491539,43.861377716,80.637245178
11.925936699,44.374401093,15.723938942
9.393519402,42.798492432,121.918914795
10.862360001,43.693138123,70.917800903
10.402832031,41.420917511,49.356941223
9.738374710,42.299842834,108.735473633
10.042625427,42.939723969,117.752761841
10.672879219,43.355091095,87.342521667
10.549028397,42.571453094,91.838302612
8.818254471,42.627822876,101.040214539
9.745680809,43.417026520,118.613739014
12.022009850,42.995616913,22.067989349
8.806756020,42.691890717,101.825027466
9.299104691,43.519355774,113.814048767
8.221903801,43.101135254,71.074043274
9.919207573,43.270053864,118.760574341
9.165384293,42.799949646,117.114479065
8.338640213,42.544551849,75.088584900
9.219839096,43.453922272,114.093368530
8.606518745,43.819072723,76.188903809
11.257184982,40.967887878,14.518094063
10.188959122,43.714782715,98.851501465
9.125264168,42.640602112,112.835670471
9.629819870,42.740081787,122.376037598
9.453687668,41.361869812,59.553752899
10.915032387,44.117492676,55.774333954
8.949336052,41.571449280,63.505733490
10.283765793,42.462085724,101.334617615
9.904653549,42.718544006,118.962783813
10.454239845,43.732624054,88.355873108
9.037103653,41.654510498,69.649917603
8.179762840,43.648254395,59.021911621
8.573841095,42.531055450,87.219741821
9.166386604,42.985305786,118.805702209
7.826420784,43.226650238,46.543773651
10.286591530,43.126296997,108.439643860
9.451814651,43.135272980,123.870674133
10.161746979,40.265281677,12.607184410
11.718612671,43.427967072,34.088474274
9.110292435,42.646919250,112.530540466
10.256443024,42.921768188,110.110847473
7.732016087,45.102367401,10.524166107
9.652159691,44.058044434,91.925727844
9.070651054,44.574249268,54.123912811
10.049044609,43.646717072,105.474143982
8.717447281,44.249019623,61.356140137
10.452519417,44.339717865,63.494823456
9.134613037,42.556846619,110.918632507
12.066617012,41.977855682,12.015215874
9.626750946,44.174766541,85.222518921
9.860425949,43.620826721,110.594299316
9.363251686,43.407928467,118.212730408
8.456173897,44.696002960,34.310218811
9.644536972,42.357696533,111.421340942
10.429083824,42.577152252,97.914596558
8.428442001,41.691154480,52.423969269
10.456474304,42.878299713,100.867446899
9.628998756,44.115615845,88.655128479
8.635874748,42.307193756,83.946815491
9.377820969,43.132225037,123.037078857
9.720529556,42.750984192,122.109130859
9.701074600,42.930568695,124.216613770
9.043096542,42.224880219,96.478340149
10.037217140,42.146957397,97.329627991
8.605345726,42.725582123,92.475784302
9.605033875,45.294597626,25.142274857
9.058000565,43.981132507,86.936599731
10.509888649,41.848926544,66.985122681
10.535953522,41.853992462,66.166992188
7.103528500,43.644191742,14.639409065
8.006810188,43.488807678,52.853496552
9.078689575,44.697425842,47.782630920
10.831210136,42.584487915,76.593933105
9.074863434,41.823795319,78.952156067
9.321778297,42.757518768,120.088531494
9.398007393,43.194576263,122.718696594
10.341221809,43.387527466,102.426330566
8.998557091,41.600082397,66.068443298
11.127232552,42.348423004,54.372627258
9.110406876,42.516685486,109.027915955
7.919631004,42.559898376,52.128379822
9.283044815,43.658229828,108.335166931
10.461157799,43.041645050,100.931221008
10.694549561,43.377838135,85.877929688
9.747018814,43.198802948,122.786621094
9.572047234,42.643024445,120.342697144
9.494967461,41.909862518,89.935104370
10.043142319,42.044750214,92.290985107
10.604331970,42.788414001,92.489646912
9.812195778,43.531711578,114.410095215
10.406015396,41.467250824,51.579368591
9.555797577,43.918052673,99.325057983
8.064595222,43.425155640,57.286174774
7.507136345,42.015365601,25.111244202
9.801331520,41.381156921,59.298812866
8.777190208,41.566040039,58.688343048
11.410835266,43.202102661,49.291755676
10.329991341,42.815196991,106.277915955
9.409269333,41.421398163,62.615867615
9.470863342,42.276382446,107.410171509
10.620624542,44.178974152,65.002250671
11.229279518,43.890426636,48.916278839
9.164047241,41.921977997,85.847961426
10.529363632,43.394165039,93.787345886
7.994162560,43.393356323,53.776699066
10.577220917,43.096797943,94.896484375
9.577647209,42.230224609,106.076667786
8.316165924,43.838172913,60.791099548
9.453586578,42.804405212,122.714935303
11.495422363,43.722373962,40.610725403
10.133525848,43.179935455,113.818862915
11.282695770,44.757461548,23.128101349
10.692205429,43.620098114,80.956222534
7.668097496,43.161594391,38.806186676
9.632594109,43.131828308,124.358291626
10.705746651,40.298194885,9.818474770
9.193388939,43.307777405,116.933189392
9.295855522,41.620967865,72.469146729
10.631664276,43.314746857,90.039848328
8.791596413,43.352691650,100.452827454
10.584286690,43.043167114,94.702629089
10.563265800,43.116134644,95.515960693
9.367471695,41.878452301,87.102684021
9.676770210,43.232166290,122.999084473
10.638533592,42.922767639,91.670677185
10.220116615,42.073261261,88.609130859
8.980072021,42.927482605,112.199974060
8.708072662,43.858119965,79.377784729
10.225831032,43.316970825,108.443649292
10.101604462,45.058917999,33.921390533
9.293836594,40.836433411,33.250267029
9.962000847,42.987270355,120.042572021
9.245182037,42.059043884,94.201118469
9.323511124,43.219211578,121.273620605
9.259883881,45.450328827,19.242483139
8.802196503,42.244754791,88.801498413
7.474080563,43.289356232,28.946231842
7.746294022,42.498416901,42.384025574
9.487030029,42.328144073,109.679634094
11.501573563,44.032268524,34.530220032
11.081837654,42.155452728,51.517440796
10.891294479,43.533874512,73.026336670
10.534107208,44.067310333,72.773208618
8.853937149,42.613555908,102.267601013
10.625296593,40.382255554,11.557708740
11.276028633,43.591007233,52.748039246
9.716997147,43.258380890,122.259521484
8.732765198,42.687931061,98.293006897
10.862984657,44.335895538,49.921348572
12.458925247,42.963947296,10.034684181
9.104147911,42.523639679,109.048103333
8.744658470,42.960018158,101.726951599
10.145433426,43.003631592,114.462745667
10.859047890,42.803657532,78.372001648
9.415249825,42.456604004,113.683029175
8.130065918,41.470104218,33.928028107
8.583542824,44.339302063,52.455337524
10.657960892,44.412837982,53.854492188
8.430489540,41.069248199,29.208875656
9.102644920,43.213691711,115.741180420
10.261390686,44.085845947,81.043754578
10.046980858,44.780540466,48.372734070
9.540095329,42.124794006,101.076782227
8.081482887,42.148902893,52.896507263
10.004818916,42.149154663,98.187011719
10.699442863,44.450199127,50.940383911
7.393114090,43.901924133,20.307819366
7.523096561,43.439373016,29.712623596
10.987571716,43.102729797,72.380500793
8.483011246,42.452442169,80.755096436
9.501055717,42.855628967,123.749206543
9.559803963,42.927989960,124.610183716
9.976181030,41.829299927,82.342308044
9.520681381,44.556133270,61.733261108
9.378055573,42.594036102,117.372413635
10.840898514,40.478687286,11.311702728
10.944079399,42.405967712,66.022277832
9.926629066,43.134193420,120.302093506
10.705168724,42.770278931,86.755920410
9.084674835,44.335720062,67.804557800
7.398527145,43.058208466,27.056339264
8.414774895,42.276298523,72.610015869
11.773957253,42.993278503,31.590229034
9.957770348,41.256309509,50.430641174
9.033656120,43.234432220,113.064903259
10.117458344,43.654758453,103.231414795
9.771328926,43.564876556,113.870033264
10.216483116,41.208133698,43.318145752
9.799706459,43.805774689,103.906059265
10.352581024,42.674015045,103.365051270
8.957074165,41.919559479,80.399856567
9.631647110,44.170951843,85.455055237
7.810896873,42.377983093,44.167980194
8.622898102,43.822830200,76.837242126
9.208391190,42.567234039,113.207664490
9.545751572,43.483264923,117.656669617
9.370311737,39.991729736,8.588328362
10.306013107,43.476917267,101.860214233
9.543159485,41.953838348,92.498405457
10.114480972,43.417110443,110.316780090
9.292668343,42.821140289,120.517822266
8.832544327,42.859283447,105.359779358
8.212271690,43.455192566,65.363975525
8.818332672,43.275978088,103.210609436
8.356738091,42.447814941,74.104530334
9.652211189,41.377174377,60.211399078
9.877848625,42.658725739,118.323944092
8.020344734,41.734630585,38.358985901
10.367820740,43.933429718,84.284606934
9.630792618,43.442634583,118.788139343
9.986544609,43.367496490,115.225013733
11.048685074,41.530876160,33.040924072
10.439161301,42.655864716,99.022102356
9.538441658,42.735622406,122.183464050
9.387553215,41.811676025,83.790512085
9.946040154,44.708816528,53.066989899
9.706567764,43.036487579,124.351692200
9.075401306,42.920398712,115.641357422
10.228867531,42.667629242,108.418243408
9.308897018,43.441139221,116.396247864
8.844696045,43.290370941,104.219856262
10.583022118,44.397823334,56.880828857
9.672318459,44.405471802,71.533790588
10.797110558,42.041660309,62.230113983
8.544762611,42.732910156,89.337928772
10.791636467,42.965587616,83.350845337
9.162043571,44.590114594,55.011962891
10.049605370,40.717277527,25.185182571
10.079861641,43.557914734,107.543830872
9.988309860,43.487586975,112.157447815
9.695425034,41.719478607,79.512504578
9.391996384,42.092258453,98.194007874
8.829959869,41.774803162,69.841423035
10.215189934,43.135768890,111.245086670
9.314535141,42.388534546,109.673271179
9.739277840,44.117069244,88.414993286
7.758484840,43.414749146,40.790222168
9.216988564,41.153285980,47.301548004
7.816997528,42.125091553,39.980812073
9.982210159,43.430934906,113.834907532
8.823719025,44.054893494,74.970138550
11.185684204,43.433959961,59.417404175
9.171298027,44.162292480,79.937332153
10.518096924,43.905281067,79.707672119
9.106237411,40.203319550,11.874887466
11.879491806,41.426994324,10.283188820
9.726932526,45.418617249,20.680620193
10.093277931,43.987121582,90.131881714
8.260304451,41.260208130,31.077066422
9.229997635,44.128623962,83.214385986
9.416451454,42.243236542,105.405761719
9.960667610,44.119808197,86.067405701
8.317760468,41.827331543,53.266803741
8.974031448,44.132511139,76.133934021
9.997522354,45.170024872,29.549209595
10.699146271,43.002777100,88.570312500
11.027778625,43.249370575,69.546829224
9.057779312,43.717849731,99.702919006
9.066373825,42.747474670,113.189506531
11.090483665,42.936592102,66.119857788
8.959559441,42.573535919,105.521858215
10.784491539,42.485332489,77.043479919
9.375829697,42.527580261,115.424171448
9.946626663,42.652381897,116.807029724
8.160864830,42.150691986,56.739368439
8.829912186,44.281192780,63.534492493
10.575374603,43.625133514,86.298027039
9.257342339,42.222080231,101.858901978
9.255183220,41.985992432,90.851463318
12.259901047,40.792552948,3.504708290
10.326709747,41.753322601,68.903587341
9.658357620,42.049869537,97.567123413
8.585071564,41.897678375,66.598854065
11.517686844,42.904884338,42.790019989
8.996998787,43.593658447,102.482948303
9.773050308,43.757907867,106.329231262
7.938444138,43.341476440,51.392910004
10.535395622,41.376274109,43.457363129
10.210896492,44.734054565,48.932353973
9.747842789,43.859279633,101.909652710
10.433271408,42.330368042,90.694953918
9.802467346,41.470878601,64.378555298
9.311397552,43.303562164,119.692710876
10.485801697,43.062484741,99.659896851
10.482684135,41.934967041,72.162887573
9.661003113,43.057151794,124.626686096
22.402265549,8.762470245,51.227279663
20.053659439,8.997987747,119.297172546
19.633562088,9.169390678,95.333610535
20.187620163,7.185308933,50.341884613
20.494089127,8.659093857,129.128829956
18.920251846,8.909502029,51.764976501
22.042030334,9.497940063,68.189941406
21.164602280,7.635139942,71.740303040
21.029573441,9.125085831,125.024299622
21.081720352,9.399265289,116.577606201
19.192893982,8.935235977,68.689331055
19.794803619,8.926552773,106.544326782
19.655273438,10.289107323,55.163116455
19.693702698,8.077694893,82.552192688
20.627262115,7.899537563,96.854469299
20.128011703,8.146672249,102.501419067
21.963848114,9.762440681,64.875778198
20.495204926,8.585419655,127.476524353
21.493593216,9.381840706,100.467666626
21.050727844,8.950444221,126.156776428
18.864444733,8.864171028,48.614551544
20.020185471,9.621691704,102.300979614
21.564517975,8.318685532,91.773452759
21.021060944,10.712515831,48.697296143
19.884962082,10.658557892,44.019989014
19.700088501,8.999596596,100.919319153
20.541528702,8.988135338,132.024368286
19.714996338,8.385453224,93.957275391
19.884954453,9.303599358,106.965103149
20.882709503,11.202581406,26.437587738
21.923664093,8.466793060,75.087257385
20.877544403,9.973754883,93.803985596
20.583276749,8.906994820,132.477111816
20.604249954,9.843913078,102.872772217
19.704355240,8.650967598,99.195960999
21.023107529,9.288084030,121.644615173
20.792257309,8.606835365,128.249389648
21.525211334,11.110505104,22.603265762
20.959091187,8.783459663,128.215530396
21.308416367,8.437503815,108.677139282
19.802984238,9.009445190,106.807266235
17.969879150,7.822686195,8.056932449
20.204713821,7.623247623,75.990158081
19.520032883,8.539888382,86.599838257
18.909709930,8.570565224,50.497905731
20.017404556,9.002041817,117.687820435
21.706859589,9.149141312,93.559219360
20.573738098,9.076090813,131.440322876
20.780067444,7.959897995,99.853591919
20.437900543,9.285387993,125.979728699
19.181915283,9.842289925,51.458244324
21.634050369,8.345260620,88.854042053
20.311336517,8.098445892,104.914497375
21.252056122,7.915414333,86.427238464
20.330198288,8.117716789,106.277755737
20.603630066,7.182407379,51.025653839
21.879137039,8.012030602,62.245704651
20.612569809,8.764113426,131.702377319
19.790559769,8.088856697,87.273674011
21.489074707,8.450996399,100.235923767
20.823844910,8.175139427,111.486633301
19.905494690,9.448884010,103.877120972
21.483083725,8.801320076,107.170234680
19.130754471,10.974592209,17.745138168
19.696125031,7.435049057,54.105697632
23.147100449,8.572604179,17.906337738
19.090942383,8.293196678,57.288646698
20.920219421,9.166948318,127.012977600
19.700946808,10.799360275,33.902088165
20.031095505,7.791950226,81.692947388
21.513368607,10.305699348,60.078678131
19.735181808,7.575289249,61.932151794
21.583112717,6.929313183,23.179212570
19.326053619,9.944083214,55.472217560
20.497322083,8.712698936,130.129272461
20.905490875,8.823862076,129.697906494
19.253988266,10.252712250,41.269260406
21.877689362,9.181968689,83.118515015
20.597808838,11.316261292,23.072738647
20.276243210,8.717060089,125.720504761
20.917156219,10.447958946,64.936538696
22.145446777,8.718064308,65.941932678
20.861005783,7.598553181,75.565826416
20.240699768,8.136345863,105.186843872
19.545843124,10.658213615,35.695236206
19.760389328,8.445031166,97.940765381
20.918523788,10.274461746,75.353958130
21.033790588,11.735991478,9.521692276
20.478006363,9.235353470,127.768142700
20.828275681,10.411685944,67.858856201
21.059913635,8.860406876,125.906791687
19.605186462,9.221079826,92.805274963
21.954019547,8.566254616,75.432472229
21.081619263,9.222784042,121.540458679
21.416194916,8.171882629,93.219070435
22.899322510,7.697475433,13.941356659
20.187124252,9.914729118,92.978790283
20.849409103,9.806622505,103.531829834
20.056571960,8.901831627,119.528312683
20.564907074,10.545896530,60.082817078
21.243104935,9.773308754,95.968437195
19.894748688,9.945519447,81.742172241
20.778257370,10.365781784,70.946235657
22.566736221,8.669870377,41.409389496
20.146371841,8.112591743,101.455780029
20.409095764,8.594611168,126.379379272
20.912179947,8.832069397,129.610488892
20.191076279,10.041221619,85.792037964
19.614795685,9.409744263,89.335174561
20.146734238,9.701004982,103.084770203
21.937936783,8.673538208,78.338394165
20.993707657,9.155429840,125.481025696
19.753252029,9.217424393,101.660919189
20.841794968,9.389507294,122.422149658
20.354276657,9.070828438,128.564590454
19.405063629,8.618522644,80.814750671
21.108638763,9.869110107,95.125282288
20.130359650,9.081350327,121.757377625
20.780729294,9.178116798,129.069610596
21.093448639,7.158558846,43.705307007
20.503351212,9.215670586,128.493667603
19.552345276,10.650622368,36.157070160
20.714235306,10.540040970,60.613258362
19.762151718,8.069336891,85.255332947
20.776927948,7.297948360,56.846187592
20.767641068,9.073855400,130.943008423
21.568340302,9.677678108,87.123245239
20.135198593,7.879139900,89.148490906
22.264980316,8.184521675,47.540752411
19.507150650,7.891780376,67.084617615
21.669981003,8.457736015,90.268867493
19.798971176,9.114326477,105.725494385
20.345729828,8.298541069,115.055885315
21.306667328,10.041952133,80.369659424
21.537992477,9.743556023,85.863243103
20.955301285,7.200748444,48.516773224
22.221925735,9.278625488,61.714599609
21.160831451,10.091598511,81.694099426
21.986026764,9.395034790,73.497718811
20.988222122,8.377412796,117.679977417
20.585765839,8.122475624,109.632804871
19.832735062,8.083062172,88.817909241
20.396652222,10.025730133,90.585319519
23.723649979,9.166135788,6.626314640
19.204261780,10.241620064,39.699333191
20.251892090,8.316027641,113.518218994
20.762525558,7.736011982,85.803543091
20.775138855,8.888260841,131.921569824
20.651052475,9.358053207,125.128105164
20.620166779,8.992974281,132.359542847
20.836990356,9.392037392,122.407585144
19.521192551,7.546645164,53.643100739
20.491037369,7.543900967,73.901634216
20.640207291,9.915383339,98.802757263
21.159786224,7.928466320,90.243629456
19.692413330,9.304938316,96.432769775
20.151376724,8.659981728,120.693031311
21.149581909,7.989349842,94.121452332
20.151439667,8.176553726,104.593078613
19.509546280,8.119558334,75.249649048
21.230136871,9.028456688,119.190742493
19.673515320,8.745534897,98.601615906
18.913867950,8.243323326,47.042488098
22.702249527,8.886392593,36.636058807
21.284334183,8.911148071,117.412124634
20.900844574,9.639894485,111.175857544
19.448059082,8.945700645,85.296234131
22.131540298,8.181136131,54.617034912
19.986234665,8.668945312,114.077606201
20.821699142,9.501554489,118.498001099
21.820087433,9.476135254,80.918540955
20.490621567,10.235803604,78.633628845
21.256786346,7.480957031,59.418567657
23.079044342,10.746558189,3.231063604
20.384460449,9.354546547,123.092918396
21.877033234,8.804435730,83.729003906
21.283027649,10.081214905,78.986747742
19.537849426,8.374304771,84.099281311
21.474082947,9.437451363,99.815574646
21.476470947,8.844068527,107.786300659
20.263669968,6.977997303,39.754573822
19.406675339,9.023702621,82.284629822
21.377231598,9.507815361,101.896865845
20.424432755,8.704865456,128.922439575
20.769855499,9.054847717,131.150558472
21.957220078,9.123077393,78.873031616
19.071428299,7.704078674,42.055290222
22.071434021,7.805476189,44.407833099
21.317173004,8.708263397,114.558921814
20.382917404,8.842503548,129.709960938
21.774059296,8.783794403,89.980529785
20.519355774,7.445833206,67.649925232
20.759365082,9.507678986,118.956489563
20.791820526,10.374532700,70.340911865
20.607847214,9.275613785,127.595794678
22.201179504,7.426622391,25.971750259
20.096849442,10.402795792,62.304271698
21.488803864,9.655016899,91.574218750
21.385326385,9.303702354,107.644027710
22.184272766,9.354395866,62.890022278
20.792541504,9.135595322,129.734252930
20.745538712,7.819619179,91.372612000
21.323348999,8.846197128,115.509880066
22.374589920,8.900985718,53.873916626
20.973592758,9.223238945,124.578010559
19.927118301,9.968773842,81.752258301
22.457738876,8.961859703,49.466781616
20.252197266,8.621607780,123.221809387
18.660312653,8.798823357,37.658611298
20.803672791,10.031394958,91.206886292
21.512722015,8.560137749,101.850112915
20.275852203,10.100542068,84.082145691
20.379211426,8.466607094,122.113296509
21.945194244,10.014222145,56.584487915
20.571466446,8.382859230,121.651741028
18.540794373,9.566340446,26.333839417
19.656305313,7.013904572,34.096218109
22.137495041,9.624604225,59.985042572
19.413667679,7.762235165,58.216373444
21.423637390,8.098666191,89.392204285
21.848825455,9.593095779,76.127120972
21.089271545,9.381332397,116.935333252
20.744125366,9.857148170,101.783241272
20.098594666,9.062588692,120.713203430
21.304622650,9.539626122,103.731346130
19.357688904,8.476226807,75.829872131
20.805479050,8.568621635,127.163352966
22.327333450,8.583483696,53.093910217
20.390457153,9.746067047,106.427047729
20.883207321,8.831361771,130.171142578
19.796182632,9.278150558,102.877525330
21.591772079,9.455731392,93.505477905
19.774492264,10.713411331,39.041511536
19.106098175,7.393950939,33.729370117
21.513233185,9.202477455,103.468040466
20.003175735,7.878066063,85.397636414
22.873474121,9.093727112,29.482896805
21.086875916,9.294521332,119.587997437
20.987483978,9.516731262,114.783477783
21.285099030,8.601413727,114.132835388
20.261034012,7.235613823,53.768981934
19.772371292,9.247749329,102.181556702
21.597698212,9.575675964,89.430908203
20.211982727,7.713463783,81.435775757
17.775316238,10.128370285,5.837543488
19.963445663,8.528171539,110.022041321
20.684249878,7.571076393,75.436286926
20.202892303,11.000108719,33.673625946
21.058061600,9.335886002,119.285217285
18.970180511,11.220238686,11.636405945
19.129880905,10.898961067,19.302314758
18.437618256,10.382001877,13.978121758
22.170728683,8.152227402,51.591213226
20.975255966,9.524117470,114.768066406
19.738880157,7.527519226,59.748447418
19.234958649,9.517644882,63.378765106
20.467559814,8.412335396,121.724266052
21.519443512,9.484704971,96.194084167
19.797212601,7.775434971,73.559204102
21.075937271,8.439053535,117.520042419
20.651880264,10.552935600,59.875484467
21.055004120,8.114369392,103.801322937
20.713336945,8.023991585,104.109870911
22.161197662,8.415058136,59.381290436
20.759946823,9.284369469,126.723785400
20.711925507,7.018087864,40.869365692
19.106254578,8.524286270,61.489444733
20.872106552,8.838857651,130.410720825
19.595527649,7.628212452,59.744392395
20.151117325,8.508160591,117.047470093
21.065511703,8.650318146,123.435615540
21.155382156,8.381986618,112.875961304
20.296716690,8.628590584,124.624725342
19.770307541,9.601755142,91.779434204
19.739078522,8.454995155,97.084518433
20.479555130,7.679256916,82.536193848
20.227739334,8.265330315,110.744010925
20.164520264,8.916708946,123.800231934
19.752761841,8.756561279,103.286956787
21.861343384,8.950838089,85.366928101
21.697937012,9.323130608,91.204940796
21.326835632,8.202178001,98.616149902
20.657583237,9.110549927,131.088668823
19.940050125,8.153808594,96.150505066
19.062410355,10.472776413,27.999233246
19.580272675,10.322857857,50.884292603
20.085182190,8.114143372,99.627716064
21.175193787,8.345444679,110.770942688
21.121133804,8.643824577,121.489761353
21.033100128,8.008450508,98.471778870
21.384025574,9.464609146,103.068260193
19.633024216,11.619572639,11.444781303
21.092798233,11.267103195,22.365514755
22.152942657,8.787801743,66.256622314
20.140403748,8.573177338,118.397537231
18.722646713,8.280801773,38.026443481
20.799440384,10.502593994,62.560626984
19.779903412,9.858693123,81.219917297
19.300081253,8.390316963,70.890792847
20.095035553,9.348447800,115.112113953
21.009984970,9.938978195,93.597518921
21.323513031,9.219804764,112.337211609
20.943040848,10.565167427,57.798786163
20.041749954,9.751364708,97.128822327
18.744531631,9.387970924,37.800376892
20.069425583,8.979207993,120.035774231
21.592761993,9.141280174,100.115158081
21.437862396,10.450401306,54.818679810
20.941768646,10.147677422,82.678459167
20.226114273,8.968426704,125.836341858
20.030056000,10.019614220,82.530654907
20.966766357,8.469402313,121.456192017
20.707344055,10.018204689,92.581390381
20.513406754,8.027704239,103.994331360
20.684587479,6.996070862,39.891906738
21.321445465,8.555309296,111.430648804
20.083364487,9.852332115,93.387741089
19.187511444,10.923735619,19.781768799
20.072433472,8.453385353,112.501396179
21.573900223,9.685332298,86.574562073
23.003904343,8.765430450,23.589191437
20.432268143,7.497320652,70.698028564
20.220573425,8.255205154,110.109840393
20.103908539,7.232449055,52.042598724
22.213283539,7.560033321,29.918718338
17.750473022,7.788212299,4.434925079
19.948835373,7.827082634,81.111267090
21.650978088,8.838797569,97.864891052
20.578060150,9.587028503,116.039894104
20.838687897,9.955204010,95.343894958
19.443197250,8.429118156,79.964546204
21.218643188,6.442081928,12.672364235
19.177490234,9.477628708,60.801353455
20.072425842,9.912744522,89.788528442
21.361856461,7.778543949,74.336334229
20.959331512,10.178334236,80.597076416
20.700109482,7.999171734,102.717964172
21.432065964,9.612061501,95.710235596
21.095285416,9.692575455,104.285476685
17.558061600,9.857574463,4.340252399
22.360807419,9.413274765,52.274192810
20.745403290,9.673075676,111.535255432
20.890901566,9.628417969,111.883857727
20.554145813,8.209931374,113.922348022
19.548353195,7.978445053,72.176071167
19.179632187,7.908894539,52.755260468
22.313941956,9.730731964,48.270332336
19.927648544,8.586243629,109.726364136
20.665233612,8.321091652,119.382202148
20.620191574,9.754240990,107.806671143
20.516931534,9.312652588,126.105461121
21.439167023,8.704504967,108.473419189
20.837465286,8.667259216,128.943176270
20.524147034,8.651906013,129.318878174
20.023805618,9.150348663,116.518653870
21.119220734,9.122941017,122.224136353
21.051403046,8.238704681,110.119033813
19.348939896,9.393680573,73.304153442
21.240556717,9.026494026,118.776435852
21.900711060,9.884335518,63.623439789
23.233245850,8.775828362,16.600233078
19.553827286,8.236499786,81.174400330
19.987176895,9.452668190,107.461769104
18.394607544,10.295187950,13.931941986
20.313379288,8.729843140,126.915847778
19.473331451,8.862411499,86.928329468
20.565914154,8.854691505,132.237915039
20.891735077,8.387004852,120.048797607
-16.164855957,29.727149963,96.397491455
-15.170372963,29.376003265,122.500556946
-14.210012436,28.156257629,65.693824768
-16.124280930,30.436042786,70.205520630
-16.751922607,27.869409561,41.811267853
-14.451178551,29.417022705,96.842582703
-15.163807869,29.087163925,122.711250305
-15.237772942,29.086709976,123.562026978
-13.913597107,28.780673981,66.939201355
-15.430413246,30.973272324,53.535743713
-15.241530418,31.410839081,33.038459778
-15.374019623,30.546237946,76.920249939
-16.924385071,29.332466125,58.276973724
-16.853513718,30.023277283,52.464702606
-16.481908798,29.462593079,84.137374878
-15.551236153,28.020620346,82.726707458
-16.888401031,28.667781830,56.700275421
-13.528410912,28.885337830,47.357902527
-14.351819038,29.121780396,93.297096252
-14.392313004,27.351911545,36.151023865
-15.672228813,30.128227234,96.924629211
-15.432294846,29.092367172,124.037147522
-15.699501991,30.328201294,86.193618774
-14.971526146,29.222845078,119.186218262
-14.625985146,29.767047882,97.917167664
-15.056452751,30.725854874,65.049415588
-15.329327583,29.456903458,122.912185669
-15.911993027,29.328937531,114.175376892
-13.681278229,28.535564423,51.007575989
-16.402633667,30.175582886,70.359466553
-15.417806625,29.274826050,124.648628235
-15.314153671,29.257944107,124.629714966
-14.418509483,28.339698792,81.372329712
-16.280815125,29.263790131,97.068550110
-16.875480652,27.805768967,35.788944244
-13.402357101,29.936290741,32.521339417
-15.279096603,30.416830063,84.067825317
-16.309638977,28.863220215,91.847808838
-14.645586967,30.069494247,88.182495117
-14.756123543,26.637584686,13.471481323
-16.237121582,29.655891418,94.597511292
-15.624991417,31.719055176,22.396419525
-14.342481613,29.736904144,85.282287598
-16.385990143,29.143526077,90.952369690
-15.027835846,30.306606293,87.527763367
-14.387908936,30.211811066,71.999588013
-16.192951202,30.590974808,60.975658417
-16.649471283,28.642908096,68.948875427
-14.838269234,29.028930664,114.337341309
-16.275077820,28.357273102,78.308364868
-16.817295074,29.710796356,60.588420868
-14.008471489,29.078428268,74.319419861
-15.669388771,27.706499100,63.503700256
-14.355837822,31.390127182,22.956983566
-17.066495895,28.115388870,37.404174805
-15.948633194,28.614503860,101.101036072
-15.041694641,30.793071747,61.214527130
-14.260442734,29.706420898,81.702781677
-15.992968559,28.059194565,75.064262390
-16.065814972,30.726888657,58.088668823
-15.330783844,28.731987000,116.940063477
-15.452795982,30.003440857,105.402793884
-16.581890106,30.593696594,47.750701904
-15.112564087,28.962478638,120.445198059
-14.826193810,29.397220612,113.481384277
-15.613236427,28.926111221,119.474479675
-16.137903214,29.835212708,94.442703247
-15.801033974,28.222564697,88.551986694
-15.103177071,30.507963181,77.661170959
-15.317384720,28.570720673,111.352622986
-14.865143776,31.115535736,42.515300751
-16.720945358,29.561025620,68.502899170
-15.063953400,30.340356827,86.307624817
-14.278130531,28.992113113,88.877227783
-16.953557968,29.985385895,48.132259369
-16.104232788,28.232082367,79.675643921
-14.120689392,28.267972946,65.684898376
-13.866195679,29.514667511,63.289024353
-14.949921608,29.486087799,116.190078735
-16.907463074,27.402433395,23.261926651
-15.053486824,29.746829987,112.405807495
-15.186429024,28.357288361,101.868675232
-15.250118256,29.096788406,123.753959656
-16.226198196,30.192794800,77.281982422
-16.999315262,29.767564774,49.505897522
-14.884716988,30.188533783,90.458595276
-16.274351120,29.280229568,97.390876770
-13.097875595,29.840896606,22.269155502
-15.168458939,29.717983246,115.320945740
-15.182863235,31.369720459,34.394912720
-14.285404205,29.093208313,89.716804504
-15.016708374,28.788024902,115.146072388
-14.059189796,27.772718430,44.791030884
-16.873779297,30.637537003,35.746448517
-13.115920067,29.647127151,25.207683563
-15.156302452,29.836090088,111.127189636
-15.916093826,29.350065231,113.886215210
-15.230131149,29.805387497,113.114387512
-16.827037811,28.671787262,60.018878937
-14.424044609,28.503229141,87.036964417
-16.262401581,31.220893860,33.186725616
-15.230921745,28.599905014,112.216331482
-16.961410522,29.908168793,49.189403534
-14.569904327,28.880062103,102.042594910
-16.371271133,29.154273987,91.843040466
-16.104896545,28.236728668,79.861442566
-15.372252464,28.127431870,90.278953552
-15.022391319,29.786815643,110.423820496
-16.108673096,27.810577393,59.514179230
-13.707760811,28.238552094,45.829158783
-15.928982735,29.391839981,113.043075562
-14.669671059,28.922506332,106.865089417
-14.808245659,28.777835846,109.330123901
-16.240211487,30.605138779,58.913059235
-12.780598640,30.874792099,4.507989407
-15.127233505,31.012258530,50.507118225
-14.913336754,28.701536179,110.470695496
-14.802660942,29.084430695,113.527343750
-16.252159119,28.280500412,76.178421021
-14.466988564,27.332290649,36.752136230
-14.664903641,27.549238205,51.401947021
-17.390216827,27.339975357,12.635498047
-13.302276611,28.982587814,36.717136383
-15.182456970,30.598077774,73.353851318
-14.334860802,27.787317276,54.696594238
-14.400033951,29.363004684,94.807830811
-15.610717773,29.203113556,122.709068298
-13.989228249,28.292856216,60.325767517
-14.868154526,29.169164658,116.082168579
-17.066204071,28.376569748,42.936897278
-15.075826645,30.476163864,79.093345642
-14.267708778,29.776035309,80.412521362
-16.084316254,30.980035782,46.193386078
-15.053799629,28.172456741,91.677345276
-15.451945305,30.075071335,102.033958435
-15.261422157,30.065687180,102.393669128
-14.165346146,29.579353333,79.091636658
-16.126743317,29.314277649,104.946166992
-15.223874092,31.038169861,49.828464508
-16.895362854,29.044000626,60.110637665
-15.853134155,29.513927460,114.043403625
-17.706604004,30.293746948,14.727038383
-15.255291939,27.334121704,45.554229736
-15.630153656,29.787784576,112.256484985
-16.860488892,29.182044983,62.459297180
-16.326513290,28.622837067,85.092964172
-15.242301941,29.362272263,123.510894775
-15.739782333,29.451618195,118.388450623
-14.451062202,28.899908066,96.811210632
-13.837471962,30.641036987,33.548011780
-15.697742462,28.540981293,105.683578491
-16.933212280,29.052253723,57.947502136
-15.632477760,29.957874298,105.504066467
-16.778701782,28.901432037,65.876258850
-14.300295830,28.448465347,79.772674561
-16.031402588,27.731882095,57.643367767
-12.648466110,28.431348801,11.790056229
-16.569387436,28.374971390,65.808021545
-16.043334961,28.909433365,105.651191711
-14.443668365,28.880498886,96.204460144
-16.191864014,27.727483749,53.331855774
-15.247182846,29.221361160,124.225036621
-13.738107681,29.271270752,58.584644318
-15.368048668,28.128168106,90.340942383
-15.574993134,28.740348816,115.290580750
-15.639204025,28.219566345,91.957756042
-14.730710983,29.036376953,110.513587952
-15.469393730,27.464776993,52.179023743
-14.775396347,29.665838242,106.612838745
-16.108169556,30.168943405,82.868789673
-16.633798599,29.156951904,76.197074890
-15.540247917,27.861648560,73.955688477
-15.079337120,30.881393433,56.881496429
-15.201405525,28.715801239,115.883163452
-14.822015762,29.284542084,114.283790588
-15.241277695,28.753280640,117.283111572
-13.847064972,29.635185242,60.317356110
-15.797710419,29.070817947,117.340217590
-16.009906769,28.570531845,97.242156982
-15.909766197,28.044511795,76.663597107
-14.491763115,28.887781143,98.592025757
-14.714912415,28.508697510,98.578750610
-15.329402924,28.467781067,107.134933472
-14.549371719,28.930402756,101.791252136
-15.999914169,27.537118912,48.766235352
-14.993373871,28.470438004,104.404815674
-15.284819603,28.687091827,115.453430176
-14.314850807,29.722967148,84.188400269
-14.821827888,28.562702179,103.722511292
-14.802749634,30.893653870,52.343479156
-16.101226807,29.351161957,105.969009399
-16.918256760,30.577384949,35.744121552
-15.666952133,29.961400986,104.753311157
-16.992267609,30.976362228,23.312173843
-15.625911713,29.724479675,114.453659058
-15.118222237,28.923351288,119.886718750
-13.583248138,27.530776978,22.898832321
-14.970326424,30.089468002,97.118049622
-15.298895836,29.060651779,123.728218079
-15.411727905,27.951187134,80.265754700
-15.230913162,29.691539764,116.871650696
-15.200441360,28.906545639,120.648307800
-15.758765221,28.899526596,115.593231201
-14.011296272,27.092187881,19.792976379
-15.228968620,28.851068497,119.725410461
-13.813232422,29.234313965,62.984043121
-13.784114838,27.054933548,15.601890564
-14.809454918,29.458881378,112.063812256
-13.878505707,27.537473679,30.722074509
-15.424076080,29.244882584,124.691886902
-15.764835358,30.395401001,81.460350037
-15.607722282,31.213584900,41.501106262
-14.214861870,30.129655838,67.084083557
-14.709741592,28.115127563,81.996772766
-15.700136185,29.751573563,112.136619568
-14.591483116,30.486005783,67.606727600
-15.736480713,28.318668365,94.851058960
-14.409935951,28.369195938,82.061920166
-14.395728111,30.378559113,65.490692139
-14.812887192,28.821243286,110.411621094
-15.227957726,29.772289276,114.255920410
-15.258854866,31.377119064,34.481063843
-16.259710312,28.176153183,71.501670837
-16.245935440,28.589242935,87.892417908
-17.447971344,28.549171448,29.137866974
-15.922325134,29.257337570,114.033348083
-14.851239204,27.938606262,76.212234497
-14.368986130,30.981065750,38.492244720
-15.477325439,30.753192902,65.101791382
-15.070050240,31.167554855,42.451610565
-14.151756287,27.614917755,41.423015594
-15.250412941,30.233146667,93.916862488
-15.238493919,29.141939163,123.947334290
-13.999275208,28.468969345,65.629127502
-15.251524925,29.502449036,121.645629883
-15.602830887,29.158693314,122.678176880
-14.494016647,29.611660004,95.748825073
-16.077756882,28.074699402,73.224021912
-16.058141708,29.180070877,108.241210938
-15.428979874,28.346864700,101.131706238
-15.867190361,27.658782959,57.519969940
-14.851186752,29.138803482,115.450599670
-16.528827667,29.207443237,82.652076721
-13.926418304,28.438886642,61.234737396
-13.953902245,28.855365753,69.985450745
-15.071211815,29.276573181,121.445281982
-13.867516518,29.337257385,65.368522644
-16.410942078,27.867853165,53.047286987
-16.801961899,27.466852188,27.485797882
-15.222905159,28.220447540,95.360862732
-15.349851608,28.474964142,107.399993896
-16.039823532,28.697977066,100.383361816
-14.565454483,30.107967377,83.534263611
-14.897867203,28.188999176,90.050765991
-14.625409126,29.867719650,94.790405273
-14.994393349,28.575202942,108.340133667
-14.560180664,29.601640701,99.097320557
-18.385896683,29.823274612,5.356025696
-17.182783127,29.842384338,39.060142517
-15.423112869,30.372434616,86.569259644
-15.367201805,28.292207718,98.850448608
-15.416394234,30.238628387,93.856697083
-15.242793083,29.064487457,123.398590088
-14.525486946,29.389181137,100.839279175
-15.274967194,30.544881821,76.856376648
-13.713926315,29.792148590,50.197116852
-15.554999352,30.675733566,68.912010193
-14.085920334,29.897720337,67.592224121
-16.485116959,29.319494247,85.070121765
-16.012712479,29.019809723,108.833229065
-15.028983116,29.278982162,120.488304138
-15.744215012,30.451776505,78.831016541
-16.965171814,29.909006119,48.977470398
-17.126523972,29.561420441,45.180553436
-16.155944824,30.057126999,85.649024963
-15.182587624,29.426528931,122.070549011
-16.287319183,28.524251938,83.841911316
-15.061822891,29.762392044,112.076927185
-12.339943886,29.401679993,7.045024872
-14.293003082,27.621889114,45.851520538
-16.598932266,28.823328018,75.168472290
-16.466466904,30.665222168,49.157142639
-15.679259300,30.561004639,73.917968750
-13.782258034,29.221601486,61.306179047
-14.767240524,29.122722626,112.408737183
-14.730603218,29.662164688,105.007209778
-15.392689705,29.683792114,117.827911377
-13.545343399,29.891838074,39.811706543
-14.943240166,29.303592682,118.096832275
-16.281713486,28.151525497,69.621841431
-14.945683479,27.809431076,70.575172424
-16.035367966,30.460334778,71.706787109
-13.354810715,27.512866974,17.416238785
-13.642390251,28.967384338,53.699737549
-15.284045219,29.065410614,123.702217102
-14.188495636,27.571146011,40.668342590
-14.812876701,28.233951569,90.299736023
-14.698251724,30.721618652,58.883060455
-15.269457817,29.552978516,120.784515381
-14.859488487,28.379228592,97.830802917
-13.757400513,30.885290146,23.989751816
-14.567256927,29.252107620,103.865180969
-15.730934143,28.552331924,105.353469849
-13.558203697,30.593236923,24.752187729
-15.332701683,27.598892212,60.354217529
-18.101051331,28.095396042,7.414605618
-15.399660110,30.579511642,75.009986877
-15.920696259,29.683637619,107.827926636
-13.965859413,29.307359695,71.198898315
-15.411487579,27.870059967,75.641502380
-16.471515656,29.594923019,82.885742188
-15.469947815,29.301353455,124.282600403
-15.316317558,29.842966080,112.288635254
-16.053728104,28.843242645,103.762008667
-13.372858047,28.379035950,34.265232086
-15.550615311,28.589435577,110.366264343
-14.824258804,30.201215744,88.261238098
-15.767251968,28.747407913,111.335235596
-15.548021317,29.708656311,116.072631836
-16.008436203,28.802862167,104.656806946
-17.641233444,27.797077179,14.202906609
-15.381484032,30.076686859,102.172180176
-14.973964691,28.080053329,85.835189819
-16.669296265,29.353502274,73.645004272
-16.921844482,30.244749069,43.991722107
-15.205143929,27.571502686,58.801158905
-16.234994888,28.454511642,83.711029053
-16.042232513,27.688890457,55.261260986
-16.143703461,28.494421005,89.073722839
-15.980325699,30.306779861,80.762321472
-15.164212227,28.185565948,93.314277649
-15.603661537,28.299264908,96.604522705
-15.569046974,30.054330826,102.020988464
-15.016769409,31.464424133,29.407133102
-14.893113136,28.265228271,93.577011108
-14.459299088,30.258754730,73.079963684
-14.174873352,28.084581375,61.476173401
-15.416677475,30.310634613,89.983764648
-16.953769684,28.679405212,53.450378418
-16.695978165,28.246252060,56.125171661
-16.281497955,30.429391861,65.176406860
-15.503578186,28.315467834,98.862487793
-16.304645538,29.320489883,95.568572998
-15.280176163,30.522897720,78.116127014
-14.769023895,27.747024536,64.160301208
-15.898020744,30.248895645,85.903938293
-15.890122414,30.913394928,52.634834290
-16.367328644,29.751436234,85.466148376
-16.130254745,28.669227600,95.654235840
-14.170458794,29.051755905,83.327850342
-14.455588341,29.652112961,92.993095398
-14.515174866,28.290634155,83.357284546
-15.490614891,29.603075027,119.600769043
-16.118112564,30.808322906,53.100234985
-16.046268463,28.878818512,104.887420654
-16.275598526,27.035514832,23.213956833
-13.472121239,28.974483490,44.885276794
-15.716955185,28.980108261,118.271171570
-13.849176407,28.213716507,51.515804291
-14.589471817,28.755033493,100.659622192
-15.865711212,29.745880127,107.855812073
-14.280799866,28.664918900,84.423385620
-16.037889481,28.009727478,71.288864136
-14.165535927,28.603567123,77.260757446
-17.118171692,30.588775635,28.326511383
-16.638898849,29.958282471,65.373130798
-15.085611343,29.466737747,119.822158813
-15.853415489,29.544414520,113.456588745
-14.150337219,78.942634583,52.930850983
-10.925547600,79.238624573,47.865486145
-14.502098083,77.370391846,31.339101791
-12.670352936,78.841537476,120.895858765
-12.589210510,77.861389160,121.835311890
-11.887257576,79.518753052,77.085075378
-12.714851379,79.083526611,110.188491821
-15.061608315,77.417091370,14.530749321
-12.803816795,77.866035461,119.603233337
-12.149759293,79.368347168,92.290275574
-11.975888252,77.732376099,107.712333679
-14.005326271,78.911567688,61.407337189
-14.320734024,79.007637024,43.075351715
-12.671007156,77.178764343,87.500778198
-12.195300102,78.351722717,126.921859741
-12.519155502,78.270378113,130.322357178
-12.063034058,79.279037476,95.345184326
-11.985942841,79.366729736,88.457389832
-12.526697159,79.973060608,57.680271149
-11.911447525,77.810905457,108.290466309
-13.576453209,78.560394287,93.527351379
-13.789079666,77.381225586,63.087688446
-12.243470192,77.746711731,115.141906738
-13.415873528,78.320121765,104.372795105
-12.409879684,78.148765564,128.610885620
-12.860104561,79.209243774,101.233497620
-12.140130043,78.131172180,123.762519836
-10.018236160,78.548431396,15.774497986
-11.350552559,77.793617249,80.741928101
-13.845499039,77.562843323,66.973754883
-12.750567436,77.857994080,120.205009460
-11.146171570,78.234558105,75.447334290
-12.021088600,78.308120728,121.934677124
-12.916111946,78.392593384,124.849647522
-10.768506050,77.586654663,43.775131226
-11.715567589,77.328590393,80.390884399
-12.942184448,78.358184814,124.202964783
-12.156182289,79.837730408,63.870693207
-12.532640457,77.510986328,106.850708008
-11.832515717,77.990432739,110.290863037
-12.243876457,78.238380432,127.427917480
-14.426014900,78.862899780,40.943214417
-11.899189949,79.281204224,90.429985046
-10.682094574,77.159500122,30.501712799
-11.966050148,78.763893127,114.270156860
-12.901639938,78.751708984,119.312187195
-11.982911110,77.135917664,78.748947144
-12.236334801,77.436614990,100.569213867
-13.134414673,76.579856873,44.889106750
-12.955918312,78.151031494,122.604598999
-11.932701111,78.355499268,118.811668396
-14.024846077,79.216751099,51.723987579
-12.601144791,78.842971802,121.463256836
-11.516621590,79.777206421,51.938171387
-10.521330833,78.282363892,37.924724579
-12.171433449,77.276237488,90.707817078
-11.420957565,77.169715881,61.343177795
-14.287809372,79.184989929,40.444843292
-13.004254341,79.132209778,101.396080017
-12.074482918,76.724594116,57.121002197
-15.202237129,77.257995605,10.418617249
-12.466066360,77.132820129,85.293304443
-13.135318756,76.895660400,62.417346954
-12.312680244,78.445426941,128.796463013
-12.963950157,79.751663208,67.048576355
-10.984842300,78.919868469,58.963657379
-14.282328606,77.249908447,36.961017609
-12.075427055,77.726043701,110.483917236
-12.969649315,79.253570557,96.209747314
-11.971682549,79.668754578,70.631156921
-12.911767006,79.729827881,69.372581482
-13.036688805,79.854095459,59.402809143
-12.376723289,77.494087219,105.328147888
-14.113777161,78.053131104,62.614643097
-12.738790512,79.212265015,103.253059387
-12.593148232,77.922164917,123.755187988
-11.405520439,78.129776001,90.586196899
-13.058799744,78.929206848,108.427490234
-12.972386360,79.013404846,107.802337646
-13.079474449,78.131637573,118.313621521
-12.330380440,77.980476379,124.277854919
-12.496008873,79.170074463,107.181587219
-12.071955681,78.835571289,115.508911133
-13.117988586,79.207427979,93.984886169
-11.812994957,79.359016418,83.424453735
-13.208923340,78.182144165,113.754516602
-11.849023819,77.745788574,103.613533020
-12.708680153,80.280403137,39.103458405
-10.530797005,79.594543457,23.323461533
-11.543972969,77.335350037,73.772338867
-11.969995499,77.995483398,115.789314270
-13.541130066,77.845596313,91.508140564
-12.366892815,77.807243347,119.212776184
-13.033357620,79.146644592,99.795166016
-12.338451385,78.588058472,127.435073853
-12.370685577,77.678894043,114.081565857
-13.853129387,78.665161133,75.546928406
-12.989594460,76.343818665,35.261859894
-12.875124931,77.262382507,89.759109497
-11.783907890,78.876228333,103.542602539
-11.985664368,77.689559937,106.342643738
-11.751006126,78.674247742,107.509529114
-12.892412186,77.901260376,118.864059448
-11.589849472,77.880996704,96.037887573
-12.178901672,79.388557434,91.667587280
-10.573215485,80.018470764,16.534902573
-11.581734657,76.848686218,52.285785675
-13.171606064,77.806510925,107.172363281
-10.829407692,77.655281067,48.303169250
-12.096391678,78.455467224,124.019409180
-13.417684555,78.736427307,98.652397156
-12.084261894,77.098823547,78.912300110
-11.259680748,76.268089294,21.228286743
-13.073314667,79.326568604,89.264060974
-13.675815582,78.704864502,85.126586914
-13.778918266,78.261573792,83.691612244
-14.796330452,77.512031555,23.119678497
-14.025479317,77.952835083,66.518539429
-12.897789001,77.680938721,110.716278076
-11.684644699,77.467720032,85.578765869
-11.848171234,79.983879089,50.286102295
-12.343493462,77.496932983,105.150825500
-13.731896400,77.644813538,75.550849915
-11.777915001,78.510192871,111.349258423
-11.545762062,79.124931335,83.177192688
-12.341747284,78.828086853,121.303520203
-10.627311707,79.770256042,22.804620743
-12.785304070,79.344276428,95.127777100
-11.896706581,79.490989685,78.924835205
-11.810940742,77.380432129,86.402702332
-14.102242470,78.927230835,55.810153961
-10.579939842,77.578933716,34.578067780
-12.670647621,77.318855286,95.765602112
-11.304728508,76.049430847,15.729335785
-14.746217728,78.729621887,29.027622223
-12.564901352,77.874977112,122.368873596
-12.783652306,78.891586304,117.367469788
-12.896361351,77.257675171,89.085044861
-13.409920692,79.242942810,80.527351379
-13.007299423,76.969322205,69.683013916
-12.380379677,78.859596252,120.599411011
-11.153596878,78.572502136,75.001464844
-13.142269135,78.828605652,108.820732117
-11.755382538,78.315696716,111.042282104
-12.527156830,78.614730835,128.006744385
-12.552413940,78.604713440,128.145004272
-13.504470825,77.204162598,67.424705505
-13.318669319,78.996810913,95.153976440
-12.223760605,79.394836426,92.061027527
-12.669248581,77.210960388,89.447273254
-11.338004112,78.335830688,87.796394348
-11.199102402,78.952545166,70.513000488
-10.293938637,78.134826660,26.563419342
-11.581833839,79.245964050,79.692955017
-13.037684441,78.182121277,120.384353638
-13.944295883,76.805801392,34.163162231
-12.355988503,79.147605896,107.622459412
-11.844533920,78.694625854,111.265823364
-11.619540215,77.764900208,94.097549438
-12.755090714,79.092124939,109.176002502
-12.049439430,78.144409180,121.361305237
-11.161763191,77.062599182,46.524620056
-13.001235962,78.071205139,119.988075256
-11.666023254,78.356987000,106.624359131
-13.744049072,78.868606567,77.148933411
-11.395011902,79.093902588,76.796493530
-11.863402367,76.480285645,40.825817108
-13.382444382,78.836677551,97.644851685
-12.537446022,78.877159119,120.496948242
-13.748900414,78.293106079,85.494956970
-13.872338295,76.400924683,22.368188858
-12.186779022,79.197189331,102.534202576
-12.236941338,78.321601868,127.757423401
-14.044571877,79.360710144,46.227603912
-12.526602745,80.314163208,38.176898956
-11.540243149,76.349472046,29.290311813
-11.727507591,76.958061218,62.106895447
-13.242053032,78.103843689,111.390319824
-12.576620102,78.752166748,124.518028259
-13.505413055,77.203910828,67.375343323
-11.881952286,78.341346741,116.762771606
-12.308184624,76.160919189,29.738100052
-12.659694672,77.463867188,103.870262146
-13.403183937,79.276535034,79.276847839
-13.578228951,77.261703491,67.230529785
-12.813568115,78.804885864,119.805320740
-13.366572380,79.588745117,65.142692566
-11.032710075,77.473152161,54.387596130
-12.727639198,77.575927734,108.877609253
-14.167940140,78.657608032,57.486446381
-11.748963356,80.366462708,30.946680069
-13.379967690,79.690834045,59.327484131
-11.140204430,78.552452087,74.358940125
-11.880393982,79.227874756,92.517509460
-10.508458138,78.832405090,34.453758240
-12.542695999,77.488433838,105.678298950
-12.177236557,79.378761292,92.210823059
-12.237947464,77.574676514,107.519012451
-12.393481255,78.225448608,129.415542603
-12.217819214,76.692749023,57.055465698
-11.931769371,78.950019836,106.807312012
-12.037704468,78.350837708,122.566650391
-14.288494110,78.335273743,53.551254272
-11.421842575,77.494468689,74.724357605
-14.471827507,76.814041138,20.277509689
-12.168532372,78.727478027,121.296066284
-11.596264839,78.299339294,102.823989868
-13.982886314,77.536094666,59.120529175
-11.663718224,78.495094299,105.859664917
-11.832728386,78.789390564,108.329406738
-12.687518120,78.180595398,128.499008179
-10.625455856,78.769271851,41.162372589
-12.611145020,78.810020447,122.514823914
-12.259652138,76.197242737,31.217947006
-11.832472801,80.175537109,40.463333130
-13.262837410,79.808639526,56.550449371
-12.739427567,78.648071289,125.456329346
-11.412198067,77.634597778,79.260169983
-11.240063667,77.140380859,52.649959564
-13.357712746,77.761077881,97.901626587
-11.820552826,78.013725281,110.304077148
-14.002532005,78.138069153,69.818992615
-13.266778946,79.085891724,93.822761536
-12.825793266,78.425376892,126.926139832
-12.888030052,78.788536072,118.573204041
-12.666148186,78.679801941,125.731208801
-15.075945854,78.451850891,18.996751785
-12.068644524,78.155319214,122.114257812
-11.813165665,79.093208313,96.363433838
-11.178343773,78.459411621,77.473541260
-14.396358490,76.069099426,8.957204819
-14.084398270,78.316696167,65.320106506
-12.639863014,78.630836487,127.095497131
-13.107803345,77.618110657,102.164466858
-11.927510262,79.010520935,104.222450256
-12.739208221,78.316123962,128.768020630
-12.078243256,78.858940125,114.898330688
-13.626538277,77.635025024,80.614677429
-13.713104248,77.847694397,82.322517395
-11.670224190,78.900871277,97.492378235
-13.580656052,78.866867065,86.299842834
-12.396714211,77.860671997,121.383628845
-13.889017105,78.179779053,76.839820862
-11.802614212,76.191505432,27.118535995
-12.878681183,80.608886719,22.529323578
-11.809921265,78.614433289,111.365287781
-13.219742775,77.676269531,100.584358215
-12.565846443,79.957466125,58.558105469
-12.016968727,77.482444763,97.999603271
-11.305770874,78.062004089,83.702461243
-10.785211563,77.787994385,48.353302002
-13.485823631,78.529228210,99.054130554
-11.500230789,79.392044067,69.482292175
-12.323366165,77.366500854,97.978973389
-12.987898827,76.336318970,34.925163269
-13.395679474,78.176139832,104.886741638
-12.093555450,78.015144348,120.207626343
-12.539536476,77.958412170,124.950820923
-11.731532097,77.455490112,86.939170837
-11.645009995,80.315483093,31.403223038
-12.009768486,77.827507019,112.254997253
-13.018827438,79.564437866,77.185585022
-13.609147072,77.400794983,72.193298340
-13.647006035,77.076087952,55.718288422
-13.527374268,79.144508362,79.241195679
-11.380274773,77.657524109,78.341171265
-12.275223732,79.113754272,108.345184326
-12.381993294,77.399658203,100.360305786
-13.952959061,79.365028381,50.202472687
-11.986378670,78.931556702,109.405700684
-13.590204239,78.589576721,92.277465820
-11.853558540,78.668632507,112.220710754
-13.227581024,79.366859436,81.883064270
-14.010190010,79.283340454,50.304428101
-11.401501656,79.926933289,41.784938812
-12.825050354,77.355171204,95.917892456
-11.688677788,77.655387878,93.479293823
-12.438562393,78.037139893,126.697303772
-13.384629250,78.675598145,101.809059143
-13.874573708,78.946807861,67.656684875
-13.449488640,76.622871399,40.129402161
-12.532665253,78.786231995,123.628807068
-11.905623436,79.172950745,96.098350525
-14.836197853,77.349456787,19.779272079
-12.375905037,79.873603821,63.649085999
-11.698813438,80.255943298,34.689010620
-13.007496834,78.629020691,119.121040344
-13.582528114,77.950248718,91.746101379
-13.217853546,77.720611572,102.360961914
-12.876007080,78.357315063,125.998252869
-12.460345268,78.898056030,119.656913757
-12.342569351,78.010551453,125.196601868
-13.005136490,78.047470093,119.416572571
-12.931594849,78.845573425,115.523765564
-11.617033005,79.628646851,62.523086548
-13.280260086,78.823974609,102.973533630
-13.877237320,78.727775574,72.906455994
-11.399885178,78.205009460,91.000373840
-11.409921646,77.216033936,62.876441956
-13.371203423,78.218788147,106.426094055
-11.460347176,77.937171936,90.444015503
-12.936110497,77.362968445,94.204124451
-12.279676437,79.601295471,80.129325867
-11.781877518,79.051254272,96.889671326
-12.689532280,77.791290283,118.600425720
-11.805312157,78.322692871,113.392913818
-12.656166077,79.252838135,101.990577698
-12.680345535,77.516822815,106.445350647
-11.573369026,78.435317993,101.436653137
-13.519587517,77.241691589,68.670379639
-12.387145996,80.692008972,21.756877899
-12.875378609,78.018325806,122.347221375
-10.958786964,78.297317505,63.764442444
-13.931024551,76.781806946,33.680168152
-11.255893707,79.020957947,71.744132996
-11.656432152,78.296844482,106.025985718
-13.209269524,78.137435913,113.258644104
-12.346526146,77.516288757,106.167121887
-11.921108246,77.095001221,74.901367188
-12.815316200,78.150588989,126.068778992
-13.173577309,76.149093628,24.680910110
-12.034687996,77.598846436,103.960456848
-11.156849861,78.012619019,73.871994019
-13.023917198,78.446121216,121.173980713
-11.429118156,77.791191101,85.020973206
-11.467820168,79.794906616,49.561119080
-11.492235184,79.981033325,42.003993988
-11.189911842,79.869483948,37.600479126
-10.878231049,78.562667847,57.853462219
-12.911781311,76.092353821,25.000570297
-13.805291176,77.906318665,78.414085388
-12.864293098,78.201805115,125.605445862
-13.483318329,76.758819580,45.741485596
-12.612780571,78.165184021,128.978744507
-13.290111542,77.612449646,95.210548401
-13.422714233,77.958076477,100.246269226
-13.338860512,79.614479065,64.751167297
-12.241560936,77.382278442,97.751823425
-12.763005257,77.174316406,86.287376404
-11.470389366,79.738784790,52.208988190
-11.230555534,77.209907532,54.909545898
-12.573824883,77.953025818,124.726913452
-11.920544624,77.346687317,88.345626831
-13.158449173,77.941383362,111.633369446
-12.329269409,79.048728943,112.207099915
-12.811285019,79.018562317,111.594444275
-11.660481453,78.141387939,104.933601379
-13.728216171,77.183410645,57.420215607
-11.890830994,77.878372192,109.667160034
-14.195186615,78.967552185,50.063453674
-12.353003502,76.948631287,73.514312744
-11.303137779,79.191238403,68.522583008
-12.343812943,77.080284119,81.472251892
-13.884888649,78.047531128,75.992347717
-14.196473122,78.759681702,54.258934021
-13.893381119,78.519515991,75.356605530
-12.770689011,79.066383362,110.150901794
-13.420505524,78.628326416,100.928962708
-13.877397537,79.150146484,61.215694427
-12.597519875,78.850448608,121.221984863
-13.803083420,78.853683472,74.210700989
-12.176354408,78.718299866,121.721733093
-12.169923782,78.161132812,124.953628540
-11.241258621,78.198699951,81.216606140
-13.221727371,78.295875549,113.808448792
-13.433075905,77.890602112,98.149993896
-12.659804344,77.975044250,124.794197083
-12.283160210,80.300361633,38.758285522
93.303504944,-22.239395142,77.472259521
92.228843689,-23.898712158,106.453102112
92.354377747,-22.458806992,102.250793457
90.584434509,-24.344860077,21.548355103
92.834884644,-23.535789490,120.217941284
94.700279236,-22.864013672,30.407775879
92.070358276,-24.889303207,56.547412872
92.391990662,-24.614915848,76.292984009
93.199302673,-23.150588989,110.738548279
93.052581787,-21.232519150,35.883991241
91.825088501,-23.504100800,101.030128479
91.520034790,-23.392293930,86.216270447
94.325828552,-22.742973328,44.614021301
92.618064880,-23.060066223,122.826332092
91.521697998,-23.705429077,82.446296692
92.817802429,-23.212274551,122.522361755
91.201934814,-22.984073639,67.432556152
93.011749268,-23.688747406,113.532661438
92.736724854,-24.795186996,67.701759338
91.252754211,-23.177009583,71.430511475
92.064826965,-23.323251724,112.903335571
93.572044373,-23.485626221,92.966384888
89.921882629,-23.462348938,11.965357780
92.251510620,-23.546390533,116.407409668
93.632286072,-24.890226364,46.683853149
92.976509094,-21.741392136,60.325798035
92.106605530,-22.839368820,109.884010315
93.698860168,-23.101465225,83.987266541
92.047454834,-24.021217346,96.900321960
93.476348877,-22.719547272,88.318367004
91.946083069,-24.488168716,73.535537720
91.451744080,-21.650043488,43.187427521
92.664604187,-20.951467514,28.013252258
93.288101196,-22.872173309,101.681571960
93.038825989,-22.312545776,89.143226624
91.766487122,-21.151683807,30.452007294
92.632247925,-24.015096664,107.037239075
93.035110474,-22.219356537,84.510734558
91.724998474,-22.744827271,91.813224792
92.016105652,-23.817970276,102.551086426
92.243072510,-22.548154831,104.266319275
91.623481750,-23.119079590,91.901741028
92.389137268,-24.158906937,99.032165527
91.519027710,-24.514585495,56.460735321
91.098754883,-22.415529251,52.620456696
92.490898132,-23.153043747,123.248497009
93.910743713,-24.531812668,51.247726440
91.791007996,-23.056980133,100.102943420
90.908470154,-23.890405655,45.567745209
91.807655334,-22.982173920,100.085754395
92.306739807,-21.303546906,41.656326294
93.670440674,-24.164934158,74.521293640
92.345237732,-23.659280777,116.157966614
96.039123535,-24.821895599,2.097969055
92.936088562,-25.396127701,36.456848145
92.725616455,-21.401805878,45.849433899
92.324096680,-22.207141876,89.370689392
92.666435242,-23.734195709,117.006607056
92.480895996,-23.898599625,110.807556152
92.106491089,-24.641891479,70.128425598
94.239349365,-23.704772949,53.278591156
93.026329041,-24.188228607,95.490447998
93.849540710,-23.585252762,76.504447937
92.641517639,-25.140672684,49.657241821
93.128524780,-21.500190735,46.328697205
91.863471985,-23.769926071,97.770332336
91.594230652,-23.182533264,90.597671509
92.796577454,-22.606615067,108.209953308
93.284027100,-24.124212265,91.371047974
92.957496643,-23.639997482,115.929206848
91.641517639,-23.438552856,92.475723267
96.534210205,-20.996524811,0.977854311
92.872375488,-21.572839737,52.996574402
92.687171936,-23.364833832,123.693367004
90.782981873,-24.271800995,30.915699005
91.949050903,-23.204177856,108.322364807
92.746536255,-23.890638351,111.550209045
92.143737793,-23.477849960,114.305389404
91.351142883,-23.924335480,68.469268799
92.351264954,-24.560646057,78.686668396
92.402313232,-24.146503448,99.763191223
93.967933655,-23.555500031,69.716766357
92.543006897,-22.883668900,119.290908813
93.289520264,-25.047937393,47.874813080
92.355766296,-24.220727921,95.729232788
92.587379456,-23.848028183,113.316101074
92.889617920,-24.292156219,92.813087463
92.164787292,-23.902856827,104.639953613
93.815139771,-22.943693161,74.844268799
93.101440430,-23.598014832,112.851547241
92.347831726,-22.750694275,113.518760681
93.509986877,-23.296548843,96.485115051
93.874198914,-22.037540436,48.405097961
91.067855835,-22.881317139,59.078842163
92.689949036,-22.923406601,119.975425720
93.848526001,-24.232234955,64.068817139
91.112281799,-22.205505371,48.189350128
91.734069824,-23.997915268,85.524421692
92.937171936,-23.997798920,105.200759888
91.140342712,-23.277505875,65.178382874
91.951065063,-22.713836670,101.020492554
92.226478577,-24.000143051,102.689819336
92.522552490,-22.259542465,93.274581909
93.640457153,-24.404922485,67.064346313
95.532257080,-23.637472153,8.330533981
91.580139160,-22.423463821,76.150001526
92.370880127,-21.157976151,35.674209595
93.579963684,-23.510416031,92.394836426
94.307861328,-22.462581635,40.887699127
91.503654480,-22.423301697,72.565948486
92.216064453,-23.395023346,117.474723816
92.863609314,-24.190792084,97.946144104
91.399208069,-22.943912506,77.994400024
91.344322205,-25.886898041,6.861511707
91.896446228,-22.980604172,104.205993652
92.462669373,-22.044565201,81.245185852
92.916305542,-24.078006744,102.254348755
92.292968750,-24.748237610,67.958679199
93.818351746,-24.692796707,48.789260864
91.812141418,-23.471982956,100.790122986
92.734909058,-24.814346313,66.679161072
91.827018738,-23.046655655,101.755325317
93.862274170,-22.962692261,72.435386658
92.706741333,-24.874105453,63.560569763
92.115211487,-22.790201187,108.951202393
93.813499451,-22.422319412,62.699401855
92.870620728,-22.107095718,81.858909607
95.614013672,-23.905557632,6.112716675
91.969436646,-21.793212891,62.199085236
92.968017578,-23.199388504,119.224357605
93.124923706,-23.966182709,102.157638550
91.697753906,-24.088844299,80.855262756
93.978500366,-24.748336792,40.873001099
93.231208801,-23.869382858,101.996070862
92.379188538,-22.568744659,107.345375061
93.576538086,-22.968719482,88.945747375
90.859436035,-21.740732193,26.960184097
94.042747498,-23.220258713,64.840469360
92.742813110,-21.510246277,50.961204529
93.679779053,-23.340990067,86.972198486
92.440216064,-23.505233765,120.896972656
93.909782410,-22.271703720,53.993259430
91.119125366,-22.847053528,61.408939362
93.596672058,-24.818159103,50.891849518
92.729583740,-25.088739395,52.230697632
92.862045288,-25.394929886,36.947135925
92.050804138,-23.922761917,100.487388611
92.023704529,-21.860168457,66.583229065
93.268066406,-23.711265564,104.662399292
91.799476624,-23.550472260,99.187576294
91.703437805,-22.338615417,78.671379089
94.729316711,-22.258497238,22.370531082
93.064239502,-23.477325439,115.741073608
92.327445984,-21.566411972,54.411346436
92.156616211,-21.750597000,62.794521332
91.601013184,-23.607927322,88.320472717
91.018493652,-23.152462006,58.351184845
91.468826294,-21.646646500,43.547264099
93.144821167,-22.774299622,104.925392151
93.015228271,-24.404237747,85.419830322
92.856674194,-21.474615097,48.346672058
92.741104126,-24.328712463,92.291168213
90.880210876,-24.025022507,41.256774902
90.970321655,-22.481178284,47.810928345
93.513717651,-24.187377930,80.500305176
93.346534729,-23.888151169,97.120155334
92.686935425,-22.939741135,120.369926453
92.288589478,-22.893493652,116.187141418
91.046821594,-23.194221497,59.982418060
92.697601318,-25.358089447,39.069549561
90.922859192,-25.171220779,13.878896713
93.146858215,-23.187736511,113.210403442
93.006507874,-24.638074875,73.566886902
93.871528625,-22.328855515,57.323348999
91.965591431,-22.135635376,79.022491455
92.481628418,-25.087902069,51.825424194
91.099861145,-22.577972412,56.062751770
92.628501892,-22.430471420,101.885536194
92.644180298,-23.044025421,122.540016174
94.856079102,-21.914846420,14.322722435
92.299728394,-22.936727524,117.336120605
93.226997375,-22.550304413,93.695228577
92.803558350,-23.805227280,113.977043152
92.728927612,-23.791982651,115.012588501
94.415916443,-22.070970535,29.320583344
92.528938293,-22.883403778,119.225730896
92.567092896,-22.118455887,85.408775330
93.781433105,-22.743085861,72.727485657
93.603813171,-22.651124954,79.813781738
93.906616211,-22.780565262,66.669441223
92.884452820,-23.888921738,110.119293213
91.160804749,-23.339544296,66.188095093
91.991493225,-23.251688004,110.168861389
93.873039246,-23.138872147,74.115447998
92.317550659,-24.164825439,97.671676636
91.302413940,-21.978891373,49.674594879
90.955863953,-24.246479034,39.390151978
90.419349670,-23.627838135,26.881345749
92.390266418,-23.715990067,115.492874146
92.669425964,-24.132961273,101.898941040
91.818893433,-21.493869781,45.256553650
92.398490906,-22.404037476,100.138534546
91.895782471,-21.698966980,56.179851532
94.246734619,-23.080677032,52.436847687
91.633018494,-23.224695206,92.785339355
92.779853821,-23.072072983,121.797790527
91.754333496,-24.834695816,50.831069946
92.894912720,-23.321987152,121.215385437
92.734626770,-22.284894943,93.489715576
91.257392883,-22.301002502,57.385791779
91.989326477,-23.706918716,104.459396362
91.906776428,-23.222076416,106.474395752
90.826736450,-23.879781723,41.640895844
92.216796875,-22.047765732,79.533905029
92.883247375,-22.616178513,106.990455627
92.738487244,-24.360595703,90.698013306
93.639755249,-24.157136917,76.165252686
92.206306458,-23.129596710,117.482742310
93.678092957,-23.513080597,86.869232178
94.243080139,-23.883174896,51.144996643
93.398139954,-23.308080673,102.449470520
94.279220581,-23.097290039,50.885658264
90.855239868,-22.223361969,37.415248871
92.651000977,-23.864757538,112.819328308
93.955520630,-23.643005371,69.902145386
93.332542419,-24.080080032,91.377662659
91.896423340,-21.501113892,46.865528107
91.945518494,-23.896467209,97.570053101
91.024230957,-21.681713104,30.849782944
93.130554199,-23.073917389,112.528121948
93.707687378,-24.641033173,54.878730774
92.191505432,-23.403133392,116.671485901
91.184082031,-22.000268936,45.604042053
92.714126587,-23.634984970,119.435462952
92.968780518,-24.064277649,101.952140808
92.777664185,-19.884157181,4.711810589
93.337234497,-21.643384933,49.059089661
92.377471924,-24.063264847,103.036918640
93.042259216,-24.653400421,72.214065552
90.425598145,-22.580102921,26.259292603
93.373893738,-22.477844238,84.843315125
92.760719299,-21.333324432,42.529983521
92.645225525,-23.865661621,112.790733337
89.726051331,-23.358861923,8.015055656
93.564430237,-23.304834366,93.488784790
93.856773376,-21.016815186,17.392969131
92.559204102,-22.080442429,83.271858215
91.146697998,-22.280376434,51.668987274
92.796043396,-23.533086777,120.780090332
92.569152832,-23.468000412,122.641662598
92.423751831,-23.113023758,122.138786316
92.558258057,-24.467489243,85.279335022
93.149604797,-23.919563293,103.056098938
93.780540466,-23.345523834,81.031997681
92.859573364,-25.360927582,38.492622375
91.475868225,-22.372081757,69.725036621
91.998733521,-23.844133377,101.154876709
92.454612732,-21.947954178,75.735176086
93.106689453,-22.001432419,71.480285645
92.464805603,-23.098520279,122.518074036
91.529312134,-22.133665085,64.089996338
92.841201782,-23.267566681,122.284271240
93.070869446,-21.864904404,65.150314331
92.518058777,-21.648656845,59.040653229
91.881027222,-22.889511108,102.068763733
94.741767883,-23.801511765,28.291450500
92.977806091,-22.434190750,96.654525757
92.594650269,-24.812049866,66.926445007
91.676589966,-22.730764389,89.129470825
93.624069214,-22.527141571,75.041450500
93.878982544,-23.239711761,74.629341125
92.940788269,-24.830564499,64.292205811
93.049880981,-22.699014664,105.717124939
92.149337769,-22.667694092,106.359832764
90.916664124,-22.560596466,46.708076477
93.032836914,-21.201087952,34.852851868
94.145637512,-21.804716110,32.295833588
93.549949646,-22.665081024,82.982383728
91.550918579,-23.646787643,85.041709900
94.559280396,-24.767860413,20.189916611
92.282272339,-24.730930328,68.725028992
94.183502197,-23.877477646,54.434005737
94.277084351,-23.725458145,51.054611206
92.228416443,-22.033166885,78.895881653
93.671386719,-26.027976990,9.463056564
93.183692932,-22.711528778,101.361053467
92.942359924,-23.969354630,106.212265015
92.760963440,-23.709756851,117.214164734
92.943878174,-23.514089584,118.516563416
92.110626221,-23.147926331,114.500770569
93.534988403,-23.022689819,92.216583252
92.178909302,-22.975442886,114.873687744
93.802345276,-21.716291428,40.164150238
93.940101624,-22.774316788,64.719268799
91.723426819,-24.677249908,57.214328766
92.530174255,-24.720880508,71.645912170
91.947769165,-23.481819153,106.828010559
92.248344421,-23.639614105,114.432281494
91.404548645,-23.080228806,79.550842285
93.729057312,-23.859832764,79.682441711
93.458305359,-20.648969650,13.563097000
92.640739441,-22.660486221,112.028381348
92.929321289,-22.342073441,93.272544861
91.013900757,-24.368652344,38.637203217
92.876014709,-22.424734116,98.495361328
92.863075256,-24.976268768,57.379402161
91.908935547,-24.106401443,88.893997192
93.121543884,-24.073734283,98.173484802
92.051742554,-22.226947784,85.560203552
94.067871094,-23.724971771,62.700042725
93.157455444,-25.193180084,43.308227539
92.930877686,-22.121717453,81.600975037
93.259330750,-23.210636139,108.653511047
92.343910217,-23.958488464,106.692871094
92.553466797,-24.863138199,64.064277649
94.343009949,-22.747486115,43.886520386
92.630111694,-23.931501389,110.365303040
92.662216187,-22.513900757,105.658012390
93.744003296,-24.215387344,69.504676819
91.759025574,-21.233467102,33.439865112
93.869148254,-22.603176117,64.743499756
92.593902588,-22.387676239,99.889991760
91.459320068,-21.779928207,48.308784485
92.696777344,-22.520833969,105.695091248
93.378768921,-23.443267822,103.262283325
92.557182312,-22.090112686,83.826538086
93.759048462,-25.083927155,35.182960510
91.040145874,-24.257917404,43.111747742
91.839004517,-24.430221558,72.718490601
93.004661560,-23.775400162,111.432907104
93.938674927,-21.858818054,40.559658051
92.703865051,-21.628238678,57.242652893
92.756767273,-23.746486664,116.208961487
92.797340393,-22.366836548,96.965042114
91.118087769,-23.520296097,62.601737976
93.029960632,-22.948612213,113.728248596
92.364112854,-22.822910309,115.901100159
93.024673462,-23.903604507,106.918083191
94.914154053,-22.872146606,23.340190887
92.401367188,-23.883415222,110.376449585
93.761962891,-23.209636688,81.382575989
95.280662537,-23.747619629,12.305123329
91.489944458,-23.339395523,84.791160583
92.907623291,-25.430147171,35.147392273
92.423385620,-23.680110931,116.963806152
92.363784790,-23.941921234,107.656661987
91.389358521,-22.553657532,70.397422791
92.148712158,-24.335397720,86.339088440
91.972618103,-23.784019470,101.871490479
92.841201782,-22.643356323,108.939132690
91.779373169,-23.790992737,93.495582581
91.387046814,-26.703996658,1.229242563
92.888343811,-21.791692734,64.215126038
93.254638672,-23.818756104,102.587104797
92.829032898,-24.486516953,83.605644226
92.610260010,-23.739404678,116.851501465
91.879837036,-22.906044006,102.307495117
95.332420349,-21.646245956,4.752387047
92.660476685,-22.427581787,101.548385620
93.595260620,-23.959234238,84.151298523
93.376457214,-24.752687454,60.103599548
91.927253723,-23.072942734,106.630157471
92.317764282,-21.555217743,53.794799805
93.380592346,-23.693735123,100.237998962
92.261970520,-23.124725342,118.983528137
91.677017212,-22.716083527,88.815322876
91.357246399,-22.688686371,71.668083191
92.567955017,-22.897083282,119.690040588
57.332420349,6.023969173,88.629241943
60.757354736,5.321767330,23.277080536
58.662406921,7.284550667,61.652423859
59.106712341,6.210869312,99.870758057
57.331317902,4.501395702,58.539569855
58.398441315,5.315748215,114.722450256
58.325950623,5.984640598,119.061531067
57.668579102,6.273087025,98.070579529
60.203563690,4.769642830,36.582572937
57.875461578,5.729373455,113.381690979
59.485466003,4.592601776,59.619407654
57.279857635,3.615322828,22.820175171
57.904644012,6.459129810,99.031494141
59.410232544,6.136137486,89.094398499
57.744049072,6.485455513,93.182029724
58.549327850,3.858278275,40.856410980
57.116912842,7.290849209,37.508300781
58.667213440,4.404189587,70.374404907
59.164958954,6.840418816,74.374237061
57.909973145,6.436666012,100.073905945
54.604907990,6.752560616,-0.036212247
59.520164490,4.654281139,60.907276154
58.627094269,5.440863609,116.139617920
58.242477417,5.354103565,115.061576843
57.012710571,7.669387817,22.962648392
58.034698486,5.883738995,116.858985901
57.335605621,4.742116928,68.640769958
58.757606506,6.305376053,107.124549866
59.222930908,6.882758141,70.634521484
58.134799957,5.334780693,113.290870667
59.091819763,5.141544819,96.655624390
59.216766357,6.153484344,97.055854797
59.500034332,6.449375629,76.894271851
57.290561676,4.913350105,73.344100952
59.077491760,7.686039925,36.947326660
57.022197723,5.802195549,74.155494690
58.626682281,4.253206253,62.002052307
58.823131561,5.685861111,115.105651855
56.248451233,7.400712013,14.707617760
57.481800079,4.496480465,62.649215698
58.765148163,6.336470604,105.939453125
59.081420898,5.392980576,103.735183716
58.334095001,5.048177242,105.211128235
57.034809113,6.858114719,50.646533966
58.242244720,5.596669674,119.495307922
56.345741272,5.600612640,39.530925751
57.502513885,5.604370117,98.625808716
58.125762939,5.332519054,113.095268250
59.283847809,6.226037979,92.592323303
59.472160339,4.454156399,54.013275146
57.696052551,5.738703251,107.333618164
57.938369751,5.699726105,115.027488708
57.162902832,5.062806129,72.620918274
56.703453064,4.888958454,48.137210846
59.039184570,5.564776897,107.824493408
59.850761414,5.183450222,62.900493622
58.464076996,4.565731525,80.978187561
60.945678711,5.600363255,17.760690689
59.174636841,6.192368984,97.804534912
57.761127472,4.448082447,67.109474182
58.501152039,5.222194195,111.622924805
58.189502716,6.430285931,105.521629333
58.423248291,6.156100273,115.546081543
58.495052338,4.311734676,66.199844360
59.741069794,6.954836369,49.105724335
57.208843231,6.284284592,76.901687622
57.682983398,5.032067776,92.031669617
58.340164185,7.526652336,49.314762115
59.402965546,6.384205341,83.138748169
57.194400787,8.333433151,10.925261497
59.218738556,3.430146456,17.468818665
58.744480133,5.290289402,110.693305969
58.754989624,6.179624081,110.863632202
57.426486969,7.604869843,33.079132080
58.544792175,6.720331669,92.794044495
59.696430206,5.040826321,66.963386536
57.433238983,6.900891304,63.749080658
59.737846375,4.401965618,42.861217499
60.356250763,5.543480873,41.917663574
59.036792755,6.343372345,98.410446167
57.373664856,4.914935589,76.625816345
56.261413574,4.627833843,26.433406830
56.862529755,5.819174290,65.307067871
59.714408875,5.751839161,77.469696045
58.683860779,6.556987286,98.845420837
59.024715424,5.393152237,105.714782715
56.881664276,5.349178314,64.635452271
58.407966614,4.907338619,99.065063477
58.706970215,5.486271858,115.684967041
58.966827393,4.975744247,94.366432190
57.423038483,7.553040504,34.979518890
58.373764038,6.331947803,110.260169983
57.246585846,5.401719570,83.969795227
59.027175903,7.344599724,53.488796234
57.620521545,4.976066589,87.818565369
58.322338104,4.254588604,63.045433044
58.314872742,5.714255333,120.721359253
59.069755554,7.193593502,60.026157379
58.914852142,6.520534992,95.541793823
58.397285461,5.419239521,117.268028259
56.349029541,4.892763138,33.824748993
58.562274933,4.133390427,55.598545074
58.587898254,5.378149033,115.285125732
57.323448181,5.308959484,85.975715637
59.073787689,6.664484978,84.998474121
56.407985687,5.629499912,42.398033142
59.258892059,5.521089077,98.701248169
58.453823090,4.283573151,64.690422058
57.864974976,7.607759476,40.719985962
57.556938171,4.338351727,57.162731171
58.494480133,6.567613125,100.383720398
59.538818359,5.261261463,80.736137390
58.567481995,6.323338985,109.525711060
58.994216919,5.231781006,102.704208374
60.057731628,5.091686726,50.390979767
59.052879333,5.757072926,108.183105469
57.757789612,5.136132717,98.200073242
57.758659363,5.332112789,104.141838074
57.326122284,6.476393700,76.723106384
57.641490936,5.163963318,95.263526917
58.833698273,5.671021938,114.787948608
56.923103333,4.842974663,56.161472321
58.148448944,5.203996181,109.492233276
59.095489502,5.014582157,91.959365845
57.377880096,4.768437862,71.168380737
58.751663208,6.262455463,108.594970703
56.672561646,6.401059151,47.907886505
59.205982208,4.087985992,43.957336426
57.654575348,7.207876205,55.723968506
59.351108551,5.803776741,95.774269104
58.846256256,7.891003609,30.958263397
58.847805023,4.558175087,76.522766113
59.709945679,4.908045292,62.177818298
59.338909149,6.435254574,84.214591980
59.234519958,7.319916725,50.148559570
56.879093170,5.709395409,66.538101196
60.291057587,6.755365849,33.131278992
58.522167206,4.755810738,91.186096191
58.451728821,4.867102623,97.087707520
56.876640320,6.355462551,58.508716583
58.410312653,5.005471230,103.546066284
58.739955902,5.275094032,110.352172852
60.124565125,5.748411655,54.949642181
59.922096252,4.966181755,53.874607086
58.958354950,7.622684002,41.372119904
58.616100311,6.915431499,82.110610962
56.606674194,6.486118793,43.349811554
58.375392914,6.543985844,101.745132446
59.212673187,3.522733927,20.417381287
57.901405334,5.108960629,101.240005493
58.497173309,3.838450670,40.111476898
57.254497528,6.780904770,62.164096832
58.521900177,4.690969467,87.725860596
58.091789246,6.877256870,82.652023315
56.505439758,5.567555428,46.960380554
58.115345001,5.965963364,117.404335022
58.848785400,7.689326286,39.573043823
58.898788452,5.191502571,104.221801758
59.602958679,4.920315742,67.551254272
58.781196594,7.350447178,56.975868225
59.422321320,6.590073586,75.414062500
56.113468170,5.677981377,29.885156631
57.757633209,7.103852272,63.587478638
59.185657501,6.040090084,100.521095276
59.139450073,5.129367352,94.546714783
58.979293823,5.873986721,110.121788025
56.661800385,6.123030186,51.918571472
59.052165985,6.972398758,71.335968018
58.872394562,6.785687923,84.729644775
56.612678528,5.405571938,51.511039734
58.202495575,5.449241638,116.849372864
58.255966187,5.201587677,110.586547852
59.081172943,4.787778378,82.632339478
58.470180511,5.852136612,120.292381287
58.488945007,4.831259727,95.208091736
59.744235992,5.552860260,74.819442749
56.906154633,6.580285072,54.188381195
58.341674805,5.682042599,120.684249878
58.249137878,6.174420834,114.692604065
58.291763306,5.005484581,103.171363831
56.925823212,6.082436085,66.155769348
56.826801300,6.898691654,41.627677917
57.391147614,4.929369926,77.817153931
57.363109589,4.415906429,55.763515472
57.572410583,5.495358467,100.436325073
56.017402649,3.333756447,3.981409311
57.629142761,6.662380695,81.611404419
57.044567108,5.702644825,75.606521606
59.775566101,4.455575466,43.524433136
57.906650543,5.035831451,98.518058777
59.236976624,6.242856503,94.075103760
58.962669373,8.275401115,17.250349045
59.974483490,5.679939270,63.010437012
58.143016815,4.330158234,66.417785645
56.630844116,5.729342461,53.278862000
57.045612335,6.404339314,65.595939636
57.553287506,5.196040630,92.974266052
56.792327881,7.889137268,14.370565414
59.103836060,5.069053650,93.720115662
58.496154785,7.102075100,72.618240356
57.417182922,7.685582638,29.970197678
57.312831879,5.601622581,89.510963440
56.694629669,3.240472794,7.948020935
59.355098724,5.864686012,95.284568787
56.611145020,4.138382912,25.595396042
59.490367889,5.628388882,88.782211304
59.776451111,6.415570736,65.046684265
58.278446198,5.811314106,120.493568420
57.789932251,5.876770020,110.247123718
58.284023285,6.616500854,98.096641541
58.181591034,6.602539539,97.879966736
59.265640259,5.959746361,98.373710632
57.032039642,5.618507385,74.780632019
56.438934326,4.572362423,31.218496323
59.075424194,6.273876667,99.247787476
58.341796875,5.476550579,118.329261780
57.605606079,5.266171932,96.965972900
59.310260773,6.255663395,90.728736877
56.973793030,5.977836609,70.111145020
58.484970093,7.427657604,54.723617554
56.587455750,4.995854378,45.267288208
59.318634033,4.668051720,69.104202271
60.730628967,4.600039959,16.982236862
58.374130249,6.338531494,110.027976990
59.226043701,6.494192600,86.592758179
57.882930756,6.692191124,87.966979980
57.590354919,5.244006634,95.777313232
58.801651001,7.288560867,59.971912384
58.116836548,4.888642311,96.030967712
59.554779053,4.514183998,53.732028961
60.183189392,4.794901371,37.978340149
58.985954285,6.705675125,85.708190918
59.130043030,6.005986691,103.232963562
58.394538879,4.125803471,55.754978180
57.564186096,6.503628731,85.892395020
59.008377075,4.741102695,82.471282959
58.691986084,6.031014919,115.381820679
60.095928192,5.360582829,53.359817505
57.825149536,4.855540752,88.687484741
57.345729828,6.153932095,86.873680115
57.640666962,6.853687763,72.974502563
57.717708588,7.312979698,52.031238556
58.762733459,6.037367344,113.850036621
57.194580078,6.108098030,80.068138123
58.390529633,6.411066532,107.319885254
57.834159851,4.325354099,62.150676727
58.620227814,5.918771267,118.185569763
58.588901520,6.784634113,89.191520691
57.405368805,3.397233725,17.949680328
58.820034027,6.184896469,109.254028320
57.867950439,5.949582100,111.993339539
57.297225952,3.672786713,24.885719299
56.652095795,5.821344852,54.075778961
59.727718353,5.389465332,73.537368774
59.158946991,5.184651852,95.578811646
58.289569855,6.575544834,100.048179626
58.478187561,5.237305641,112.219779968
57.479705811,5.686455727,98.033485413
59.527111053,4.208329201,41.623615265
59.204338074,6.062631130,99.381629944
57.375896454,5.760610104,93.086441040
58.140972137,4.831243515,93.569526672
57.805572510,4.522696495,71.866203308
56.273483276,5.930220604,35.680713654
59.389495850,7.412333012,42.308189392
57.233627319,7.926349163,19.694051743
59.871315002,7.202458858,35.925823212
57.559341431,5.216732502,93.811614990
56.406650543,5.970143318,41.247016907
57.951404572,5.940774441,114.388389587
57.510490417,6.451854229,85.674171448
58.688194275,4.634860992,83.215797424
58.299118042,6.063668251,117.577285767
60.353450775,5.874764919,42.748126984
57.404598236,5.462720871,92.510414124
58.313785553,5.645388603,120.375335693
56.503536224,5.447407246,46.433189392
57.651699066,5.518470764,103.966499329
60.465969086,4.946693420,29.914276123
59.782947540,6.939601898,48.046916962
59.028507233,5.782094479,108.986282349
58.999401093,5.329064369,105.131507874
57.798549652,5.031122208,95.496223450
58.618907928,5.569213390,118.206420898
58.105422974,7.199212551,65.071914673
57.640258789,6.514348984,88.368034363
57.823078156,4.186789036,54.809764862
56.919055939,5.287431717,65.703170776
58.974620819,6.420770168,97.690299988
58.104320526,6.397405624,105.683410645
58.421272278,5.517493725,119.049270630
59.199737549,6.966877937,67.495025635
59.361034393,5.472111225,93.441665649
58.912715912,3.649738312,28.249862671
58.540073395,6.139986515,115.202865601
58.496982574,5.556711197,119.275184631
59.649780273,5.685746193,80.798576355
58.205471039,5.538047314,118.411720276
59.379112244,5.486524105,92.797386169
57.510658264,5.670225620,99.393653870
60.052722931,5.478297710,57.168674469
58.960781097,5.500873089,109.636123657
58.068260193,5.218142509,108.699523926
57.128704071,5.669202328,80.148818970
59.063465118,7.355176926,52.271930695
58.786876678,4.962122917,98.024513245
59.090511322,6.233013153,99.863708496
59.743370056,7.868594170,19.538791656
59.559616089,5.386225700,82.290802002
58.185779572,6.936924458,80.615783691
57.837314606,5.638500690,111.799263000
58.979347229,6.849589825,79.146469116
58.567916870,2.886464119,8.404415131
58.684371948,5.466934681,115.754287720
57.369087219,5.803113937,92.631233215
59.465473175,4.649106503,62.808673859
59.934928894,6.757714272,47.885757446
59.279170990,4.964275360,83.228126526
58.093765259,5.396149158,114.182487488
58.345348358,5.716779232,120.817672729
58.027660370,5.601056576,116.402320862
58.133388519,6.046467781,116.360763550
56.693191528,6.265562534,51.335960388
60.042278290,6.851484776,40.644306183
57.399108887,6.823592186,65.961387634
60.634635925,5.536427498,29.093435287
59.066040039,8.078364372,22.410926819
59.375301361,7.329704762,46.132972717
57.249782562,6.014605045,84.506584167
58.736976624,6.343271255,106.273956299
59.134513855,5.935159206,104.006294250
57.032611847,6.845256329,51.014453888
58.723869324,4.600367546,80.850601196
59.104003906,6.331964016,96.506362915
58.882041931,5.492148876,111.804763794
59.979412079,6.350210667,56.615882874
57.555053711,4.236226082,52.299571991
57.577674866,3.409360647,19.812953949
58.084445953,5.907940865,117.578567505
57.137340546,5.233540535,75.554237366
59.898288727,5.886275291,67.158317566
59.880352020,5.594032764,67.714141846
58.168224335,3.579729795,28.780443192
59.074295044,6.879542351,75.215637207
58.002639771,5.468679905,113.934783936
59.158042908,5.042686939,90.822494507
57.562683105,6.096082211,98.249893188
57.738758087,6.390041828,96.690353394
57.424697876,7.288492680,45.956218719
59.001472473,5.844835281,109.609848022
57.471378326,4.721230030,72.352859497
57.447769165,4.346780777,54.917388916
59.685436249,6.121058941,75.989402771
59.415634155,7.518048763,37.437828064
59.651615143,6.228600979,75.640586853
57.933956146,6.528283596,96.846221924
58.556144714,5.518332958,118.274940491
57.829811096,6.858200550,78.235733032
59.822471619,5.503875256,70.030052185
57.908000946,6.477153778,98.376853943
57.709831238,6.382660866,95.948234558
60.081935883,5.361149311,54.102073669
58.369522095,7.768677235,37.638816833
57.971839905,5.920020580,115.123641968
57.403190613,5.076149464,83.302192688
56.966171265,8.704233170,5.371812344
58.916759491,5.733108521,112.637924194
57.287944794,3.954290867,34.752605438
13.850650787,84.974174500,120.238792419
14.110904694,85.811653137,98.803062439
14.621187210,85.077148438,95.102134705
14.230922699,84.711791992,107.912635803
12.757465363,84.781143188,93.936653137
14.377880096,85.725822449,94.625625610
13.596299171,85.441757202,116.324539185
15.216420174,83.316917419,23.214658737
12.353844643,85.106292725,74.155456543
14.309269905,84.904052734,108.080932617
14.512001038,82.111892700,6.130899429
11.278445244,84.551521301,22.005954742
16.276233673,85.119262695,15.514101982
11.367463112,84.759300232,26.493837357
14.226406097,86.081550598,84.342102051
14.079461098,84.883522034,115.192573547
14.287701607,86.272949219,73.866294861
13.054179192,84.995727539,108.891593933
13.472814560,83.413787842,56.755191803
12.351816177,82.800704956,15.326012611
13.693249702,84.821655273,119.562057495
13.269879341,85.084922791,115.986907959
14.128181458,84.446746826,103.473915100
14.782523155,83.527099609,43.533912659
13.595263481,85.020980835,121.202171326
14.458788872,84.624343872,97.234245300
14.677642822,84.885459900,91.200088501
13.507106781,84.970252991,120.238044739
14.307008743,85.972473145,87.260955811
13.004171371,83.710433960,65.049491882
12.627810478,85.284507751,87.978950500
13.592266083,85.260261536,119.848960876
12.883740425,85.915069580,83.394645691
13.432474136,83.485893250,60.221965790
13.764262199,85.666755676,109.212089539
13.752672195,85.249549866,120.044326782
13.836084366,84.065597534,91.716003418
15.140665054,84.792831421,64.767044067
15.075757027,84.565200806,64.832176208
14.575587273,85.359504700,95.440414429
13.709226608,84.180534363,97.938621521
14.814730644,85.538299561,80.974235535
13.518662453,86.326705933,76.962715149
13.697492599,87.329132080,29.943336487
14.625589371,84.788619995,92.635940552
14.967293739,85.180183411,76.505409241
15.614803314,85.200988770,41.235729218
13.529703140,85.213294983,119.938957214
14.008419037,86.668640137,58.209056854
13.901768684,85.012611389,119.741149902
13.115451813,85.905006409,91.256530762
13.054567337,83.950500488,77.928276062
12.666666031,84.654403687,87.486991882
13.484477997,86.172500610,84.910263062
13.031668663,86.316459656,69.635353088
11.971205711,87.753929138,6.410581112
12.022488594,85.317413330,55.200599670
13.391332626,84.334014893,102.557510376
14.285321236,86.176544189,78.537582397
13.436726570,86.328712463,76.148880005
13.672969818,84.055549622,91.795082092
13.529725075,84.591835022,113.565742493
14.069127083,84.720161438,112.764389038
13.534729004,84.033973694,90.177818298
14.678268433,84.763702393,89.608535767
12.539435387,87.750801086,10.052559853
12.195938110,85.626754761,60.148033142
11.445246696,85.427848816,29.323059082
13.797025681,84.866950989,119.757041931
12.245368004,84.260795593,58.348533630
12.802350998,83.945205688,70.347747803
12.660866737,86.554450989,48.584861755
14.000121117,86.450157166,69.453582764
12.620070457,84.688026428,85.746589661
11.871862411,83.928871155,34.433803558
13.317798615,84.698722839,113.005699158
15.386265755,85.227371216,53.060783386
13.343811989,85.578788757,109.214317322
13.635790825,84.033622742,90.626098633
12.982024193,86.518287659,58.511329651
14.912699699,85.376564026,78.242538452
14.628396988,86.762138367,43.872116089
13.167186737,85.303642273,111.171051025
13.830002785,84.292510986,102.464614868
14.055343628,83.975646973,84.402923584
13.711172104,84.850410461,119.964179993
14.038459778,83.764465332,73.737823486
13.087812424,87.002494812,38.103126526
13.474065781,85.187469482,119.541801453
12.939340591,85.164695740,104.034790039
13.988683701,84.643760681,112.709732056
13.359416008,84.952865601,117.740890503
13.904649734,86.249847412,80.842002869
12.939586639,85.925308228,84.949066162
14.413517952,85.374160767,102.234512329
14.690564156,85.218399048,91.230323792
13.716728210,84.945777893,120.991447449
13.338548660,84.908828735,116.920265198
11.748090744,85.719604492,38.115264893
13.286655426,83.650459290,67.274154663
14.579234123,84.143783569,76.608039856
14.468404770,84.377769470,89.690391541
14.567799568,87.018249512,34.786590576
12.013849258,84.864364624,55.351089478
14.565720558,85.399017334,95.303886414
13.890608788,86.034927368,91.983169556
12.820052147,83.836280823,66.102935791
12.895102501,86.452880859,59.537277222
12.845005989,83.584365845,55.189655304
14.765693665,84.607147217,82.211677551
13.159903526,83.725456238,69.080039978
14.139301300,85.687294006,102.907539368
13.058456421,83.925598145,76.836334229
11.716812134,85.687385559,37.272857666
16.205408096,85.523651123,16.609689713
14.217234612,85.265892029,110.946060181
13.958488464,84.886314392,117.877990723
13.903100967,84.318321228,102.809661865
12.368219376,85.230567932,74.397209167
13.707074165,83.944908142,86.042823792
13.057480812,84.769256592,106.642829895
14.324695587,85.277992249,107.058471680
13.441302299,83.527114868,62.471492767
13.879323006,85.648529053,108.953704834
15.807024956,85.565658569,30.795886993
14.533022881,86.052986145,77.110221863
11.796210289,84.994712830,44.971988678
13.439267159,84.659355164,114.334556580
14.465446472,86.746047974,47.955703735
12.684442520,84.963333130,91.930198669
14.033909798,84.339775085,101.580780029
11.492376328,84.904266357,31.749731064
12.504821777,83.180870056,30.083778381
14.510808945,86.754806519,46.674713135
14.137838364,85.535293579,107.789855957
14.042995453,85.041717529,117.100891113
14.058081627,84.988029480,116.576324463
12.857976913,86.396980286,61.177902222
14.357673645,87.776603699,14.001144409
12.790305138,83.674179077,57.904048920
14.950675011,85.014137268,77.279861450
14.965699196,87.133338928,23.292812347
12.236282349,84.261901855,57.951477051
11.927623749,84.968727112,51.314815521
12.887847900,83.178443909,37.724830627
13.708817482,86.401161194,73.591224670
12.638833046,86.364707947,55.983489990
14.305783272,85.054779053,109.023010254
12.551072121,84.650108337,81.618347168
15.737307549,84.730087280,33.524364471
14.178524971,84.845031738,111.906364441
12.510495186,85.809051514,71.319076538
15.258160591,86.184463501,44.792560577
15.217957497,85.262344360,62.212032318
13.606354713,85.647010803,109.998519897
13.386290550,84.627845764,112.627059937
12.015072823,86.137702942,40.775352478
13.658596992,83.517478943,62.954048157
11.790501595,86.890983582,17.144109726
14.684515953,85.502731323,87.968994141
12.141914368,84.854545593,62.031604767
12.576832771,84.754890442,84.506172180
13.392038345,84.394042969,104.969223022
12.215143204,85.858032227,56.164306641
13.858259201,85.667877197,108.472038269
14.743810654,86.222274780,63.216194153
15.272142410,86.045196533,47.783241272
14.068028450,84.706985474,112.504920959
12.319180489,85.709587097,64.632530212
13.316851616,87.116950989,36.130279541
13.104359627,85.399406433,107.424530029
13.893576622,83.646095276,69.063163757
12.843814850,83.132667542,35.010704041
13.883416176,85.306007385,118.030921936
14.352675438,84.394142151,94.666328430
12.549386978,84.797363281,83.572166443
14.022168159,84.036331177,87.999282837
13.990760803,85.609580994,108.696594238
14.429228783,84.761863708,101.311317444
13.696049690,86.347831726,76.461158752
12.908944130,85.081085205,102.991691589
15.614938736,85.423377991,40.505790710
14.552186012,85.419807434,95.570968628
14.615845680,85.604011536,88.901420593
13.389492035,84.879043579,117.635925293
13.380492210,85.777114868,102.570823669
13.633284569,85.102592468,121.345268250
13.689357758,85.393829346,117.667327881
15.172160149,84.192749023,51.144168854
14.687483788,84.693107605,87.933700562
13.273859978,84.971038818,115.850753784
12.254327774,84.484481812,63.521537781
13.473040581,84.522560120,110.770103455
14.905993462,84.295181274,67.048492432
13.441659927,84.515296936,110.110855103
14.860204697,83.776458740,50.831180573
14.024163246,86.316200256,76.149078369
15.016615868,85.296211243,73.255516052
15.337244034,84.167640686,42.777507782
13.057335854,84.580207825,102.492538452
13.866183281,83.005393982,37.045101166
14.557445526,86.350601196,63.587612152
13.320725441,86.377525330,72.129776001
14.182668686,84.142456055,89.709808350
12.917882919,84.612037659,97.992828369
13.937664986,86.059913635,90.263069153
14.280919075,84.499053955,100.642196655
13.721761703,84.506126404,111.446830750
15.191183090,84.734886169,61.247154236
13.541537285,84.835914612,119.175018311
12.409394264,85.040290833,77.293289185
14.430785179,84.948577881,103.519775391
11.957881927,84.910705566,52.682369232
12.897965431,85.171676636,102.173789978
14.574272156,84.419120789,86.540321350
13.453404427,85.165687561,119.423065186
12.181237221,85.472259521,61.820468903
13.314753532,84.163017273,93.736618042
12.263138771,85.076828003,69.182090759
14.429414749,85.610321045,96.341804504
12.430870056,84.778251648,77.043998718
14.067592621,86.312133789,75.795509338
15.116527557,85.335258484,67.461120605
14.685112953,83.719970703,54.881992340
14.117534637,86.711753845,54.986965179
13.567469597,86.495269775,68.194007874
14.964516640,85.744651794,69.300003052
15.284414291,84.829132080,57.168033600
13.379917145,86.643974304,58.887325287
13.998106956,83.876380920,80.200469971
13.636011124,88.099304199,8.785710335
11.240108490,86.441520691,13.743798256
13.100236893,85.647766113,100.659530640
14.434128761,83.770896912,65.242965698
12.050787926,84.249465942,49.100608826
13.511074066,83.436828613,58.192085266
14.265172005,85.711563110,98.675628662
13.907247543,85.344108582,117.033721924
12.290034294,84.803421021,69.661582947
13.650589943,85.892845154,99.822296143
13.739893913,86.786483765,53.527912140
14.233359337,85.173889160,111.275352478
14.061311722,86.734123230,54.496845245
12.482070923,84.759246826,79.572074890
13.259221077,84.448570251,104.333869934
12.652332306,85.717269897,80.582870483
13.152137756,85.730422974,99.319541931
13.148458481,83.857307434,75.543609619
14.806959152,86.917739868,33.806995392
13.833591461,85.642410278,109.632987976
15.345679283,85.627983093,52.174373627
14.773951530,85.832450867,75.743202209
14.928889275,85.430435181,76.758773804
13.907844543,85.727996826,105.617675781
12.259366035,84.246009827,58.636817932
14.969954491,86.539985657,43.625801086
14.039286613,84.167335510,93.985198975
14.811679840,85.199256897,84.983489990
12.438651085,85.738868713,69.804382324
14.501400948,85.995445251,80.472175598
13.299331665,84.599723816,110.068466187
12.302040100,86.638923645,35.289443970
13.821773529,86.685829163,58.438266754
13.350007057,86.830818176,49.265724182
11.788096428,85.282821655,44.023406982
12.795795441,84.513969421,90.383659363
12.281388283,84.475158691,64.711814880
15.517795563,84.555786133,41.720970154
14.691384315,83.167419434,31.653785706
16.050128937,85.102043152,22.603565216
14.521194458,86.358985901,64.194755554
13.035544395,85.544219971,101.575675964
13.337652206,84.435760498,105.568099976
12.071475029,85.017951965,58.801151276
14.355577469,86.048507690,82.636154175
13.838330269,85.533737183,113.189849854
13.918636322,84.381874084,105.202438354
12.071991920,84.557075500,55.474960327
12.009401321,85.943717957,45.074417114
16.100399017,86.131179810,15.053922653
13.327673912,85.136032104,117.239685059
14.762831688,84.518409729,80.313789368
13.741849899,82.949356079,35.019737244
12.492353439,84.549957275,76.808143616
14.245179176,84.351676941,96.702835083
14.227391243,85.302490234,110.134765625
15.468263626,84.043815613,34.165241241
11.589692116,82.681861877,4.448338985
13.460349083,86.270477295,79.494865417
13.794235229,85.777786255,104.628570557
13.559375763,85.356727600,118.011543274
12.097332001,87.051696777,18.975685120
14.091334343,83.803543091,74.941215515
11.645297050,85.652397156,34.867477417
13.499588966,84.836143494,118.742126465
15.042655945,84.550712585,66.330741882
12.759065628,85.843772888,81.220069885
14.214810371,83.829071045,73.796531677
14.398344994,87.080238342,35.104827881
13.273372650,84.511718750,106.801818848
12.881669998,85.970733643,81.069000244
14.497328758,84.008003235,74.068519592
14.746756554,86.394874573,56.164623260
13.903512001,82.933647156,33.736026764
14.401289940,83.494285583,52.824230194
14.348742485,86.133598328,78.999275208
14.567120552,82.503959656,12.887675285
12.880781174,85.861824036,85.352706909
13.526768684,83.594429016,66.666122437
13.170733452,85.113937378,113.022834778
11.896827698,86.824913025,20.480339050
14.420102119,85.268692017,103.401023865
12.873456955,84.806358337,99.678810120
12.955495834,84.128105164,83.095390320
13.757878304,86.222648621,83.088356018
13.418863297,84.707061768,115.165046692
13.787532806,85.901008606,99.191673279
13.084271431,83.738227844,68.207801819
14.554388046,83.757637024,60.922130585
14.143899918,85.023368835,114.400741577
12.712505341,86.506507874,52.107318878
14.606305122,85.695793152,86.887351990
14.048913002,85.594795227,108.067352295
12.625334740,84.557334900,83.541198730
11.967908859,85.411613464,51.654621124
15.042016983,84.735618591,69.540748596
13.846405029,84.586570740,113.226600647
13.137732506,84.779243469,109.606849670
12.145706177,86.257926941,42.404571533
13.603887558,86.090911865,89.926864624
13.911252975,84.313095093,102.485519409
13.291999817,83.532463074,61.170120239
14.397599220,85.256553650,104.453605652
12.823731422,83.612754822,55.971889496
13.032502174,84.012039185,80.231491089
13.744194984,84.066551208,92.258033752
15.661205292,86.104637146,30.238609314
13.236072540,83.633094788,65.617218018
13.497250557,83.159713745,44.221176147
14.669613838,85.910629272,77.549453735
15.057557106,84.562675476,65.765098572
14.414476395,86.503372192,60.100593567
13.173247337,84.385482788,99.865783691
14.957025528,85.264801025,76.738281250
14.034210205,85.031288147,117.288246155
12.360438347,86.223922729,51.504196167
11.579525948,86.117301941,26.226655960
13.329673767,84.931694031,116.930755615
13.076371193,85.646179199,99.940582275
14.017657280,86.730827332,55.056228638
13.424839973,84.937263489,118.848754883
13.255117416,85.223258972,114.763710022
13.159932137,86.274597168,74.666030884
14.979311943,83.196945190,25.734550476
12.320051193,84.100547791,57.410148621
14.270528793,84.227287292,90.979576111
14.160801888,86.490653992,65.368186951
14.379797935,84.074508667,80.970886230
12.409008026,82.451263428,8.611447334
14.098924637,83.864288330,77.949249268
13.651306152,85.350112915,118.567237854
12.299138069,86.062721252,54.267662048
12.572945595,84.525169373,80.293403625
12.426636696,85.168365479,77.976921082
12.944268227,87.389389038,22.150749207
12.965317726,85.305702209,103.749519348
13.328597069,86.005989075,91.361618042
13.612821579,83.657554626,70.445373535
-85.593910217,-82.134162903,120.647087097
-87.071922302,-83.616935730,55.056423187
-86.448394775,-82.316986084,116.017532349
-86.149597168,-84.826385498,23.782587051
-86.553062439,-81.438987732,80.795646667
-85.160110474,-81.920280457,99.926986694
-85.848854065,-80.401145935,32.176483154
-85.861518860,-82.805458069,125.106079102
-86.265136719,-82.972824097,114.797157288
-85.010505676,-84.658142090,25.630971909
-86.978004456,-81.173362732,52.742675781
-86.568550110,-83.701721191,71.472846985
-85.960037231,-83.322441101,106.248359680
-85.499916077,-83.770469666,80.358474731
-84.293685913,-83.885070801,36.671630859
-85.876731873,-82.518318176,128.234558105
-85.546394348,-82.634750366,124.222961426
-85.798568726,-82.644142151,127.394287109
-84.487106323,-82.699539185,75.863601685
-84.829238892,-83.306404114,82.016860962
-85.795204163,-82.704307556,126.696037292
-84.792320251,-83.160743713,85.019882202
-86.484512329,-82.730216980,113.282539368
-85.813995361,-84.676490784,30.831802368
-86.651268005,-81.463966370,78.583106995
-86.047363281,-82.815765381,123.551177979
-85.222541809,-82.033607483,106.283767700
-84.053512573,-81.942893982,43.346649170
-86.233070374,-82.519104004,123.694534302
-85.018684387,-81.612472534,81.062934875
-86.695411682,-81.904357910,95.622352600
-84.025657654,-82.747558594,49.113426208
-85.781478882,-83.499603271,97.941635132
-86.854660034,-82.562606812,96.800529480
-85.004699707,-82.872886658,102.268867493
-84.687133789,-81.666336060,67.437576294
-86.158935547,-81.844047546,111.462043762
-85.922126770,-82.481193542,128.159362793
-84.718933105,-80.135452271,12.480051994
-87.189002991,-82.904472351,72.071388245
-84.632530212,-82.818382263,83.393615723
-86.222152710,-80.906448364,57.636413574
-85.853622437,-81.786842346,111.318634033
-86.102127075,-84.132774353,57.927764893
-86.303886414,-81.890373230,110.035446167
-85.599807739,-83.372001648,103.511230469
-83.728919983,-82.456245422,34.128540039
-86.788146973,-81.274627686,64.160896301
-84.876182556,-83.134071350,89.966911316
-85.138610840,-81.783592224,93.743537903
-85.330444336,-82.444282532,118.157073975
-87.560867310,-82.897521973,49.993560791
-85.845703125,-83.157501221,114.302459717
-86.149032593,-81.872634888,112.815483093
-86.291488647,-84.270309448,47.542232513
-86.418617249,-83.109725952,105.114555359
-85.954681396,-83.800903320,79.549072266
-86.103424072,-83.451004028,97.709472656
-85.013244629,-82.767677307,104.153182983
-85.245216370,-82.297325134,113.323341370
-87.077362061,-82.616500854,83.072555542
-84.122901917,-84.184989929,22.713842392
-84.844940186,-82.475494385,96.174407959
-87.303451538,-82.000724792,64.569381714
-84.789337158,-82.635131836,93.465110779
-85.485626221,-80.751747131,47.485969543
-86.398208618,-80.746124268,46.464859009
-84.151000977,-83.899436951,31.270051956
-85.669250488,-82.507209778,126.800590515
-84.499374390,-81.405059814,48.387104034
-84.282630920,-84.193466187,26.569574356
-84.415634155,-82.006225586,63.821228027
-87.631462097,-81.261054993,31.709564209
-86.899879456,-81.801177979,81.870285034
-86.378868103,-82.779975891,116.312705994
-85.349182129,-82.783836365,117.377822876
-87.244964600,-82.268333435,72.045829773
-86.945304871,-82.029785156,86.170341492
-87.045059204,-82.434806824,85.582298279
-85.428581238,-80.560424805,36.699649811
-87.730384827,-82.257980347,43.110961914
-87.053123474,-82.095527649,81.333572388
-85.905036926,-81.804962158,112.176361084
-84.376602173,-82.911605835,67.453445435
-85.806159973,-81.669998169,105.493911743
-86.321929932,-82.170974731,117.989692688
-84.953926086,-83.650329590,72.507522583
-87.317764282,-82.398429871,68.275970459
-84.916061401,-84.079109192,49.589752197
-85.301696777,-82.939529419,112.854530334
-85.964393616,-81.542480469,98.696037292
-85.652282715,-83.429222107,101.154075623
-85.805046082,-82.807762146,125.004348755
-86.073936462,-81.394805908,89.237579346
-86.447479248,-83.367256165,92.850700378
-85.542335510,-81.935226440,113.356048584
-85.926628113,-83.805694580,79.489067078
-85.684043884,-80.149887085,21.634788513
-85.226478577,-84.236358643,48.619792938
-86.744430542,-82.480636597,103.145980835
-85.250961304,-83.269813538,100.486984253
-83.628616333,-82.036285400,26.343263626
-85.460144043,-81.317192078,80.601165771
-85.547172546,-84.539604187,36.489135742
-86.187011719,-83.213424683,107.602302551
-86.130096436,-82.460113525,125.932800293
-85.100280762,-83.347900391,92.011001587
-86.558013916,-82.651779175,111.280586243
-85.217117310,-82.023109436,105.740898132
-85.192497253,-81.464584351,80.875106812
-86.153770447,-81.454010010,91.691535950
-85.458244324,-82.416244507,121.976310730
-83.991340637,-82.892883301,46.271274567
-86.559051514,-81.108985901,62.736366272
-85.837646484,-81.468841553,94.582969666
-85.394309998,-84.326560974,46.221080780
-85.511764526,-81.949531555,113.134590149
-85.865333557,-81.950790405,118.060195923
-84.600616455,-81.102607727,40.676589966
-85.000816345,-83.418899536,85.089653015
-85.668640137,-83.288040161,108.143547058
-86.253211975,-83.049819946,112.514152527
-85.846183777,-82.352256775,127.461273193
-83.708892822,-82.326622009,32.482326508
-84.010040283,-82.587631226,48.561092377
-85.024818420,-82.929634094,102.136810303
-85.756576538,-83.290786743,108.484764099
-85.100044250,-83.353271484,91.775276184
-86.090209961,-82.353805542,125.996856689
-85.357803345,-82.049240112,111.828491211
-86.266578674,-83.933456421,66.877510071
-88.052764893,-83.467620850,18.141101837
-86.449501038,-83.267127991,97.442802429
-86.634445190,-82.113517761,104.519119263
-86.067687988,-82.711296082,125.211921692
-86.579071045,-80.942359924,53.369144440
-86.068817139,-84.925292969,20.721929550
-86.570022583,-83.902519226,60.774166107
-87.193984985,-82.111450195,73.132781982
-83.411102295,-83.783126831,13.784788132
-86.211654663,-83.359458923,100.176315308
-87.957336426,-81.429557800,23.629318237
-86.743293762,-81.810020447,89.979843140
-84.473297119,-82.694465637,75.070266724
-86.847099304,-85.333068848,7.262628555
-85.133033752,-80.430732727,26.799972534
-86.243667603,-82.109031677,118.675590515
-86.180534363,-83.180877686,109.155044556
-84.256233215,-82.402984619,61.521247864
-85.779228210,-82.445617676,127.809539795
-85.669006348,-84.186828613,56.517803192
-85.962692261,-80.855346680,56.456516266
-84.997512817,-83.136329651,95.554656982
-85.598838806,-81.313835144,83.045242310
-85.460166931,-80.078147888,18.031635284
-85.457916260,-82.330055237,121.072219849
-86.874259949,-84.245353699,35.684837341
-84.763336182,-82.969696045,88.274513245
-86.557571411,-82.010139465,105.225143433
-86.406715393,-81.868499756,106.061370850
-85.551719666,-83.199401855,110.571403503
-85.535194397,-84.050636292,63.817825317
-85.353157043,-83.087547302,110.258972168
-85.829696655,-81.340072632,86.822990417
-85.761695862,-83.228759766,111.284744263
-84.806358337,-82.619697571,94.428932190
-84.589508057,-83.319999695,69.637641907
-86.090637207,-83.556373596,92.173645020
-87.114616394,-82.410781860,81.174308777
-86.417755127,-83.315849304,96.318412781
-85.656562805,-83.633590698,89.983917236
-85.873764038,-83.098686218,116.519744873
-83.954521179,-83.410209656,36.255832672
-87.151947021,-83.127632141,68.672592163
-85.638053894,-83.452003479,99.857070923
-86.347312927,-83.850028992,69.852050781
-86.640060425,-82.234649658,106.601814270
-84.906005859,-82.177139282,95.146987915
-84.829826355,-82.653869629,95.621917725
-85.147949219,-82.169471741,106.741966248
-85.814071655,-85.012275696,18.341857910
-85.958496094,-81.651786804,104.631637573
-86.598274231,-80.756484985,43.722206116
-84.966209412,-81.055625916,51.566253662
-84.029335022,-84.674819946,11.298826218
-84.835479736,-82.326263428,94.099639893
-84.610214233,-81.595619202,60.881237030
-86.365951538,-83.558586121,85.657287598
-86.786972046,-82.404830933,100.690658569
-86.724502563,-83.528503418,74.282691956
-86.405395508,-82.247665405,116.677330017
-86.594360352,-81.525596619,83.778831482
-86.574363708,-81.206657410,67.626350403
-86.814216614,-82.775054932,96.589309692
-85.690238953,-83.537750244,95.604370117
-86.527420044,-82.327255249,112.921600342
-86.258949280,-83.141403198,108.856010437
-86.209564209,-82.391334534,124.028602600
-86.632202148,-80.910720825,50.552265167
-87.676437378,-82.535072327,46.499561310
-85.941574097,-82.930313110,121.738067627
-87.194160461,-81.954246521,69.978759766
-87.464355469,-82.052131653,56.054794312
-85.895530701,-83.113136292,115.877059937
-87.071174622,-83.295463562,67.601249695
-88.144096375,-81.956970215,22.686321259
-85.654693604,-82.061599731,119.778450012
-86.993911743,-83.170555115,76.097747803
-85.197654724,-82.340232849,112.003143311
-84.692153931,-82.149406433,82.844001770
-85.455543518,-82.435203552,122.034400940
-84.386848450,-83.052490234,65.692764282
-86.437705994,-82.560989380,117.047737122
-85.830261230,-82.817756653,124.850257874
-84.913383484,-82.186874390,95.746017456
-86.297042847,-80.416435242,31.954614639
-86.362075806,-81.985153198,111.711540222
-86.644699097,-83.114761353,95.724174500
-86.144050598,-80.714935303,47.484851837
-85.685661316,-82.386016846,126.473091125
-87.231567383,-82.346290588,73.490425110
-86.822959900,-83.250335693,82.041259766
-85.348793030,-83.045295715,111.459266663
-84.279350281,-81.282066345,34.983139038
-85.607734680,-82.501701355,125.806549072
-85.973754883,-82.250328064,125.863250732
-85.322746277,-82.828468323,115.815887451
-86.957008362,-82.317413330,90.304473877
-85.615913391,-83.248260498,109.401123047
-85.847190857,-83.390899658,103.576240540
-85.190124512,-82.416969299,112.536148071
-85.607955933,-81.849517822,111.391944885
-83.601150513,-82.534614563,28.808975220
-85.204261780,-81.487899780,82.508071899
-85.886131287,-81.676719666,106.063964844
-84.538185120,-82.561721802,79.037277222
-82.951019287,-84.321388245,4.789796352
-86.565498352,-83.739013672,69.601951599
-84.643898010,-82.295730591,82.863235474
-86.541618347,-81.775375366,97.377738953
-86.084388733,-79.944084167,16.568141937
-86.296882629,-81.485054016,90.681976318
-86.799819946,-82.035140991,94.293647766
-86.242691040,-83.874771118,70.794769287
-87.842811584,-82.859375000,35.328376770
-84.810920715,-82.534934998,94.604293823
-87.208946228,-81.163520813,44.105808258
-85.368034363,-81.791915894,102.749633789
-85.345672607,-80.037223816,16.072851181
-85.612266541,-83.374755859,103.514518738
-84.712966919,-84.757003784,18.447132111
-85.504478455,-82.952873230,117.981849670
-84.509803772,-82.527786255,77.255577087
-86.548034668,-82.434974670,112.709175110
-87.100959778,-80.726722717,31.837097168
-86.022689819,-81.885192871,114.993247986
-86.422004700,-82.134521484,113.877876282
-85.876434326,-80.647583008,44.527698517
-87.264526367,-82.987442017,65.760864258
-86.301757812,-83.805191040,73.530097961
-85.921356201,-81.720504761,108.211875916
-86.520538330,-82.586769104,113.537300110
-85.338378906,-82.024330139,110.395904541
-86.310768127,-84.986503601,17.693897247
-86.239776611,-80.504661560,36.208686829
-86.732215881,-83.626266479,69.226760864
-85.589088440,-82.567008972,125.410118103
-86.479835510,-82.589721680,115.202934265
-85.957534790,-82.201652527,125.053398132
-85.351005554,-83.657096863,84.241622925
-85.097084045,-82.794227600,107.663002014
-86.431213379,-81.529090881,89.464065552
-85.820320129,-82.934104919,121.998542786
-86.055725098,-82.045372009,120.300270081
-85.609870911,-81.897308350,113.349067688
-87.619132996,-81.443756104,36.317893982
-85.877014160,-82.019454956,120.426651001
-84.395431519,-81.204292297,36.793834686
-87.165863037,-81.559020996,59.942481995
-85.528068542,-81.542617798,94.930793762
-87.371246338,-83.564903259,43.304737091
-85.536064148,-83.473770142,97.552879333
-86.179565430,-81.164367676,73.801795959
-83.562812805,-82.763755798,27.172616959
-84.840324402,-82.403930664,95.325340271
-84.852905273,-82.041976929,88.935813904
-87.031562805,-81.284706116,55.418891907
-86.650993347,-83.874938965,59.648639679
-84.594604492,-82.910789490,79.995384216
-84.950843811,-82.030769348,93.689979553
-86.755775452,-84.175094604,41.911930084
-84.035453796,-81.880546570,41.156837463
-84.327308655,-82.753875732,66.163124084
-84.549034119,-80.861572266,29.910707474
-86.041793823,-82.842781067,123.008964539
-85.699752808,-82.611701965,126.873893738
-88.452812195,-83.525054932,7.585615635
-85.512145996,-82.280456543,121.796211243
-85.536056519,-82.875564575,120.497795105
-87.826072693,-82.451095581,38.496604919
-85.579063416,-83.481674194,97.698852539
-85.440093994,-82.317779541,120.393157959
-86.333564758,-82.697814941,119.254226685
-84.955764771,-82.281051636,99.759605408
-86.724159241,-81.006980896,53.029182434
-84.631240845,-83.390899658,69.317192078
-86.511001587,-83.207519531,97.727378845
-85.207145691,-81.896049500,101.012252808
-85.203758240,-81.861778259,99.580093384
-87.077682495,-83.135070801,72.631675720
-87.704208374,-81.736251831,38.411460876
-84.777069092,-81.478828430,64.060585022
-86.192871094,-82.239784241,122.635414124
-85.406463623,-81.057472229,63.929821014
-87.705253601,-81.831718445,39.899246216
-86.131027222,-82.925125122,119.392257690
-85.162414551,-82.143058777,106.749610901
-86.642494202,-82.052001953,102.608917236
-85.388183594,-80.923881531,55.706256866
-85.543563843,-81.789978027,107.507606506
-87.275207520,-83.028686523,64.177467346
-86.765060425,-82.625076294,101.328727722
-84.085334778,-84.299560547,19.144941330
-86.101791382,-82.619522095,125.813995361
-86.298606873,-81.186981201,73.210746765
-84.672019958,-81.561714172,62.567348480
-86.096527100,-82.679550171,125.224372864
-85.269020081,-82.431167603,115.818885803
-86.611534119,-81.828308105,96.648658752
-87.903152466,-81.501319885,26.539039612
-84.061500549,-82.214836121,48.526737213
-84.916206360,-82.602378845,100.310661316
-86.830192566,-81.224609375,60.271774292
-86.672599792,-80.359321594,26.383432388
-86.146324158,-82.510658264,125.630203247
-85.786338806,-82.163894653,124.028686523
-86.370460510,-82.902374268,113.667373657
-84.580421448,-84.005554199,42.314373016
-86.475181580,-83.460601807,87.270538330
-85.899360657,-82.506813049,128.222351074
-86.000282288,-82.282920837,126.183341980
-84.839309692,-81.776275635,79.368530273
-85.962928772,-82.345458984,127.214042664
-86.662887573,-81.251922607,67.308380127
-85.611282349,-85.013549805,17.994422913
-86.140197754,-83.481124878,95.413955688
-84.804634094,-83.168540955,85.407081604
-86.470481873,-83.079605103,104.332977295
-87.548812866,-84.037467957,22.547807693
-85.260475159,-83.374168396,96.290977478
-84.624458313,-83.618904114,60.205902100
-85.729217529,-82.909820557,122.281295776
-86.940437317,-82.431159973,91.950538635
-86.441062927,-82.566917419,116.884925842
-85.356864929,-83.461990356,94.711181641
-83.327392578,-83.160697937,17.338043213
-85.005302429,-82.651359558,104.660499573
-85.702125549,-82.400009155,126.800506592
-86.507736206,-82.617591858,113.816215515
-85.768814087,-82.406715393,127.519836426
-86.174819946,-82.606750488,124.551452637
-87.074440002,-82.863868713,79.811180115
-86.387481689,-82.531082153,119.020439148
-85.417839050,-82.562019348,121.275413513
-84.029304504,-83.925186157,26.698875427
-84.604637146,-82.082626343,76.335227966
-85.791854858,-84.465499878,41.039176941
-85.339134216,-82.946479797,113.872138977
-95.725059509,65.110275269,71.915321350
-96.540374756,66.417526245,109.174415588
-94.580116272,66.098854065,78.633697510
-97.863899231,66.806709290,41.634971619
-94.461067200,66.226371765,72.689559937
-96.702430725,66.846412659,96.926689148
-97.364585876,66.670013428,66.407760620
-96.111198425,66.266220093,119.659584045
-96.164085388,65.849235535,107.088653564
-96.472496033,65.781204224,97.716812134
-95.690216064,66.593528748,121.754417419
-96.442359924,67.048461914,101.129005432
-95.483253479,68.286315918,39.397281647
-95.057205200,66.505538940,103.367370605
-97.006729126,66.779136658,83.312606812
-97.143409729,67.183326721,65.816902161
-96.269966125,67.741668701,68.645797729
-97.043785095,66.472427368,85.364982605
-95.750190735,65.897445679,111.812500000
-94.564155579,69.349739075,5.972150326
-94.922760010,65.715324402,86.894462585
-97.046447754,66.213302612,84.990425110
-96.119583130,66.063629150,115.058021545
-97.290458679,67.039421082,62.911449432
-96.446266174,66.827255249,108.024520874
-93.503326416,64.650337219,9.973513603
-96.024429321,66.581199646,122.152961731
-95.951896667,66.458610535,123.115531921
-95.722480774,65.384765625,87.497459412
-95.966720581,66.003028870,114.965080261
-97.045539856,66.177764893,84.728065491
-97.801727295,63.925045013,4.359900951
-95.758102417,66.039787292,116.569221497
-95.749290466,67.278953552,99.021896362
-94.596900940,67.220039368,62.787071228
-95.274116516,66.512756348,112.203590393
-94.611557007,65.692474365,72.139801025
-96.364295959,65.193168640,71.258697510
-95.603721619,65.986083984,113.850036621
-95.562873840,66.810485840,115.492462158
-93.913787842,65.604507446,35.353549957
-95.841651917,66.386543274,123.106567383
-94.590789795,66.262329102,80.179832458
-97.242561340,64.869308472,31.919841766
-95.919090271,67.794273376,68.265548706
-96.099594116,67.319221497,96.276863098
-96.028396606,65.781547546,106.070716858
-94.730667114,64.318580627,19.955589294
-96.486961365,66.692184448,109.289695740
-96.925163269,66.833625793,86.347152710
-95.016212463,66.360580444,102.302009583
-96.277206421,66.120536804,113.510231018
-96.620384216,66.407684326,105.937049866
-96.372726440,66.313346863,114.294357300
-93.344520569,65.706871033,16.492750168
-95.726623535,66.659255981,121.329948425
-93.941009521,65.540374756,35.392906189
-95.996162415,65.813980103,107.736473083
-95.704414368,67.534019470,83.785896301
-96.703315735,66.296829224,101.908294678
-95.113853455,66.521125793,105.730422974
-95.899002075,65.732810974,104.871940613
-94.444816589,66.094764709,70.939346313
-96.237808228,66.225318909,116.573249817
-94.984954834,67.689903259,59.280780792
-96.140823364,66.530555725,120.765899658
-95.449775696,66.719749451,114.835403442
-95.171104431,67.623222351,68.052902222
-96.594482422,66.298156738,106.426696777
-96.008209229,66.032936096,115.542045593
-98.202308655,65.725456238,24.094221115
-96.765716553,66.764396667,95.791999817
-95.518623352,66.826133728,114.036949158
-95.679512024,65.611656189,99.184127808
-97.419967651,67.325080872,49.536575317
-97.433914185,68.484252930,16.158905029
-95.664321899,66.638870239,120.860931396
-95.567024231,66.062118530,115.564483643
-95.234298706,66.390594482,111.316627502
-96.794265747,66.968055725,89.254318237
-93.232749939,65.408142090,11.958820343
-96.184074402,67.855682373,62.785575867
-96.448463440,67.883018494,57.408061981
-94.871551514,66.539588928,93.937545776
-96.129745483,67.464256287,87.532844543
-96.733787537,67.284866333,80.241867065
-94.554565430,67.755622864,42.533084869
-94.955162048,65.545921326,81.513687134
-95.278366089,66.454505920,112.733901978
-97.013679504,66.383850098,87.240898132
-97.389816284,66.344886780,67.367378235
-96.079360962,67.062164307,109.200775146
-94.890838623,65.122650146,59.098426819
-97.283927917,64.477653503,16.901718140
-95.117790222,65.837036133,98.164817810
-96.518333435,66.479682922,110.013977051
-95.961059570,67.208152771,103.328506470
-98.116592407,66.326606750,33.181694031
-97.188850403,68.215805054,27.902271271
-95.425033569,66.875938416,110.000122070
-93.784225464,66.377761841,36.392856598
-95.060127258,65.062767029,60.370857239
-95.754905701,68.798622131,21.028282166
-95.458312988,65.772117615,104.202804565
-96.931915283,64.950103760,44.264427185
-95.512680054,67.385017395,89.564414978
-95.829216003,65.712623596,104.172355652
-95.714500427,65.837226868,109.377494812
-94.735588074,66.113098145,87.224456787
-96.839088440,65.978340149,91.084793091
-95.569519043,65.293479919,81.641731262
-95.289291382,66.252708435,112.613121033
-95.874504089,66.394004822,123.144752502
-93.692260742,66.354461670,32.266826630
-95.111091614,68.977195740,14.501917839
-95.530570984,68.371566772,35.851692200
-95.858863831,67.320678711,97.353569031
-96.545028687,65.411788940,78.992630005
-96.925094604,66.499816895,91.359451294
-95.670585632,65.407066345,88.547370911
-97.334678650,64.647239685,21.381772995
-93.829612732,66.631561279,37.695499420
-98.101585388,66.514877319,34.075500488
-96.115592957,65.146797180,72.317359924
-94.797012329,66.066604614,89.820220947
-95.915023804,66.239654541,121.199096680
-95.909934998,67.541503906,84.226638794
-95.350646973,66.072082520,111.522087097
-94.380828857,68.064163208,27.693979263
-97.419525146,65.409416199,47.655170441
-96.567481995,68.049057007,46.494556427
-96.139030457,65.952049255,111.261016846
-95.990310669,66.299827576,121.628448486
-96.112297058,65.454330444,89.353599548
-96.749481201,66.256805420,99.558120728
-94.574745178,67.813133240,41.203990936
-95.040634155,66.887298584,94.738197327
-98.568199158,68.304336548,3.902807236
-94.838310242,66.154647827,92.911819458
-96.604705811,66.710044861,104.205703735
-95.911613464,65.831298828,109.031219482
-94.462341309,65.868919373,68.670616150
-95.706451416,65.319717407,83.847938538
-96.211608887,67.606231689,77.799346924
-95.913749695,65.937057495,113.062698364
-97.904495239,66.182975769,41.224132538
-96.310974121,67.257316589,95.689926147
-94.634101868,65.305397034,58.937828064
-95.154632568,65.555229187,88.184555054
-94.806983948,66.087173462,90.595443726
-95.399040222,68.072799683,49.048080444
-97.659988403,66.670829773,51.884025574
-94.378929138,67.303092957,50.458206177
-93.790382385,66.027717590,35.155044556
-94.871109009,67.242408752,74.373939514
-95.905731201,65.511650085,94.074058533
-95.732589722,68.457725525,32.690662384
-94.706436157,67.012382507,74.666381836
-96.450241089,65.116455078,65.301445007
-96.155349731,65.614982605,96.927391052
-96.312232971,67.626594543,74.899459839
-94.731079102,67.611145020,54.046001434
-95.412162781,65.994171143,111.009552002
-95.517318726,64.797264099,52.739620209
-94.852272034,65.424629211,72.481628418
-94.622184753,65.890426636,77.709556580
-93.723205566,66.260108948,33.431240082
-96.072021484,67.286369324,98.387565613
-97.298187256,66.742568970,68.754867554
-96.961601257,67.200820923,73.649871826
-95.456565857,66.748298645,114.395431519
-94.720138550,66.667465210,83.941680908
-98.151084900,65.770751953,26.450811386
-96.915901184,67.187355042,76.222412109
-96.158683777,65.880943298,108.391822815
-96.769775391,66.182350159,97.836883545
-95.534477234,67.413475037,88.417091370
-95.918815613,66.081092834,117.601974487
-95.917068481,65.312866211,83.259834290
-96.414245605,67.952583313,54.081481934
-94.884117126,68.760429382,17.736515045
-96.689521790,69.124214172,10.281777382
-96.463172913,65.870819092,101.292533875
-95.659324646,67.015274048,110.427543640
-95.762077332,66.446395874,123.068977356
-93.894493103,65.326026917,29.367252350
-97.052871704,66.736808777,81.701576233
-96.053627014,66.574882507,121.864868164
-93.638435364,68.195648193,9.231278419
-95.313049316,65.758102417,100.835807800
-95.701217651,64.782142639,52.985450745
-96.805160522,67.273719788,77.765380859
-96.895797729,65.909912109,86.954231262
-95.732101440,63.586505890,6.987739086
-95.743690491,66.837493896,117.637428284
-95.388496399,68.206626892,42.362461090
-96.472610474,66.318115234,111.120674133
-96.742263794,65.903083801,93.026374817
-96.678627014,65.804634094,92.193603516
-97.917190552,65.382263184,27.652017593
-95.160446167,66.183784485,107.416053772
-96.448471069,66.089004517,108.145690918
-95.642532349,65.196807861,76.611534119
-95.045700073,64.444480896,29.029106140
-94.938529968,66.950645447,87.976013184
-98.015403748,66.610534668,37.143608093
-95.556350708,65.329795837,83.566329956
-96.021919250,65.007232666,65.178039551
-95.088447571,67.228004456,84.120826721
-95.970481873,63.972633362,15.901884079
-96.015426636,66.345703125,121.929473877
-96.628448486,65.066230774,58.481204987
-96.797851562,66.031539917,94.025489807
-96.061782837,67.182678223,103.871498108
-95.328559875,66.726676941,110.855903625
-96.984939575,66.723831177,85.491897583
-95.299140930,67.214447021,92.472373962
-94.997367859,64.201904297,19.297796249
-97.399475098,66.130867004,65.916900635
-95.172492981,67.367080688,80.890785217
-96.583816528,68.604171753,23.091518402
-97.818672180,66.198783875,45.267189026
-95.264457703,66.059501648,108.841896057
-96.895240784,67.736305237,54.045413971
-96.086883545,66.736274719,119.279121399
-94.755035400,65.724540710,79.970596313
-95.753448486,66.108650208,118.423614502
-97.154701233,67.592102051,51.245559692
-95.417335510,66.808586121,111.735839844
-95.873771667,67.930168152,59.911529541
-98.536682129,66.235969543,19.148357391
-97.410469055,66.766380310,62.666690826
-94.732521057,65.672737122,77.274200439
-94.429733276,66.893417358,63.758136749
-95.174583435,67.331558228,82.664024353
-95.561080933,65.587677002,97.188171387
-96.681037903,66.491165161,103.193748474
-96.427932739,67.087738037,100.062530518
-98.224250793,66.866622925,28.237936020
-96.054290771,66.283721924,120.724639893
-96.052627563,64.329582214,29.194822311
-95.262046814,66.553092957,111.362960815
-93.503288269,67.242759705,18.823541641
-95.742927551,65.436515808,90.349250793
-96.843666077,65.583663940,77.788688660
-94.034202576,65.697273254,42.624595642
-97.478683472,67.445991516,43.884674072
-95.083358765,66.423416138,105.132102966
-95.015861511,66.798904419,96.075073242
-97.229843140,68.630966187,15.430108070
-98.171279907,66.181678772,30.266872406
-94.489486694,68.494262695,19.003030777
-96.881416321,66.517898560,93.451133728
-96.944610596,68.012741089,40.664123535
-95.675910950,66.175056458,119.419464111
-95.402069092,64.981727600,62.006404877
-97.213851929,66.795471191,72.183219910
-94.666091919,66.277427673,84.409500122
-95.613838196,65.493537903,92.847541809
-94.191375732,67.371528625,40.755851746
-94.621643066,68.198699951,29.648967743
-96.193199158,66.168266296,116.390663147
-97.988815308,66.081130981,36.666202545
-95.284873962,67.608329773,71.894866943
-95.679855347,66.408424377,122.249916077
-94.967948914,66.935264587,89.861152649
-96.583328247,66.377914429,107.373336792
-95.683387756,65.425025940,89.571922302
-98.713584900,67.280105591,11.903450966
-96.939086914,67.434814453,65.608467102
-95.295906067,66.395034790,113.479339600
-94.128311157,67.199928284,42.409614563
-96.308273315,68.145492554,44.988307953
-97.044586182,63.996833801,8.502311707
-96.313453674,67.471946716,83.979721069
-95.519439697,66.252243042,118.499908447
-95.256950378,65.745948792,99.009735107
-97.142692566,65.965599060,76.771347046
-96.692298889,65.498779297,79.102081299
-96.120208740,67.775016785,68.392326355
-96.273574829,65.603027344,94.436218262
-96.494140625,66.299613953,110.193031311
-95.398979187,67.302803040,91.186920166
-94.189758301,65.959159851,54.953525543
-95.448966980,66.336212158,117.758949280
-96.959411621,66.525985718,89.400428772
-98.165382385,66.131996155,30.090215683
-96.045616150,66.247161865,120.255699158
-96.694610596,67.002136230,92.772789001
-96.483444214,65.667449951,92.722480774
-95.967811584,66.182998657,119.785217285
-95.034286499,66.978790283,91.500228882
-94.845809937,65.669921875,82.147705078
-96.490554810,66.365242004,110.836921692
-95.577659607,68.146530151,46.792713165
-98.361831665,65.557243347,17.394823074
-95.250549316,66.740844727,107.667167664
-97.810226440,65.211883545,27.033918381
-97.121643066,65.986526489,78.209228516
-96.451461792,67.134574890,97.335510254
-94.491249084,66.807312012,68.848663330
-95.952911377,66.063812256,116.912475586
-96.664062500,66.361976624,103.965438843
-96.327392578,67.743072510,67.647735596
-94.475677490,65.437095642,57.321228027
-98.021194458,65.611541748,28.569709778
-97.945610046,67.419113159,28.736038208
-95.145355225,67.320343018,82.142669678
-95.193679810,67.193870544,89.685104370
-94.646324158,66.701896667,79.312500000
-95.558311462,66.301605225,119.772689819
-95.214294434,64.118209839,18.604694366
-95.213783264,67.297950745,85.635406494
-94.149307251,65.139305115,34.243862152
-95.768318176,66.333015442,122.455520630
-97.473724365,67.768302917,34.787281036
-95.513839722,67.272453308,95.616111755
-97.792274475,65.427818298,33.218154907
-96.476432800,66.046600342,106.244400024
-98.077713013,65.732414246,28.514839172
-96.125091553,66.134056091,116.817161560
-95.666725159,66.172843933,119.289978027
-97.305099487,66.430946350,71.671272278
-95.586662292,66.131179810,117.488136292
-95.805061340,69.468955994,8.416750908
-94.327499390,66.177551270,64.787994385
-96.975090027,66.658630371,87.062904358
-96.097023010,66.262992859,119.826263428
-95.139274597,66.597724915,105.855316162
-95.358108521,66.673629761,112.939537048
-93.236236572,64.910186768,8.576485634
-94.433311462,64.138954163,11.970846176
-95.039611816,65.439270020,79.428367615
-95.772781372,68.372772217,36.342136383
-95.557373047,67.415931702,88.709251404
-94.724822998,66.500556946,86.597717285
-96.704521179,66.672767639,100.333053589
-95.518173218,66.907623291,111.521720886
-94.407188416,65.797386169,64.195404053
-94.981124878,65.239181519,67.696678162
-93.852134705,66.751228333,37.744010925
-97.085487366,66.242637634,83.192901611
-96.695739746,63.939647675,10.269865990
-97.132965088,67.495170593,55.617248535
-97.196342468,67.202537537,62.788185120
-95.175720215,67.454978943,76.691627502
-95.725517273,65.571784973,97.366394043
-97.013259888,66.534072876,86.523963928
-94.665512085,67.367401123,60.716213226
-96.987731934,65.142250061,52.157211304
-96.013389587,66.933769226,114.819458008
-95.233467102,66.362030029,111.280906677
-96.069114685,65.163429260,73.733642578
-94.260337830,66.422050476,61.035182953
-94.870574951,66.330909729,95.288391113
-95.443283081,66.726638794,114.503524780
-95.174461365,65.928375244,102.778381348
-95.762413025,66.277847290,121.770126343
-96.251609802,67.626464844,75.950256348
-95.514411926,65.345451355,84.042861938
-96.090354919,66.148117065,117.670097351
-95.839767456,65.386985779,87.627517700
-94.984024048,66.693916321,97.004882812
-97.106079102,65.966201782,78.575790405
-93.523765564,68.554031372,5.133381844
-95.639099121,67.566024780,81.133155823
-94.559318542,65.137939453,49.039779663
-95.280670166,66.315170288,112.780296326
55.672962189,73.637634277,126.421356201
54.248687744,74.035140991,76.927764893
53.901306152,73.390396118,48.635711670
56.797218323,74.787307739,69.775520325
55.097965240,75.372619629,75.354988098
55.024951935,73.093757629,93.787872314
57.916236877,74.690734863,18.964822769
56.293746948,74.891326904,90.298080444
56.175724030,73.275909424,98.936660767
54.944404602,74.338340759,116.197349548
56.119846344,74.923950195,95.368553162
55.521717072,75.850395203,51.663124084
54.306198120,75.932563782,23.981136322
57.034641266,74.329338074,65.199661255
55.938262939,73.757293701,124.647041321
54.814369202,73.552734375,104.111976624
56.037853241,76.243125916,29.745216370
56.516792297,72.562278748,50.216587067
54.633621216,74.942863464,81.836875916
55.659030914,72.972702026,93.943275452
54.672157288,72.811386108,67.917709351
57.386863708,73.956634521,44.725944519
55.615974426,73.660026550,127.415550232
55.028888702,72.494819641,61.029808044
55.948177338,75.301399231,80.110321045
55.287563324,74.362487793,126.770164490
56.778778076,74.830085754,69.389404297
54.836486816,73.680946350,108.512031555
55.781295776,75.693939209,60.106201172
56.875637054,73.890708923,75.972557068
53.744750977,73.937156677,44.826267242
54.782939911,74.918220520,90.000701904
54.750335693,73.325737000,93.536323547
55.703105927,73.908065796,131.720092773
54.750335693,75.516357422,56.989482880
54.566070557,70.933219910,4.234908104
53.907997131,74.216972351,53.957248688
55.555183411,72.349937439,56.606208801
53.772243500,74.008872986,46.441570282
57.074871063,74.441215515,61.456871033
54.801837921,74.448059082,107.266548157
54.801586151,71.717811584,21.541334152
55.938064575,74.240928650,125.695625305
56.562694550,74.740722656,83.749496460
55.603965759,74.767280579,114.188903809
54.799621582,72.591575623,61.010318756
53.833072662,73.304267883,43.402854919
56.238250732,74.852615356,94.296684265
54.780448914,74.440795898,106.324554443
56.256195068,74.876373291,92.505729675
56.012035370,73.038978577,91.761474609
55.526020050,72.951942444,93.178291321
54.414031982,75.473442078,46.826583862
56.298408508,74.028167725,112.458473206
54.710208893,73.465003967,96.327697754
55.594303131,74.904029846,107.393569946
56.255645752,73.997413635,114.620338440
56.469699860,73.345863342,88.309196472
57.459957123,74.581329346,38.473201752
53.313568115,73.416572571,21.173723221
55.290973663,75.723625183,57.192588806
55.590984344,74.001853943,133.071792603
56.615074158,75.172889709,64.061363220
53.576293945,74.601501465,31.174247742
54.325538635,73.899093628,81.520637512
55.299659729,74.906471252,106.076553345
58.587749481,72.417671204,4.939674377
56.128444672,75.268096924,77.403823853
55.449325562,73.364524841,115.567016602
57.395553589,73.648910522,41.952125549
55.240886688,74.084350586,129.014053345
55.135303497,74.642532349,114.681304932
54.478069305,73.281814575,78.350105286
55.228862762,74.745086670,112.691070557
56.300788879,75.437217712,63.437656403
55.324787140,74.370338440,127.268180847
56.899505615,74.067878723,75.178131104
56.465919495,72.886779785,67.637161255
56.479007721,74.240997314,100.947746277
55.167762756,72.856674194,84.216812134
55.612598419,74.541145325,123.612525940
55.886219025,73.910850525,128.394042969
56.699829102,75.087646484,63.834117889
54.791942596,73.821456909,108.901618958
55.238918304,74.147521973,128.717407227
55.572643280,74.688896179,117.930168152
54.589580536,74.298767090,97.813919067
58.582145691,72.077362061,3.232251644
55.487991333,72.816055298,84.808876038
55.818016052,74.961891174,101.538246155
55.948799133,75.455772400,71.403831482
56.198413849,75.311981201,73.012222290
55.764648438,73.036140442,96.665840149
55.991115570,74.162704468,125.075576782
55.838523865,74.852066040,106.786529541
54.910381317,74.121368408,116.779190063
54.876857758,74.876754761,95.884941101
54.963180542,74.340766907,116.968437195
54.442218781,73.981704712,89.590690613
55.991447449,75.084815979,91.015213013
56.070434570,74.669746399,108.549545288
55.438396454,73.957290649,132.215744019
55.173751831,74.271133423,125.665977478
56.172763824,74.562797546,108.654846191
56.094772339,75.300239563,76.628105164
55.400440216,75.714607239,58.871265411
55.879776001,73.263748169,107.445640564
55.961780548,73.944625854,126.511283875
55.600769043,74.943725586,105.242393494
55.032867432,73.022071838,90.319519043
55.838371277,73.347404480,112.492950439
55.763366699,74.792449951,111.124870300
54.262447357,74.940475464,61.692260742
56.116081238,74.245765686,119.264205933
54.200645447,72.935150146,52.586528778
54.874263763,73.527420044,106.145278931
55.712120056,75.298110962,83.987632751
56.161434174,73.577796936,111.772621155
55.030605316,75.379417419,73.331695557
56.045360565,75.030189514,92.396301270
54.806488037,74.259536743,110.641151428
54.921661377,73.850425720,115.748703003
55.008460999,73.862335205,119.723144531
55.437046051,72.634315491,73.513732910
54.467357635,74.433250427,88.149467468
55.765258789,73.190757751,105.574890137
55.103073120,74.465232849,119.468681335
56.944587708,74.835601807,60.470561981
55.429458618,74.095741272,132.371032715
54.621376038,74.419479370,97.881935120
56.064559937,73.802368164,121.275695801
55.149425507,74.055107117,126.397010803
56.221782684,74.421920776,110.841476440
57.069404602,73.793266296,62.373611450
55.771900177,74.847976685,108.254043579
55.473663330,74.793838501,113.174674988
56.191661835,74.625022888,105.626190186
54.981838226,75.608200073,58.349475861
54.174835205,73.843185425,71.246803284
56.576622009,72.851493835,61.464450836
56.817584991,73.079231262,59.807834625
54.144527435,75.291137695,42.819904327
55.127368927,73.073074341,95.432907104
57.042766571,72.697624207,37.281448364
55.105388641,74.149925232,124.700653076
54.992488861,73.547966003,111.789939880
57.232032776,75.900535583,16.966266632
56.926574707,73.325378418,61.852672577
55.597038269,74.044868469,133.112869263
55.690715790,74.114959717,132.233230591
55.803504944,74.234802246,129.150146484
56.638488770,75.164314270,63.415477753
57.705162048,72.450691223,14.120368958
56.210643768,72.472290039,54.291316986
54.690093994,75.550193787,53.125160217
55.472461700,73.488304138,121.129692078
55.470592499,74.591003418,121.970298767
56.381301880,72.920448303,72.687011719
55.918109894,73.159805298,100.991439819
55.184707642,73.285827637,107.523574829
57.146537781,73.639373779,55.611648560
54.336112976,74.225746155,82.154571533
56.333644867,75.302230835,69.080261230
55.412761688,73.646499634,126.094467163
56.563758850,72.829460144,60.970355988
56.501247406,74.353958130,97.857246399
56.166088104,74.586769104,108.085479736
54.726902008,74.206848145,106.796020508
54.501987457,75.075057983,69.359954834
55.049060822,75.240249634,82.151931763
55.920719147,72.997848511,91.594291687
54.598819733,73.101356506,77.759399414
55.116470337,74.420280457,121.039550781
53.582515717,73.012687683,26.352430344
55.293056488,75.506256104,70.495475769
55.373142242,73.847831726,130.116683960
53.975524902,73.908874512,58.746505737
54.541267395,74.780441284,83.337364197
57.800304413,74.589912415,23.716215134
54.529907227,74.650054932,86.888854980
54.766742706,73.683273315,105.035903931
55.769260406,75.249755859,86.170608521
55.736511230,74.601089478,119.978149414
55.697872162,74.621017456,119.728820801
55.528598785,75.230613708,88.990982056
54.197429657,73.241043091,61.825645447
54.518440247,73.309135437,81.378059387
54.652065277,74.496810913,98.046882629
54.980346680,73.966018677,119.620819092
55.096282959,73.245498657,103.284126282
55.731544495,72.694175720,75.995971680
54.542236328,72.338409424,41.464900970
54.931068420,73.926506042,117.086540222
56.791259766,73.165924072,64.248504639
57.213455200,73.875251770,54.224285126
56.065006256,74.171836853,122.315483093
56.203815460,75.832321167,46.333038330
57.050003052,73.024803162,46.829963684
55.211784363,74.432144165,123.426589966
54.568023682,74.393615723,95.128562927
55.556564331,73.003067017,96.246421814
55.975753784,74.976112366,97.164802551
54.688262939,75.605026245,50.107578278
55.868965149,73.874237061,128.428070068
56.023674011,71.409538269,14.945060730
56.406642914,74.267349243,104.701492310
55.174591064,74.339584351,124.533752441
56.036285400,72.941482544,85.429206848
55.725044250,72.410133362,59.033264160
57.445156097,73.898971558,41.367332458
55.326110840,72.597724915,70.767433167
55.265598297,73.905151367,128.747482300
55.906486511,72.443542480,58.732295990
55.262561798,74.748992920,113.151512146
55.959304810,74.152526855,126.211196899
56.302627563,73.604408264,105.984397888
54.831245422,73.448638916,101.634902954
56.344661713,74.893127441,88.068351746
55.635852814,73.017036438,96.786712646
55.453071594,74.926239014,106.367034912
56.345893860,72.981178284,77.215896606
55.863647461,73.847511292,128.201019287
55.231357574,71.344039917,14.093011856
54.627922058,75.391716003,59.386363983
55.559997559,74.141319275,132.776885986
55.534587860,74.405548096,128.142944336
56.259498596,74.570426941,104.615257263
56.813331604,74.461135864,77.097961426
57.335124969,75.513053894,24.135126114
55.650165558,72.789215088,82.643501282
54.471809387,73.006385803,68.074302673
55.813365936,72.744232178,78.056823730
55.620445251,75.222808838,89.177330017
56.251430511,73.799026489,112.995651245
55.571571350,72.890266418,89.327804565
56.001228333,74.245414734,123.604637146
54.175662994,74.207023621,71.516632080
55.867649078,73.793769836,127.222671509
54.812747955,73.730361938,108.388221741
55.085494995,72.711036682,74.309547424
56.872642517,75.497764587,40.513317108
55.409923553,74.511329651,124.416313171
54.083614349,73.268318176,56.232128143
55.569564819,73.085731506,101.123741150
57.379646301,74.613784790,42.088714600
55.755821228,72.236961365,49.246635437
54.818195343,73.775756836,109.518508911
55.388034821,73.043769836,98.050720215
55.271526337,73.823760986,127.725593567
53.776390076,74.485252380,43.293460846
55.393936157,73.778945923,129.185180664
54.838539124,73.993629456,113.070503235
55.517513275,72.841125488,86.372413635
56.189323425,72.806015015,73.175926208
56.907451630,73.459579468,66.510528564
54.863742828,71.964408875,31.831558228
54.793933868,75.810119629,42.249507904
56.303901672,73.588050842,105.439193726
55.650409698,74.627845764,119.981140137
55.349319458,74.877304077,108.193572998
55.115047455,72.912567139,86.369705200
55.758922577,73.862899780,130.452224731
54.073837280,74.427345276,62.443588257
55.470577240,75.317665100,83.617492676
54.865123749,73.860488892,113.181213379
54.487075806,74.544372559,87.082786560
55.570983887,74.014007568,133.131271362
55.205326080,73.133094788,100.338111877
55.963455200,73.779197693,124.337699890
55.817268372,74.077987671,130.430496216
56.112606049,74.082984924,121.103950500
55.443172455,72.691238403,77.019004822
55.542625427,75.515197754,71.627784729
56.205059052,73.461425781,105.766845703
55.732528687,74.996978760,101.039306641
55.650062561,74.258102417,130.933868408
54.920173645,75.106269836,85.913940430
56.381225586,73.312248230,91.456008911
55.015235901,73.126945496,95.155136108
57.014747620,72.538169861,33.295402527
54.340774536,72.865440369,56.571296692
53.815013885,71.943122864,11.354561806
54.054000854,73.821517944,63.283813477
58.264350891,73.128578186,12.118787766
56.093997955,74.574150085,111.370338440
55.054496765,73.624298096,116.460235596
55.443908691,74.199150085,131.735412598
55.993503571,72.214576721,45.299133301
56.754634857,76.233917236,18.456468582
55.372146606,74.422134399,126.675460815
55.996070862,73.504142761,115.306777954
56.484722137,74.672294617,90.144645691
57.088840485,74.189147949,62.698562622
58.637401581,74.073570251,8.101730347
55.415855408,74.031753540,132.283828735
55.542362213,74.126823425,132.872756958
55.695884705,73.772933960,129.708892822
54.582572937,74.171966553,98.458213806
55.148963928,73.719375610,122.189918518
54.384052277,74.130744934,85.845115662
56.079235077,73.304885864,103.886894226
55.796836853,73.666145325,125.680992126
55.465621948,73.327590942,113.925529480
54.970634460,72.716682434,72.149131775
55.851810455,72.552253723,65.840690613
55.597702026,74.821800232,111.581977844
54.853996277,75.299522400,72.802246094
55.101490021,73.715179443,120.515388489
55.545017242,74.336349487,129.839645386
55.931858063,74.940422058,100.150207520
55.164134979,75.950874329,42.424285889
55.322605133,71.975173950,37.036048889
55.861579895,74.151252747,128.938888550
58.924045563,73.500053406,6.606812477
56.568180084,74.424804688,92.538085938
54.416736603,73.639076233,84.022300720
54.614974976,74.818580627,85.977508545
52.989284515,73.002838135,8.520805359
54.947052002,72.623809814,66.484275818
55.514686584,73.501502991,121.892570496
56.936279297,72.832366943,45.720294952
56.058685303,73.515556335,113.639587402
54.691383362,74.196098328,104.842147827
55.500885010,75.638839722,64.023582458
54.384033203,74.457977295,82.344482422
56.418838501,75.057312012,77.536796570
57.034244537,73.662117004,62.806640625
54.865108490,74.793487549,99.048988342
55.063266754,72.315994263,51.818611145
57.426456451,73.485351562,38.498737335
57.016708374,73.514869690,61.177181244
56.585174561,73.589691162,89.667716980
56.885917664,74.983566284,58.819408417
58.196552277,74.487930298,12.822094917
53.999385834,72.019668579,16.398445129
56.350975037,74.333106995,106.556838989
55.243362427,75.616798401,63.000717163
53.868457794,73.703193665,50.905342102
55.349746704,73.511093140,120.583663940
55.737560272,74.613471985,119.470268250
56.079578400,74.813476562,101.976959229
55.580856323,72.970642090,94.230140686
56.213684082,74.846931458,95.526832581
55.246410370,72.647346497,73.011611938
56.262039185,74.319541931,111.329818726
55.640892029,74.859260559,109.376411438
57.433334351,73.007186890,30.565704346
58.843196869,73.836326599,6.994422436
57.407985687,73.668342590,41.524532318
55.402816772,73.921340942,131.485412598
53.904193878,74.445892334,51.414630890
54.926589966,74.534919739,110.896446228
56.090190887,74.609336853,110.211479187
54.514472961,73.581901550,88.708045959
55.223125458,74.918342590,104.206916809
55.651134491,73.036476135,97.851570129
55.628211975,72.893150330,89.256996155
56.830745697,73.085494995,59.372539520
55.306251526,73.346969604,112.919876099
56.671649933,73.155586243,70.125389099
55.611240387,75.050750732,99.254760742
57.016136169,74.290100098,66.710418701
55.985595703,74.501045227,117.683258057
55.388137817,73.865165710,130.600540161
56.154815674,72.736824036,70.251884460
56.112026215,77.005554199,5.217422009
55.480079651,73.278038025,111.541641235
55.670139313,73.882614136,131.751602173
96.544517517,58.824214935,76.325538635
95.055877686,59.880016327,118.181449890
95.898704529,60.040027618,126.648498535
93.804611206,60.808364868,34.475742340
97.614990234,60.259056091,42.176918030
94.395072937,59.684780121,80.489013672
94.367393494,59.464748383,75.752243042
95.915626526,61.214706421,70.216758728
94.658859253,59.560863495,95.411361694
98.484695435,60.432163239,10.468932152
97.034835815,60.808315277,58.520076752
95.605010986,59.386821747,123.256721497
94.625801086,59.405361176,90.157783508
95.449645996,59.724845886,129.262557983
96.811981201,56.850341797,4.594197750
94.569068909,59.796894073,92.154739380
95.988868713,59.428401947,120.042976379
94.882591248,60.862682343,77.294708252
96.127273560,59.996284485,121.620697021
95.224586487,60.658767700,98.577751160
92.597465515,60.106193542,6.978788853
96.533798218,60.589874268,90.747535706
95.005538940,58.450843811,60.469940186
95.216011047,59.915592194,123.769088745
94.838325500,60.444042206,95.020011902
95.561058044,60.099460602,127.290367126
94.311019897,59.387470245,70.789535522
94.461166382,61.335006714,40.221481323
96.334693909,59.368320465,106.692611694
95.462326050,61.702468872,40.210605621
96.399871826,59.442901611,105.991683960
94.682975769,57.407176971,13.849076271
96.178909302,59.411800385,113.894256592
97.732414246,60.470642090,33.357707977
95.409004211,59.778560638,128.898849487
95.615539551,58.937477112,101.417541504
95.451667786,61.006130219,82.367965698
95.208457947,58.326503754,57.192161560
94.326408386,59.780551910,76.673439026
95.682426453,59.596271515,128.701339722
94.447990417,60.009162903,83.898811340
95.524818420,60.701534271,101.652641296
96.138732910,58.644924164,78.564422607
94.457046509,61.418266296,36.472698212
95.784767151,59.654617310,128.809432983
95.138237000,59.393177032,114.717636108
95.741264343,61.163173676,74.142349243
97.307746887,59.508049011,59.527664185
98.064788818,59.218154907,21.411111832
96.648590088,59.607933044,97.263008118
96.614791870,59.976867676,100.959846497
95.968482971,60.209323883,121.759284973
97.753364563,60.464118958,32.541336060
96.082611084,60.281398773,117.160163879
95.417823792,60.941120148,85.963180542
96.210952759,59.527862549,115.718009949
94.266349792,58.911190033,55.278423309
96.406333923,59.476238251,106.524185181
96.116409302,59.450637817,117.074272156
94.017288208,59.671459198,56.910785675
94.106697083,60.447975159,57.026599884
98.130256653,60.146915436,21.148532867
96.984458923,60.162715912,78.823181152
94.423446655,60.384487152,75.868873596
94.959106445,58.228637695,47.006160736
96.006271362,60.020137787,124.711616516
94.618415833,59.806087494,95.220344543
94.261901855,62.138645172,9.364115715
95.825080872,59.242931366,116.362403870
95.675437927,60.592205048,108.641670227
96.436271667,58.702831268,74.036727905
96.112434387,59.614128113,120.812622070
97.216072083,59.711322784,66.698753357
95.322814941,59.331825256,117.842887878
94.814399719,58.396865845,52.650123596
94.477264404,60.322296143,80.434219360
95.265182495,58.069271088,43.400562286
94.438789368,60.018634796,83.245307922
97.391731262,61.317447662,25.651735306
94.414382935,59.431575775,78.006729126
95.033409119,59.546527863,114.712821960
96.284835815,59.609264374,114.410469055
95.826255798,58.468463898,71.124633789
95.173164368,60.773571014,90.956001282
96.140380859,61.390518188,56.525817871
95.261238098,59.479656219,121.157310486
96.416038513,58.485752106,62.914810181
94.326889038,58.579406738,45.946857452
96.916664124,58.973865509,66.529571533
95.969650269,61.016605377,82.539108276
94.056053162,60.153614044,58.732208252
95.866256714,60.719516754,101.285514832
97.108062744,57.768180847,16.617685318
96.141799927,58.153709412,49.275695801
98.589271545,59.156196594,8.055136681
94.509696960,58.108169556,32.478954315
95.712112427,58.548267365,76.553497314
96.384582520,59.716007233,111.548034668
96.024375916,58.869846344,94.013648987
96.402511597,60.242378235,107.350433350
96.492828369,57.971363068,34.650470734
95.463401794,59.176231384,113.429046631
96.538795471,58.727233887,71.823707581
95.697822571,59.147018433,112.957061768
96.466697693,59.924488068,108.503532410
93.912834167,61.295948029,25.094844818
97.833404541,60.343013763,30.817581177
96.645141602,59.035602570,81.373474121
95.879455566,61.458202362,54.798046112
97.407646179,59.729934692,56.025348663
95.696670532,59.275615692,118.863067627
95.388725281,60.262275696,120.303497314
95.408813477,60.364048004,116.789024353
96.204528809,60.468383789,107.361679077
96.914543152,61.050090790,53.671077728
95.636489868,59.964881897,129.932998657
95.776931763,58.537231445,75.765609741
95.096572876,60.864921570,83.749801636
96.564826965,58.712890625,70.189018250
96.634300232,62.295207977,9.851140976
97.029144287,59.323863983,71.266769409
96.363830566,57.736808777,26.341339111
94.187767029,57.698772430,15.497437477
94.502250671,59.780620575,87.909660339
95.096717834,60.740249634,90.676506042
93.953529358,59.958824158,53.957618713
95.926200867,60.051097870,125.979927063
95.581718445,60.302970886,121.274261475
94.602035522,60.066604614,92.622673035
95.989738464,59.953834534,125.815666199
95.689712524,59.419799805,124.228080750
95.963279724,60.276752472,119.894752502
95.869285583,60.010089874,127.567092896
94.844108582,59.914630890,107.899604797
95.945739746,59.571853638,124.635604858
97.020759583,58.180965424,31.543640137
96.335174561,59.506397247,110.310043335
95.835372925,60.579639435,108.947669983
96.180839539,59.932476044,120.326416016
97.162025452,58.431522369,36.394500732
93.768951416,59.072856903,36.445571899
95.843093872,60.568122864,109.470214844
95.057800293,59.779602051,118.429244995
95.865684509,58.630889893,81.434043884
95.709541321,60.003993988,129.261032104
96.742172241,60.194267273,91.889091492
95.504386902,60.517055511,111.243827820
96.734634399,59.903751373,94.781547546
95.191894531,59.571224213,121.202209473
95.506240845,60.817806244,94.644203186
96.043640137,59.792392731,124.758079529
97.237892151,57.958301544,19.350008011
94.867362976,60.571132660,90.991889954
96.645668030,58.942619324,77.555534363
95.177040100,60.392478943,110.005569458
96.540946960,59.597057343,102.573371887
97.159255981,59.284893036,63.467147827
95.848434448,59.203437805,114.312286377
95.472419739,59.872272491,129.699005127
96.220359802,60.550975800,103.485717773
95.211486816,60.110397339,120.406295776
98.051383972,61.564178467,8.329401970
95.588165283,60.772415161,98.124687195
97.502174377,61.896862030,10.235637665
96.898658752,59.896179199,85.598556519
96.058189392,59.555778503,121.390510559
94.819801331,59.905506134,106.663681030
97.438186646,59.826766968,54.594791412
95.265586853,60.725643158,95.899871826
94.162712097,61.031475067,42.330844879
94.366554260,60.046489716,78.506065369
96.327819824,59.349010468,106.379280090
96.149978638,60.189765930,117.717140198
97.819267273,59.552371979,34.108768463
94.101707458,59.561412811,60.880596161
96.726257324,60.532890320,84.071693420
95.895919800,59.654327393,127.075836182
96.502769470,60.695312500,87.473976135
94.718765259,60.464035034,88.735916138
94.959846497,60.139636993,110.120574951
95.394866943,60.226341248,121.629661560
96.602157593,59.701045990,100.857353210
98.818649292,58.417057037,2.976057053
96.056808472,60.983623505,83.552444458
95.595306396,59.137569427,112.503883362
95.838378906,59.804271698,129.259323120
93.994277954,62.162990570,6.459765911
97.377922058,58.068485260,19.342702866
93.782119751,58.640975952,28.959636688
95.718818665,60.253955841,123.236656189
95.757865906,61.353027344,61.850021362
95.547065735,60.056114197,128.117401123
96.451934814,59.947643280,109.118843079
94.308181763,60.148281097,73.780975342
96.601989746,58.675609589,67.031784058
96.280929565,61.332130432,57.806537628
94.872505188,59.237762451,97.930305481
94.530036926,60.513694763,77.657112122
95.692337036,59.803066254,130.689361572
96.612564087,60.833587646,76.593864441
95.581146240,60.087394714,127.682121277
96.488891602,59.994846344,107.118034363
95.473808289,58.330860138,61.039844513
92.796333313,60.492454529,8.317437172
95.856414795,60.425437927,115.913467407
95.836212158,58.187957764,53.468498230
97.257820129,61.960289001,11.694663048
94.644050598,59.543716431,94.231048584
93.432197571,59.007259369,23.229778290
96.130279541,60.446430206,110.234321594
95.204353333,59.099143982,104.245300293
96.184837341,59.404911041,113.485382080
94.539321899,59.722000122,89.948585510
94.557380676,61.164573669,51.041908264
94.230842590,59.593482971,69.145324707
94.452529907,58.762077332,58.048572540
96.421287537,60.224254608,106.957916260
96.967597961,59.474990845,77.759513855
96.986763000,59.929943085,80.488296509
95.144966125,58.536060333,68.904518127
96.542564392,60.296390533,99.873794556
96.929901123,59.756198883,83.390708923
95.947059631,59.853679657,127.269897461
95.497428894,60.632266998,105.184875488
95.982002258,59.845130920,126.469947815
94.767036438,60.442493439,91.813911438
95.395378113,59.299072266,117.968727112
96.081703186,61.503128052,50.292301178
97.146743774,59.265365601,63.672782898
94.997848511,60.395187378,103.626808167
95.288040161,59.727161407,126.062965393
93.402397156,59.617618561,27.256416321
96.267074585,59.294258118,106.934700012
95.343391418,60.097187042,124.204177856
95.578239441,60.221786499,124.046890259
95.580741882,59.817596436,130.731307983
95.182373047,60.747051239,92.676185608
96.491783142,59.933345795,107.280792236
96.533111572,59.832168579,105.252197266
95.496948242,61.113430023,76.084068298
95.650169373,60.901348114,90.676017761
96.515686035,60.171421051,103.727699280
96.357185364,59.519023895,109.648559570
96.089347839,60.154479980,120.247772217
95.589691162,60.134250641,126.614379883
94.063003540,60.012985229,60.143581390
95.408317566,58.824344635,92.515502930
94.975242615,58.115032196,41.495418549
95.566459656,60.693607330,102.504425049
94.728057861,58.673496246,64.659164429
97.041297913,58.208412170,31.999038696
95.903564453,60.517570496,111.338851929
95.783966064,59.227832794,116.171005249
96.772583008,57.574546814,16.010671616
95.665237427,59.717826843,130.377227783
95.809226990,59.062839508,107.869529724
94.469535828,58.341423035,40.860954285
95.853164673,59.924396515,128.716156006
95.204849243,59.046985626,101.494712830
94.719375610,59.760963440,101.133651733
94.186668396,58.950561523,52.729446411
94.819473267,60.535739899,90.506217957
96.922729492,61.669384003,25.566303253
97.050498962,59.658897400,75.715667725
95.598617554,58.305522919,60.374988556
93.913314819,60.229251862,50.009777069
97.473075867,61.555591583,17.253503799
94.395469666,60.022544861,80.516906738
94.868621826,59.975334167,108.616287231
95.392837524,59.966423035,127.600601196
95.125473022,58.928096771,92.527603149
96.568519592,59.233287811,92.093742371
95.326507568,59.633850098,126.013099670
94.467124939,59.393196106,80.386672974
95.051116943,59.267795563,106.881332397
95.769706726,57.924709320,38.884441376
96.182510376,59.335559845,111.371360779
96.256538391,60.107593536,115.740097046
96.790267944,59.642005920,90.138275146
94.651084900,60.768077850,73.148612976
96.832138062,59.470745087,85.068351746
95.119247437,60.562526703,100.524696350
95.434104919,60.753181458,97.513793945
96.917335510,59.973731995,84.353019714
96.713973999,60.856567383,71.294593811
96.505653381,58.316127777,51.497745514
95.603195190,59.567108154,128.240844727
95.245513916,58.573909760,73.424522400
94.835708618,60.715114594,83.053810120
96.091766357,59.486160278,118.780776978
95.615318298,60.667976379,104.298995972
94.911804199,58.994052887,88.581787109
97.038955688,59.467189789,73.686309814
97.717239380,61.416591644,15.141458511
93.619003296,57.278594971,4.725431919
94.481002808,60.033699036,85.711616516
95.418334961,58.636127472,80.379455566
94.145767212,60.681625366,53.133361816
96.051261902,59.830043793,124.641349792
95.688102722,59.342460632,121.552932739
97.654167175,59.569068909,42.041851044
96.549598694,59.188446045,91.415763855
94.894683838,59.628978729,109.601303101
95.465805054,59.902526855,129.417327881
96.721511841,60.091793060,94.404335022
96.648735046,61.307788849,50.044128418
93.844413757,59.049182892,39.269531250
94.321464539,58.376426697,38.172912598
94.571334839,59.928260803,92.098991394
96.015945435,60.718433380,99.685791016
95.836891174,59.802230835,129.278182983
96.001922607,60.802146912,95.195976257
94.292404175,58.429477692,39.269435883
95.529045105,59.296215057,119.480476379
96.327941895,58.416000366,61.147911072
94.751350403,60.862995148,72.608299255
97.177543640,60.065422058,68.650993347
97.031692505,60.593482971,66.262313843
96.315834045,58.595550537,71.651107788
94.815261841,59.068492889,88.034339905
94.921630859,58.455291748,58.634536743
94.173439026,59.665317535,66.285629272
96.483558655,59.544166565,104.421836853
95.382835388,59.393646240,121.292289734
95.866081238,59.532196045,125.371238708
93.623146057,62.237426758,3.582550526
96.061889648,60.194953918,120.039710999
96.036972046,60.256069183,119.003852844
95.906471252,60.236068726,122.083419800
98.266006470,59.452568054,16.775373459
95.574096680,58.997013092,104.758651733
94.949394226,61.046676636,69.350395203
96.484283447,60.148818970,105.569503784
95.556449890,59.954757690,129.781539917
95.189659119,59.769386292,123.355430603
96.223045349,59.220451355,105.779342651
95.951644897,58.568416595,76.669364929
94.646369934,60.192459106,92.941543579
95.466003418,60.613559723,105.781944275
95.247314453,61.137157440,71.023170471
96.407981873,60.284481049,106.108985901
93.276466370,60.467864990,20.059131622
95.131385803,59.690967560,120.817810059
94.605018616,59.560470581,92.160537720
96.058990479,60.735992432,98.036956787
93.534652710,59.441474915,31.202733994
94.507812500,58.363624573,42.828548431
95.448860168,60.706760406,100.396896362
94.715324402,59.366928101,94.218330383
95.537071228,57.742767334,29.931026459
95.163581848,58.483032227,65.982521057
95.359497070,61.011112213,80.733856201
95.923385620,61.518245697,50.811740875
94.648437500,60.412868500,87.034454346
96.026039124,59.236766815,112.298347473
97.107101440,60.157802582,71.785926819
94.219139099,59.219848633,61.664253235
95.922348022,60.926322937,88.621582031
96.706466675,59.763652802,95.884666443
94.677940369,58.084728241,34.767757416
95.127792358,59.438201904,115.742492676
96.505653381,59.963291168,106.494483948
97.060241699,61.045455933,47.761333466
96.156654358,60.607200623,102.601654053
96.926864624,59.339607239,77.091293335
98.743339539,60.434169769,6.817964077
95.951400757,60.358627319,117.309379578
95.572021484,59.572826385,128.269302368
-8.228661537,56.377548218,122.672721863
-8.591614723,55.209369659,87.634613037
-7.900994301,56.197032928,130.217010498
-8.591430664,54.237651825,36.983245850
-7.780225754,55.325237274,109.390083313
-7.223883152,56.137870789,119.207229614
-8.410834312,55.642681122,112.179237366
-8.877671242,56.650360107,88.220977783
-9.005837440,56.475811005,85.401252747
-7.789129734,55.382133484,112.206123352
-8.450587273,56.356792450,115.730621338
-9.828818321,57.778205872,11.590290070
-8.421115875,55.571006775,109.522056580
-7.346531868,55.866294861,120.744857788
-5.711801529,56.304039001,32.908790588
-9.167154312,55.600505829,71.480926514
-6.839075565,54.799255371,56.221187592
-8.356943130,57.807235718,50.685691833
-7.483929157,54.488231659,55.679969788
-8.289943695,56.452011108,119.457435608
-5.911610126,55.239971161,34.127082825
-7.684703827,55.858554840,127.583122253
-8.687143326,54.859817505,65.934867859
-9.105316162,53.765449524,14.175504684
-8.493377686,55.917957306,114.845497131
-7.728235722,54.868400574,82.381332397
-7.259634495,57.552330017,63.653404236
-8.332201004,56.172599792,121.839179993
-7.018211842,57.958541870,35.956413269
-6.122436523,56.200222015,55.054954529
-8.370923042,56.771881104,106.877067566
-7.172088623,55.055027008,81.392898560
-8.233046532,54.126842499,36.345607758
-7.797778130,55.552127838,119.510375977
-7.546365738,56.477272034,124.261444092
-7.250486851,57.242050171,82.193870544
-7.291371822,56.180442810,121.636856079
-6.231201172,56.053646088,61.754039764
-8.037528992,55.880863190,127.117477417
-8.222056389,55.059200287,91.201873779
-6.719261646,56.006389618,92.533332825
-5.962258816,57.237182617,30.853988647
-6.141060352,55.045627594,38.525489807
-6.037197113,54.626853943,24.760076523
-9.609897614,56.461109161,47.799137115
-8.448851585,56.236511230,117.273422241
-6.775390625,55.996582031,95.830047607
-7.346196651,56.167888641,123.456832886
-6.769998074,54.784095764,53.084468842
-7.892912388,56.650836945,121.133628845
-6.509514332,56.221382141,79.662406921
-7.719795704,56.187652588,130.305679321
-7.391310215,55.588256836,114.198379517
-8.653458595,55.604915619,100.774536133
-7.345932961,55.414169312,105.621421814
-6.995520115,57.317497253,68.896194458
-8.288098335,56.003509521,122.977638245
-8.107289314,56.028266907,127.555526733
-7.815753460,56.662956238,120.959617615
-7.050505638,56.223350525,111.444046021
-8.930723190,56.390422821,91.431838989
-8.038321495,55.202362061,102.189041138
-7.322520733,56.053756714,122.430305481
-6.345098019,56.346031189,68.104293823
-8.214468002,57.509822845,71.657577515
-6.694226265,55.637630463,83.971641541
-7.894442558,56.333404541,128.920715332
-7.374456882,57.419769287,74.792778015
-7.349602699,57.781517029,51.869750977
-8.164023399,56.202705383,126.338302612
-6.802919388,55.492900848,85.298568726
-7.143368721,57.862892151,43.160160065
-7.019147873,55.918956757,108.239341736
-8.114424706,54.661460876,68.329368591
-7.756386280,58.350856781,25.233310699
-7.524265766,56.860698700,110.108245850
-6.518522739,56.390171051,78.738090515
-8.114868164,56.542270660,121.614280701
-6.445037842,55.799411774,72.664916992
-6.999341488,56.586421967,102.516502380
-7.876695633,55.049446106,94.266975403
-6.683287621,57.032611847,69.251419067
-7.514952183,55.723632812,121.760093689
-9.185873985,57.343788147,44.746440887
-9.280375481,55.223728180,53.285121918
-5.980855942,55.540355682,42.316024780
-7.770153999,54.937648773,87.058486938
-8.366972923,56.878082275,102.536987305
-7.443404675,58.308132172,25.802892685
-8.472944260,56.109207153,116.865264893
-7.821453571,55.192150116,102.497825623
-7.377374649,55.961730957,123.238090515
-8.926544189,56.989318848,72.827926636
-8.362971306,55.881031036,119.235824585
-8.517713547,54.982112885,78.621467590
-8.769660950,56.567745209,96.420928955
-8.454521179,56.453571320,113.732009888
-7.438556671,56.933670044,104.703948975
-8.991108894,56.424659729,87.272193909
-8.560385704,56.887229919,94.805763245
-7.088671684,56.763404846,100.485702515
-7.524423599,53.827457428,23.561141968
-9.103613853,56.869556427,68.071731567
-8.306365967,57.163181305,90.084312439
-8.945839882,56.950267792,73.479217529
-7.285029888,56.646682739,112.550376892
-7.561442375,55.112655640,95.200630188
-8.083598137,56.701232910,117.080612183
-8.595266342,57.360736847,69.413703918
-6.633186817,57.473953247,47.475582123
-6.950085640,54.744045258,57.283733368
-7.489237785,56.872505188,108.848411560
-8.276274681,55.173229218,96.327453613
-9.050446510,55.047481537,58.753864288
-7.395907879,56.232139587,124.646736145
-6.229472637,56.125701904,61.766368866
-7.857467651,56.648559570,121.373680115
-8.602370262,57.178668976,78.924789429
-6.782926559,55.059852600,66.185501099
-7.464242935,55.865848541,124.016525269
-7.502601147,57.201210022,91.219078064
-8.468273163,55.046752930,83.832984924
-6.733150482,53.381286621,7.938425064
-7.677784443,56.136970520,130.112060547
-7.882836819,56.525333405,125.028556824
-8.572516441,56.580539703,105.570632935
-8.201820374,55.492652893,113.164421082
-8.603435516,55.410697937,96.126106262
-7.449269772,58.568618774,16.302341461
-6.416104794,57.472187042,39.946605682
-9.788268089,57.160373688,25.239130020
-8.362573624,56.807506561,105.716049194
-9.188337326,56.807670593,65.422286987
-8.440830231,54.970466614,80.457954407
-6.900701046,58.052974701,29.809333801
-7.422312260,56.722183228,113.828987122
-6.014018536,54.346153259,18.222164154
-7.798156261,54.570213318,63.578037262
-8.186191559,55.824436188,123.343673706
-5.791186333,56.284805298,36.650547028
-7.434288502,55.630207062,116.888305664
-7.762372017,56.716236115,118.931777954
-7.857892513,55.798679352,127.002197266
-7.700985432,54.923313141,85.624794006
-9.548749924,54.788845062,28.049081802
-7.556193352,55.451866150,112.644882202
-8.070212364,55.528575897,117.038116455
-8.289197922,55.813419342,120.407089233
-9.552658081,55.956901550,52.539802551
-8.455399513,55.390533447,101.304023743
-6.626286030,56.729007721,77.626846313
-9.400965691,55.254135132,47.666225433
-8.626652718,57.029159546,85.419044495
-8.099131584,56.815769196,112.240463257
-7.747061729,55.456195831,115.336097717
-8.022665024,54.233745575,43.194931030
-7.632000446,56.397041321,127.187965393
-7.982475758,56.710788727,118.204627991
-7.033518314,56.834232330,95.070686340
-6.368198395,55.233085632,53.769313812
-7.886175632,55.829185486,127.562225342
-7.165578842,54.863643646,70.546546936
-8.353061676,55.211666107,96.252265930
-7.602659702,56.053737640,129.027786255
-8.314731598,53.126091003,7.658248425
-8.393364906,53.898918152,25.239566803
-8.136917114,55.428356171,111.846092224
-7.537872791,55.968391418,127.203582764
-8.480756760,56.508213043,111.404479980
-9.542589188,55.372058868,43.076450348
-9.714607239,55.236911774,31.352731705
-7.753654003,54.761600494,75.694358826
-7.643893719,54.337001801,48.494335175
-8.544431686,55.094303131,83.692909241
-5.800597191,54.821437836,22.711893082
-8.194016457,56.864006042,108.124572754
-6.556911945,54.736980438,43.709964752
-7.096046448,55.575740814,102.774742126
-8.313582420,57.168247223,89.600410461
-7.744277477,55.829414368,127.453826904
-6.126568317,56.369518280,54.288467407
-6.437086582,57.290584564,47.425758362
-7.103646755,56.768596649,100.925201416
-8.667248726,56.040653229,107.982566833
-7.307590485,57.330566406,78.572509766
-9.300788879,55.189682007,51.060497284
-5.647233486,56.286254883,30.218290329
-7.770836830,56.077480316,130.558227539
-7.219322681,56.923137665,98.567359924
-6.808821678,55.343318939,79.802627563
-6.266533375,57.303272247,40.237609863
-8.369006157,56.596969604,113.089828491
-7.267948627,58.589462280,15.169156075
-6.453252792,55.240612030,58.110935211
-8.856510162,53.574069977,12.636264801
-7.027326584,55.282287598,87.336112976
-7.705782413,55.813179016,126.843017578
-9.417463303,56.383346558,60.888393402
-8.172539711,55.084598541,93.625335693
-7.393019676,55.551464081,112.855125427
-8.231832504,56.199268341,124.677680969
-7.648763657,56.289794922,128.954147339
-6.629692078,55.296943665,68.930686951
-7.686418533,55.050460815,93.320426941
-7.650402069,56.997840881,105.143653870
-7.847810745,56.648723602,121.398918152
-5.088946819,57.014759064,10.704957008
-8.374235153,56.252132416,119.879776001
-8.121877670,55.798660278,124.192337036
-7.433809280,56.111980438,125.915725708
-7.745540142,57.357883453,84.617111206
-8.289464951,56.124202728,123.301078796
-8.092379570,57.207450867,92.269126892
-5.816705227,55.455799103,33.888706207
-6.253071785,56.306457520,62.592624664
-7.596602440,56.516838074,124.046623230
-7.484000683,55.149990082,95.773628235
-7.777038097,55.885780334,128.646850586
-7.899715424,55.717002869,124.849952698
-7.853353977,56.312324524,129.403305054
-8.194849014,57.443885803,76.137657166
-6.670778751,55.713390350,84.609054565
-7.427939415,56.055835724,125.535163879
-7.425783634,55.884952545,123.401473999
-7.296518326,54.418998718,48.791370392
-8.836426735,55.656635284,92.752799988
-9.332687378,56.031082153,67.608940125
-8.694145203,55.603725433,98.745063782
-7.721027851,56.767581940,116.692710876
-7.182190418,56.176925659,117.516304016
-7.807459354,55.981651306,129.978836060
-7.199055195,57.852367401,44.868808746
-8.642602921,55.900817871,107.929336548
-9.144973755,58.171829224,16.761756897
-8.921773911,57.149524689,65.864036560
-9.340927124,55.274662018,51.576435089
-7.665734291,54.673061371,69.301116943
-6.053905964,56.010128021,50.927089691
-5.481258869,56.413516998,23.451211929
-9.428449631,54.410636902,22.672147751
-7.425824642,57.044136047,98.570304871
-8.578230858,54.959625244,75.269439697
-8.349896431,55.284961700,100.012702942
-6.560498238,57.518413544,43.080661774
-7.423707962,54.423583984,51.078914642
-8.128363609,56.766368866,113.721588135
-7.737266064,56.067398071,130.389343262
-8.515784264,56.280017853,114.140762329
-6.226290226,55.886547089,60.346878052
-8.265579224,55.223308563,99.234405518
-8.938378334,57.241226196,60.764808655
-6.850438595,56.767787933,88.748336792
-7.510084629,57.357822418,81.653800964
-6.250092030,54.618144989,30.228496552
-8.232755661,55.544471741,114.386459351
-7.244708061,56.567321777,113.677970886
-8.545682907,53.701080322,17.757694244
-9.198582649,53.901107788,15.776124954
-8.414597511,55.419330597,103.990745544
-7.216941833,57.076168060,90.537582397
-7.684962273,56.136394501,130.173980713
-5.578088284,56.488376617,26.457452774
-7.602351189,57.349605560,83.696678162
-7.619939804,56.131858826,129.488433838
-8.100433350,56.312950134,126.604042053
-8.192387581,55.988979340,125.449523926
-8.632789612,57.211959839,75.931793213
-7.949545860,56.042289734,129.843734741
-9.033193588,55.843029022,85.118339539
-6.220085144,56.691120148,54.925994873
-8.383372307,55.697547913,114.699836731
-8.046658516,55.574775696,119.069473267
-7.956707001,57.345214844,85.391784668
-8.320293427,55.231449127,98.208923340
-8.846009254,55.526973724,88.319602966
-5.350353241,57.444995880,12.232231140
-6.995491982,57.119167328,79.617103577
-8.344424248,55.630611420,114.078132629
-6.455789089,56.064613342,76.176612854
-8.053552628,57.392784119,81.515563965
-9.030318260,57.198459625,58.322448730
-7.320772171,55.414970398,104.856140137
-7.776271343,56.578784943,123.693634033
-8.168645859,56.921005249,106.083160400
-8.449137688,56.464378357,113.698356628
-9.026628494,55.569587708,79.243019104
-7.648453712,55.595188141,119.894859314
-9.124344826,57.271774292,50.596878052
-6.959839821,55.460514069,92.021476746
-7.230775833,55.071384430,84.275634766
-5.924730301,55.358802795,36.805736542
-5.937385082,57.133396149,32.106575012
-7.651923180,54.131866455,37.446144104
-8.815531731,55.781227112,96.872756958
-8.054731369,55.734756470,123.843070984
-9.605886459,58.165050507,9.018800735
-7.535563469,56.148612976,128.166778564
-9.058625221,56.633274078,78.397308350
-8.520750999,55.472671509,102.105697632
-7.721902370,57.643436432,65.781684875
-6.120092869,54.598503113,26.209657669
-7.637551308,56.483795166,125.395385742
-6.801969528,56.123710632,98.147254944
-7.810188770,57.055610657,103.005989075
-6.558554173,57.282058716,52.804302216
-8.541991234,55.599342346,105.669837952
-8.204662323,56.180057526,125.485366821
-7.161729813,56.777820587,102.959823608
-7.308599472,56.298755646,121.408752441
-7.745810032,56.688140869,119.931953430
-7.296626568,57.040275574,95.141181946
-6.088441372,55.702766418,50.187061310
-8.245607376,56.476516724,120.180076599
-8.118464470,57.330337524,84.491020203
-9.465361595,56.127918243,59.066234589
-7.607761383,55.171489716,99.345245361
-9.734654427,55.469673157,34.821247101
-8.123639107,56.817440033,111.700721741
-7.093487740,55.841407776,110.365669250
-7.282933712,54.995086670,81.604072571
-8.354205132,55.950176239,120.415504456
-5.856397629,54.648242950,20.828041077
-7.249677658,56.641983032,111.477294922
-9.536584854,56.148735046,54.385036469
-7.136826992,55.724605560,109.404830933
-7.545521736,55.362628937,108.298568726
-10.004486084,53.087955475,2.208624363
-8.123380661,56.473186493,123.205711365
-8.082080841,56.475505829,123.945831299
-6.937379360,57.238182068,70.905281067
-7.532758713,58.097866058,36.526428223
-6.667014599,56.903095245,73.725639343
-9.238947868,55.881797791,72.445869446
-8.425292015,57.344955444,76.212249756
-8.229247093,56.473068237,120.704368591
-7.991513729,56.214141846,129.285491943
-8.064652443,56.177112579,128.429199219
-6.724167347,56.768260956,81.877494812
-9.485913277,55.020992279,36.712905884
-7.153701305,55.689167023,109.082855225
-6.091467381,55.900909424,52.487537384
-8.725236893,56.451351166,101.550590515
-8.235864639,55.368129730,107.048553467
-8.122994423,56.957962036,105.240524292
-7.422173023,56.950901031,103.426383972
-8.732132912,57.081356049,78.162803650
-7.767096996,55.488807678,116.852249146
-9.095552444,57.293247223,51.011276245
-7.567386150,56.551853180,122.645896912
-8.965273857,56.144462585,91.591918945
-8.668364525,56.520347595,102.771469116
-7.879349232,53.530418396,15.092660904
-9.358152390,56.070907593,66.086723328
-7.659231663,55.703937531,123.580963135
-8.422137260,56.026409149,118.612762451
-8.723496437,56.152442932,105.235603333
-6.667226791,55.690242767,83.821281433
-8.326622009,56.342212677,120.363105774
-5.669291019,54.790328979,19.022628784
-6.301371574,56.838165283,55.902675629
-6.470632553,57.471748352,41.839057922
-7.784968853,56.638732910,121.785598755
-7.792296410,54.274917603,45.662544250
-8.247582436,56.729759216,112.298210144
-6.879304409,55.569282532,92.013526917
-8.945681572,56.849662781,77.533828735
-6.578310966,56.267833710,83.846199036
-7.486980915,56.011314392,126.612083435
-77.115653992,27.718950272,102.907180786
-75.948669434,26.959720612,89.889648438
-74.858070374,27.824686050,64.776924133
-78.867164612,28.823053360,16.584175110
-77.576835632,27.027963638,67.377906799
-77.003250122,27.778802872,107.638214111
-76.258644104,26.437438965,67.605361938
-76.361824036,28.081724167,119.278549194
-77.967620850,27.331018448,55.884155273
-75.234733582,28.162302017,82.798042297
-74.932563782,28.650119781,58.546833038
-75.562934875,25.922464371,34.215457916
-75.482322693,27.596345901,94.632614136
-76.510391235,27.998414993,119.404739380
-76.297554016,28.865083694,90.689422607
-76.252044678,29.969562531,30.953716278
-76.137580872,28.033439636,118.080413818
-74.539978027,27.453483582,46.075096130
-77.528816223,30.308309555,13.382451057
-76.714508057,27.948589325,116.396446228
-74.624328613,27.962289810,53.064189911
-77.428031921,26.407503128,48.754379272
-76.486038208,29.331991196,63.914241791
-76.498611450,26.811346054,87.912376404
-77.059593201,27.760078430,105.415184021
-75.991111755,27.868890762,115.825195312
-77.271652222,28.152729034,94.787986755
-76.992851257,27.420366287,102.771896362
-76.240127563,27.900032043,119.943992615
-76.851226807,26.746532440,80.694305420
-77.575325012,27.742361069,81.482826233
-76.392677307,28.331258774,114.032714844
-77.135856628,28.067182541,101.712020874
-77.310363770,27.088851929,81.145957947
-75.588989258,28.477924347,91.888610840
-76.704780579,28.909872055,86.725646973
-75.162307739,26.873306274,60.071491241
-75.731117249,29.372432709,55.155582428
-76.596916199,27.227813721,105.809143066
-77.280334473,28.923437119,72.091720581
-75.799064636,28.944578171,78.644622803
-77.293968201,27.486082077,92.247123718
-76.747810364,28.576250076,101.630798340
-76.336059570,27.097883224,101.423240662
-76.296012878,27.806056976,120.042976379
-76.065048218,27.013435364,94.657394409
-74.956336975,27.376478195,64.893180847
-76.569381714,29.917184830,32.872821808
-77.236495972,28.002981186,97.863418579
-75.043571472,29.356073380,40.351242065
-75.797317505,26.934625626,84.987815857
-78.516006470,29.303449631,18.768293381
-77.247810364,26.583053589,62.514633179
-74.300964355,25.960886002,9.630203247
-76.353179932,26.362447739,63.997467041
-75.902214050,28.031539917,112.830314636
-75.431533813,27.938577652,94.491157532
-76.316299438,27.427589417,113.383956909
-76.505325317,28.773647308,95.620277405
-78.688705444,27.090507507,20.088691711
-76.977577209,29.471593857,52.164855957
-77.080642700,28.002729416,104.499153137
-76.054054260,29.793037415,38.031337738
-77.562362671,26.509153366,48.434516907
-76.872772217,30.019458771,27.179193497
-75.887123108,28.037311554,112.327117920
-76.156944275,27.171579361,102.932640076
-77.426162720,28.668319702,75.894920349
-74.928031921,28.427932739,63.196693420
-76.422088623,26.892669678,92.086730957
-76.782569885,29.658214569,44.310970306
-79.269264221,29.666734695,3.794564486
-76.492225647,27.616344452,117.501647949
-76.207740784,27.764097214,119.055130005
-78.846542358,27.380382538,18.658187866
-75.618759155,29.190467834,61.963932037
-77.382965088,27.738346100,91.059310913
-77.734771729,27.905572891,73.545532227
-75.365600586,27.777070999,91.001754761
-76.839843750,26.311681747,58.226825714
-76.130111694,27.311893463,107.848419189
-76.561965942,27.083887100,100.410667419
-77.592895508,27.807020187,80.833496094
-77.004188538,29.181999207,67.169876099
-77.938850403,27.191690445,54.312217712
-76.967262268,26.324443817,56.749164581
-75.910072327,25.410367966,20.679464340
-76.969970703,28.320428848,103.774116516
-75.271530151,26.498931885,49.745552063
-76.639762878,27.673019409,116.564727783
-75.065528870,29.435171127,38.121414185
-77.253883362,27.109148026,84.117927551
-76.990501404,25.419454575,18.759990692
-76.101364136,28.557682037,103.573020935
-75.242378235,27.236633301,75.320304871
-74.249778748,26.640232086,20.086849213
-77.642517090,29.143815994,50.782588959
-77.295494080,27.985702515,95.264869690
-76.162414551,28.172668457,116.445396423
-75.947517395,27.319623947,104.446258545
-76.478446960,25.142652512,14.555356979
-75.927017212,25.207767487,15.345751762
-76.079307556,28.211763382,114.315574646
-74.943962097,29.539714813,31.708684921
-75.502235413,28.887102127,72.859703064
-76.023887634,27.384510040,108.303359985
-77.369354248,27.368400574,86.466094971
-74.652404785,28.252958298,52.645809174
-76.744613647,27.683629990,114.600189209
-76.123474121,27.763715744,117.931243896
-75.654838562,26.567205429,64.052421570
-77.160301208,25.993724823,37.143684387
-75.902717590,28.654884338,95.213874817
-75.626586914,27.686927795,102.233390808
-75.234237671,27.166503906,72.897491455
-76.920600891,29.181961060,68.702133179
-78.973266602,29.570943832,7.144095421
-74.929008484,28.751373291,55.793151855
-76.179275513,28.799276352,93.205932617
-77.972846985,28.284523010,58.505668640
-75.011436462,28.813501358,57.371273041
-76.830009460,28.146030426,111.562515259
-76.930091858,27.287475586,101.121566772
-77.492164612,28.703834534,71.954681396
-77.284683228,26.735681534,68.219787598
-75.367858887,27.009235382,73.299880981
-77.264572144,28.139469147,95.281578064
-77.685913086,29.041234970,52.831066132
-76.422981262,29.688034058,44.093002319
-76.619033813,27.673955917,116.914726257
-78.100006104,28.403350830,50.714115143
-75.062522888,27.454538345,71.651138306
-75.315658569,28.136974335,87.196701050
-77.203155518,28.450269699,91.713310242
-76.074058533,27.226865768,103.809364319
-74.636535645,28.243556976,52.000419617
-76.072380066,28.014713287,117.126182556
-75.690795898,28.701845169,87.067085266
-76.617614746,29.148836136,74.185836792
-76.533737183,28.639039993,101.890846252
-75.596626282,29.543819427,44.708087921
-77.606002808,27.353788376,74.749778748
-75.712997437,28.275419235,102.381553650
-77.176376343,27.775114059,100.719894409
-77.050239563,26.427045822,60.260295868
-74.605033875,26.809499741,35.771545410
-76.717613220,27.620407104,114.323081970
-75.859870911,26.316291809,56.566184998
-76.754356384,28.471666336,105.354064941
-76.413627625,27.749322891,119.706184387
-76.162277222,29.009550095,81.488784790
-76.740348816,26.907459259,90.395469666
-76.798210144,27.479528427,109.775474548
-76.836051941,27.600841522,111.135284424
-78.170616150,26.881961823,35.674194336
-75.988189697,27.759832382,115.168472290
-78.133636475,28.966426849,37.732368469
-77.747657776,28.805545807,57.810638428
-75.958137512,26.798105240,82.379287720
-77.550399780,27.830865860,83.056343079
-74.513641357,28.799631119,38.373832703
-77.417533875,28.822633743,70.999877930
-78.445098877,28.227886200,37.337265015
-76.380027771,28.777465820,95.635353088
-75.234069824,30.481683731,9.842810631
-79.183311462,26.923692703,6.605914593
-75.286209106,28.942764282,63.242092133
-75.520355225,25.461175919,18.759204865
-74.777862549,27.781518936,60.519927979
-74.314231873,27.920442581,39.049987793
-75.812683105,28.949220657,78.731559753
-76.701278687,25.740043640,32.295940399
-75.772979736,27.942140579,109.149055481
-75.511734009,27.854724884,98.337249756
-76.126914978,28.346750259,111.628021240
-76.685203552,26.630447388,77.193206787
-77.640327454,28.756582260,63.911941528
-76.409957886,26.744127274,84.541015625
-74.662322998,29.124361038,36.166240692
-77.871009827,28.800130844,52.639350891
-77.541038513,26.433612823,46.094314575
-76.948516846,27.375869751,103.081489563
-77.416618347,27.864740372,89.788360596
-76.331085205,26.987743378,96.431106567
-76.462387085,27.440259933,113.719886780
-78.044670105,27.983341217,57.448509216
-77.343002319,28.343816757,88.234504700
-77.047744751,27.451757431,101.582550049
-77.105171204,26.660999298,70.474624634
-76.879165649,25.819774628,33.912345886
-75.938392639,26.343671799,59.201232910
-76.693908691,29.145128250,73.783287048
-76.054702759,27.837274551,117.152511597
-77.879821777,28.269824982,63.294548035
-76.331687927,25.807008743,36.567684174
-75.340538025,28.858858109,68.429595947
-75.229354858,27.893463135,84.354301453
-74.869789124,28.490989685,59.263343811
-77.064308167,27.626615524,103.979301453
-76.454002380,27.526338577,115.922958374
-74.654052734,27.632982254,53.414966583
-76.692848206,27.982587814,116.700706482
-74.743980408,28.796640396,47.213958740
-76.184722900,27.624160767,116.924255371
-76.593841553,27.406837463,111.677314758
-75.515304565,27.494556427,94.206466675
-77.064903259,27.923130035,105.489967346
-76.682571411,26.420631409,65.971389771
-76.955657959,28.501476288,99.077262878
-77.576210022,28.622756958,70.642578125
-76.106475830,29.510694504,52.460239410
-75.762489319,27.304271698,98.568305969
-76.879745483,27.780506134,111.806762695
-77.089042664,28.398950577,97.555610657
-76.337310791,26.940605164,94.221542358
-77.554847717,27.657619476,81.927284241
-77.217697144,29.745298386,35.555328369
-77.316551208,29.519189835,44.108253479
-76.063705444,29.222175598,68.178489685
-75.873229980,29.151832581,69.255691528
-77.625518799,26.406553268,42.084388733
-75.907844543,26.880857468,85.288154602
-75.697540283,28.431575775,97.477920532
-76.491882324,28.763660431,96.186454773
-77.025444031,28.946456909,78.650268555
-77.203834534,29.201704025,61.692581177
-76.055412292,25.386007309,20.646469116
-77.886924744,28.066173553,65.033569336
-74.757789612,27.249263763,52.775413513
-75.616035461,28.911186218,75.338127136
-75.637039185,26.726482391,70.918861389
-75.168090820,26.063823700,30.785488129
-75.640319824,26.890508652,78.362998962
-76.628082275,28.672977448,99.426483154
-75.094848633,28.169025421,75.562774658
-75.918746948,28.002407074,113.547760010
-77.924324036,27.591405869,62.119724274
-75.467185974,27.582252502,93.708984375
-75.876045227,26.482597351,65.024925232
-75.975425720,27.074472427,95.605506897
-75.614891052,27.203365326,89.942359924
-75.774070740,27.285987854,98.337165833
-74.476806641,28.037832260,45.985725403
-73.610893250,28.980737686,10.660905838
-77.718399048,28.512132645,66.793487549
-77.939765930,28.495687485,56.609802246
-76.354423523,26.072597504,48.951835632
-75.765525818,26.660461426,71.305473328
-77.259819031,27.400255203,92.045104980
-76.491989136,28.896709442,89.175109863
-76.466468811,28.614505768,103.369987488
-76.780006409,29.027311325,79.369468689
-76.691268921,29.056735992,78.839775085
-75.407432556,27.350376129,85.949050903
-78.131401062,27.148534775,43.940677643
-75.881919861,26.610029221,71.486114502
-76.496368408,28.443298340,110.020332336
-77.098579407,27.180032730,92.303176880
-76.524971008,27.704828262,118.509620667
-74.995460510,28.895988464,54.253318787
-75.716674805,27.866069794,107.105018616
-75.822326660,27.177062988,95.886100769
-77.787887573,27.459102631,67.415695190
-76.816322327,27.551322937,110.804985046
-76.407623291,28.254335403,116.048393250
-77.584640503,29.966154099,22.322521210
-75.756156921,28.692455292,89.505874634
-76.209686279,27.549983978,115.723289490
-75.510063171,26.446161270,54.667400360
-74.143608093,26.692190170,18.090501785
-74.694740295,28.421291351,52.461601257
-77.037353516,26.151466370,46.751819611
-76.462677002,28.003108978,119.754341125
-76.452209473,26.218906403,56.410854340
-75.773765564,27.150957108,93.416664124
-76.037361145,27.439027786,110.198608398
-75.801895142,28.927312851,79.590583801
-76.111984253,28.443758011,108.181274414
-75.739738464,27.460041046,102.336753845
-75.681716919,27.470518112,100.471183777
-75.975570679,30.579166412,11.987560272
-78.195693970,29.357881546,26.410869598
-76.642349243,26.261627197,57.790519714
-76.018188477,26.995155334,92.959022522
-74.390159607,28.513486862,38.294933319
-75.701904297,28.193973541,103.684799194
-76.658927917,27.995241165,117.298553467
-77.181968689,28.618103027,87.369514465
-74.172576904,26.674596786,18.570585251
-75.787445068,27.181528091,95.010871887
-76.347602844,28.704317093,99.234878540
-75.152290344,28.211326599,77.937332153
-76.351348877,25.616535187,28.867795944
-76.585357666,27.412164688,111.928001404
-75.510490417,28.178068161,95.914924622
-75.663101196,27.870321274,104.980010986
-76.245887756,28.616514206,102.790557861
-78.188484192,27.737071991,49.910919189
-75.483451843,28.620933533,82.828865051
-75.691192627,28.538608551,93.587463379
-76.662864685,27.219871521,104.684722900
-75.755035400,28.775516510,85.731735229
-75.587379456,28.762794495,81.051399231
-77.389152527,27.320838928,84.453430176
-74.843818665,27.975042343,63.997596741
-75.589096069,28.881757736,75.870468140
-77.318733215,27.756511688,94.216651917
-75.347717285,27.650745392,88.984512329
-77.153945923,27.632474899,100.481559753
-73.996253967,28.669641495,22.880809784
-76.038696289,27.545034409,112.912780762
-73.715438843,28.222702026,17.812294006
-77.277481079,27.844009399,96.412208557
-77.217124939,28.691974640,83.446952820
-76.658813477,27.890943527,117.655555725
-75.699089050,27.527246475,102.425666809
-74.622863770,28.232875824,51.468185425
-76.939895630,27.411758423,104.258987427
-77.637916565,28.336061478,74.282867432
-76.621955872,28.158691406,116.013160706
-75.573532104,27.668682098,99.747970581
-76.946311951,27.906312943,109.899299622
-75.690361023,26.457323074,59.804050446
-77.215003967,27.767623901,99.001892090
-75.196716309,28.588569641,71.806114197
-77.087158203,27.939546585,104.555717468
-77.728813171,28.581514359,64.674377441
-77.546836853,27.514947891,80.628158569
-75.245422363,28.468585968,77.288543701
-75.952621460,28.501941681,102.783828735
-74.213386536,29.763957977,11.797799110
-74.542793274,28.524477005,44.300220490
-74.695869446,26.784376144,38.569499969
-77.483497620,26.629781723,56.360542297
-75.293983459,27.617815018,85.897750854
-76.411727905,26.271602631,59.223342896
-76.501426697,26.299074173,60.552288055
-78.005332947,26.648645401,36.030269623
-76.561592102,29.343074799,63.076759338
-77.120086670,27.387029648,97.429832458
-77.858543396,28.600175858,58.189323425
-77.369163513,28.424182892,85.236877441
-76.638931274,29.366603851,61.347373962
-75.438774109,29.728181839,34.437469482
-77.147438049,28.771013260,82.864105225
-76.344657898,28.428901672,110.875518799
-74.971420288,27.652223587,69.669639587
-74.654731750,27.172754288,46.479442596
-74.638092041,28.343753815,50.956642151
-76.461723328,28.630601883,102.669044495
-73.793571472,27.076547623,14.377307892
-76.522895813,25.788442612,35.387229919
-78.343276978,28.417663574,39.673694611
-77.097099304,26.973743439,84.720901489
-77.097953796,27.725339890,103.668945312
-77.582313538,27.914314270,81.406150818
-76.123863220,28.397018433,109.984756470
-75.800277710,27.628261566,107.977149963
-76.146118164,27.282819748,107.056167603
-77.022628784,27.516765594,103.786766052
-75.327529907,27.041885376,72.833183289
-77.809608459,28.996126175,49.529861450
-76.883018494,30.363250732,15.911702156
-77.121734619,27.735530853,102.781089783
-78.080383301,27.935178757,55.761913300
-75.962821960,28.720420837,93.591659546
-75.568778992,27.831409454,100.861549377
-75.096549988,28.208202362,75.146415710
-70.714302063,89.063346863,112.365486145
-71.233261108,88.791671753,123.074737549
-70.716003418,89.769439697,96.312438965
-70.555122375,89.110008240,105.759445190
-71.158973694,88.608016968,119.229270935
-70.782226562,87.387802124,58.133811951
-72.839805603,88.593315125,60.450386047
-70.227355957,89.759071350,78.413787842
-71.557060242,88.503662109,115.764602661
-71.398231506,89.734016418,104.226799011
-69.900115967,89.368324280,69.043548584
-72.771415710,89.094467163,64.734176636
-71.005767822,89.074920654,120.666816711
-71.193580627,88.511489868,117.088005066
-72.414077759,90.736091614,32.756832123
-72.696052551,90.511672974,32.937755585
-71.342529297,89.252853394,121.074668884
-70.484313965,90.097976685,75.370033264
-72.045578003,89.327667236,100.973892212
-71.651298523,87.209800720,50.307106018
-72.514381409,88.666374207,79.504852295
-70.148933411,87.960540771,63.327377319
-71.176307678,88.420623779,114.086738586
-70.747543335,88.754135132,111.911231995
-71.713623047,89.402488708,111.219642639
-71.637374878,89.579826355,106.968559265
-73.317466736,87.199607849,15.532654762
-71.288772583,87.678024292,78.909118652
-70.133369446,88.653068542,80.969520569
-72.434799194,87.934364319,65.357933044
-69.956153870,89.458663940,71.093620300
-70.142646790,88.072448730,66.851287842
-71.583946228,88.453819275,113.828086853
-73.226310730,89.137466431,41.015113831
-71.301963806,87.016853333,42.455238342
-72.320159912,89.112129211,90.688270569
-70.829811096,88.570213318,111.175292969
-71.374366760,90.603958130,58.345119476
-71.430664062,89.977325439,91.852378845
-72.199035645,87.770576477,67.363769531
-71.146179199,89.579513550,111.136505127
-71.128677368,90.510200500,64.146163940
-69.894508362,89.420539856,68.105583191
-71.229537964,89.146003723,122.790794373
-71.397941589,88.707420349,122.026222229
-70.977699280,89.708038330,104.287971497
-71.698097229,87.409881592,60.463352203
-72.837928772,89.211509705,59.890853882
-71.696144104,89.056617737,118.566680908
-72.223983765,88.358886719,89.080169678
-71.384582520,89.064430237,123.597274780
-70.888648987,91.351242065,25.173868179
-72.300743103,88.414665222,86.803123474
-71.848197937,90.251594543,69.240562439
-71.225143433,90.180160522,82.231163025
-71.408386230,89.552452087,111.759796143
-70.042892456,88.118576050,63.391670227
-70.837638855,87.827003479,82.157524109
-71.236579895,88.752655029,122.606269836
-71.799125671,89.283843994,111.779342651
-70.999923706,89.128570557,120.120719910
-70.432670593,90.871894836,38.410015106
-72.248847961,89.659881592,81.370025635
-70.463058472,88.419204712,92.857986450
-71.153625488,88.109893799,101.192901611
-71.223686218,88.796318054,123.061973572
-72.615524292,89.518692017,66.784111023
-69.464721680,87.251708984,16.425003052
-72.312744141,90.314559937,52.205139160
-72.572937012,87.320693970,37.135433197
-72.068237305,91.158042908,24.750087738
-71.744773865,87.185707092,47.962459564
-71.554275513,88.134460449,101.558700562
-70.683303833,89.110389709,110.992439270
-72.973068237,88.922729492,54.384357452
-72.776985168,88.653343201,64.417396545
-70.067611694,88.698204041,77.924690247
-73.016639709,89.745971680,42.097305298
-72.956573486,89.696472168,45.774253845
-71.187927246,87.942703247,93.149017334
-70.433044434,90.423370361,58.705047607
-72.081268311,88.819763184,104.167892456
-71.569084167,90.765541077,48.212062836
-70.358283997,86.794830322,23.578319550
-72.467475891,88.180343628,72.136497498
-72.564338684,87.949913025,60.447448730
-70.542411804,89.673141479,94.296569824
-72.230422974,88.815391541,96.568786621
-72.848724365,89.957191467,44.197959900
-70.836372375,88.335464478,104.388732910
-72.184005737,87.940933228,75.492752075
-70.471252441,89.790435791,87.595298767
-71.009513855,88.690696716,118.464370728
-71.076423645,88.454566956,113.874320984
-72.815834045,90.389312744,33.104743958
-69.998710632,90.133804321,55.700836182
-72.584991455,89.405998230,70.938766479
-70.590766907,88.554893494,101.967285156
-71.803092957,89.905990601,88.019035339
-72.248291016,89.597023010,83.536170959
-71.462837219,87.367416382,60.549976349
-73.077995300,87.811187744,35.862426758
-70.530792236,88.845687866,104.059700012
-71.547172546,89.301376343,117.798912048
-73.493019104,90.510620117,14.275379181
-71.296051025,88.318664551,111.087303162
-70.588943481,89.659866333,96.396781921
-72.160789490,89.589637756,87.917747498
-71.632118225,87.548255920,69.062667847
-71.245376587,88.042358398,98.526031494
-72.897369385,88.300971985,53.617069244
-71.448669434,89.217033386,121.018066406
-71.120231628,89.010284424,122.871253967
-70.258598328,90.065093994,68.883850098
-70.705833435,90.112243652,80.569503784
-72.765678406,88.443260193,62.636600494
-71.204513550,89.324951172,119.364669800
-71.119392395,87.434692383,64.619049072
-70.788040161,87.762702942,77.792900085
-70.110610962,89.632896423,76.121009827
-70.060661316,89.032211304,80.096107483
-71.226814270,90.536163330,62.687896729
-70.999557495,88.002059937,94.003372192
-72.607070923,90.506721497,35.641586304
-70.603187561,86.188117981,9.231771469
-69.060333252,88.528770447,22.941268921
-69.548477173,90.835472107,19.312608719
-71.651199341,88.729415894,118.840629578
-71.180366516,87.474403381,67.132118225
-72.831085205,88.066749573,51.950801849
-71.116722107,90.268890381,77.315643311
-69.698066711,90.564224243,30.393417358
-71.767433167,87.568695068,68.096092224
-72.780517578,89.965385437,46.812202454
-70.515052795,87.324264526,49.248516083
-70.596282959,88.552581787,102.145660400
-70.752120972,87.891395569,83.244911194
-73.056663513,88.876930237,50.108001709
-70.103683472,90.534606934,44.278446198
-70.908691406,88.361312866,107.257896423
-71.594688416,89.504226685,110.740142822
-71.592193604,88.161933899,102.280899048
-71.457084656,90.115829468,84.122207642
-70.856864929,90.394454956,68.543052673
-71.280189514,89.343376160,119.093948364
-71.859840393,90.234497070,69.819236755
-73.024620056,88.558113098,50.516693115
-70.980941772,87.315284729,56.960487366
-71.521446228,89.004631042,122.585563660
-68.893615723,89.905464172,14.781899452
-72.262306213,91.798988342,7.861192703
-73.121391296,89.478713989,42.154407501
-68.879890442,88.950866699,17.954023361
-72.725433350,89.525085449,60.814155579
-70.538520813,88.723663330,102.922760010
-70.238510132,89.844711304,76.177154541
-71.223991394,89.861137390,99.020576477
-70.436325073,89.471588135,95.559715271
-72.019706726,87.745933533,71.683219910
-71.823532104,90.110847473,77.143966675
-70.271080017,89.444824219,88.274391174
-70.810539246,90.295333862,73.145515442
-71.543167114,89.382637024,115.687698364
-69.864639282,88.550231934,63.996852875
-70.601699829,90.127738953,77.320594788
-71.117080688,87.920875549,91.448036194
-71.894660950,89.064346313,111.909835815
-71.055435181,89.675086975,106.618095398
-71.267776489,88.466911316,116.241722107
-68.780227661,90.032943726,10.921259880
-70.639030457,89.608581543,99.771949768
-71.823303223,87.133628845,44.329555511
-71.533645630,88.937316895,122.554740906
-71.335075378,89.995048523,91.773048401
-72.791984558,89.365379333,60.296901703
-71.952140808,90.174263000,70.290199280
-71.158897400,90.920684814,43.389522552
-71.218040466,90.143440247,84.253082275
-71.786674500,89.856964111,90.855545044
-70.003822327,87.980613708,57.167644501
-72.007469177,89.267883301,104.036117554
-72.084274292,88.545402527,100.281814575
-71.955917358,87.627365112,67.285644531
-71.367835999,89.077354431,123.569778442
-72.118415833,88.835281372,102.436447144
-72.782211304,87.985916138,52.070865631
-72.198921204,88.628265381,96.290649414
-71.934486389,89.158607483,109.148925781
-72.367813110,89.705604553,74.102798462
-71.809349060,90.768531799,44.450160980
-71.438110352,89.388259888,117.001930237
-71.230636597,88.475479126,116.308021545
-72.186386108,88.159378052,84.211463928
-70.620552063,88.952255249,108.673622131
-71.433425903,88.698928833,121.663871765
-71.580245972,87.971031189,93.091011047
-70.835937500,91.066833496,35.643222809
-70.345451355,87.124504089,36.114791870
-71.286987305,89.450653076,115.988945007
-71.362266541,90.231895447,78.699958801
-71.531455994,88.100555420,100.234451294
-69.595741272,89.124435425,52.604991913
-71.507156372,87.848754883,87.416610718
-70.357078552,90.365257263,59.276996613
-71.574417114,88.310531616,108.890296936
-71.725341797,87.575263977,69.181495667
-70.006736755,88.937225342,76.647613525
-71.329536438,90.467491150,65.956878662
-72.102424622,88.532531738,99.173988342
-71.444702148,89.945335388,93.358108521
-69.816108704,89.850852966,55.620357513
-70.600448608,89.485816956,101.919021606
-74.132575989,88.537727356,13.037573814
-72.042488098,90.234619141,64.587745667
-71.882209778,91.004684448,33.142292023
-71.695251465,88.036155701,94.432754517
-69.884407043,89.106727600,69.701393127
-71.046653748,90.024650574,90.098800659
-71.530693054,88.253097534,107.159881592
-70.526069641,88.591621399,99.952651978
-71.801834106,88.241523743,101.164047241
-71.376014709,88.314201355,110.871330261
-70.459815979,88.786903381,100.092750549
-71.001251221,87.570739746,71.224136353
-70.521507263,89.594444275,95.955665588
-70.550491333,90.441101074,60.732295990
-70.949768066,89.585716248,108.547027588
-70.977340698,88.450042725,111.817237854
-71.465087891,88.798812866,122.732078552
-70.324005127,88.079460144,75.564285278
-73.124107361,89.916694641,34.317867279
-70.526565552,88.466384888,96.987983704
-72.743576050,87.813789368,48.718879700
-70.442146301,89.010063171,100.705421448
-70.106216431,88.268150330,70.970794678
-71.670616150,88.429130554,111.352165222
-71.001770020,90.076171875,87.043754578
-70.582809448,90.724838257,47.689876556
-71.401878357,90.181465149,81.133209229
-71.258201599,87.086006165,45.987846375
-69.363426208,88.692710876,38.117019653
-71.487144470,89.459243774,114.167243958
-73.241012573,89.868591309,31.022981644
-70.483398438,89.052246094,102.677246094
-70.826431274,88.735504150,114.319869995
-70.563804626,89.841125488,88.902000427
-71.131950378,90.307632446,75.217704773
-72.318672180,87.944679260,70.472557068
-73.806327820,89.704040527,17.053529739
-71.415466309,88.076118469,100.059043884
-70.690170288,88.686584473,108.700096130
-71.095962524,89.804595947,101.308990479
-70.655487061,90.561050415,56.894176483
-70.577644348,88.145439148,88.597282410
-72.137565613,87.560180664,59.249687195
-71.733940125,89.961845398,87.094985962
-72.848121643,88.449981689,58.382087708
-70.714271545,89.755401611,96.822013855
-71.202682495,89.509033203,113.952362061
-69.223106384,89.828269958,27.434654236
-72.116493225,87.536560059,58.657814026
-71.002021790,89.728439331,103.766479492
-71.745361328,89.645057678,101.554145813
-71.369880676,87.229324341,53.395877838
-70.745590210,87.926193237,84.716644287
-70.604156494,89.880500793,88.559272766
-70.822608948,90.578735352,58.475284576
-70.816230774,89.259796143,113.859428406
-70.812820435,89.095756531,115.563606262
-69.415069580,89.618995667,39.006103516
-68.657882690,87.672203064,5.775888920
-71.265968323,88.321533203,111.109931946
-70.622909546,88.784713745,107.448554993
-71.007888794,88.591110229,116.353538513
-70.983619690,88.465499878,112.430389404
-71.037452698,89.398834229,115.814765930
-71.204368591,89.493713379,114.480575562
-70.650718689,88.529228210,103.805969238
-70.660095215,89.427604675,105.490409851
-70.108406067,89.037467957,82.858886719
-70.631774902,88.264190674,95.032203674
-72.620254517,89.128646851,73.175796509
-71.135116577,88.258956909,107.579826355
-73.326377869,91.339553833,6.646470547
-70.709266663,89.311080933,109.583007812
-69.776840210,87.468254089,31.173563004
-70.964851379,88.918258667,119.956306458
-70.130783081,88.515968323,78.310363770
-73.024505615,89.754859924,41.579048157
-73.103012085,87.874336243,36.336387634
-70.600891113,90.092971802,78.952850342
-71.047790527,88.539268494,115.838096619
-73.314689636,88.491439819,36.853275299
-72.268928528,88.613464355,92.439369202
-72.251655579,88.404022217,88.972282410
-69.665863037,86.407318115,6.442812443
-73.598388672,89.455474854,24.628278732
-71.709053040,87.861068726,85.144256592
-72.628425598,89.113533020,72.843147278
-71.061416626,89.703971863,105.479446411
-70.009826660,88.507926941,71.439842224
-71.236114502,88.832916260,123.500427246
-71.382141113,88.691696167,121.826591492
-72.565216064,89.152595520,76.134910583
-71.081909180,89.024909973,122.273948669
-70.393707275,89.598022461,90.568649292
-73.128189087,87.956245422,37.071670532
-70.322471619,88.492523193,87.932884216
-71.066268921,88.639953613,118.578216553
-70.089485168,89.086822510,81.767951965
-71.237403870,87.439178467,65.264053345
-72.971755981,88.541297913,53.029518127
-70.391281128,88.158264160,81.371078491
-69.898719788,88.336471558,61.629756927
-70.913963318,88.437088013,109.891876221
-70.874176025,90.330726624,72.146591187
-70.369010925,90.603271484,48.755783081
-72.054397583,87.798095703,73.249931335
-72.562454224,88.706665039,77.094612122
-72.614837646,88.001976013,59.906494141
-72.090019226,92.154281616,4.288652897
-71.108398438,88.870872498,122.458610535
-71.959228516,87.860572815,79.124298096
-71.328285217,87.916061401,92.090690613
-72.903671265,87.298355103,27.694393158
-69.625030518,88.272010803,45.685745239
-72.989257812,88.600395203,52.629611969
-70.651580811,88.923316956,109.829246521
-72.461662292,88.843345642,83.665855408
-71.917251587,89.961395264,81.860931396
-69.867172241,89.179023743,68.492301941
-73.186233521,88.726257324,43.659019470
-71.236885071,88.390342712,113.524765015
-71.830940247,89.319602966,109.832008362
-70.740486145,90.092422485,82.288040161
-72.076858521,88.690322876,103.152389526
-71.460403442,89.200538635,121.188438416
-70.803367615,89.045906067,115.489410400
-71.862625122,89.774581909,92.362289429
-70.280471802,90.548751831,48.861389160
-70.397499084,86.662536621,19.717018127
-72.067565918,88.981109619,104.935256958
-71.143653870,87.627967834,75.655403137
-72.035766602,88.754592896,105.790199280
-70.825485229,88.307479858,103.075164795
-71.357627869,88.218284607,106.915710449
-70.841499329,88.849441528,116.149253845
-69.555549622,88.490386963,45.869129181
-72.411415100,88.421073914,81.249130249
-71.775367737,90.823799133,42.510677338
-69.991966248,89.237747192,75.530174255
-71.442222595,86.722290039,28.702959061
-72.095321655,88.945945740,103.703720093
-71.884704590,90.789329529,42.146896362
-70.411384583,89.169021606,98.758422852
-70.470886230,87.758605957,68.351791382
-69.705131531,91.210861206,13.974042892
-71.509826660,89.492858887,112.679077148
-71.528617859,88.388381958,112.450942993
-70.753387451,90.099021912,82.224365234
-69.642127991,90.813247681,22.046113968
-72.521652222,88.588249207,78.180549622
-71.421951294,88.963592529,123.829895020
-73.563415527,88.920936584,28.653570175
-69.548339844,87.163978577,16.682247162
-71.495101929,88.637527466,119.920783997
-70.930892944,88.655326843,115.940750122
-72.095085144,89.521888733,93.183067322
4.342813015,-15.818424225,74.427635193
4.966572762,-16.262252808,93.248626709
5.594751835,-18.733093262,35.174537659
5.115519524,-16.890893936,109.203552246
3.340170383,-17.372312546,92.331291199
3.534857750,-17.615734100,96.825187683
4.142122746,-17.459609985,121.352516174
6.123428345,-17.522497177,52.690589905
4.167249680,-17.863391876,106.752944946
5.124686718,-16.519292831,98.937843323
3.765664101,-18.141843796,83.366477966
4.135690689,-17.798879623,109.265594482
4.972811699,-18.976696014,36.778022766
3.905194998,-15.254911423,38.340248108
4.942371368,-18.198343277,82.639068604
4.157030106,-16.153425217,93.692527771
5.398590565,-18.001266479,76.607566833
5.338248253,-17.514436722,96.191719055
3.054135084,-16.101146698,54.979080200
4.239071846,-17.208608627,126.752868652
4.091868877,-16.874126434,122.392929077
4.648713589,-18.150329590,91.220504761
3.752427101,-17.973905563,91.418182373
5.994612217,-17.891502380,51.666618347
5.027109146,-15.733710289,63.096099854
3.630042791,-17.032238007,108.631935120
3.411599398,-17.175745010,97.893379211
3.844283819,-16.227611542,91.473373413
3.749325514,-17.202898026,113.809486389
6.227545261,-18.065750122,36.556972504
5.690342426,-17.080251694,80.477210999
4.926648140,-17.194637299,118.538070679
4.857707977,-16.510181427,107.513252258
3.914897442,-17.674879074,109.314224243
3.302233458,-17.569917679,86.496887207
3.883935928,-17.159534454,118.963325500
3.407304287,-17.071142197,97.643089294
4.293770790,-16.974285126,126.698379517
5.597794533,-17.085468292,85.873260498
3.897619486,-16.846197128,116.763145447
5.816524982,-16.637012482,68.201286316
5.437397480,-18.691705704,41.262950897
3.182378531,-18.173959732,59.678333282
5.558992386,-18.408609390,51.066070557
5.120416641,-16.853151321,108.344329834
4.686534882,-15.815342903,73.084365845
5.334103107,-14.937259674,21.171792984
3.606434345,-15.272050858,35.025131226
4.021045685,-17.453557968,118.954933167
4.652183056,-18.158098221,90.715507507
4.617642403,-17.368593216,124.181716919
4.818267822,-16.112453461,88.846351624
5.826486111,-17.715579987,65.007652283
3.998313665,-16.050790787,85.130592346
5.570583820,-15.987514496,59.543880463
3.975515842,-17.169601440,121.740989685
1.996541619,-17.420021057,21.435213089
3.298469067,-16.512228012,81.346076965
2.660597324,-17.754810333,47.606029510
4.432028294,-17.026773453,127.543190002
4.806540966,-18.015016556,96.180892944
5.669794559,-15.908840179,52.721488953
4.868521690,-16.839502335,117.435012817
3.759470701,-18.891817093,42.057933807
4.325562000,-14.619435310,16.485628128
5.302675724,-17.220762253,102.048484802
4.412740707,-15.654543877,64.293251038
5.501461506,-17.951499939,74.009002686
3.905548096,-16.227451324,93.093360901
4.233592033,-16.312471390,103.447898865
5.364642143,-18.630054474,46.322677612
4.033657074,-16.809337616,119.761657715
4.971941471,-16.889188766,114.914474487
5.096571445,-16.018754959,77.051132202
4.007557392,-16.393163681,103.987884521
3.891008615,-17.301071167,118.058151245
4.776771069,-16.783693314,118.688476562
5.143465042,-16.654184341,102.594444275
4.237651825,-15.985038757,84.327232361
3.552164078,-15.619010925,50.537147522
5.455041885,-17.303424835,93.304145813
2.710716963,-15.949748039,35.820522308
5.440655231,-17.450607300,92.106781006
4.171546936,-18.466421127,72.384468079
4.305799961,-17.182407379,127.500000000
3.986544371,-17.953311920,98.991111755
3.539984941,-15.614558220,50.016754150
2.718500853,-19.633039474,5.526895046
3.244437695,-16.720355988,84.037712097
5.347760677,-17.859111786,84.879524231
6.317458153,-16.709524155,43.811412811
4.481478214,-17.348081589,125.851387024
4.830687046,-16.465250015,106.336082458
3.836101055,-17.013364792,116.965225220
2.603178263,-17.118419647,50.781257629
6.364753723,-15.500326157,20.203371048
5.804989815,-17.658489227,67.555885315
3.161592722,-17.742853165,74.399604797
3.601311922,-16.826990128,104.698982239
3.504973888,-18.702867508,46.142242432
6.157648563,-16.689994812,51.248489380
5.940110207,-18.514234543,33.623031616
5.212170124,-18.269008636,70.513580322
4.022723198,-17.833650589,105.529853821
3.735037565,-15.411613464,43.705486298
3.746314049,-16.576854706,103.906539917
5.214452744,-18.048959732,81.966651917
2.923852921,-16.433881760,59.236301422
3.813521624,-17.574180603,109.437484741
4.479871273,-17.577751160,120.114303589
3.174840450,-16.323501587,68.706054688
4.455376148,-17.016014099,127.385688782
5.517996311,-16.287124634,73.400749207
4.911642551,-15.848770142,71.893554688
6.446605206,-19.553886414,4.186900616
3.947292328,-16.057638168,84.516677856
3.617033243,-16.986595154,107.690429688
4.931285381,-17.480344772,114.328903198
4.502191544,-17.591459274,119.542533875
3.987006187,-17.004428864,121.663711548
4.628203392,-18.109619141,93.859352112
3.883295536,-17.028886795,118.707939148
3.950841188,-17.053562164,120.968368530
3.370960951,-17.886594772,79.879699707
4.591509342,-17.610025406,118.132064819
2.823894739,-17.502220154,60.988910675
4.795212269,-17.307310104,121.551750183
2.744448900,-16.736520767,55.703388214
2.007519722,-16.815587997,21.812231064
4.142147541,-16.737903595,120.102813721
5.318840027,-17.070497513,101.261375427
4.765541553,-17.448484421,119.759498596
3.648123264,-16.105577469,79.021110535
3.406645775,-17.510967255,93.306449890
5.667844296,-17.016975403,81.529747009
5.689886093,-17.081394196,80.506057739
2.211063623,-17.352727890,30.386592865
5.439024448,-17.555406570,90.036293030
5.427098274,-17.578187943,90.113563538
3.786664009,-15.241429329,36.275466919
3.111914635,-14.629210472,9.399505615
3.078848362,-18.322820663,49.211872101
3.298793316,-16.711736679,86.840179443
6.639940739,-15.439650536,14.245454788
5.296806812,-16.648200989,95.533302307
5.069349766,-16.791118622,109.221687317
4.429755688,-17.339595795,126.163993835
4.347997665,-18.149387360,92.822113037
4.659466743,-17.863466263,106.641777039
3.815351725,-17.008848190,116.174682617
4.577024937,-15.428893089,50.613780975
5.326011658,-17.182090759,100.982208252
4.778038502,-16.755056381,117.915321350
4.325292587,-18.515432358,70.139282227
2.916777611,-18.117416382,50.014678955
3.292781830,-18.049402237,69.750907898
5.375411510,-14.893635750,19.330909729
4.199041367,-17.464954376,122.102180481
3.559057474,-17.379375458,103.416198730
6.108261585,-16.603982925,52.483211517
3.977223158,-17.624965668,112.810188293
3.056874275,-17.117664337,77.564971924
4.037782192,-16.428077698,106.295127869
4.482083797,-15.448758125,51.968997955
5.967178345,-16.294473648,52.837276459
4.500351429,-18.391172409,77.713104248
3.897439718,-17.366210938,117.266494751
3.929916143,-16.164752960,90.256263733
5.138206482,-16.144569397,82.205177307
6.053944588,-15.625803947,30.691421509
1.856549859,-16.658988953,16.302555084
4.435234547,-17.399698257,125.042304993
6.116342545,-16.694194794,53.373401642
4.096835136,-18.669397354,59.242279053
5.071560383,-16.607200623,104.041557312
6.738020897,-16.569368362,26.070993423
4.007162571,-18.807842255,50.160484314
3.209179640,-17.080045700,86.513885498
4.292551994,-15.804695129,73.350143433
4.605192184,-18.127576828,93.072311401
2.919296265,-16.870731354,67.656509399
3.995082378,-17.752836227,108.404182434
6.171045780,-16.574518204,48.976490021
5.118020535,-14.883553505,21.422870636
4.452707291,-17.740871429,114.034111023
5.391235828,-17.636289597,90.413162231
5.212107182,-19.041643143,29.790664673
5.068565845,-17.036325455,112.885299683
6.101762295,-15.996814728,39.444225311
3.302639246,-17.284368515,91.272338867
6.141091347,-17.302118301,54.084697723
6.856177807,-16.826185226,23.628627777
6.109142303,-16.640823364,52.997138977
3.682105780,-15.948348999,71.618545532
6.631559372,-17.184402466,31.533468246
4.837349415,-15.766963959,68.306007385
7.270019054,-15.552970886,7.478031635
3.222610950,-18.312765121,55.368045807
3.781665564,-16.486333847,101.713081360
6.495051384,-17.118299484,37.404933929
4.770778179,-16.279401779,98.813888550
3.753630400,-18.332351685,72.678695679
4.133346081,-18.640359879,61.337745667
4.316488743,-17.582080841,119.835945129
4.609165192,-17.951000214,102.873878479
4.661602020,-16.814727783,121.885505676
5.722170353,-16.887321472,77.309700012
3.410958767,-17.249708176,97.471855164
7.426765919,-15.550821304,6.135799885
3.357054472,-17.239549637,94.629165649
4.777577400,-16.892198563,120.980072021
4.722522259,-17.336885452,122.851425171
3.564666510,-17.021568298,105.478027344
4.289804459,-15.995430946,85.329498291
3.266765118,-17.671724319,81.963394165
7.826843262,-17.552265167,3.398828030
3.679511786,-15.990155220,73.836051941
4.510852337,-17.530853271,121.409996033
4.546643257,-16.238883972,99.667465210
3.583095312,-17.951028824,86.331359863
5.267793655,-17.409412384,101.767684937
4.807282925,-17.886945724,102.738639832
5.142834187,-16.715921402,104.327125549
6.733870506,-18.456340790,13.481385231
3.987067699,-16.403409958,104.011047363
3.519746304,-16.258575439,81.766700745
4.280934811,-17.833362579,109.416740417
4.779065132,-17.326557159,121.701622009
4.298622608,-17.367076874,125.304954529
4.517120838,-17.094160080,127.448600769
5.980381966,-17.948905945,50.753791809
4.394654751,-17.381837845,125.419006348
2.861900091,-17.569414139,62.051559448
5.386238575,-17.085977554,97.750167847
4.731253624,-16.270067215,99.053199768
5.581809998,-17.718296051,78.121162415
4.724522591,-16.819185257,120.750259399
4.090698242,-16.481733322,109.777099609
6.671199799,-15.792997360,18.540473938
5.406045437,-16.290163040,78.453216553
5.472550869,-17.174423218,93.051025391
4.566668034,-16.874357224,124.546958923
3.974417925,-15.909226418,76.197219849
5.775661945,-14.945679665,16.619909286
2.533814669,-18.276147842,29.447637558
3.044749975,-16.647062302,71.149368286
5.473390579,-16.158292770,70.361755371
5.844954967,-17.896345139,58.994602203
5.386589527,-17.764856339,86.571800232
2.888642550,-17.808473587,58.168769836
3.751034737,-16.530630112,102.374847412
4.087454796,-17.211912155,124.270072937
3.577327967,-17.682424545,96.633644104
4.306447029,-16.948968887,126.468849182
4.707005024,-18.467025757,70.873184204
4.954046249,-16.884075165,115.468788147
3.000347137,-16.409486771,62.576927185
2.115994692,-17.777336121,22.963489532
4.070319653,-17.842029572,106.134552002
3.654594660,-14.319787979,7.986937523
3.923244953,-17.607009888,111.922935486
4.874509335,-17.036710739,120.015663147
5.158982277,-16.242290497,86.159088135
4.248030186,-16.231807709,99.149642944
3.816639423,-17.690891266,105.642097473
4.487749100,-17.655368805,117.340675354
4.726925850,-16.459238052,108.369888306
2.681367636,-16.766235352,52.599929810
3.433500767,-16.379734039,83.195716858
3.858319283,-15.682237625,60.564830780
4.654359341,-16.634616852,116.708412170
4.494682312,-17.967065811,102.959083557
4.604888439,-18.270862579,84.430137634
2.650282145,-16.474412918,46.005226135
3.391771317,-16.802305222,93.757965088
4.876364708,-16.538690567,108.129005432
3.527215958,-16.676237106,97.677284241
3.203233957,-15.569541931,39.139312744
2.066794872,-15.856005669,14.239995003
4.125759602,-18.272869110,83.715705872
4.077930927,-17.006008148,123.896865845
3.681341410,-16.436180115,95.976982117
4.584409237,-17.532772064,120.691314697
4.460999489,-17.755373001,113.387802124
6.958426476,-14.798789978,5.730127335
6.010634422,-16.359571457,52.419036865
2.716311693,-18.670883179,24.460857391
5.399308681,-17.214496613,96.967033386
5.077594280,-16.292537689,91.270324707
3.819344282,-17.262872696,116.022117615
6.576567173,-17.441387177,32.174655914
5.724093437,-17.248725891,78.239089966
4.509014606,-17.179084778,127.448928833
5.381112576,-17.761188507,86.964538574
4.648427486,-19.122312546,33.135513306
3.798755884,-17.373847961,113.717208862
4.053977966,-17.957319260,100.209510803
2.046520472,-16.587850571,21.666078568
4.411376953,-16.988920212,127.231155396
5.200761795,-18.731983185,45.212097168
2.243999958,-15.772348404,17.248311996
3.393031836,-16.923973083,95.727729797
3.658620596,-18.215625763,76.145904541
3.224401474,-17.869535446,73.490776062
5.904812813,-14.896883965,14.156147003
5.135444641,-15.505525589,48.688064575
4.545291901,-18.417928696,75.729011536
6.161413193,-16.351528168,45.410202026
4.175807953,-17.520240784,120.267860413
4.653178692,-18.326864243,80.400070190
4.732695580,-16.718593597,117.937797546
4.862788677,-17.951271057,98.214408875
3.083472729,-16.439727783,67.839881897
4.899538517,-18.508989334,64.917152405
4.086138248,-17.601404190,116.138328552
3.831992149,-16.859504700,114.804496765
5.349662304,-14.789835930,16.459934235
5.582426071,-16.503335953,77.314117432
4.405112743,-18.146539688,93.057655334
4.482185364,-17.282911301,126.787918091
6.145589828,-16.083526611,40.002235413
4.292945862,-16.399660110,108.395408630
3.358133554,-18.591646194,47.313209534
4.530590057,-16.209722519,98.142761230
2.674623251,-15.846127510,31.695365906
4.249928951,-16.164049149,95.269042969
4.139466286,-15.261881828,40.775798798
4.383112431,-17.871400833,108.059333801
4.814925194,-16.942762375,120.787132263
3.839472771,-17.912746429,97.063278198
5.519903660,-17.179025650,90.367080688
5.387955189,-16.887784958,95.932144165
4.442218304,-17.140180588,127.888641357
4.978337765,-16.417142868,100.077339172
4.330781937,-16.422252655,109.694541931
5.888890266,-18.414731979,38.922847748
4.681523800,-17.763494492,110.884307861
3.480696678,-18.888479233,36.704284668
4.759346008,-17.359188080,121.674865723
4.298462868,-16.571619034,116.149650574
4.894249916,-16.942754745,118.407447815
6.655122280,-17.444915771,29.043138504
3.959668636,-16.806497574,117.777877808
3.237736225,-17.879474640,73.791969299
4.294159889,-16.242855072,100.099029541
4.103829384,-17.598464966,116.585395813
3.771551847,-16.496212006,101.760887146
4.513925552,-17.089128494,127.460144043
2.851630449,-18.983100891,19.005800247
5.357372284,-17.305074692,98.574417114
5.699948788,-16.920886993,78.932899475
4.154621124,-16.389034271,106.459197998
3.640455961,-17.321884155,108.027160645
4.823606968,-17.154323578,121.867820740
3.139777422,-18.216648102,56.080997467
5.344909191,-17.230009079,99.802421570
1.666870952,-16.046205521,8.604084969
2.748294830,-16.633567810,54.216388702
5.717775822,-18.360305786,47.364166260
4.691685200,-17.724578857,112.351577759
6.011577606,-16.903301239,61.108386993
4.356435776,-18.900922775,46.555496216
3.435061693,-18.008228302,77.725784302
3.446077108,-16.417179108,85.229911804
4.474133015,-15.840797424,75.931953430
4.148722172,-17.306020737,124.457679749
3.168147087,-17.599229813,78.571434021
4.544886589,-16.378255844,107.051010132
-46.854282379,55.307376862,110.518783569
-47.691455841,54.040370941,96.603263855
-47.658214569,53.014450073,46.806598663
-47.547748566,54.402847290,113.350471497
-45.707527161,54.130096436,56.398830414
-48.409420013,56.545360565,31.421743393
-48.049926758,55.587036133,86.370857239
-46.492000580,52.845340729,35.062496185
-45.581302643,54.807796478,57.707969666
-46.595195770,54.477954865,108.730728149
-47.476451874,56.070507050,77.274330139
-46.762672424,55.746623993,90.733802795
-44.898799896,56.117092133,14.217490196
-44.893722534,55.062416077,24.245834351
-48.655277252,52.638935089,15.311367989
-47.020347595,53.288635254,63.488632202
-48.092559814,53.476501465,59.013359070
-46.919460297,53.932983398,98.023925781
-45.992767334,54.649436951,80.833137512
-47.964805603,54.322574615,96.941268921
-46.678569794,54.991691589,112.970901489
-47.834014893,55.080093384,109.003204346
-45.910652161,54.988018036,76.438537598
-48.525024414,54.486957550,72.607604980
-47.980022430,52.547180176,23.764408112
-47.061904907,54.343196869,116.008544922
-48.544944763,56.627777100,25.217594147
-48.419895172,52.959758759,29.236768723
-47.313175201,55.573867798,104.373649597
-46.332927704,56.317569733,52.810539246
-47.136409760,54.296230316,114.852806091
-48.297992706,55.944011688,60.780265808
-46.909053802,54.944335938,119.654029846
-46.487369537,53.272026062,54.436321259
-49.469299316,55.071025848,25.013929367
-46.674453735,52.777263641,34.677524567
-47.019893646,53.968193054,100.825706482
-47.315254211,55.133827209,119.437416077
-47.214641571,54.318687439,115.505561829
-47.729038239,53.944847107,91.374191284
-46.400558472,54.559638977,101.754013062
-45.024066925,57.378868103,3.862862349
-47.212375641,55.216991425,117.577957153
-45.691959381,54.559474945,62.468723297
-47.606418610,54.994270325,117.228271484
-47.011840820,55.852294922,89.508659363
-45.650981903,54.294929504,56.553066254
-47.134304047,53.892005920,97.556953430
-48.830650330,55.398376465,50.971855164
-45.639461517,56.076736450,39.495098114
-47.054401398,55.651775360,99.893104553
-46.930221558,53.404945374,69.274108887
-46.285026550,54.385044098,93.094970703
-48.645202637,54.603290558,67.150360107
-46.243064880,54.531066895,93.500823975
-48.041271210,54.508480072,97.971672058
-46.936840057,55.209842682,115.052406311
-45.416236877,54.161796570,42.520313263
-45.455162048,55.222484589,49.270912170
-48.203819275,54.717491150,92.626686096
-46.504375458,57.557525635,12.044400215
-46.893398285,56.854637146,37.263504028
-47.402538300,53.350124359,66.730468750
-47.571655273,54.297645569,109.600891113
-46.222076416,54.404201508,90.252365112
-47.435897827,54.836074829,121.584785461
-46.943031311,55.834968567,89.578460693
-45.582336426,55.873405457,43.145748138
-48.787384033,53.621570587,39.830097198
-47.142623901,55.474796295,108.417922974
-49.198883057,54.938896179,37.308128357
-45.077983856,54.983592987,32.022460938
-46.822250366,55.372703552,107.621994019
-47.603046417,54.721298218,117.623359680
-49.073490143,54.209133148,40.774143219
-46.905826569,53.501873016,74.509979248
-45.293617249,54.151412964,36.856147766
-47.533462524,54.561641693,117.288970947
-47.771022797,54.235111237,101.588439941
-47.130966187,53.745021820,89.776634216
-46.419162750,54.463222504,101.118614197
-47.218727112,54.377056122,117.247291565
-45.649307251,54.875099182,61.677986145
-46.654228210,55.749546051,88.031326294
-48.363441467,54.038150787,70.545593262
-46.873710632,55.953662872,82.490196228
-46.020557404,53.745529175,60.342926025
-47.299751282,55.878391266,89.205528259
-47.066841125,55.042358398,120.628311157
-47.119709015,55.828624725,91.604194641
-48.067741394,54.386276245,94.088630676
-46.371505737,52.656700134,26.589052200
-47.140987396,54.887096405,123.013633728
-45.843513489,55.430320740,66.628700256
-45.665290833,55.810825348,48.468894958
-46.799671173,55.074890137,115.171333313
-46.899982452,54.182296753,108.647254944
-47.455169678,54.381313324,114.719261169
-47.215435028,54.318805695,115.505363464
-47.371002197,55.420913696,110.432586670
-48.078353882,53.243701935,49.104911804
-46.552627563,54.782535553,109.828681946
-47.687927246,54.448604584,110.635948181
-47.577365875,55.729682922,94.182250977
-48.008064270,51.249572754,3.004202366
-48.197776794,54.564167023,91.237098694
-47.008693695,56.852844238,37.893424988
-46.550704956,54.147796631,97.960838318
-47.723148346,55.525093079,100.245513916
-48.816452026,54.949817657,57.482383728
-48.210678101,54.004154205,76.147720337
-47.295810699,53.611289978,81.990463257
-47.745658875,54.955062866,113.451477051
-46.284439087,55.112346649,94.950172424
-48.217269897,54.074134827,78.235931396
-47.356681824,54.022865295,102.712699890
-47.828636169,55.188762665,107.313079834
-46.414516449,55.923892975,73.300926208
-48.244884491,54.447929382,86.837562561
-47.323581696,52.293041229,20.415531158
-47.524154663,54.110191345,103.729225159
-46.398067474,56.588352203,42.139739990
-47.985000610,55.947086334,72.492134094
-45.533943176,55.567188263,48.225112915
-46.794418335,54.322971344,111.215164185
-48.329559326,55.037796021,85.359939575
-47.602108002,54.738849640,117.778686523
-46.797592163,54.669235229,117.646080017
-47.532375336,53.233745575,59.242027283
-47.972003937,56.969047546,24.824085236
-46.496444702,54.688674927,107.259117126
-48.598258972,54.741516113,70.540481567
-46.594223022,56.151187897,67.150085449
-47.617511749,55.376117706,108.403091431
-47.154716492,52.732513428,36.214389801
-48.752716064,55.036926270,60.522621155
-47.016651154,56.471626282,56.376907349
-47.248569489,55.755840302,95.717155457
-47.043144226,54.699424744,122.323890686
-48.353885651,56.076087952,52.773166656
-49.315162659,55.650421143,24.498718262
-48.596786499,54.544517517,69.337608337
-47.622798920,54.843921661,117.574394226
-46.128463745,55.867500305,65.853431702
-48.865470886,55.159309387,52.763492584
-47.608852386,54.143215179,103.061843872
-48.648284912,53.875549316,52.974277496
-47.898376465,54.547477722,105.015625000
-46.985073090,55.336677551,111.956230164
-47.575492859,54.419643402,113.113220215
-47.209278107,54.846775055,123.354721069
-47.799507141,53.689620972,77.470970154
-45.830425262,53.936908722,57.811698914
-46.628269196,53.949989319,92.446617126
-47.837646484,55.979766846,75.267379761
-47.337646484,54.895305634,122.575553894
-46.098033905,56.566165924,36.128597260
-45.950012207,55.251773834,75.613990784
-46.369110107,54.837192535,101.651565552
-48.873966217,55.127475739,52.661567688
-46.777530670,54.431858063,113.601608276
-47.603324890,57.183788300,22.431171417
-47.990737915,54.803474426,103.747695923
-46.459457397,53.625240326,71.558593750
-47.436923981,55.340869904,112.667304993
-47.931648254,53.754711151,76.591072083
-45.955711365,55.391323090,73.171615601
-49.087741852,54.333072662,41.574401855
-45.521896362,53.361450195,30.343383789
-45.919128418,55.018142700,76.725212097
-47.238677979,53.129981995,55.484622955
-46.881130219,54.563190460,118.447280884
-46.407859802,55.026641846,101.932029724
-47.412296295,56.075309753,77.649154663
-47.338359833,55.341899872,113.483230591
-45.805343628,54.631431580,69.729545593
-48.654418945,55.910987854,46.448829651
-47.535453796,55.472541809,106.460281372
-47.540721893,54.150924683,105.015266418
-47.489822388,54.102863312,104.127372742
-48.103984833,55.075183868,97.113075256
-47.608882904,56.620609283,45.515502930
-48.069694519,56.512641907,41.524559021
-48.354442596,55.008682251,84.184928894
-46.517433167,55.668140411,87.677742004
-47.804073334,54.109916687,95.907188416
-47.641613007,54.418609619,111.279144287
-48.435935974,55.077716827,78.820549011
-48.269340515,54.649658203,88.531364441
-47.773353577,54.968982697,112.400947571
-47.598648071,55.885570526,85.733322144
-47.092174530,53.901195526,97.924484253
-47.036743164,55.787387848,93.080421448
-45.666473389,55.551925659,55.063915253
-47.137428284,54.849807739,123.187019348
-47.171718597,55.208847046,117.685333252
-45.938182831,53.605609894,51.923576355
-46.487262726,52.978633881,40.588752747
-47.383686066,54.300765991,113.411781311
-48.415981293,54.861343384,81.261375427
-47.006866455,56.033954620,79.837570190
-47.066253662,55.404472351,110.552215576
-47.772441864,54.463874817,108.156829834
-47.106079102,54.540809631,120.938392639
-48.242214203,55.140487671,89.005256653
-48.219310760,53.310516357,48.048027039
-45.982089996,53.130825043,36.129455566
-46.926166534,58.338287354,3.250226498
-46.263599396,54.212974548,87.685943604
-47.691291809,55.093967438,113.595764160
-47.000022888,55.201675415,116.291007996
-46.400356293,54.876667023,102.969978333
-47.155288696,54.214004517,111.978599548
-47.262798309,54.020923615,103.490119934
-46.893890381,54.630367279,119.529220581
-46.031787872,54.089389801,72.324829102
-48.618671417,55.200511932,66.458648682
-46.748153687,56.177715302,68.819404602
-46.338775635,53.649562836,68.785774231
-46.704639435,54.957386017,114.238174438
-46.155620575,56.090129852,57.669109344
-46.039947510,54.132308960,73.975769043
-46.689506531,53.654251099,79.248588562
-48.727748871,55.475032806,55.012725830
-47.411022186,57.078456879,27.674884796
-48.092128754,57.445678711,11.249674797
-46.362651825,56.684963226,37.301483154
-46.022331238,55.476528168,74.361824036
-48.885524750,55.049377441,52.808662415
-47.720359802,52.777557373,35.543487549
-47.411670685,54.149532318,107.423896790
-47.174247742,54.093223572,107.081192017
-46.696315765,53.327404022,61.576751709
-47.382682800,55.202960968,117.307708740
-48.052005768,54.534744263,97.952735901
-50.110870361,53.592460632,3.570868254
-46.783027649,54.833629608,117.514144897
-47.101108551,54.807952881,123.082801819
-48.185649872,55.403209686,86.296768188
-47.755535126,55.235164642,108.766136169
-45.128520966,54.266269684,31.313106537
-46.235805511,54.517429352,92.924964905
-47.870021820,55.395439148,100.304573059
-47.304519653,55.344154358,113.562187195
-45.273960114,54.763610840,41.181468964
-47.296520233,55.329158783,114.095771790
-46.885295868,55.104282379,116.593864441
-48.296939850,53.864536285,67.552925110
-47.890144348,55.989315033,73.278152466
-46.296600342,56.077899933,62.719070435
-48.657752991,55.551506042,56.973552704
-46.803722382,57.056606293,28.487869263
-46.031810760,54.814632416,83.800338745
-47.217250824,55.205802917,117.887619019
-48.459171295,53.418636322,44.743793488
-47.349914551,55.499794006,107.421112061
-46.670467377,55.140407562,110.062911987
-47.244560242,55.784519196,94.247009277
-47.224872589,54.029659271,104.098220825
-48.328952789,54.373497009,81.046058655
-48.255973816,54.005435944,74.244506836
-48.491619110,55.883846283,54.755229950
-47.957740784,54.314113617,96.995979309
-46.533355713,53.381893158,61.088287354
-48.172550201,56.726825714,29.984004974
-47.951011658,55.357471466,98.338844299
-45.138656616,55.468357086,31.229383469
-46.669826508,57.076534271,26.627094269
-47.909698486,53.047630310,44.269134521
-47.731178284,54.094100952,97.638504028
-47.099143982,54.224834442,112.269767761
-46.174190521,55.480018616,81.283645630
-48.399929047,55.668067932,66.976577759
-47.198562622,52.386741638,23.375005722
-46.392471313,53.193382263,48.502868652
-45.634361267,54.814968109,60.747478485
-47.325519562,55.654609680,100.571441650
-46.984489441,55.890930176,87.208847046
-46.515300751,54.487525940,105.754791260
-45.445018768,52.534034729,12.168158531
-47.723133087,53.837623596,86.615051270
-47.412750244,55.006683350,120.757507324
-47.081279755,56.142524719,74.442794800
-46.975044250,55.661968231,98.485893250
-47.784244537,54.107017517,96.456947327
-46.853389740,54.831459045,119.293952942
-45.950973511,54.351139069,74.302742004
-46.415287018,54.962467194,103.009597778
-45.763568878,54.799339294,68.197006226
-47.013957977,55.959403992,83.899703979
-48.434360504,55.412528992,72.838264465
-47.406250000,54.184356689,108.887702942
-46.149803162,54.496425629,87.978813171
-46.566413879,56.548591614,47.209644318
-45.897148132,57.375339508,10.183915138
-48.071647644,53.095207214,42.858695984
-46.763011932,56.036148071,76.388847351
-46.809494019,52.331619263,20.599966049
-46.842700958,54.821910858,119.076194763
-46.227802277,53.434211731,55.215347290
-46.089492798,53.388179779,48.922332764
-48.311077118,52.250843048,12.162444115
-45.325237274,52.461803436,9.868144989
-46.225120544,54.670642853,93.989646912
-47.419586182,56.161293030,72.727622986
-46.573940277,55.429824829,98.625137329
-44.694080353,56.177200317,9.090391159
-44.334899902,53.712829590,6.892010689
-48.878627777,54.927268982,54.083217621
-46.836627960,55.095870972,115.676399231
-46.425788879,55.101127625,101.579277039
-47.265846252,55.392803192,111.920707703
-47.256469727,55.490226746,108.102989197
-45.860198975,52.547199249,17.271377563
-47.381580353,55.491130829,107.572219849
-48.095630646,56.530254364,40.071166992
-46.095745087,55.319656372,81.751579285
-48.232139587,54.103076935,78.512054443
-47.344890594,55.791210175,93.639076233
-46.297744751,56.481361389,44.572700500
-47.219104767,53.817802429,93.607162476
-47.080337524,53.513607025,76.614379883
-45.910865784,53.896732330,60.488864899
-46.413440704,55.853458405,76.418411255
-47.913261414,53.798374176,79.144897461
-48.998043060,54.896526337,47.693172455
-46.845981598,54.939750671,118.338363647
-46.914157867,54.552680969,118.923316956
-48.933013916,54.190280914,47.073566437
-48.463672638,54.551681519,76.799133301
-47.680042267,53.847045898,88.189659119
-48.134174347,54.023311615,80.049789429
-48.396030426,55.298690796,77.611801147
-45.929973602,54.319480896,72.495788574
-46.674465179,55.827419281,84.900276184
-45.304122925,53.832206726,32.454620361
-46.517658234,54.248683929,100.074188232
-46.585914612,54.785453796,111.130790710
-46.326427460,53.524108887,62.465015411
-47.523487091,55.452384949,107.444396973
-47.138729095,54.468360901,119.618453979
-48.590766907,54.909538269,70.887718201
-46.462352753,55.680137634,85.403091431
-46.774829865,54.889209747,116.971748352
-49.048881531,56.352096558,20.287563324
-49.066890717,54.260971069,41.747920990
-46.404735565,55.458206177,91.591018677
-48.390781403,55.100746155,81.182968140
-46.176094055,55.288524628,86.352684021
-45.805236816,54.950733185,70.561622620
-45.874847412,54.291809082,68.849975586
-47.587429047,55.475986481,105.378204346
-46.720291138,55.962451935,79.306900024
-45.536540985,52.526237488,13.081562042
-46.500541687,53.172378540,49.808357239
-48.469680786,53.698097229,54.614871979
-47.542972565,54.553455353,116.918487549
-48.182682037,56.093803406,58.355102539
-46.940570831,53.454196930,72.182205200
-47.921993256,54.580074310,104.581832886
-45.583168030,54.039855957,48.283466339
-48.177467346,57.238338470,14.389929771
-47.493114471,54.369663239,113.635475159
-47.245330811,54.189189911,110.779121399
-46.801742554,54.843185425,117.974655151
-47.194763184,54.995559692,122.101715088
-46.728340149,52.355083466,20.799663544
-48.589065552,55.261775970,67.196174622
-7.949692726,12.188306808,57.009845734
-7.519234657,12.762825012,64.829261780
-9.738853455,13.012086868,86.804580688
-9.732450485,13.778767586,96.236663818
-6.981112003,13.368414879,47.215831757
-10.331561089,14.467637062,50.946582794
-8.842456818,14.410458565,102.523628235
-9.618021965,14.119997025,95.846893311
-9.488363266,13.179464340,102.175727844
-9.485442162,13.879052162,106.545722961
-10.592516899,12.145112038,24.869749069
-9.230835915,13.227098465,112.167320251
-8.559150696,11.635130882,38.320884705
-7.250410080,14.513791084,46.001178741
-9.164873123,14.934250832,72.130844116
-7.407506943,11.589035988,18.893880844
-8.433202744,15.036575317,64.730163574
-8.884859085,13.576096535,123.055099487
-9.415230751,14.156334877,102.852455139
-8.673534393,13.473575592,122.364433289
-7.374279499,13.214308739,67.005409241
-9.629338264,15.562808037,35.176536560
-8.904850006,13.326352119,120.393470764
-8.276057243,13.903307915,110.075592041
-10.105545044,14.865133286,48.857261658
-8.602906227,13.640918732,121.806205750
-8.473962784,12.831988335,102.973258972
-9.043278694,14.117696762,113.118118286
-8.171799660,13.053020477,103.346412659
-8.654463768,13.583113670,122.567344666
-7.874354362,14.033851624,89.745460510
-8.447570801,14.357153893,100.039009094
-8.400408745,12.393653870,79.152145386
-6.681774139,13.370419502,33.585277557
-8.869566917,13.645436287,123.093910217
-10.187440872,13.093750954,66.136032104
-8.324220657,13.537177086,115.691200256
-8.938668251,14.074197769,115.489471436
-9.628842354,13.109891891,94.474647522
-7.054736137,12.987173080,46.479995728
-9.048459053,12.660717010,94.828231812
-7.457414627,13.963652611,69.539939880
-8.055562973,13.414111137,105.102005005
-8.827083588,13.623910904,123.267723083
-9.543400764,11.931300163,48.169330597
-7.447700977,14.578624725,52.555110931
-7.465803623,12.323473930,46.640098572
-8.734536171,14.015393257,117.120452881
-8.153954506,15.031754494,58.981273651
-8.792702675,15.350696564,51.007568359
-10.692773819,14.198812485,38.704193115
-9.795112610,14.324026108,81.516166687
-7.176893711,13.045845985,53.705303192
-7.348216534,13.752603531,66.441001892
-6.907388687,14.365521431,35.365295410
-9.210879326,13.826287270,116.464393616
-9.472991943,14.420608521,91.072792053
-9.499078751,13.308582306,104.549835205
-11.585389137,12.824069977,9.318986893
-9.603247643,14.909035683,64.062377930
-7.928734303,14.037786484,92.263153076
-8.534014702,14.603412628,89.971244812
-8.763282776,15.259693146,55.738990784
-8.369579315,13.195437431,113.040023804
-7.925399780,13.706870079,98.260597229
-7.704508305,15.084960938,43.105831146
-10.375528336,13.709643364,60.353096008
-7.928839207,12.104971886,52.100570679
-9.078717232,12.902811050,105.192619324
-7.945599079,12.708516121,82.308731079
-8.899041176,12.520645142,89.156326294
-7.512017727,14.078005791,70.107849121
-8.952585220,12.147985458,67.784851074
-8.701803207,14.387467384,102.887428284
-8.740349770,13.886041641,120.222679138
-8.517288208,11.872293472,50.427185059
-9.951609612,12.694900513,67.002822876
-8.160294533,13.888459206,106.049102783
-9.446204185,12.327872276,69.877120972
-8.034929276,13.487448692,104.476394653
-11.458708763,12.403164864,8.757836342
-6.818865299,13.849004745,39.078277588
-10.172280312,15.096599579,39.027217865
-8.706840515,14.782930374,82.323730469
-9.653275490,15.557051659,35.030483246
-8.878922462,13.380947113,121.484214783
-9.478125572,13.295646667,105.157997131
-9.478842735,15.594518661,35.974948883
-9.329813957,14.685891151,82.588912964
-8.054924965,13.299869537,103.961685181
-9.740989685,13.619205475,96.321228027
-7.636971951,14.339723587,69.163970947
-7.539484024,14.805793762,48.245475769
-9.670412064,13.669831276,99.849807739
-7.231065273,11.689359665,18.511705399
-8.801854134,13.910755157,119.974311829
-7.824425220,14.109713554,85.275566101
-9.945613861,13.481938362,84.775573730
-7.813437939,15.272923470,38.550701141
-7.978649616,13.135955811,97.703796387
-9.441611290,12.989962578,98.412429810
-10.166089058,13.126739502,67.906776428
-8.445256233,15.094398499,61.772121429
-8.849768639,13.938318253,119.400779724
-8.278963089,14.013127327,107.475761414
-7.292444706,14.737524986,40.908344269
-9.272492409,11.104043007,16.720220566
-10.166325569,14.080623627,68.246231079
-8.637522697,14.295990944,106.205116272
-9.410477638,14.757813454,76.894760132
-7.792022705,14.633329391,65.255798340
-9.678393364,12.638920784,76.372154236
-8.903590202,12.726666451,99.696578979
-8.994603157,12.293459892,75.823211670
-7.089059353,12.813506126,44.798370361
-9.201461792,12.412776947,79.610778809
-8.337522507,14.867506981,72.007141113
-6.267134190,12.527519226,12.734639168
-6.284916401,14.986472130,8.110102654
-8.951087952,13.230006218,117.880577087
-8.711590767,14.175395966,111.789665222
-6.859152317,13.276362419,40.685825348
-8.057724953,13.806747437,103.187141418
-8.064666748,13.825071335,103.193046570
-7.576977730,13.512692451,80.495620728
-7.841598511,12.888547897,84.593589783
-9.412255287,14.847274780,72.216468811
-9.824043274,14.443551064,76.026084900
-8.911757469,12.316509247,77.681556702
-5.825328350,12.242772102,5.288824081
-8.856795311,13.212682724,118.289421082
-9.598248482,14.588483810,79.328643799
-8.966272354,13.008986473,111.009178162
-7.652444839,13.918525696,80.851806641
-9.798155785,13.486276627,92.766921997
-10.989168167,13.888576508,28.593002319
-8.720555305,15.024341583,68.668624878
-8.296943665,12.972329140,104.671539307
-9.768282890,14.290507317,83.871643066
-10.595407486,13.926792145,46.723461151
-8.536915779,16.212411880,16.211242676
-10.187480927,13.313245773,69.605598450
-7.145375729,13.892025948,54.188385010
-8.120192528,14.094528198,99.140457153
-8.992947578,12.930309296,107.678474426
-8.861546516,14.774100304,83.367477417
-9.036471367,13.118329048,113.596984863
-9.566776276,12.016445160,51.723861694
-9.630670547,14.005182266,98.002975464
-9.735768318,13.730301857,96.371978760
-9.285029411,12.577073097,86.111335754
-8.600077629,16.628747940,8.874485970
-11.117680550,12.362082481,14.525125504
-9.266206741,13.509389877,115.676208496
-8.786336899,16.240644455,17.029384613
-7.003955841,13.587853432,48.929817200
-8.435839653,15.821254730,27.292015076
-9.260661125,13.803180695,115.378776550
-9.014570236,12.388486862,80.957611084
-10.563582420,13.001819611,45.112045288
-7.955508709,14.004938126,94.369361877
-6.860642433,14.495389938,30.869228363
-7.989637852,13.598155022,102.212158203
-9.028805733,13.756307602,120.913696289
-8.403195381,13.310564995,116.079406738
-8.562438011,13.345317841,119.710090637
-8.631493568,12.901161194,107.750144958
-8.252056122,15.049816132,60.434043884
-9.418323517,14.494027138,89.600997925
-9.100840569,13.960030556,116.522834778
-8.174568176,14.181827545,98.450218201
-8.297353745,12.873421669,100.969772339
-8.366769791,12.840458870,101.289886475
-10.019377708,12.907740593,70.380714417
-9.070057869,14.447460175,99.406013489
-11.373545647,13.918030739,15.575863838
-8.707754135,15.004212379,69.739387512
-9.359965324,14.797505379,76.052886963
-7.721680641,13.397503853,88.275024414
-8.548736572,12.830837250,103.963401794
-8.758375168,12.753122330,101.571022034
-6.823728085,11.560755730,9.830511093
-8.475041389,14.933250427,71.109001160
-10.492240906,14.502917290,42.671775818
-9.825128555,12.624465942,69.945190430
-8.153469086,14.300832748,93.296501160
-8.010046005,14.991564751,56.933017731
-7.222615242,12.585083961,45.267368317
-8.441171646,14.214969635,105.685424805
-6.216245174,13.894553185,17.542558670
-11.062153816,12.193427086,13.490560532
-9.006940842,12.953994751,108.401840210
-6.609262943,12.508444786,20.601179123
-10.091084480,12.938858986,67.632179260
-9.340624809,11.151649475,17.826137543
-7.581968784,12.993073463,74.492622375
-8.686287880,13.110668182,115.575721741
-7.805152416,14.065839767,85.502326965
-9.306860924,12.697861671,91.170837402
-8.841266632,11.713626862,43.680534363
-8.752230644,13.668417931,123.016624451
-8.391575813,13.703102112,116.896514893
-10.080736160,15.422572136,31.481605530
-7.923476219,13.296488762,97.866821289
-9.106786728,14.183556557,109.951484680
-11.560772896,13.290271759,11.307516098
-9.132342339,14.174902916,109.808006287
-8.940201759,12.517699242,88.699966431
-10.596119881,13.263752937,46.890811920
-8.291083336,14.152644157,103.581024170
-8.538899422,13.785325050,119.378402710
-8.296097755,12.952344894,103.940025330
-7.531524658,11.056162834,8.464241982
-10.302005768,12.411450386,42.617588043
-7.223191738,15.324745178,20.813440323
-7.766927242,14.676603317,62.453453064
-8.727471352,13.209661484,118.432380676
-7.640125275,14.357854843,68.725234985
-9.097359657,14.418202400,100.418685913
-9.604689598,13.465806961,102.156959534
-7.939342022,13.576025963,99.868789673
-9.776419640,12.899958611,81.692756653
-8.484254837,12.499586105,86.424156189
-11.455380440,14.870510101,9.215167999
-9.271727562,12.923744202,101.512931824
-9.529865265,11.946187973,49.163925171
-9.126871109,13.357257843,117.479583740
-8.615528107,12.071555138,62.787250519
-9.551601410,14.617059708,79.638458252
-9.203101158,12.212099075,68.855567932
-10.045816422,12.791246414,65.731941223
-7.657996655,13.246359825,83.355331421
-9.026323318,12.385996819,80.698539734
-9.824528694,15.479148865,34.875301361
-8.235486984,13.581191063,112.648460388
-7.515896797,13.559278488,76.972434998
-8.636024475,13.438071251,121.732391357
-9.170534134,13.475365639,118.017539978
-7.596666813,14.195948601,71.491432190
-8.928202629,14.378465652,103.856231689
-8.880160332,13.896612167,120.208450317
-9.038355827,13.465701103,120.668724060
-7.361108780,13.218637466,66.319480896
-10.015415192,12.928297997,71.139511108
-9.314198494,14.985549927,66.960876465
-8.860304832,12.982983589,111.066513062
-10.631752014,15.078178406,25.740360260
-10.820603371,14.753601074,25.448043823
-7.767516613,12.782154083,77.505119324
-9.075329781,13.455302238,119.902778625
-8.896316528,12.856344223,105.687126160
-9.576065063,13.444515228,103.239547729
-10.721943855,12.963137627,37.098770142
-8.322543144,13.812568665,113.371185303
-8.165428162,12.668624878,88.223091125
-9.000058174,14.738669395,84.840202332
-8.548787117,11.582828522,35.708827972
-8.293199539,13.110980034,108.863670349
-9.474024773,12.321135521,68.822067261
-9.688727379,13.800977707,98.248565674
-8.833022118,14.615323067,92.128639221
-11.081568718,11.516517639,5.752939224
-8.135610580,12.085457802,56.202320099
-8.985355377,15.214385033,58.128280640
-9.447214127,15.614222527,35.587203979
-7.983831406,13.421498299,101.871093750
-9.658324242,13.912133217,98.378219604
-9.305135727,13.124711990,107.239601135
-8.195925713,13.997890472,104.875183105
-7.242506981,13.290431023,60.461246490
-8.972924232,15.025996208,68.676177979
-8.363876343,12.631753922,91.437683105
-9.820890427,12.682866096,72.288223267
-10.391344070,12.570653915,43.479465485
-9.313133240,11.998798370,55.766284943
-6.622717857,13.152531624,29.609855652
-9.943173409,13.969640732,82.658294678
-8.073122025,13.331453323,105.131843567
-10.090898514,15.170966148,39.051597595
-7.274755478,13.602413177,63.258293152
-9.920996666,13.954416275,84.121360779
-10.689023018,15.024148941,25.093187332
-7.737653732,14.116160393,80.784980774
-9.867246628,14.809636116,59.824810028
-8.895932198,13.291147232,119.791893005
-8.196821213,12.945420265,100.733810425
-8.744462013,13.512064934,123.005218506
-9.379031181,11.338295937,24.147535324
-9.668825150,14.688174248,72.310333252
-9.387808800,16.901298523,6.692874432
-7.068288326,13.503340721,52.187164307
-8.384849548,16.564855576,8.588071823
-9.104091644,13.313336372,117.177803040
-8.883000374,13.868145943,120.727828979
-9.346081734,13.152636528,106.696708679
-7.331956387,13.727321625,65.758758545
-9.388272285,14.088617325,105.765434265
-8.417387962,13.080966949,111.147743225
-9.334753990,13.779020309,113.316184998
-8.614740372,15.232020378,56.331546783
-9.738070488,13.108325958,89.437583923
-8.414677620,14.138475418,107.755485535
-10.679807663,13.936780930,42.315483093
-9.636627197,14.491970062,82.074989319
-9.584347725,13.438773155,102.801811218
-8.612397194,13.980945587,116.692100525
-8.965579033,13.328788757,119.798599243
-9.720268250,13.058565140,88.963432312
-10.147867203,15.225917816,35.749145508
-8.672468185,12.121848106,66.139953613
-8.152939796,12.112298965,58.079093933
-9.660778046,13.648520470,100.342445374
-9.783614159,13.418282509,92.881645203
-8.295360565,11.833633423,45.459506989
-7.238181114,14.366839409,49.492797852
-9.422521591,15.694875717,32.881546021
-9.865824699,14.739002228,62.760620117
-9.093344688,15.611302376,38.319374084
-8.440935135,13.489475250,118.769317627
-8.929944992,13.584794044,122.740081787
-8.906880379,13.352911949,120.835792542
-9.191665649,13.059172630,108.436416626
-8.778764725,13.936326027,119.348793030
-8.144746780,13.891077995,105.364517212
-8.818132401,13.251065254,119.375091553
-8.580806732,13.839544296,119.266708374
-9.156623840,14.707719803,84.785346985
-8.087552071,12.992202759,98.419288635
-9.539090157,13.109056473,98.278152466
-8.756914139,12.846941948,105.872283936
-8.985512733,14.131958961,113.291267395
-9.036978722,13.860896111,119.456794739
-9.291632652,12.787587166,95.495872498
-8.451992035,11.930838585,52.972419739
-6.328487396,12.675258636,15.516185760
-9.541523933,13.379245758,103.928283691
-9.445504189,13.030144691,99.579040527
-8.464790344,13.530842781,119.441070557
-9.243123055,12.173445702,66.145339966
-9.739220619,13.801568031,95.702682495
-8.636914253,12.268076897,74.587928772
-8.980544090,11.201500893,21.036825180
-8.385014534,13.240839005,114.392639160
-7.741618156,14.110416412,81.138847351
-7.623165131,13.283069611,81.862785339
-8.841705322,12.837560654,105.230216980
-7.894088268,13.799271584,95.513305664
-8.947540283,14.892858505,76.399208069
-10.624559402,14.706955910,33.081169128
-9.591435432,13.749875069,103.285682678
-10.631802559,13.841986656,45.528778076
-9.529668808,12.515699387,76.352226257
-7.366821766,12.310861588,42.383937836
-9.194642067,14.130255699,110.021080017
-8.289842606,12.343054771,74.163574219
-9.149343491,15.408418655,47.195423126
-9.230708122,15.529117584,41.060310364
-8.464200020,14.204712868,106.630233765
-11.033614159,13.253421783,26.853233337
-7.480278492,13.258217812,73.527565002
-9.570625305,13.249204636,100.343086243
-8.249689102,12.728005409,93.414047241
-9.281738281,12.744651794,93.912208557
-9.888358116,15.298658371,39.890071869
-10.044604301,14.393943787,67.112571716
-8.648127556,14.884893417,76.067848206
-8.133580208,13.613974571,108.550193787
-7.794155121,13.269429207,90.985275269
-96.243583679,22.765073776,113.248542786
-96.776412964,23.967613220,103.832740784
-97.566078186,24.969738007,35.245319366
-95.835540771,25.090366364,53.820777893
-96.226425171,23.074625015,123.056838989
-95.166748047,24.730693817,55.322711945
-97.113151550,23.731210709,94.252861023
-95.995140076,23.349615097,126.511756897
-97.392387390,22.288896561,53.507118225
-93.828330994,24.702190399,14.224736214
-94.645256042,21.870391846,30.762659073
-98.573524475,24.866518021,12.997274399
-97.265296936,24.509958267,62.599193573
-95.603492737,24.193513870,97.304313660
-96.345481873,24.556833267,87.099822998
-95.973945618,22.992036819,120.945991516
-96.670440674,22.317613602,83.119705200
-96.439376831,24.037704468,111.037864685
-95.142997742,23.193370819,95.400863647
-96.700874329,22.699024200,100.407379150
-96.505531311,22.807825089,110.428474426
-96.246650696,23.246725082,125.691184998
-94.410690308,23.257310867,51.672096252
-94.648460388,22.923242569,62.011184692
-96.428260803,23.278457642,123.232604980
-96.410438538,22.312217712,88.733322144
-96.689880371,23.908596039,108.749778748
-95.932205200,23.894372940,117.404930115
-96.752868652,22.401016235,84.919288635
-95.789779663,21.207118988,26.937936783
-94.965629578,23.534206390,84.978355408
-95.346725464,23.353799820,107.044937134
-97.076385498,24.727170944,60.606998444
-95.639244080,23.533657074,118.300056458
-96.765563965,24.934410095,59.423442841
-94.690902710,22.924221039,64.536254883
-96.920852661,23.101577759,103.603355408
-97.539924622,23.312131882,71.528869629
-96.043754578,21.713867188,54.992427826
-96.956893921,24.464796066,76.937477112
-96.148628235,21.308763504,33.059448242
-96.028457642,24.446241379,93.303474426
-95.198135376,24.439849854,70.019721985
-96.812225342,22.950141907,104.851409912
-96.630958557,24.409511566,90.036369324
-97.272781372,22.857830048,79.627662659
-95.796607971,23.145269394,121.538032532
-97.775962830,23.860082626,55.043498993
-95.176986694,22.785623550,88.727943420
-96.421913147,23.213718414,122.663581848
-96.208961487,24.398914337,96.553413391
-95.910018921,22.977462769,119.846969604
-96.877288818,24.012357712,98.381233215
-97.627708435,22.510368347,49.923313141
-95.921478271,23.956565857,115.099555969
-97.027801514,23.336437225,101.147666931
-94.820671082,22.132495880,46.760616302
-96.234237671,22.451082230,98.545715332
-95.023818970,22.348295212,64.576248169
-96.609153748,23.404750824,119.015167236
-96.915016174,23.197982788,105.417343140
-96.280944824,24.119272232,109.857093811
-97.939773560,23.277986526,47.253772736
-96.642654419,23.130979538,115.360122681
-94.650695801,22.942083359,62.473526001
-95.302703857,24.024538040,92.177307129
-96.712585449,24.017774582,104.459396362
-96.158325195,23.919670105,118.094299316
-96.827232361,24.593280792,75.213645935
-96.724510193,23.300992966,114.575141907
-95.026168823,23.366975784,89.400451660
-96.340347290,24.062395096,111.613784790
-94.573158264,22.975490570,58.444137573
-96.100074768,23.914646149,118.201858521
-96.566665649,22.978311539,114.271774292
-95.206756592,23.142801285,98.343620300
-94.823272705,22.215375900,50.114246368
-95.948478699,24.140167236,107.983619690
-95.787132263,22.651973724,106.001586914
-97.575332642,22.712322235,58.644207001
-95.189056396,24.802791595,52.752025604
-96.828773499,25.544055939,31.116939545
-96.449111938,24.336536407,97.561569214
-96.248176575,23.309635162,126.211891174
-95.293861389,24.801689148,56.193675995
-95.099311829,23.537847519,92.842628479
-95.917869568,23.889339447,117.355003357
-94.165489197,22.711975098,33.149337769
-96.316383362,22.625110626,106.386680603
-96.296867371,23.076423645,122.364196777
-95.531967163,22.511966705,92.815673828
-94.370208740,24.172536850,40.955230713
-97.713691711,22.765634537,52.328338623
-96.846603394,21.946367264,57.910430908
-94.873664856,22.818315506,72.967613220
-96.778099060,22.413335800,84.689987183
-96.187355042,23.311552048,126.660209656
-96.150779724,24.098278046,111.264274597
-96.768478394,23.242240906,112.323455811
-97.184608459,21.096788406,15.485588074
-96.360198975,22.060352325,74.686164856
-95.248771667,23.723670959,98.195182800
-95.873435974,23.208139420,123.896804810
-97.608909607,24.550090790,46.842521667
-95.918304443,22.411161423,95.971519470
-95.147209167,22.811117172,87.963851929
-95.338706970,24.170665741,88.067535400
-96.357635498,24.582868576,85.521736145
-95.616424561,21.698818207,49.688579559
-95.355651855,25.780136108,19.418922424
-95.252563477,23.621305466,100.254600525
-96.186080933,22.883344650,118.014083862
-96.761466980,23.415746689,113.551277161
-96.837448120,23.557649612,109.782585144
-94.202384949,22.594768524,32.800643921
-95.042060852,23.376535416,90.342552185
-96.313659668,23.406887054,125.777122498
-94.558395386,23.145196915,59.599884033
-95.199829102,24.766670227,54.787380219
-97.342910767,23.863058090,79.307617188
-95.883674622,23.835927963,118.444252014
-97.020019531,23.773979187,98.194869995
-96.296783447,22.341302872,91.932853699
-97.013786316,22.888393402,94.014930725
-95.681800842,25.289615631,41.433605194
-96.308425903,22.218372345,84.717201233
-96.873100281,23.488918304,108.657302856
-96.859428406,23.906044006,102.364868164
-96.456001282,22.356338501,90.371871948
-94.940200806,24.236621857,66.590080261
-96.245620728,23.672929764,124.093276978
-96.200988770,23.749422073,122.803878784
-97.374458313,24.895219803,43.660598755
-95.195808411,21.989406586,54.566875458
-97.941879272,24.678821564,31.272754669
-96.524932861,23.400228500,121.484809875
-96.224494934,24.142372131,109.196334839
-93.317382812,23.582149506,9.694659233
-96.650489807,23.118881226,114.875381470
-96.330360413,22.843618393,115.188613892
-96.101730347,23.456964493,126.979240417
-96.790939331,22.782957077,100.350883484
-96.164009094,22.940586090,119.939361572
-98.224311829,22.989849091,29.508232117
-96.346229553,22.299007416,88.939521790
-95.350227356,24.332157135,81.330276489
-95.451782227,23.696027756,108.518829346
-95.431663513,23.213191986,110.257461548
-97.316230774,24.397476196,64.687026978
-95.197105408,22.220520020,66.135665894
-96.571121216,23.623838425,118.740165710
-94.617179871,24.535623550,42.074771881
-95.479469299,22.838983536,104.204269409
-96.279563904,23.343372345,126.068756104
-96.841865540,22.877500534,101.481292725
-94.381629944,23.225936890,49.874794006
-95.454238892,23.860067368,104.475242615
-96.201103210,22.588027954,105.747993469
-95.037048340,23.366428375,90.049392700
-95.577850342,24.681610107,71.091957092
-96.711143494,24.478197098,84.431533813
-95.896705627,24.159713745,106.296966553
-95.400901794,26.906639099,3.717924356
-96.799980164,21.248683929,25.678901672
-94.973541260,23.359111786,86.227722168
-95.667312622,22.300342560,85.574676514
-93.542472839,24.771812439,8.072098732
-94.218269348,22.288053513,27.413219452
-97.496620178,25.258762360,28.603748322
-98.367370605,23.919889450,25.992704391
-95.533493042,22.683856964,100.494400024
-96.327278137,25.156538010,53.037033081
-96.858161926,24.450986862,81.132980347
-94.189575195,24.349889755,30.153011322
-95.747322083,24.390855789,91.574470520
-96.515129089,24.340761185,96.126869202
-96.616035461,24.015010834,107.620208740
-94.585060120,23.908699036,56.958320618
-97.532028198,25.491182327,22.040596008
-96.300071716,23.371299744,125.914108276
-96.933372498,22.125391006,64.597061157
-95.869338989,22.890151978,116.652488708
-96.872413635,20.901168823,13.829903603
-96.291412354,22.543804169,102.781455994
-95.239593506,23.150859833,100.196754456
-94.935066223,22.300294876,58.505756378
-97.024421692,23.439102173,101.521072388
-96.379173279,21.458745956,39.759841919
-94.928321838,22.985050201,79.855255127
-98.111099243,23.104146957,36.317974091
-94.999229431,21.507162094,27.272998810
-95.083763123,23.861089706,86.071243286
-96.396133423,23.197904587,122.961891174
-95.698921204,24.081983566,105.200088501
-95.437126160,22.535636902,90.621749878
-96.484733582,23.966760635,112.675193787
-95.112876892,25.081089020,38.480178833
-96.221389771,26.636417389,7.066226482
-96.853614807,24.169279099,93.641273499
-95.887123108,22.968393326,119.278663635
-94.881744385,24.384559631,58.422592163
-94.055061340,21.443143845,8.562120438
-96.383132935,23.306320190,124.334083557
-95.896377563,25.299299240,43.740730286
-96.031578064,23.433336258,126.797477722
-96.936027527,22.083259583,62.338596344
-97.673736572,24.874410629,34.799102783
-95.070068359,23.627122879,90.068122864
-98.744834900,24.087167740,13.420393944
-97.983238220,24.203418732,39.303100586
-95.077743530,23.638265610,90.346153259
-95.213722229,22.544858932,81.690238953
-97.787353516,22.704519272,46.858539581
-96.886138916,23.455953598,108.175636292
-94.286788940,23.226022720,44.673179626
-98.422485352,23.111131668,22.127264023
-96.450691223,23.559432983,122.578536987
-95.505264282,23.333265305,114.136573792
-96.220191956,22.907207489,118.571731567
-97.478057861,23.559621811,75.410270691
-96.423583984,22.659149170,106.184494019
-97.481903076,26.243244171,9.704605103
-95.386299133,23.557064056,107.810333252
-96.654449463,25.227767944,46.678379059
-97.354446411,23.617984772,82.309288025
-96.393707275,23.325914383,124.259666443
-97.120063782,23.675851822,94.738822937
-96.350196838,20.828453064,14.493976593
-96.892272949,22.145074844,67.005012512
-94.887123108,23.735351562,77.564384460
-95.226142883,23.166801453,99.679473877
-95.210563660,24.297752380,76.915695190
-97.709762573,24.021200180,55.965251923
-95.748687744,22.790130615,110.843681335
-95.648155212,22.588235855,99.863937378
-95.872230530,23.724845886,121.130958557
-94.184288025,25.351562500,11.949920654
-96.904235840,24.510208130,76.727546692
-94.404731750,21.824411392,22.340238571
-96.269065857,22.801668167,114.420875549
-96.776283264,23.277553558,112.354080200
-95.321296692,24.629005432,65.673110962
-94.840972900,23.055252075,75.766983032
-95.465530396,23.235820770,111.936607361
-95.892211914,20.814123154,13.560654640
-95.910102844,23.108345032,122.887306213
-94.932449341,24.713966370,47.692615509
-95.361366272,23.869022369,100.064346313
-95.844871521,22.996065140,119.338020325
-94.971710205,24.780773163,46.391464233
-96.480499268,24.240991592,101.612144470
-96.937896729,24.600152969,71.281265259
-95.231620789,23.255071640,100.775512695
-93.807792664,23.344394684,23.445560455
-97.420066833,25.056041718,36.698806763
-95.954956055,24.626426697,82.186027527
-95.179634094,24.497051239,66.632118225
-97.784934998,23.153924942,55.171245575
-97.194488525,25.179357529,38.271377563
-96.892707825,25.421077728,34.928081512
-95.482192993,22.037960052,66.007209778
-96.005577087,23.123365402,124.159576416
-96.573738098,23.938304901,111.411254883
-96.710479736,21.991867065,64.027183533
-95.535331726,23.295249939,115.187652588
-97.366081238,25.063909531,37.934131622
-96.425552368,23.052661896,119.667793274
-95.900650024,22.855350494,115.939819336
-95.530113220,23.276576996,114.878486633
-97.297813416,22.154769897,52.088348389
-96.601776123,23.097616196,116.046859741
-95.443901062,23.698789597,108.116752625
-95.456314087,23.251440048,111.670227051
-94.893844604,23.696762085,78.616401672
-95.798019409,22.687978745,107.781349182
-95.790695190,21.968435287,68.346664429
-96.590377808,22.674861908,102.860488892
-94.651237488,23.219669342,65.803817749
-95.993972778,24.285223007,101.553802490
-96.818061829,21.664091110,43.958850861
-95.199821472,21.787200928,44.634113312
-95.019790649,24.060041428,76.735412598
-96.786277771,23.032838821,108.015762329
-97.097152710,23.570756912,97.120811462
-96.814224243,24.137804031,96.376586914
-95.918083191,22.730312347,111.413307190
-96.907402039,22.597183228,88.300155640
-95.724578857,26.227748871,11.979056358
-96.147209167,24.047737122,113.363914490
-96.582633972,21.891584396,61.157562256
-97.422149658,22.518194199,60.684307098
-95.359359741,24.368097305,79.993392944
-95.704063416,22.640148163,103.651733398
-96.937988281,24.424169540,79.495353699
-95.098121643,23.810874939,88.117607117
-95.589958191,25.080917358,49.976539612
-95.301094055,25.225532532,37.117282867
-96.490966797,23.033664703,117.728538513
-95.131660461,23.484544754,95.147819519
-96.505775452,25.858808517,22.407011032
-96.107765198,22.426816940,97.767173767
-96.595191956,22.532129288,96.216033936
-97.485816956,23.201629639,73.874458313
-96.449882507,24.143568039,106.552360535
-94.756767273,22.922334671,68.415458679
-97.895317078,23.945549011,47.515773773
-97.938392639,23.293262482,47.438121796
-96.964851379,23.364564896,104.411758423
-96.672874451,23.537021637,116.401710510
-95.772033691,22.298948288,87.642074585
-98.973037720,23.838174820,8.500307083
-95.757499695,23.271230698,122.130058289
-97.005561829,23.173635483,100.699752808
-95.256675720,25.530687332,25.276731491
-96.099243164,23.872991562,119.542533875
-95.119400024,23.071311951,92.478843689
-97.018028259,24.869153976,56.007667542
-96.166816711,22.016796112,73.491889954
-96.333625793,22.248210907,86.173553467
-96.461662292,23.733356476,119.649436951
-96.008872986,23.742616653,122.565940857
-96.753959656,23.728710175,110.817375183
-96.469909668,22.833370209,112.203285217
-97.415321350,23.249691010,78.632293701
-97.843681335,24.617700577,36.021255493
-97.402336121,24.653347015,51.558406830
-97.244613647,23.554204941,89.141716003
-96.499938965,23.988586426,111.578002930
-96.401023865,23.711114883,121.323295593
-96.931892395,23.539640427,105.656738281
-96.704597473,22.723587036,101.268287659
-96.457435608,22.160123825,79.179168701
-96.585464478,23.819255829,114.497550964
-97.379119873,25.485908508,24.806095123
-95.383819580,24.861377716,55.975261688
-96.393981934,23.397951126,124.479682922
-96.877761841,22.387454987,79.843955994
-95.435806274,22.281181335,77.969581604
-97.146728516,22.284549713,64.144775391
-98.353576660,23.030044556,24.235013962
-97.115394592,24.684951782,61.118015289
-95.235054016,24.023984909,88.949203491
-95.875427246,24.182760239,104.850128174
-96.629547119,22.978223801,112.345672607
-96.325691223,25.552028656,33.891590118
-97.309753418,23.889949799,80.559272766
-95.917396545,22.339553833,91.985168457
-95.973258972,22.441833496,98.119140625
-95.486984253,23.120475769,111.400146484
-95.032539368,23.353439331,89.779754639
-96.601715088,22.871978760,110.021598816
-95.920318604,23.914848328,116.546775818
-96.775192261,22.998907089,107.636657715
-95.033576965,22.223810196,59.567073822
-95.479232788,23.419183731,113.025199890
-95.796440125,24.662113190,77.490676880
-96.400947571,22.885614395,115.444770813
-96.846687317,24.497367859,79.305557251
-95.485687256,24.629339218,71.179817200
-95.282119751,23.909564972,95.046340942
-96.493347168,25.508798599,35.249313354
-96.413017273,26.056327820,17.045667648
-96.314697266,24.379968643,97.019706726
-96.458824158,22.334764481,89.128746033
-95.455879211,23.350612640,112.090446472
-95.710792542,22.893318176,113.468772888
-95.732727051,22.843105316,112.367019653
-95.663742065,25.131694794,48.838611603
23.232337952,22.669418335,91.670440674
22.041051865,24.710620880,71.609634399
21.907875061,23.396934509,120.223754883
22.141611099,22.820745468,114.734275818
23.487077713,23.568618774,93.013526917
22.440193176,23.659833908,125.677497864
23.356464386,22.820951462,91.263587952
19.437225342,22.655504227,8.449563026
21.779870987,23.699827194,112.253402710
23.804435730,21.664241791,31.021402359
22.241260529,23.095020294,125.129310608
25.015159607,21.315036774,3.381366491
21.853277206,23.251857758,117.546730042
21.720806122,23.421745300,112.894111633
23.544776917,21.909725189,47.079719543
21.882781982,23.146451950,117.150878906
21.242387772,23.506374359,88.189117432
22.174320221,23.911430359,116.225028992
24.251995087,22.002433777,27.249744415
22.408117294,23.333143234,129.076568604
22.354812622,23.566398621,127.390853882
21.437480927,23.704429626,96.904724121
22.238908768,24.372144699,94.425575256
21.255828857,23.452936172,88.985054016
22.559249878,24.524433136,86.270782471
21.960569382,25.003873825,52.719802856
21.556943893,23.461450577,105.144157410
20.342081070,24.355426788,29.459650040
22.658655167,24.186563492,104.223495483
21.705400467,22.927646637,104.356483459
23.495548248,24.155448914,79.249694824
23.461786270,22.220214844,63.230953217
22.400049210,23.678253174,125.277488708
21.672946930,22.360322952,77.341186523
23.550949097,22.745502472,79.166999817
22.902004242,23.830341339,113.727714539
22.169410706,24.107984543,107.660682678
21.440061569,23.239356995,97.878799438
23.004093170,23.773908615,112.017936707
20.719701767,22.457393646,40.878757477
22.014484406,23.426282883,123.439651489
20.153459549,24.247863770,24.813304901
21.889802933,22.463396072,90.305473328
21.620796204,23.773778915,104.171371460
22.406621933,22.784994125,115.969207764
20.827407837,22.746316910,53.929828644
21.570278168,23.737014771,102.711341858
20.457319260,23.847749710,43.550647736
23.218452454,22.118148804,66.109428406
20.346433640,23.868148804,38.286132812
24.627647400,23.253978729,30.198629379
22.297203064,24.125720978,108.108177185
21.128314972,22.723829269,68.439292908
22.488113403,21.495632172,38.890361786
22.409584045,25.623086929,25.005247116
22.127096176,22.956361771,119.452049255
23.037233353,23.703420639,112.419685364
22.151439667,24.136434555,106.029983521
20.823759079,24.998802185,26.396800995
21.162950516,23.120965958,80.519088745
20.765939713,23.711830139,60.515930176
22.647167206,21.592342377,44.121036530
23.405454636,24.352308273,75.386772156
21.145910263,24.216341019,68.929641724
24.163833618,23.841571808,50.997371674
23.322252274,23.385847092,102.470275879
22.527433395,23.449569702,128.314498901
21.655332565,23.505241394,109.665328979
21.775148392,22.693393707,98.170410156
21.782207489,23.462577820,115.362030029
22.086164474,22.572975159,101.528434753
23.077949524,23.427309036,113.965873718
21.622856140,23.578485489,107.559791565
24.058345795,24.943634033,26.941284180
22.146604538,23.834363937,118.557495117
20.558233261,23.655483246,50.228511810
22.982204437,22.568635941,96.427268982
23.170152664,23.926511765,101.462013245
22.537956238,21.814140320,57.057270050
23.565465927,23.226854324,88.198905945
20.828296661,24.527055740,43.792179108
22.472642899,24.058082581,111.718063354
22.193433762,23.597290039,125.376388550
23.679233551,22.544408798,66.419044495
22.849258423,23.444847107,122.131965637
22.310617447,23.665155411,125.251632690
22.234785080,24.512763977,86.106025696
21.431632996,22.052730560,52.466514587
22.212064743,24.519811630,85.459640503
21.914611816,23.337490082,120.363105774
21.427967072,22.370630264,68.306739807
23.033735275,23.604034424,114.272117615
23.310665131,24.173151016,86.873580933
20.914052963,22.925901413,62.778038025
21.503213882,22.340427399,69.864570618
21.935001373,24.849180222,61.457561493
23.369129181,23.532512665,99.623207092
22.345846176,23.886274338,118.773117065
22.429660797,22.466588974,99.161193848
20.620571136,21.508920670,11.882900238
22.557661057,23.186908722,127.083900452
21.762016296,24.757322311,63.448940277
22.379749298,22.775217056,115.474052429
22.531404495,25.150157928,48.648712158
23.564180374,23.401319504,89.232040405
22.832582474,24.480991364,85.939071655
21.660440445,23.537937164,109.660499573
23.225889206,23.717668533,104.292213440
23.232160568,22.954277039,101.051910400
22.019462585,24.099229813,105.489837646
22.978746414,24.627565384,74.833496094
20.908782959,22.621408463,54.242877960
22.860139847,21.997493744,66.480926514
22.671785355,21.845399857,58.718975067
24.613584518,24.016082764,26.839548111
21.555936813,23.635486603,103.731353760
21.960102081,22.400032043,88.571380615
22.781843185,22.313791275,87.031684875
20.784627914,23.682161331,61.765811920
22.635419846,23.129337311,125.111389160
21.064197540,22.775243759,66.708885193
23.179355621,25.334875107,33.322940826
23.409519196,23.113773346,95.408172607
21.426633835,24.440938950,70.972991943
22.707208633,22.195573807,80.661758423
23.229124069,23.240013123,106.354583740
21.294822693,23.623689651,90.426620483
21.370771408,24.940374374,43.583114624
24.154062271,25.106838226,20.166734695
22.840702057,22.847652435,112.653694153
23.183425903,21.898155212,55.421669006
23.207195282,23.248403549,107.494697571
22.626989365,24.660007477,77.743858337
21.118886948,23.842742920,77.836669922
21.260536194,20.847570419,6.319105625
22.301025391,23.278593063,128.386215210
22.963819504,23.350702286,118.465744019
23.145317078,25.595752716,23.182445526
22.622989655,24.571670532,83.099670410
22.493852615,23.036127090,124.611366272
21.410163879,23.823360443,93.274299622
22.646383286,22.181129456,80.285064697
22.522178650,24.257999420,101.593971252
20.981384277,24.779569626,39.519432068
21.302640915,23.516656876,91.521987915
21.405029297,23.446460724,97.246002197
20.925090790,23.170778275,67.922431946
22.367860794,24.313957214,98.565391541
21.934698105,23.154958725,119.117439270
23.079111099,21.671621323,45.414710999
23.189809799,23.398746490,109.023269653
23.322654724,23.200094223,101.212394714
22.485660553,24.231075287,103.142211914
22.370544434,23.954118729,116.216613770
22.123071671,23.236928940,125.427230835
22.016670227,22.147356033,74.046180725
23.985477448,22.356374741,46.495330811
20.772460938,22.505792618,44.535572052
21.314168930,22.922821045,84.448776245
20.897058487,23.620326996,68.314826965
25.199491501,23.440788269,10.711730957
23.332736969,22.417762756,76.904563904
22.309545517,23.582693100,126.882324219
24.172048569,24.945837021,23.623146057
23.970085144,24.263622284,51.862625122
20.635097504,23.213588715,53.167205811
21.788995743,23.782461166,110.649536133
24.806909561,23.359905243,22.921968460
22.967006683,22.848892212,108.770019531
24.603467941,22.848735809,28.508872986
21.893720627,23.968606949,107.967994690
21.711242676,24.723796844,64.209236145
23.225185394,21.720985413,45.717262268
21.905672073,24.093521118,103.067314148
23.248895645,22.973628998,100.746902466
22.216985703,22.798812866,115.080436707
21.619901657,22.328355789,73.677055359
21.596384048,23.755760193,103.500877380
21.264863968,23.330144882,88.998893738
23.806489944,24.014236450,67.448257446
23.599779129,23.374065399,87.130905151
23.202095032,21.625667572,41.535121918
20.573913574,22.900358200,45.574645996
21.156352997,22.416107178,58.467540741
22.551836014,23.342090607,128.356170654
21.151849747,23.893999100,78.550689697
22.612901688,22.971101761,121.606910706
21.714639664,24.907728195,53.686985016
23.465507507,23.672489166,93.062599182
22.159296036,23.752973557,121.270408630
22.948667526,21.964603424,63.282978058
21.542387009,24.016399384,93.730201721
22.339027405,24.006887436,113.868156433
21.850225449,23.558610916,117.165756226
22.076906204,22.431388855,93.155662537
22.144165039,24.941778183,58.873088837
22.454011917,22.760349274,114.853431702
22.867776871,23.565856934,120.470512390
20.327180862,24.414073944,27.635688782
22.096723557,24.758913040,69.450538635
22.484834671,23.504884720,128.116958618
22.541221619,23.203849792,127.476051331
22.986719131,24.192159653,97.437736511
24.341035843,22.642787933,36.976528168
22.454025269,21.511844635,39.609867096
20.984735489,22.003917694,35.342334747
22.407495499,22.431953430,97.013893127
22.714490891,21.973167419,66.438003540
21.477481842,22.827394485,90.074874878
23.024065018,24.407964706,85.785484314
22.678216934,24.297418594,98.264793396
22.188034058,22.134979248,75.992210388
21.677608490,23.828901291,105.157951355
23.542629242,24.707113266,53.723384857
23.052429199,23.933115005,105.686523438
22.683416367,22.823642731,115.306442261
22.718124390,23.719650269,121.223358154
21.984888077,22.538400650,97.195571899
20.639451981,23.466304779,54.830581665
23.137756348,22.771091461,99.492988586
22.533933640,23.470678329,128.099411011
22.166727066,26.270559311,6.486096382
23.263631821,21.440557480,32.627616882
23.185028076,22.897138596,101.634689331
20.654319763,23.038450241,51.783267975
23.255462646,24.554393768,71.299232483
23.200662613,22.863054276,99.899772644
22.441169739,24.030075073,113.038551331
22.694831848,22.041795731,70.942657471
22.498611450,22.942184448,121.825363159
22.830297470,21.265342712,28.527006149
21.627780914,24.014331818,97.238586426
22.255865097,23.704454422,123.841499329
23.744791031,25.300384521,23.992691040
22.064018250,23.208183289,123.726066589
23.097858429,23.625949860,111.404151917
23.436382294,21.533603668,33.908184052
22.765960693,21.919473648,62.693267822
22.149421692,22.679100037,108.373687744
21.749359131,21.948755264,55.835735321
19.888347626,24.260423660,16.696912766
23.562545776,24.000888824,80.892646790
22.246427536,23.939231873,116.016159058
21.285335541,23.692819595,89.145271301
22.039821625,24.861766815,62.372680664
23.262805939,25.179561615,39.004882812
22.052057266,23.680889130,121.011207581
23.118791580,23.573308945,111.219718933
22.690605164,22.198963165,81.045562744
22.472648621,23.021364212,124.325828552
20.311294556,22.541763306,27.876646042
23.139411926,24.071565628,97.596588135
20.881113052,23.493919373,67.785278320
20.981365204,23.915391922,69.122261047
23.550115585,23.145803452,88.119285583
23.590291977,23.410964966,87.738693237
22.566623688,24.465543747,89.718803406
22.214975357,24.568941116,82.512390137
23.132547379,23.205289841,110.505699158
23.028850555,22.655719757,98.951217651
23.740468979,22.917749405,73.329887390
22.298500061,21.424695969,34.474689484
22.498392105,22.483074188,100.073600769
21.746347427,22.805414200,101.763900757
23.183034897,22.588500977,90.335182190
21.302049637,23.358983994,91.291969299
23.162817001,23.351869583,110.211578369
20.858369827,19.692514420,1.295587778
22.658407211,25.011077881,56.351005554
22.527000427,24.225713730,103.280158997
21.337886810,22.053304672,49.375148773
22.024101257,23.563241959,122.484405518
20.845029831,23.122650146,62.864768982
21.842172623,23.444704056,117.768081665
24.047639847,24.768907547,32.540145874
22.258659363,23.926422119,116.642807007
22.801521301,22.845436096,113.606979370
22.802412033,23.762870789,118.266769409
23.072179794,24.095077515,99.024291992
24.055274963,22.561218262,48.601589203
22.896179199,24.162208557,101.164627075
23.018907547,22.321788788,82.474182129
22.318548203,22.730417252,113.080604553
21.986093521,23.630460739,120.380210876
22.225664139,23.824167252,120.001235962
22.280857086,23.291038513,128.289352417
21.496786118,23.650959015,100.648849487
22.867834091,24.104764938,104.423538208
22.168413162,23.043893814,122.793731689
25.137748718,23.383655548,12.259683609
20.632759094,23.237649918,53.287639618
20.004724503,25.245286942,6.543079853
23.500783920,23.317663193,92.563110352
22.460357666,23.265333176,128.638244629
23.294784546,24.013139725,93.417999268
22.147727966,25.986740112,11.928514481
22.422256470,22.777481079,115.649299622
23.238595963,23.646612167,104.895660400
20.918050766,23.040094376,65.380104065
21.904577255,24.270154953,94.441230774
23.971998215,24.524677277,43.465602875
22.872676849,23.172609329,120.105178833
21.407812119,23.339244843,97.051658630
20.432786942,23.296987534,44.225299835
23.291292191,24.055191040,92.128479004
23.928556442,22.819316864,60.918518066
22.146938324,24.541305542,83.418701172
23.342464447,25.171377182,37.729057312
21.312572479,24.276721954,73.969627380
23.618244171,23.740543365,83.651077271
24.471176147,23.834794998,35.249679565
19.953620911,24.508052826,14.884145737
20.813570023,22.866691589,56.254833221
22.949056625,25.634456635,23.389255524
21.708341599,23.318723679,112.073150635
23.776340485,21.492425919,26.165531158
23.048387527,22.315631866,81.349777222
20.499055862,23.377273560,47.684749603
22.357913971,23.757843018,123.080467224
23.350879669,23.619182587,99.756378174
24.015968323,24.681087494,36.497180939
21.632621765,23.287118912,108.305824280
22.175893784,21.506963730,37.592426300
24.038158417,22.930717468,57.063972473
23.499427795,22.989088058,88.194976807
23.410482407,22.905767441,90.945098877
23.539905548,23.708366394,88.502815247
23.106029510,24.088064194,98.148513794
22.721916199,22.819881439,114.430137634
21.597255707,25.531639099,21.179609299
23.936954498,23.707294464,65.684356689
23.657499313,22.779457092,74.552612305
22.618537903,21.786758423,55.308097839
21.658634186,23.236011505,109.017677307
22.267631531,23.521297455,127.423339844
21.050718307,23.433933258,77.267425537
22.496603012,23.637470245,125.941047668
23.166688919,22.818349838,99.942077637
20.927581787,23.836853027,67.657897949
22.781927109,23.677509308,120.823806763
23.855211258,23.595706940,71.545242310
23.196819305,23.444355011,108.631050110
22.541156769,22.802986145,116.292572021
22.386648178,23.590736389,127.070350647
22.751653671,24.713926315,73.417366028
23.848297119,25.001033783,31.351781845
22.162506104,23.475971222,126.457954407
23.493780136,23.447971344,93.211822510
23.806444168,21.076602936,14.506101608
24.012781143,22.696012497,53.821556091
22.349655151,23.089521408,125.960929871
23.250263214,23.209066391,104.985717773
24.437629700,23.952413559,35.358161926
22.214002609,24.319738388,97.144081116
23.047206879,23.213031769,114.267494202
23.668424606,24.230747223,68.130455017
23.626367569,22.360891342,62.403930664
22.121742249,22.982437134,120.155281067
23.267692566,24.397340775,78.673873901
23.435907364,23.042825699,92.725975037
21.712732315,23.083881378,108.920043945
23.882673264,25.187051773,24.414770126
22.884265900,23.015214920,116.578292847
22.122032166,23.743991852,120.880569458
19.740732193,23.751737595,17.899864197
22.041370392,22.627742767,103.433944702
22.403974533,22.504680634,101.387580872
23.014333725,23.301528931,116.355537415
89.724639893,34.337596893,26.638731003
89.073616028,34.817234039,63.647636414
88.146011353,37.637374878,75.596855164
88.232528687,37.752689362,71.163513184
90.762504578,37.048191071,31.956871033
89.313888550,34.656230927,49.831989288
88.627548218,37.166313171,112.722496033
91.689834595,35.820060730,5.322337151
89.293647766,36.061233521,119.139923096
88.625968933,37.435165405,97.715797424
88.920768738,35.196357727,89.278976440
87.154754639,37.513923645,38.303157806
90.457054138,34.568305969,18.156667709
88.434646606,36.520893097,129.602111816
88.438125610,36.385223389,130.105453491
88.938629150,37.319587708,103.794052124
88.475112915,39.130302429,12.304984093
89.164337158,35.960613251,121.047943115
89.120979309,36.733226776,123.902473450
87.933174133,36.322059631,109.122894287
89.599723816,36.781524658,102.941589355
88.283454895,37.074649811,110.232421875
88.621711731,36.716396332,129.530868530
88.542228699,35.165203094,85.822929382
88.714431763,36.531429291,132.998321533
90.912521362,38.736152649,5.820248604
89.320365906,35.078155518,74.571075439
86.974143982,34.147197723,8.449662209
91.122093201,36.428943634,20.187194824
89.171310425,35.943012238,120.355079651
87.578926086,37.649036407,52.949150085
88.778495789,36.367053986,133.559722900
88.498405457,37.443298340,95.721343994
88.792648315,36.249027252,132.761047363
90.073341370,37.610733032,50.325862885
87.975898743,36.720897675,108.537696838
88.025390625,38.419326782,31.732534409
89.327888489,34.244617462,28.595247269
88.312446594,36.960548401,115.843566895
88.648658752,36.104076385,130.115402222
88.160270691,37.800128937,66.467140198
87.489936829,38.052864075,33.770709991
88.851150513,37.429740906,98.269294739
89.301681519,36.179836273,120.790290833
89.112670898,36.688560486,125.126792908
86.983184814,35.745151520,42.738716125
89.628570557,36.314174652,106.280868530
88.888435364,35.733116150,118.174339294
87.498191833,35.432033539,60.903263092
87.368255615,38.056556702,29.995407104
89.227920532,36.148288727,123.042144775
88.308708191,38.073894501,53.758483887
88.742935181,35.737361908,118.725914001
89.055892944,37.224555969,106.902145386
89.140312195,37.026161194,113.900932312
88.408081055,36.231285095,128.192306519
88.858619690,36.903575897,123.873474121
90.093734741,36.753078461,74.471466064
87.249267578,34.687519073,25.016359329
89.844375610,35.944583893,88.645652771
90.974388123,37.805622101,14.432594299
88.020515442,35.204929352,73.710990906
88.794487000,36.528263092,132.894378662
88.337585449,35.283977509,88.574913025
88.779846191,36.166141510,131.680145264
88.991416931,35.942329407,124.473350525
91.630355835,36.072425842,6.463628769
88.637664795,37.812408447,73.971305847
90.057586670,39.505558014,2.324628830
90.748695374,37.730739594,21.213327408
88.340629578,34.421035767,38.619609833
88.887947083,36.088451385,129.568008423
88.419372559,36.740818024,125.672737122
88.603988647,36.290386200,132.467132568
88.486351013,35.339435577,95.255477905
88.649864197,37.778747559,76.212600708
89.097038269,36.053485870,125.151329041
88.051254272,36.534496307,115.177864075
89.338577271,36.668659210,117.681411743
87.849349976,35.290313721,71.162940979
89.727241516,35.542430878,81.926963806
87.343650818,35.505634308,55.691406250
87.806587219,36.450443268,101.832580566
89.179679871,37.368751526,96.534431458
88.553550720,35.457912445,103.127136230
87.458724976,35.526096344,62.312541962
87.466255188,35.921512604,74.205986023
89.631668091,38.118335724,44.053432465
87.804267883,36.775947571,97.492065430
87.631652832,36.539627075,89.995384216
88.147697449,36.120162964,117.169906616
90.210449219,36.967239380,63.036590576
89.155456543,37.734512329,75.973335266
87.874649048,36.124485016,103.398612976
89.136291504,37.545406342,87.595230103
89.779968262,36.797012329,92.637313843
89.429550171,36.553943634,115.443794250
89.266403198,37.712951660,74.939498901
87.765335083,35.366992950,71.051017761
89.180923462,37.853992462,68.355903625
89.018028259,35.503360748,105.767448425
90.288406372,36.126708984,63.610298157
88.867835999,34.399085999,40.017566681
88.878166199,37.080207825,116.560554504
88.785827637,37.317501068,105.036468506
87.806289673,35.416931152,75.259536743
89.162162781,37.944812775,63.251831055
88.124511719,36.448017120,119.150398254
87.438804626,37.208507538,62.365089417
87.805992126,36.610549927,100.536560059
88.899757385,35.447441101,104.128387451
89.605705261,34.598796844,40.197841644
89.822402954,35.253215790,64.252304077
91.029174805,37.352733612,18.307672501
89.549278259,35.605762482,93.436386108
89.272850037,35.774803162,111.582405090
88.253669739,36.963222504,113.813751221
87.764472961,36.934764862,90.863098145
87.603340149,36.367847443,88.683746338
89.142738342,36.985710144,115.422828674
89.409294128,37.203678131,97.196739197
88.927841187,35.949501038,125.599075317
88.635261536,37.783893585,75.784240723
89.203857422,37.413032532,93.519813538
88.906936646,38.055702209,58.997074127
88.961364746,36.969669342,120.093101501
87.907630920,37.187477112,89.413650513
89.747695923,37.386138916,74.364898682
89.410888672,35.347812653,86.866470337
88.077468872,35.340061188,83.094490051
89.488578796,36.970500946,102.986045837
89.182342529,36.844779968,119.066612244
88.904464722,36.188369751,131.148391724
88.334213257,35.803920746,114.487243652
88.120964050,37.443752289,85.829620361
89.272750854,37.566642761,83.168830872
91.510162354,37.308898926,8.504728317
89.239364624,36.664588928,121.578735352
88.392616272,37.853549957,68.373565674
89.826614380,37.309803009,73.677223206
90.133293152,35.125247955,44.560913086
87.830131531,37.023277283,91.782096863
89.930778503,36.514522552,87.744979858
89.901641846,37.068149567,78.267860413
88.019332886,35.640209198,95.347740173
89.427947998,36.917636871,107.456451416
87.560134888,36.550350189,85.058425903
88.033889771,34.676284790,46.003944397
89.006141663,37.305809021,103.579910278
87.623146057,36.735767365,86.767051697
88.064735413,37.213741302,95.545364380
89.299644470,37.601371765,80.491516113
89.276321411,36.027050018,119.048728943
90.489845276,36.984886169,46.661075592
88.899269104,36.349533081,132.593521118
87.650581360,37.455547333,64.552345276
89.064270020,36.131275177,127.460105896
87.756866455,36.644184113,96.997596741
87.877044678,36.058307648,102.206977844
87.338554382,36.415218353,70.504791260
88.750556946,36.802219391,127.735969543
89.787437439,35.477436066,76.039245605
88.920547485,36.149322510,130.348266602
88.174415588,35.951732635,113.967102051
89.072738647,35.117614746,82.577392578
88.634498596,37.395732880,100.137069702
86.966918945,36.136268616,46.037994385
88.995223999,36.239303589,130.382720947
89.921424866,35.436042786,67.253219604
87.873252869,35.410926819,78.068504333
89.054618835,37.280078888,104.074302673
89.939537048,36.050140381,84.920654297
88.177619934,36.633331299,119.807991028
89.419151306,34.946449280,63.956474304
88.568580627,37.255962372,107.452384949
89.074996948,36.574298859,128.076293945
89.900703430,36.090896606,88.012451172
89.665718079,36.011074066,100.493385315
89.474304199,36.736007690,110.257499695
88.088813782,35.661464691,99.342308044
88.487861633,34.857780457,65.876708984
88.451278687,37.139804840,111.574211121
89.290374756,35.469242096,97.397422791
88.421798706,36.079692841,125.754608154
89.069496155,37.148769379,110.300148010
89.833000183,35.179718018,60.351871490
89.657562256,37.088294983,90.660369873
88.615676880,36.785060883,127.744224548
89.092292786,37.666362762,81.183914185
88.638031006,37.560199738,90.093063354
88.122238159,36.921054840,110.173751831
86.674461365,36.851512909,27.748294830
88.760818481,34.450912476,43.086872101
87.097053528,35.378055573,40.249771118
88.330696106,36.067096710,122.864059448
88.277191162,36.071990967,121.196426392
88.113006592,37.828140259,63.555358887
88.749717712,37.033748627,119.345367432
89.055297852,36.583992004,128.430358887
89.297286987,36.662963867,119.446571350
88.443588257,37.950687408,63.178890228
88.557273865,35.610515594,111.116065979
91.213851929,37.784751892,10.323315620
87.419769287,34.691154480,29.674198151
88.540672302,36.492755890,131.857574463
88.966186523,35.113147736,83.698158264
87.497886658,36.378509521,81.517707825
88.224571228,34.869697571,61.321025848
90.539558411,37.162075043,40.685562134
88.502914429,36.477813721,131.311050415
87.913551331,35.285034180,73.630371094
87.290260315,36.996967316,59.219779968
88.554504395,36.575016022,131.285629272
88.104331970,37.745426178,68.056800842
89.141082764,38.804153442,21.134899139
89.612838745,36.863033295,100.179031372
89.207160950,36.964553833,114.279235840
90.151939392,35.449344635,55.444488525
89.143539429,36.144271851,125.625328064
87.775115967,35.554519653,79.832084656
88.590034485,36.689403534,129.817459106
87.798133850,35.100929260,59.753177643
86.759040833,36.205112457,34.871654510
88.480972290,35.327823639,94.479011536
88.156631470,38.491935730,30.653757095
89.423797607,36.023822784,112.974861145
87.892066956,36.492626190,106.807075500
88.552139282,37.673202515,82.111488342
88.700454712,35.563430786,110.365165710
86.832496643,34.750682831,16.733991623
89.422050476,36.640525818,114.556274414
87.654830933,37.078155518,79.610458374
88.290649414,35.860004425,115.216735840
86.092468262,36.857921600,9.890525818
88.638397217,35.222724915,90.560569763
89.056198120,36.328941345,129.715682983
88.541839600,35.163295746,85.700744629
90.093887329,36.075839996,75.493392944
89.529075623,36.328300476,111.612533569
88.258117676,35.712989807,108.200576782
89.197235107,36.120624542,123.610061646
89.079948425,36.239276886,128.537750244
89.695297241,36.702823639,99.412109375
88.663749695,36.447742462,133.363250732
89.069343567,35.841598511,119.716476440
88.816406250,37.323970795,104.567672729
87.455184937,34.751876831,32.811923981
88.288597107,36.295391083,125.266494751
88.128623962,35.854633331,108.806854248
87.420005798,35.712066650,66.111267090
89.137039185,36.618930817,125.717155457
89.355346680,35.248371124,83.363059998
90.505439758,37.741016388,28.873643875
88.242851257,36.110057831,120.811538696
88.866569519,37.773147583,76.815383911
88.543449402,35.981437683,125.685913086
88.824020386,35.293952942,95.656082153
89.016296387,36.380031586,130.702713013
87.669517517,36.666061401,91.019332886
87.627487183,36.303691864,90.090499878
89.179840088,37.167095184,106.666389465
89.130981445,35.846294403,118.421554565
88.175094604,35.150714874,76.099113464
89.785568237,35.286693573,67.557769775
87.691436768,35.644603729,79.059776306
89.540802002,36.721572876,107.304397583
89.223022461,37.739654541,74.340545654
88.408287048,35.642417908,109.538856506
90.165725708,35.298328400,49.405426025
88.173744202,36.308597565,120.948257446
88.181938171,37.413234711,89.641319275
88.203613281,36.364097595,122.501159668
88.636138916,36.173847198,131.328247070
89.861839294,36.400257111,92.582778931
88.229354858,35.435340881,93.676094055
89.216941833,36.571750641,123.852394104
88.222755432,34.948188782,65.814826965
89.670608521,35.118942261,64.425323486
89.067314148,37.727184296,77.850395203
88.080200195,35.836681366,106.031860352
88.866439819,36.222423553,131.991577148
89.839904785,34.813491821,43.227359772
89.595321655,37.635429382,69.137817383
89.611152649,35.683753967,93.574073792
87.805931091,35.559818268,81.606025696
90.026107788,34.924751282,41.211830139
89.395675659,36.540084839,117.136703491
89.351844788,35.735157013,107.193611145
88.954856873,35.458629608,104.235099792
86.462882996,35.856052399,20.789699554
88.379325867,36.007793427,122.762939453
90.438476562,37.388923645,40.403171539
90.036437988,34.914203644,40.414451599
89.176536560,37.133064270,108.316101074
89.956489563,38.615036011,18.259258270
87.364311218,36.320266724,72.283370972
89.258010864,36.223468781,122.925056458
86.825515747,36.294490814,38.413967133
89.778694153,35.677707672,84.461349487
90.341728210,35.849067688,55.809291840
89.180931091,37.596580505,83.661010742
89.487800598,36.414707184,113.667427063
89.021492004,36.318161011,130.443756104
88.468269348,36.511135101,130.423126221
89.873710632,35.891098022,85.572235107
89.052818298,36.326190948,129.783569336
89.504806519,36.636749268,110.680442810
89.555831909,35.372577667,82.295692444
87.403472900,37.759372711,41.300701141
88.353309631,36.229167938,126.627967834
88.935745239,36.235767365,131.331329346
90.068786621,34.971340179,41.392112732
90.402084351,34.906974792,27.455751419
88.946693420,37.151428223,112.400993347
87.162391663,37.143039703,48.167720795
89.475334167,37.274547577,91.353645325
87.703804016,36.495174408,95.089736938
88.801918030,35.802276611,121.404708862
89.381118774,35.559288025,98.564285278
88.017173767,36.911342621,105.592903137
87.624809265,37.124626160,76.210914612
90.680259705,35.464218140,30.268880844
87.835029602,37.137798309,87.710746765
87.994018555,36.355480194,112.610969543
89.359825134,37.434455872,87.772117615
88.761909485,38.105949402,56.152198792
87.893035889,36.215476990,105.851974487
91.335983276,36.593757629,13.250957489
89.241790771,36.148315430,122.561645508
90.520446777,37.807640076,26.776082993
89.058479309,36.746158600,125.219841003
89.532470703,37.192955017,92.500411987
90.015090942,36.896160126,76.392807007
90.353210449,36.419643402,60.875419617
87.968811035,35.887165070,102.437423706
88.810523987,35.895496368,124.772880554
88.789794922,35.566043854,110.779991150
88.551582336,36.726280212,128.523925781
88.737190247,36.365982056,133.615386963
86.880592346,35.697879791,36.928215027
90.009994507,36.756660461,79.627037048
87.802459717,37.289962769,79.535858154
88.050674438,35.768333435,102.113571167
89.555534363,36.343605042,110.276794434
87.989074707,35.492599487,87.178367615
88.671058655,36.581752777,132.288711548
88.654350281,35.740333557,118.323486328
89.642448425,36.384807587,105.591316223
87.944572449,35.203399658,70.704032898
86.551002502,36.938411713,22.002080917
88.374877930,35.377552032,94.882316589
89.352157593,34.738018036,53.681449890
89.173751831,34.787868500,60.271385193
88.226470947,35.127246857,76.329246521
90.073249817,36.101169586,77.183509827
89.650222778,35.775749207,94.865547180
89.681182861,36.754180908,99.168113708
89.110977173,35.460376740,101.786354065
89.402816772,35.840328217,108.878723145
88.311912537,37.605266571,82.089797974
86.941848755,37.453689575,30.434461594
88.164520264,37.363449097,91.785636902
89.729011536,38.116744995,41.607334137
88.586837769,36.443050385,132.706756592
88.148765564,37.006454468,108.159378052
87.377815247,37.181808472,59.616985321
88.882980347,35.652400970,114.641082764
88.012413025,36.383388519,113.663780212
61.193202972,56.299293518,0.564307630
-19.218173981,-7.880199909,1.153039694
-85.281822205,-13.847311974,0.618843496
-9.824980736,42.035018921,0.571475744
86.785789490,67.705200195,0.553539276
-31.436037064,54.353305817,0.760434330
69.775306702,-85.501121521,0.539333522
-43.598526001,33.108314514,0.568428636
85.662132263,51.815891266,0.765693069
-54.882312775,-31.473564148,0.576987147
-26.254568100,-4.351180553,0.558783233
-14.976978302,-29.646245956,0.512762725
15.436018944,97.921684265,0.542683542
32.148929596,-23.531986237,1.132295966
41.779170990,16.840641022,0.581518829
82.070755005,71.141250610,0.586210072
-58.296508789,-7.306809902,0.589717448
-19.229740143,-7.867850780,1.152845740
-91.089439392,-17.786270142,0.960801840
-80.194831848,56.892601013,0.668122947
84.280052185,45.762935638,0.572768629
30.512092590,60.957637787,0.576273263
-1.248171091,-28.455148697,0.581620157
-79.264205933,58.326816559,0.668589175
63.451023102,-18.741588593,0.586087584
-40.257778168,-35.405651093,0.569300652
-75.025642395,-37.913383484,0.584449947
99.345909119,-77.125320435,0.573644996
75.021537781,-99.656913757,0.574045539
46.434677124,-15.176579475,0.564680755
-62.111881256,-58.340724945,0.752781630
53.455005646,-42.872615814,0.569610119
49.911235809,60.418380737,0.548005164
-64.373031616,29.081182480,0.587386787
97.811737061,-87.998062134,0.563245893
2.015885115,77.626922607,0.621161580
28.398830414,-44.625221252,0.568897009
-49.962181091,-41.835525513,0.583772600
-91.555404663,-82.357231140,0.738576889
90.321418762,4.854771614,0.553502202
-83.952667236,6.339710236,0.596245110
-38.758262634,58.930240631,0.577716589
-97.080268860,-23.698291779,0.571859837
31.042608261,-17.620595932,0.584129691
38.194442749,14.010699272,0.615627468
10.979039192,-67.586250305,0.750447512
-29.927154541,53.187450409,0.657925308
-85.027397156,61.725849152,0.598385453
-51.731708527,-21.315336227,0.601100624
-6.568699360,-58.564807892,0.583447218
82.768028259,37.687053680,0.625728846
-99.737571716,60.577625275,0.597491682
-61.526386261,-17.829910278,0.708596885
65.609580994,83.325630188,0.524439752
84.951988220,18.814874649,0.589967430
-35.683795929,68.478935242,0.576083720
5.449961662,86.588104248,0.446130395
11.155351639,-56.543735504,0.755466580
23.235004425,6.144202232,0.633827507
48.988708496,-13.523411751,0.566029787
92.253494263,-33.971508026,0.667832911
-94.503791809,56.038925171,0.617024302
-8.317349434,48.204784393,0.860346198
-57.809711456,-32.349414825,0.542738140
-77.511650085,-9.229511261,0.570977688
-92.696151733,29.827005386,0.530713499
16.297086716,15.026784897,0.609261096
-8.021674156,46.505855560,0.860075772
-25.386899948,40.812282562,0.590905130
-78.336669922,-80.748321533,0.646202207
-24.009613037,-29.490196228,0.564968050
98.943603516,74.419395447,0.602535427
-59.175590515,87.895927429,0.669089139
34.653163910,19.807756424,0.917659640
45.733242035,-97.720634460,0.582932711
38.110366821,65.195648193,0.817841351
-95.656036377,6.326905727,0.633019388
72.569335938,86.185958862,0.579509199
-64.221511841,-59.831150055,0.557993710
-51.686138153,59.917118073,0.570646524
44.865169525,-3.428273439,0.563336730
25.783754349,-92.018959045,0.563620746
70.997116089,52.795188904,0.555451512
-88.925445557,-40.708805084,0.550231040
-34.351875305,73.230651855,0.577659070
38.624477386,71.388275146,0.586802483
-69.289451599,20.675827026,0.597606361
-38.457260132,-42.448616028,0.591237366
89.764343262,-0.195906088,0.627411842
-96.528404236,-97.599456787,0.530632079
-9.537952423,69.625587463,0.611101985
-81.625823975,47.158279419,0.537680507
-44.818237305,-19.769412994,0.603837430
70.423706055,-36.150619507,0.560180545
57.702556610,64.374961853,0.594853044
33.605014801,80.823204041,0.587930024
35.291751862,62.056629181,0.580051005
-69.093719482,45.978580475,0.596284509
25.086307526,-98.724464417,0.544270992
98.640174866,-29.999099731,0.567808390
-87.447494507,-66.383094788,0.576553941
-49.627971649,-29.353057861,0.565793335
41.439601898,55.912464142,0.610316813
98.829147339,-65.165496826,0.609646320
-42.616329193,76.711936951,0.602201521
54.461929321,85.176948547,0.469908476
75.841598511,-22.844385147,0.602886558
90.672805786,64.718940735,0.572204173
81.528976440,13.809061050,0.725355804
43.014675140,78.365554810,0.903641403
8.628045082,-72.832794189,0.574626148
56.587791443,5.107874870,47.066276550
-96.558395386,94.808898926,0.650650859
-74.238006592,90.240798950,6.560858250
78.382682800,5.136350632,0.580201447
-96.108253479,-80.706062317,0.604916334
-35.041835785,-4.548234463,0.561922371
78.668815613,-23.973138809,0.612880886
59.416912079,-94.502662659,0.580650628
3.951275826,-78.443115234,0.604081869
80.241447449,14.771337509,0.722255826
-57.343391418,9.244232178,0.576929808
34.462333679,-42.037338257,0.583632588
-12.740822792,-86.453231812,1.010550141
50.393829346,14.019060135,0.576887250
98.003898621,85.996223450,0.588658690
38.776916504,32.998863220,0.561798990
-6.191954136,-51.100799561,0.567880034
-4.097727299,-72.998306274,0.544965923
73.218879700,54.026599884,0.592226088
48.243736267,14.262584686,0.561542511
-44.251663208,81.632995605,1.073129177
94.526603699,-72.746818542,0.677017808
-43.027835846,37.477375031,0.595401525
41.089218140,-4.735934258,0.574324965
-31.413908005,49.293720245,0.529036224
-6.736124039,25.151943207,0.618645608
32.865806580,11.511663437,0.592265010
-20.488288879,-2.227042437,0.567146242
-36.479316711,16.794254303,0.556851804
-56.145420074,92.117370605,0.580422521
-22.441591263,-79.199623108,0.576857626
41.335105896,-94.177963257,0.590728045
-83.242645264,0.219676882,0.563624382
0.591754079,-45.863868713,0.570488513
94.335838318,-81.977493286,0.564482689
30.324651718,22.165723801,0.661232054
92.869346619,42.075611115,0.966161013
-35.936508179,-98.500350952,0.597249687
-22.295087814,87.668663025,0.584850788
33.957023621,-38.905254364,0.578164816
-94.402076721,-96.737899780,0.568286359
52.015640259,45.846656799,0.555820942
-60.613243103,-57.787979126,0.754702568
-70.261535645,87.038383484,30.681137085
49.757591248,48.825366974,0.610591710
80.357666016,96.216430664,0.594427824
31.030303955,13.267764091,0.522628903
6.862649918,-67.117111206,0.587119639
86.224967957,-52.772480011,0.573934257
29.224418640,55.930118561,0.654095054
14.122395515,34.483608246,0.584901690
-68.821945190,-79.096336365,0.570463777
-85.560249329,79.100318909,0.534683645
-29.405334473,-86.125045776,0.932195783
4.615568161,19.420860291,0.584258020
67.614761353,-61.969612122,1.350810051
-93.451370239,89.593879700,0.670477748
33.886203766,-98.669929504,0.784780741
74.365470886,-93.623786926,0.537680984
59.405609131,24.029451370,0.615401924
-30.665542603,-66.186943054,0.550877869
-87.101013184,18.746744156,0.601354599
-90.181785583,88.993911743,0.445921779
-40.079376221,55.387088776,0.204306588
-41.990470886,-59.129947662,0.580117226
83.488967896,68.404724121,0.673222661
16.680913925,28.882671356,0.581974208
41.789710999,78.844360352,0.929651082
-4.701508999,-2.422290325,0.581778884
-18.692235947,-49.596035004,0.562697470
-9.191912651,-51.889019012,0.553511024
79.931556702,-88.448554993,0.555503309
-96.959579468,-5.178231716,0.871063828
18.199924469,93.506187439,0.584406972
-10.867473602,-7.075793743,0.640079141
58.738784790,42.623950958,0.612826705
56.338973999,-51.910282135,0.585419357
8.634899139,7.792478561,0.560794055
13.847408295,59.478511810,0.560171247
-21.198371887,-53.904979706,0.575563610
-2.365681648,-64.425636292,0.583443582
-98.558197021,-99.673713684,0.581309497
-18.524648666,-14.329277992,0.560020804
-56.748043060,19.183820724,1.050427914
-10.502490997,-13.665415764,0.596889734
97.973144531,95.468276978,0.819473922
48.631549835,-57.731815338,0.586410463
69.511169434,22.335802078,0.710615933
57.588989258,16.619184494,0.528308392
-13.552191734,-16.702201843,0.543206990
92.620407104,83.451919556,0.578150749
99.738357544,38.074581146,0.539516091
39.578048706,87.729644775,0.589370549
-51.164535522,-15.536123276,0.576191306
-72.095390320,-99.884597778,0.587521791
-65.151451111,12.037578583,0.586726785
86.251121521,-90.454818726,0.578052878
72.916839600,-77.489585876,0.579464853
-53.940113068,-39.857570648,0.555571020
36.272254944,-9.599651337,0.677742064
-16.735675812,60.988971710,0.589368343
73.075935364,79.314865112,0.537707627
61.670600891,94.441291809,0.573804319
-74.358520508,99.620231628,0.580037832
77.145874023,36.747440338,0.719809175
47.067161560,-46.883441925,0.596884668
11.489173889,-60.901966095,0.591564476
49.593879700,70.106712341,0.597017646
-73.238807678,-72.743675232,0.699555695
7.297646999,32.095176697,0.757981956
65.417160034,22.961713791,0.698557079
52.918853760,-47.181865692,1.161181211
-27.316898346,63.914962769,0.935095191
33.501319885,-61.576683044,0.588865161
85.858352661,98.767448425,0.573126554
11.313656807,56.265232086,0.428647548
90.436767578,47.518192291,0.588129520
23.114303589,-52.828697205,0.561475396
65.980735779,-49.720615387,1.131054521
4.569778919,6.700505257,0.540948927
15.314056396,58.034194946,0.640839458
-39.073982239,78.821479797,0.578399181
58.632358551,-46.005157471,0.596914411
63.026302338,-54.084865570,0.562930048
54.662899017,-54.683975220,0.564254880
-62.859966278,-16.522439957,0.655763566
96.587516785,-45.278862000,0.555966139
-27.791227341,-93.210227966,0.588069618
11.819860458,47.340473175,0.441250443
-97.752105713,-51.470764160,0.569691360
-51.303741455,-65.208961487,0.567301869
-87.137237549,15.690829277,0.527827740
-68.439979553,29.916118622,0.577938437
-10.192329407,96.378242493,0.596931756
81.294624329,8.698698044,0.581326663
-92.356864929,76.226539612,0.554091394
12.373526573,-59.130580902,0.566366911
-68.909767151,8.231533051,0.571615040
12.156063080,-69.746719360,0.704162955
-9.976846695,-44.323883057,0.581110835
-95.510681152,40.519515991,0.480030328
76.487319946,46.916019440,0.534760058
4.475827217,-22.713508606,1.297319889
31.962263107,-72.870796204,0.580942869
-1.986703992,88.005607605,0.608292878
-46.888866425,-98.909690857,0.560913026
-60.993293762,-10.390171051,1.279866815
2.688838482,44.202480316,0.626630783
-24.305744171,-10.495687485,0.590554655
21.939653397,22.196113586,75.505722046
74.545120239,80.684860229,0.558750391
52.790645599,-47.196723938,1.165271163
-77.728179932,-41.604907990,0.547835529
10.808889389,72.229240417,0.578213513
-58.196979523,-98.374053955,0.591557801
29.961347580,5.386056423,0.602942288
-4.049996853,-57.448657990,0.588326991
-64.465431213,1.107114553,0.583973706
-96.651100159,-20.227876663,0.582962453
-40.037544250,6.900247097,0.539880157
71.901664734,-84.296531677,0.564835250
59.455669403,-12.290304184,0.569834113
85.371093750,8.281116486,0.594766438
35.405872345,38.888565063,0.560084760
15.778220177,50.015975952,0.629502237
50.727397919,27.803016663,0.583803594
-35.263118744,-93.744361877,0.571961045
43.935600281,14.903430939,0.536264896
-92.949768066,95.917060852,0.574927568
-50.182678223,89.771919250,0.896787465
72.739425659,-22.240747452,0.611066282
35.872848511,4.295289993,1.127085090
-20.422157288,-72.388771057,1.095847368
-76.698127747,47.069274902,0.466855198
-82.056449890,18.847650528,0.539740920
-0.025582368,-55.125274658,0.588194728
35.224372864,55.996047974,0.991437972
12.265568733,-37.010963440,0.580477238
-28.796491623,37.300457001,0.565694571
-34.275741577,33.618904114,0.598302186
-32.744609833,57.361602783,0.598724127
-93.872917175,-55.144824982,0.592684031
-77.058151245,67.854637146,0.913442731
-26.987768173,16.056344986,0.555664897
34.447326660,-99.953880310,0.849027455
6.780846596,35.743091583,0.653454065
43.374546051,58.721458435,0.565324485
-60.717037201,-28.835245132,0.579902351
-46.675968170,55.627288818,94.008766174
46.213600159,-77.219406128,0.583748817
47.979766846,85.560447693,0.527498007
77.033561707,-93.241149902,0.533828616
84.904266357,79.747482300,0.577911675
92.954292297,11.629785538,0.590643704
-62.666469574,-75.825889587,0.568798661
-1.858330846,8.915165901,0.587970138
-77.483619690,-97.348625183,0.572652459
-65.904632568,-14.188898087,0.554654896
-19.626125336,-72.085311890,1.088626385
-43.290111542,25.213615417,1.118202448
-36.763145447,-87.739799500,0.573124051
-5.686156273,-23.076557159,0.565475643
55.548648834,-99.247703552,0.545659125
-20.358364105,92.279800415,0.593717992
-46.625774384,46.738086700,0.647864223
99.451408386,95.210067749,0.849012017
24.778631210,48.557960510,0.547066212
96.090896606,91.750679016,0.518871248
6.354032040,-52.227722168,0.531891167
29.446388245,75.238311768,0.579283416
70.297340393,48.632431030,0.587103963
-91.306663513,-12.308666229,0.573760092
-66.325286865,-16.397581100,0.600420356
-27.060514450,65.034080505,0.978644073
6.875669003,80.982383728,0.563099504
-65.667388916,76.913597107,0.559643149
-24.431531906,77.256278992,0.545840085
-3.651822090,67.997947693,0.580172300
-22.254192352,-60.502639771,1.133057833
51.312198639,58.755950928,0.585287094
-51.379886627,-8.729705811,0.567209482
-31.651084900,15.968310356,0.918778419
57.696750641,-36.648338318,0.577693045
-24.374641418,57.920078278,0.507211745
-96.986946106,27.983898163,0.665899754
41.895973206,-69.254158020,1.068802834
-15.858352661,56.769649506,0.731676221
-34.723976135,-90.452270508,0.595359087
-76.526382446,-45.416515350,0.586480796
69.865951538,-95.416816711,0.609500170
-61.375381470,-19.647443771,0.708488584
-42.012199402,-6.280039310,0.591432691
99.944496155,5.409583092,0.609621942
-53.929706573,84.821640015,0.596524298
-37.173385620,46.030879974,0.548913717
34.050231934,18.705865860,0.905427992
36.676338196,-98.565193176,0.504572868
4.978250980,-59.095623016,0.570923388
-39.313076019,-73.972808838,0.579752684
-59.653034210,-36.124992371,0.572184682
-63.501979828,21.041778564,0.592381001
-76.959121704,6.687265873,0.489823639
-2.379153490,27.190744400,0.621647894
-35.164161682,61.859729767,0.566594183
-92.493377686,82.510513306,0.547340095
78.604217529,-15.777773857,0.569107354
-12.352379799,-57.647239685,0.592979074
37.539314270,68.116966248,1.406448364
-61.536144257,94.233154297,0.576700449
-94.595054626,-39.043312073,0.586946070
36.424671173,89.550384521,0.562455237
-33.552906036,85.175071716,0.728742778
67.852104187,83.267135620,0.511013925
-58.832672119,50.470260620,0.829586089
-86.116500854,-18.631879807,0.837357640
19.728786469,-81.943382263,0.588105321
88.480613708,-95.058715820,1.102941394
-89.453239441,-72.335861206,0.571340322
48.775680542,-20.161863327,0.968942404
10.726716995,18.135499954,0.764364779
39.960556030,64.594718933,0.641304135
-55.697078705,19.224227905,1.050109506
-4.641899109,-37.316394806,0.571068406
23.789432526,-2.761190891,0.518100619
17.617553711,-7.549489975,0.544536591
1.470191240,-75.950538635,1.183917999
69.175460815,-87.812828064,0.548077285
19.504459381,-20.552801132,1.058036208
-60.311862946,-11.549320221,1.259120107
-13.950078964,12.808177948,0.281639189
-55.072864532,41.589164734,0.587292433
68.278968811,39.531848907,0.984271646
71.396286011,-0.227528065,0.578930497
-99.415382385,18.562986374,0.576156378
97.294563293,-36.046936035,0.597295642
99.182525635,-68.362335205,0.566702724
-89.757690430,-33.563457489,0.557784200
-24.887325287,-16.289062500,0.778337300
6.853394985,-27.612871170,0.620033145
66.015808105,-50.323806763,1.128693223
18.260469437,33.326026917,0.773542225
-25.322378159,-58.769863129,0.584400237
60.064086914,-29.367280960,0.587367356
-48.420028687,52.460941315,15.108481407
-14.276559830,53.481906891,0.535070539
47.881092072,-96.478843689,0.753975570
45.332260132,-58.699600220,0.579592466
29.725469589,-36.041275024,0.574189425
5.666032314,9.110453606,0.506134450
68.751548767,-12.074033737,0.543848693
-98.110092163,48.467273712,0.834811926
17.609182358,56.252880096,0.451019019
-24.135980606,70.861946106,0.567228854
93.921005249,-71.031372070,0.629777610
88.366439819,-9.003430367,0.557453156
52.209014893,-97.401664734,0.562173605
51.407913208,-37.750518799,0.578751981
42.487781525,-68.612609863,1.074431300
60.967929840,-55.866004944,0.569074512
-5.540451050,-92.850952148,0.557123780
36.145011902,-80.882316589,0.548192739
39.923351288,-17.228509903,0.647607803
-8.333880424,-61.230464935,0.603094041
34.574268341,-84.748245239,0.562820733
91.421722412,16.480390549,0.567114294
-67.418571472,26.726320267,0.545092285
-2.946474314,48.194744110,0.585730016
22.641775131,-88.904953003,0.594446778
76.781158447,91.983421326,0.567997992
42.746494293,-99.234786987,0.582070708
-22.656454086,42.356685638,0.564358175
87.759063721,38.973617554,11.417514801
-28.080360413,-42.610870361,0.574185312
-90.220207214,29.401287079,0.539282501
-25.272552490,28.607770920,0.531954885
90.284675598,-31.130601883,1.047329307
-30.715913773,-71.107658386,0.550636590
-87.471954346,-32.492164612,0.559945941
70.054275513,83.630615234,0.545044899
-23.026823044,63.321910858,0.558084249
95.814811707,62.448101044,10.045365334
97.603668213,-94.598846436,0.556492329
-82.523338318,35.425022125,0.564602852
-9.157139778,-6.392004967,0.596136272
0.221358001,97.216117859,0.558931231
0.191906929,90.114669800,0.552798450
-88.105514526,77.928131104,0.548244298
-27.149511337,54.427463531,0.601793766
-30.839092255,19.573680878,0.587884545
-80.515693665,-76.261749268,0.592509568
-71.066596985,32.627895355,0.603381455
22.902326584,-76.213562012,0.474421114
17.744361877,-25.346832275,0.608969390
20.943912506,47.259838104,0.753225625
67.802093506,-39.075435638,0.564179540
-3.329877615,-19.041049957,0.605100334
97.347442627,13.245388985,0.572814524
-82.116386414,54.231956482,0.543493211
38.538558960,-48.244197845,0.588726878
-57.391204834,49.984428406,0.813826919
82.523666382,33.712837219,0.546778917
61.458324432,34.147457123,0.566307306
88.555625916,-65.077323914,0.586974025
-45.431526184,-55.140422821,0.565403938
97.858947754,76.174133301,0.663066924
47.486473083,-17.601644516,0.600577056
-38.985836029,29.285619736,0.579724014
93.098648071,54.167884827,0.496878058
-22.734817505,22.836643219,0.541595340
-92.562438965,52.816387177,0.579942524
-71.827873230,-42.991790771,0.560263276
23.767215729,-16.382806778,0.576599360
43.606647491,-52.757457733,0.569149673
-80.348129272,-8.803616524,0.529598355
-55.283779144,-63.569133759,0.562645435
79.211120605,31.116224289,0.551034868
56.374408722,89.484107971,0.647330582
-99.585716248,-58.215152740,0.559905946
84.147628784,-19.968811035,1.461503148
88.202751160,36.876369476,114.977142334
33.787483215,-22.021177292,0.650945425
-18.315965652,34.182949066,0.582647204
54.080169678,-72.112960815,0.583959281
76.558181763,44.594123840,0.542716205
73.400100708,-19.815439224,0.532158554
-72.573295593,-27.993373871,0.572662354
-74.387420654,0.779229462,0.549122095
-89.093772888,54.531284332,0.580013573
-27.775760651,-57.668380737,0.551763654
48.247013092,-94.874061584,0.745549858
-87.344703674,10.634869576,0.595054269
-87.637123108,6.491616249,0.626435578
93.297897339,-22.631179810,93.830703735
40.595359802,-36.227706909,0.560262680
69.462936401,97.321166992,0.570016265
59.358196259,21.886175156,0.598124146
97.325965881,78.010398865,0.777873874
63.122512817,45.894618988,0.563712299
-86.984367371,85.360511780,0.578325272
-90.242141724,83.865127563,0.551692009
-3.279166222,92.753067017,0.558333874
-87.666999817,-9.966582298,0.599280775
75.028167725,-28.533426285,0.590925813
88.483863831,-94.342315674,1.106878400
-25.726959229,-93.688529968,0.552238405
40.763114929,-19.911266327,0.580930412
-83.322349548,-8.407794952,0.546303749
17.937314987,60.961620331,0.521999896
-29.708217621,64.368919373,0.460642666
59.369621277,73.130729675,3.402169466
31.791507721,-46.401119232,0.578426898
96.761596680,89.789901733,0.527977407
-81.542671204,4.112437725,1.052080154
-86.715682983,39.580200195,0.570736587
33.083930969,-96.595817566,0.567994952
67.407836914,-60.130008698,0.824644029
-88.396659851,-52.045372009,0.572436690
66.007919312,-37.761833191,0.567153096
82.100524902,-31.689207077,0.579465568
22.550230026,47.081108093,0.699181437
94.153900146,67.358116150,0.583093286
67.326530457,-62.042278290,1.399206400
-85.629714966,-17.214502335,0.821185768
3.955512524,-39.805931091,0.575114012
10.429713249,14.728461266,0.733937085
-22.530197144,19.995182037,0.537080228
-18.823883057,-43.158817291,0.568288207
-47.405281067,-51.568786621,0.877469718
-90.230789185,-59.592620850,0.536548853
44.478633881,95.118484497,0.566517055
74.061088562,-34.882556915,0.566158056
80.799705505,42.902309418,0.571786880
4.892079830,-22.564840317,1.277981281
-88.599731445,58.504184723,0.611400187
89.517112732,13.094529152,0.560055256
34.189800262,-77.581222534,0.579182208
-17.079093933,-5.286966801,0.562862515
-68.205375671,36.028884888,0.590444803
81.699058533,1.323800445,0.581929922
72.883125305,25.439714432,0.559883773
-10.370582581,-0.995740950,0.626572371
45.727874756,-92.408248901,1.111446977
-32.813159943,35.007160187,0.607867241
37.788463593,-56.245258331,0.597261786
-60.588306427,65.563484192,0.610096097
18.946186066,-19.777702332,1.041311264
-77.789825439,-2.335735083,0.571636200
45.597858429,-39.558460236,0.575107336
68.896667480,-68.618598938,0.574994862
-67.887664795,-85.202079773,0.585426748
63.167568207,-43.208660126,0.573512316
44.973613739,-5.555602551,0.593107104
52.398578644,6.922019005,0.216311827
-87.137947083,-22.273853302,0.686026573
-12.875299454,-40.587215424,0.548379540
2.831026793,-76.852561951,0.773420572
-35.189102173,86.828666687,0.569293797
98.528907776,-7.340885162,0.768964648
-14.911695480,-5.739289761,0.585896432
2.101031542,-9.947617531,0.765123963
43.082450867,43.301197052,0.579520285
-75.248962402,-65.960639954,0.581966400
7.087360382,33.756343842,0.825794995
-28.121429443,78.505378723,0.635153711
-80.994056702,31.249921799,0.502866209
-66.792732239,65.555747986,0.609424055
7.361558437,5.742835045,0.596309662
21.389724731,41.060726166,0.497225225
90.710144043,49.634902954,0.593794644
-40.346675873,-10.708848000,0.577552974
-27.974678040,25.177330017,0.567614317
-21.565406799,-91.768684387,0.587979317
84.660110474,-18.753005981,1.287834287
88.856437683,44.544898987,0.488794684
83.663993835,64.653511047,0.594512880
29.379341125,-86.412193298,0.573635757
67.763153076,38.564479828,0.991169691
91.598304749,-71.555503845,0.542250872
-82.445289612,3.775996208,1.083501220
-28.013525009,92.054733276,1.069480538
40.754444122,-10.801185608,0.567856371
-61.558250427,-11.423718452,1.340499401
-6.742716789,-98.171485901,1.078394055
-48.556919098,-50.925659180,0.886366487
-23.795713425,-15.192335129,0.720686674
-46.493888855,-77.470748901,0.558101594
-72.264083862,37.640434265,0.594139934
91.177947998,-31.029127121,1.086897016
-71.442718506,-47.988437653,0.570593357
-69.564987183,-61.052070618,0.598374009
32.432102203,-23.014533997,1.220027685
-49.909141541,16.231582642,0.591038525
79.564788818,-95.114196777,0.568320811
19.343755722,34.399196625,0.790536284
-13.366185188,84.070350647,0.552751958
-65.962562561,-97.682838440,0.587876439
68.058700562,-20.844469070,0.790506482
65.979812622,99.074073792,0.567325294
-76.982650757,66.509162903,0.947853863
52.102535248,55.310966492,0.605190039
-12.099564552,21.821462631,0.595013678
-50.471591949,-93.669952393,0.592535615
45.554592133,-72.233390808,0.968440354
-40.072093964,-89.295448303,0.508058250
13.150582314,71.447052002,0.556637704
-85.427406311,-21.573537827,0.632810295
66.511932373,54.930660248,0.570334733
-57.261554718,-49.798126221,0.564549983
26.299602509,-52.173435211,0.568226218
-31.372758865,56.197090149,0.564628601
23.327808380,-78.655548096,0.550849319
-22.980497360,-60.407463074,1.120662928
9.094114304,89.776596069,0.586807609
-0.186653391,66.963615417,0.567288518
35.882457733,-7.823236465,0.751949549
82.840797424,94.559516907,0.587362289
89.380981445,75.703742981,0.587864757
48.096046448,83.419250488,0.581192017
-61.202930450,74.420928955,0.577252984
0.134284154,-70.934562683,0.607959747
-1.350064874,-92.236167908,0.575270891
81.269401550,-48.275333405,0.586842358
-46.604103088,-11.256192207,0.579382241
-62.170024872,85.283569336,0.564643443
37.919853210,35.768966675,0.567577779
83.368453979,-73.565483093,0.580907345
-47.946998596,33.311164856,0.545426309
37.638553619,66.739372253,1.095014453
45.526641846,-91.688194275,1.130363941
24.716323853,57.056991577,0.562341869
73.715896606,74.360229492,0.597829103
-61.194442749,-51.008247375,0.567005217
20.637950897,-6.672372341,0.544086754
-28.055723190,93.053489685,1.081353784
-57.055984497,70.216995239,0.581792474
21.078750610,39.079505920,0.598096609
54.774494171,-5.770606518,0.583599925
94.901329041,-3.916476011,0.606234014
-43.471221924,81.243568420,1.077940583
-3.397773027,85.697624207,0.450771540
6.198494434,-54.694210052,0.537639499
-31.219087601,96.416671753,0.553613245
-57.987667084,-27.509691238,0.573740542
-42.313396454,43.199787140,0.580971599
-53.657402039,66.349388123,0.566686034
91.720344543,-16.701713562,0.443186879
-1.316350818,57.352470398,0.656076014
-11.699592590,-86.092338562,0.997457147
8.739499092,4.439149380,0.605128050
-16.154293060,-42.101608276,0.567168117
-51.134368896,7.013577461,0.582334280
-68.695518494,-74.064727783,0.552824378
-1.903874755,-26.657102585,0.636406422
56.373767853,-21.617547989,0.545187831
81.627037048,-69.094512939,0.580617607
82.593559265,-64.939735413,0.595579684
-53.825740814,-57.006080627,0.565637410
56.730834961,-16.016035080,0.566141546
70.460884094,31.211051941,0.567092061
-78.442024231,-94.856590271,0.566393793
17.955463409,78.821281433,0.539230585
-55.295978546,-10.779195786,0.574198246
-91.043426514,-3.356742382,0.565229595
59.931972504,-4.133062363,0.545087576
-13.208657265,-51.159515381,0.561749339
6.926605225,68.060104370,0.593926430
9.703585625,-41.348022461,0.742853463
57.525806427,-78.047164917,0.576489866
-92.864456177,-60.260555267,0.553703129
6.098829269,-40.679046631,0.562167764
36.518527985,68.318946838,1.043129444
-36.470226288,50.307434082,0.594226718
-51.239318848,64.323089600,0.562238753
84.736579895,-20.019697189,1.507116318
-82.264801025,-19.145986557,0.605139077
-25.391965866,1.888366818,0.584607899
-0.378427297,74.989654541,0.608165085
23.885646820,-84.612091064,0.571497023
31.091747284,57.088562012,0.585241854
-69.035171509,-57.711040497,0.573027492
82.007614136,90.903266907,0.593493760
-80.869422913,85.341690063,0.584030032
99.872215271,-6.628548145,0.791104078
65.976753235,-61.213081360,0.895793259
-4.326529503,-77.718200684,0.853220701
39.832454681,-23.413682938,0.630596161
-70.757369995,-55.615604401,0.595366597
-73.759811401,-29.743196487,0.595931113
68.698677063,-7.156845570,0.556465209
33.823257446,91.118774414,0.590097010
39.262767792,-51.435142517,0.573985159
-83.771377563,64.477943420,0.577497184
-44.150604248,25.410947800,1.102698326
83.535758972,5.261278629,0.569111168
3.075687408,-23.448598862,0.760871768
-2.324682236,35.398105621,0.563802540
23.974885941,73.859680176,0.551999748
97.939743042,-16.149013519,1.155586600
96.018730164,32.942314148,0.603382409
48.161418915,-21.100259781,0.992545664
42.432067871,66.418067932,0.577443123
20.254953384,-76.237434387,0.515838504
16.845624924,-54.553787231,0.521950543
-16.602785110,-10.203825951,0.558311641
40.967483521,-15.906696320,0.693955243
0.786232710,-76.601661682,1.078241348
36.414436340,-87.532890320,1.112554550
-37.476139069,33.015594482,0.572593987
-39.750904083,-98.461898804,0.604006410
-11.327165604,29.954025269,1.578491807
69.346580505,77.900077820,0.592632771
-50.954071045,90.857139587,0.869399130
-25.569616318,-91.177871704,0.529370844
-38.180835724,-64.989257812,0.571267724
-45.711086273,10.963953972,0.595443070
19.105001450,-69.584350586,0.562480152
-21.350963593,24.155841827,0.584257066
4.817022800,11.576512337,0.611174524
82.915733337,43.340618134,0.601661384
-39.672290802,-3.754465342,0.548462033
-79.811798096,-40.419830322,0.551427186
87.579063416,38.695003510,15.769501686
98.275215149,-16.480894089,1.115228891
5.183490753,92.854583740,0.543739319
24.284557343,-8.353345871,0.605039537
46.138092041,24.978738785,0.567931533
93.893646240,91.089874268,0.574012458
59.398387909,-49.232990265,0.579285264
18.539903641,87.698440552,0.625237107
-99.678314209,-78.857131958,0.586370885
-6.389528751,29.285259247,0.540322781
-74.333580017,-33.030261993,0.560723603
-97.396255493,49.632301331,0.838461637
-59.639404297,67.603187561,0.579756618
12.212015152,27.466030121,0.588827133
-64.151451111,-62.931800842,0.570666075
-31.844007492,85.572105408,0.672242522
-75.429565430,4.673377037,0.588251293
-50.141494751,45.992980957,0.633897185
-37.957828522,97.079162598,0.561256945
2.387230158,-8.314956665,0.794470608
61.418483734,-14.750278473,0.596661866
72.264053345,96.085098267,0.607149541
-35.926948547,74.876693726,0.559711576
40.521358490,-31.056463242,0.575212896
96.397903442,79.748878479,0.621082962
-29.517839432,86.081970215,0.758722067
44.828186035,12.252331734,0.580677509
-44.987339020,-40.342044830,0.566697061
-29.406501770,84.412742615,0.767969787
12.878160477,67.674194336,0.597198009
-49.593391418,60.650722504,0.591147900
-99.127319336,9.816329002,0.586473107
75.313766479,-49.174144745,0.587446511
-7.175388336,65.252120972,0.532735825
-94.484001160,-76.413101196,0.593028069
23.223451614,-0.228569508,0.418495983
63.741535187,15.847112656,0.585769892
-88.766815186,97.340438843,0.570197642
-97.710212708,-6.166777134,0.935981810
-8.137296677,72.068122864,0.592464387
44.593402863,-71.666343689,0.980555296
-5.744578838,-77.835098267,0.887436807
91.152397156,-1.450020432,0.613498628
13.999711990,-54.825187683,0.583377421
-82.998710632,-37.642894745,0.585327744
77.231025696,23.629741669,0.586660028
-32.094741821,17.159086227,0.914800465
50.302051544,90.052185059,0.604486465
91.790771484,41.573390961,1.009413004
69.224060059,-21.789857864,0.743851602
66.199653625,24.330436707,0.759603143
2.846281290,-93.678596497,0.578031540
14.866892815,83.174179077,27.737512589
57.761837006,69.815162659,0.659514070
1.886952281,-42.082370758,0.571904778
84.391334534,11.246656418,0.573505759
-45.526199341,88.985855103,0.487176925
-62.807399750,53.112331390,0.594558775
-55.169818878,61.800048828,0.576647460
21.667343140,5.248430252,1.373051047
-3.422911167,-81.998023987,0.567508459
-16.075056076,-47.058841705,0.551782668
99.678413391,40.024234772,0.644724429
45.958274841,48.344062805,0.593610406
12.420345306,45.017021179,3.962690830
-64.663825989,47.979263306,0.585403800
-90.249031067,-16.985050201,0.905520737
12.506318092,-68.068931580,0.942032814
-53.686847687,-92.983276367,0.582385063
-81.446823120,-66.582740784,0.616659403
-82.794326782,-65.201507568,0.596831381
21.589025497,-97.171005249,0.602542758
8.831121445,-87.274131775,0.580509365
26.591112137,-34.669227600,0.571574628
-16.752603531,-99.312866211,0.573722601
85.094848633,53.326747894,0.803783536
-91.699394226,63.840023041,0.702349722
-8.108933449,-45.135169983,0.578572094
9.453657150,93.098007202,0.564062476
-12.389400482,-45.393333435,0.552622259
12.865914345,-56.508693695,0.710235298
-3.806594372,-28.678714752,0.504662395
-21.340478897,43.762825012,0.593041241
-78.619445801,10.157423973,0.589569688
-51.192485809,-35.379463196,0.557746649
11.079198837,16.471542358,0.846209645
-12.217413902,85.865447998,0.589672625
-73.108612061,-70.912902832,0.692050397
-12.547000885,-29.525730133,0.494670242
-10.503306389,31.413145065,0.544105470
62.688056946,-82.701049805,0.587188721
89.290740967,68.131546021,0.537863195
-42.603130341,51.795669556,0.496856093
-67.233383179,78.459724426,0.534622371
29.663959503,67.898780823,0.593783140
-15.033712387,67.149734497,0.547062874
-0.918093085,50.453304291,0.589146733
-99.480918884,-55.970008850,0.562404811
18.570688248,26.992076874,0.678868651
-78.530372620,-51.698081970,0.585163176
46.415279388,-43.948505402,0.561147213
36.440269470,4.578581333,1.112490058
69.430137634,24.033037186,0.774393618
11.330830574,-40.802753448,0.739992380
-59.585319519,-81.527732849,0.596518934
59.421195984,-25.835006714,0.597103238
-14.800271034,86.358856201,0.559652328
-58.947204590,26.958621979,0.574231744
-26.113599777,-99.262092590,0.601690412
36.924678802,-87.811141968,1.114826918
34.097492218,-8.644331932,0.605988204
24.325378418,26.955299377,1.159895539
27.730974197,1.597147226,0.573452652
75.033935547,77.623603821,0.575494170
54.427368164,93.246276855,0.501712561
36.358367920,56.482944489,0.921491742
-42.639934540,-89.141578674,0.499767840
-7.301568031,-98.763633728,1.093456268
52.140735626,-17.748519897,0.559901118
-29.493515015,-87.459083557,0.925843894
