x,y,rho
8.874915123,41.057075500,65.941711426
9.414788246,43.194221497,128.139022827
10.992991447,44.240253448,75.487922668
9.375373840,42.735569000,126.913490295
8.714147568,41.617855072,84.577972412
8.056430817,44.988647461,50.138206482
9.253048897,42.599800110,123.761016846
8.509905815,43.815364838,97.988830566
8.148802757,42.825134277,92.333129883
8.867234230,43.424774170,116.320304871
9.251895905,41.857242584,103.337585449
9.734519005,43.466205597,124.879798889
9.829217911,43.340343475,126.025993347
9.128378868,42.675132751,122.910583496
9.090240479,42.678321838,122.239593506
8.949554443,41.311592102,77.413368225
9.940127373,42.636093140,124.015426636
8.132502556,43.500656128,89.385391235
8.855401993,43.089817047,118.810531616
10.491791725,43.166854858,113.285415649
10.902101517,41.803047180,78.427398682
10.165042877,42.353061676,114.643875122
8.891903877,42.459022522,114.165283203
9.451148033,43.094039917,128.866973877
8.597551346,43.938701630,97.649490356
10.228363037,41.501628876,85.125183105
11.250952721,44.933761597,47.741451263
10.941480637,42.857948303,96.651008606
8.691947937,44.092323303,95.849296570
9.359523773,44.260318756,101.182250977
9.970975876,44.014511108,108.212677002
10.119067192,43.744445801,113.856506348
9.773200989,44.823741913,77.539596558
9.889613152,43.439861298,123.925056458
11.645851135,41.690113068,50.617794037
8.492216110,44.007270813,92.520278931
8.589577675,44.981494904,61.814353943
9.349081993,42.290416718,118.235687256
11.685643196,44.518386841,46.645500183
11.630259514,43.943916321,59.722122192
8.901474953,44.947937012,68.162940979
9.494697571,43.840328217,116.347785950
10.709952354,42.882862091,105.795059204
10.376780510,43.960079193,102.079605103
10.139126778,41.938472748,103.071243286
10.060938835,44.364257812,94.109718323
9.068133354,42.888237000,123.677726746
9.327547073,44.887138367,74.780258179
10.434995651,43.445335388,112.222267151
8.992784500,43.577121735,116.729301453
9.088368416,43.069702148,124.367546082
9.126854897,43.714305878,116.217674255
10.339291573,42.829574585,117.632537842
10.158707619,41.944812775,102.926498413
8.271443367,43.477264404,95.348045349
9.929374695,43.672904968,118.693382263
12.145845413,43.982353210,41.402187347
8.849878311,44.154888153,97.661201477
8.446793556,42.576290131,101.916961670
9.694458961,44.751216888,81.036994934
9.017946243,42.211433411,111.174942017
9.664248466,42.374393463,121.308853149
10.889336586,41.957942963,83.255249023
8.615232468,42.600051880,108.292533875
9.264668465,44.967407227,70.984672546
10.712121964,43.125423431,105.842727661
8.537264824,43.882236481,97.253295898
8.762485504,41.493103027,81.025627136
10.950730324,43.354816437,95.072448730
10.683559418,43.356601715,105.211685181
10.619531631,42.386848450,102.834037781
8.728458405,43.719467163,106.992820740
8.959291458,42.348323822,113.404983521
9.307168007,43.055351257,127.764396667
9.408706665,41.662921906,97.111732483
9.119082451,40.814468384,59.190670013
10.387931824,41.435813904,79.526443481
8.658317566,43.090038300,112.785354614
9.023138046,44.580886841,84.786285400
8.469843864,43.304924011,104.908721924
9.723418236,41.869781494,105.382751465
10.285977364,42.866325378,119.298377991
10.534491539,43.861377716,100.552902222
11.925936699,44.374401093,42.399982452
9.393519402,42.798492432,127.675315857
10.862360001,43.693138123,93.504447937
10.402832031,41.420917511,78.646415710
9.738374710,42.299842834,119.111679077
10.042625427,42.939723969,125.015129089
10.672879219,43.355091095,105.608879089
10.549028397,42.571453094,108.409301758
8.818254471,42.627822876,115.030960083
9.745680809,43.417026520,125.621925354
12.022009850,42.995616913,51.740592957
8.806756020,42.691890717,115.527351379
9.299104691,43.519355774,122.854804993
8.221903801,43.101135254,96.059394836
9.919207573,43.270053864,125.783172607
9.165384293,42.799949646,124.888717651
8.338640213,42.544551849,97.291717529
9.219839096,43.453922272,123.032226562
8.606518745,43.819072723,101.001350403
11.257184982,40.967887878,43.566028595
10.188959122,43.714782715,113.189033508
9.125264168,42.640602112,122.384262085
9.629819870,42.740081787,127.806877136
9.453687668,41.361869812,84.669853210
10.915032387,44.117492676,81.499206543
8.949336052,41.571449280,87.828620911
10.283765793,42.462085724,114.241287231
9.904653549,42.718544006,125.555053711
10.454239845,43.732624054,106.100799561
9.037103653,41.654510498,92.606124878
8.179762840,43.648254395,89.173210144
8.573841095,42.531055450,105.823860168
9.166386604,42.985305786,125.807983398
7.826420784,43.226650238,78.356163025
10.286591530,43.126296997,119.463073730
9.451814651,43.135272980,128.708724976
10.161746979,40.265281677,38.335990906
11.718612671,43.427967072,62.570800781
9.110292435,42.646919250,122.199241638
10.256443024,42.921768188,120.307128906
7.732016087,45.102367401,39.495155334
9.652159691,44.058044434,109.281181335
9.070651054,44.574249268,85.701408386
10.049044609,43.646717072,117.508216858
8.717447281,44.249019623,91.380844116
10.452519417,44.339717865,87.579139709
9.134613037,42.556846619,121.231956482
12.066617012,41.977855682,41.853366852
9.626750946,44.174766541,105.089340210
9.860425949,43.620826721,120.725311279
9.363251686,43.407928467,125.374374390
8.456173897,44.696002960,69.298507690
9.644536972,42.357696533,120.957458496
10.429083824,42.577152252,112.245971680
8.428442001,41.691154480,79.312232971
10.456474304,42.878299713,114.457237244
9.628998756,44.115615845,107.273628235
8.635874748,42.307193756,103.509597778
9.377820969,43.132225037,128.219696045
9.720529556,42.750984192,127.588241577
9.701074600,42.930568695,128.919601440
9.043096542,42.224880219,112.048248291
10.037217140,42.146957397,111.510910034
8.605345726,42.725582123,109.486053467
9.605033875,45.294597626,57.968955994
9.058000565,43.981132507,107.487709045
10.509888649,41.848926544,91.620300293
10.535953522,41.853992462,91.080619812
7.103528500,43.644191742,45.513015747
8.006810188,43.488807678,84.233200073
9.078689575,44.697425842,80.725082397
10.831210136,42.584487915,98.516159058
9.074863434,41.823795319,99.640960693
9.321778297,42.757518768,126.634277344
9.398007393,43.194576263,128.017410278
10.341221809,43.387527466,115.708061218
8.998557091,41.600082397,89.826774597
11.127232552,42.348423004,83.169631958
9.110406876,42.516685486,120.079627991
7.919631004,42.559898376,79.934669495
9.283044815,43.658229828,119.725776672
10.461157799,43.041645050,114.639801025
10.694549561,43.377838135,104.578742981
9.747018814,43.198802948,128.120285034
9.572047234,42.643024445,126.615463257
9.494967461,41.909862518,107.030151367
10.043142319,42.044750214,108.238227844
10.604331970,42.788414001,109.009284973
9.812195778,43.531711578,123.082138062
10.406015396,41.467250824,80.365066528
9.555797577,43.918052673,114.073486328
8.064595222,43.425155640,87.379508972
7.507136345,42.015365601,54.557861328
9.801331520,41.381156921,85.126289368
8.777190208,41.566040039,84.118331909
11.410835266,43.202102661,76.789375305
10.329991341,42.815196991,117.789283752
9.409269333,41.421398163,87.031806946
9.470863342,42.276382446,118.675529480
10.620624542,44.178974152,88.715515137
11.229279518,43.890426636,75.769065857
19.954021454,7.860739708,103.695793152
21.319337845,9.332929611,109.604759216
18.784135818,9.332118034,79.996955872
21.367195129,9.035562515,110.421653748
20.367622375,8.168988228,116.032028198
19.106140137,9.776934624,84.267845154
20.243560791,8.743169785,124.897125244
22.285396576,9.661137581,69.467880249
20.923500061,9.118698120,121.109649658
22.072669983,10.696226120,53.057083130
21.482179642,9.558860779,101.083168030
18.458072662,9.100358963,68.603652954
20.422567368,9.070590019,125.673110962
21.495721817,6.236959457,36.720806122
19.983364105,9.246541023,119.861312866
20.085828781,7.559730530,94.648139954
21.421638489,9.253508568,107.342620850
19.581571579,9.291453362,109.715690613
21.374261856,8.981928825,110.292114258
21.353240967,9.054896355,110.800399780
20.157445908,7.817215919,104.474952698
20.466745377,9.170929909,124.900085449
21.428508759,8.861529350,108.388481140
21.010089874,8.012024879,105.529052734
19.770046234,8.866247177,117.752563477
19.498046875,9.796884537,96.531913757
21.015806198,9.255732536,118.119499207
20.891578674,10.997679710,63.804279327
20.083810806,6.775195122,63.407955170
20.751976013,8.926033020,124.286453247
20.035156250,7.997806549,108.972351074
20.113485336,9.157975197,122.833999634
20.049858093,11.389090538,47.540130615
19.592170715,8.183519363,105.135910034
18.264055252,9.228120804,59.856750488
18.536268234,8.437182426,70.998535156
20.277004242,8.266908646,118.118721008
22.291547775,9.971031189,63.946746826
21.871812820,8.094218254,81.988731384
21.681268692,9.472637177,95.707084656
21.324081421,10.006075859,94.520339966
19.643911362,8.552318573,112.671005249
21.415271759,6.321017742,40.128330231
22.066003799,9.529768944,80.071914673
20.506971359,9.197144508,124.585250854
19.522739410,8.626692772,109.912887573
21.652959824,10.274658203,77.400032043
23.248899460,8.902711868,37.027072906
19.894123077,8.462402344,117.246177673
19.534633636,8.898781776,111.260963440
20.935407639,8.942394257,121.493133545
21.649021149,8.742421150,99.957466125
20.205224991,8.395368576,120.302482605
18.920040131,7.408868790,64.861831665
19.373517990,10.278064728,77.954040527
21.447935104,10.351600647,80.218261719
19.220462799,7.008011818,60.012012482
19.892618179,9.152455330,119.200691223
21.051364899,10.024608612,99.694061279
20.836954117,10.719305038,75.654006958
20.330068588,8.063557625,113.088684082
18.871456146,8.087665558,79.497573853
20.794794083,8.087916374,111.259315491
21.489418030,10.388964653,77.940994263
18.183088303,9.840688705,49.387805939
18.313070297,9.378135681,60.429931641
21.777545929,9.041492462,95.664505005
19.272985458,8.391205788,99.101356506
20.291028976,8.794391632,125.466819763
20.349779129,8.866753578,125.947990417
20.766155243,7.768063068,101.512763977
20.310655594,10.494897842,85.699943542
20.168029785,8.532800674,122.179443359
21.630872726,6.417451859,39.957660675
21.734054565,8.344733238,91.947067261
20.716604233,9.072957993,124.288757324
21.495143890,8.709041595,105.276435852
19.874649048,10.274482727,89.504867554
18.188501358,8.996971130,58.116394043
19.204750061,8.215063095,93.878471375
22.563932419,8.932041168,62.717449188
20.747745514,7.195073605,79.753005981
19.823631287,9.173193932,117.506210327
20.907432556,9.593523026,114.272720337
20.561302185,9.503641129,119.544471741
21.006456375,7.146896362,74.824172974
20.589681625,9.744539261,113.444717407
21.142555237,8.612777710,115.000122070
19.747049332,7.858324528,100.091049194
20.421621323,10.109716415,101.461311340
18.600872040,8.316744804,72.401947021
19.412872314,9.761593819,94.910926819
19.998365402,8.505998611,119.675086975
20.335725784,9.422029495,121.017272949
20.160285950,5.930493355,34.202606201
21.095987320,9.415679932,114.192649841
20.333133698,7.892600060,107.849258423
20.904455185,9.355872154,118.845054626
20.082641602,8.759904861,123.334739685
19.622518539,8.798047066,113.772926331
19.002244949,9.393955231,87.886795044
19.608306885,9.214739799,111.478858948
19.146711349,8.386578560,94.536376953
20.442186356,7.315936565,86.287178040
20.667823792,8.597489357,123.140747070
18.810319901,7.673393726,68.413932800
21.157794952,9.872192383,102.346984863
20.420766830,9.381398201,122.027648926
20.776517868,9.306259155,121.366500854
21.838659286,7.469638348,67.026634216
21.229135513,8.594627380,112.482353210
20.328416824,8.674386978,124.855354309
20.177528381,7.750440598,102.319786072
20.736015320,10.647579193,79.288002014
20.496541977,8.975251198,126.023521423
19.865375519,8.859162331,119.897445679
21.018840790,8.606393814,117.825561523
20.098871231,9.379900932,119.613273621
19.634670258,9.229133606,112.060287476
21.372997284,10.336585045,82.477203369
20.462293625,10.344233513,92.425148010
21.587085724,7.980423927,89.240890503
19.334735870,8.671672821,104.092605591
21.581611633,8.904349327,103.153343201
19.952016830,10.528880119,80.702468872
20.839580536,6.656042099,57.682842255
20.869834900,9.496677399,116.908020020
20.778284073,9.426348686,119.436271667
20.485399246,7.658240795,99.574180603
20.181970596,8.031021118,111.398483276
19.619934082,7.713568211,92.844184875
21.005165100,9.074532509,119.797447205
20.104509354,8.327299118,118.026107788
20.529253006,10.055830956,103.505447388
18.548460007,9.353512764,70.128746033
20.006963730,7.092050552,75.529907227
18.606971741,8.063853264,69.127403259
20.772184372,9.369699478,120.470146179
19.613693237,9.993658066,93.807159424
21.975658417,9.372723579,85.590393066
19.961273193,10.101056099,97.410499573
21.308071136,9.844043732,99.590530396
19.896211624,6.142082214,39.554466248
22.669466019,7.365758419,39.912136078
20.516906738,11.357381821,50.698944092
20.883251190,9.925883293,105.456398010
19.050277710,7.198969841,62.186103821
20.019971848,10.067386627,99.526947021
20.206426620,8.182000160,115.666496277
20.750642776,10.058571815,102.388000488
19.107734680,7.766093731,80.437438965
19.764005661,10.071274757,94.739738464
20.787496567,11.108790398,59.939395905
21.489120483,8.941541672,106.485107422
21.817752838,9.188133240,93.468536377
19.847753525,9.656611443,109.185134888
19.856348038,8.686239243,118.996330261
21.880458832,8.875354767,91.460166931
19.749534607,8.512298584,114.862861633
21.574466705,8.424096107,99.064155579
20.165803909,8.466343880,121.178680420
20.736600876,8.591146469,122.347557068
18.950839996,8.089455605,82.459686279
19.619886398,10.219956398,86.260910034
21.365348816,9.563896179,104.555007935
20.047317505,8.160844803,113.563636780
20.045158386,7.924756527,106.886222839
23.049875259,6.731315136,21.385192871
21.116683960,7.692084312,93.163368225
20.448331833,7.988634586,110.926803589
19.375045776,7.836440086,90.398574829
22.307661057,8.843647957,73.343902588
19.786973953,9.532423973,110.798965454
20.563024521,9.696670532,114.865188599
18.728418350,9.280240059,78.313743591
21.325370789,7.315038204,75.370994568
21.000869751,10.672818184,76.006317139
20.537817001,9.798042297,112.028190613
21.223245621,8.269130707,107.119377136
20.592441559,7.409641743,89.516838074
20.101371765,9.242324829,121.730636597
21.275775909,9.001248360,113.268104553
21.272659302,7.873730183,95.425788879
20.450977325,8.995916367,126.020065308
-13.419448853,28.964656830,78.738265991
-15.768056870,29.200174332,126.574752808
-16.188154221,29.371576309,113.148429871
-15.634095192,27.387495041,79.104553223
-15.327626228,28.861280441,131.058654785
-16.901462555,29.111688614,83.862304688
-13.779684067,29.700126648,90.657371521
-14.657113075,27.837326050,95.782333374
-14.792141914,29.327272415,128.202209473
-14.739995003,29.601451874,123.705375671
-16.628820419,29.137422562,96.294738770
-16.026910782,29.128738403,119.697517395
-16.166440964,30.491292953,85.848075867
-16.128011703,28.279880524,103.816719055
-15.194454193,28.101722717,111.812911987
-15.693703651,28.348857880,116.276359558
-13.857868195,29.964626312,88.592323303
-15.326509476,28.787605286,130.105911255
-14.328122139,29.584026337,113.248306274
-14.770987511,29.152629852,128.512390137
-16.957269669,29.066356659,81.246253967
-15.801529884,29.823877335,116.672180176
-14.257197380,28.520872116,107.351196289
-14.800655365,30.914701462,78.817222595
-15.936753273,30.860744476,76.601768494
-16.121625900,29.201782227,116.483650208
-15.280185699,29.190320969,132.739852905
-16.106718063,28.587638855,111.837692261
-15.936759949,29.505784988,119.637878418
-14.939004898,31.404766083,58.933742523
-13.898051262,28.668979645,96.652061462
-14.944170952,30.175941467,110.752609253
-15.238438606,29.109180450,132.844421387
-15.217465401,30.046098709,116.629592896
-16.117361069,28.853153229,115.385780334
-14.798606873,29.490270615,126.555671692
-15.029457092,28.809020996,129.755096436
-14.296504021,31.312690735,55.340930939
-14.862624168,28.985645294,129.568496704
-14.513299942,28.639690399,117.555648804
-16.018730164,29.211631775,119.810974121
-17.851837158,28.024871826,35.362041473
-15.617001534,27.825433731,98.482101440
-16.301683426,28.742074966,107.525405884
-16.912006378,28.772750854,81.867553711
-15.804309845,29.204227448,125.727905273
-14.114855766,29.351327896,108.345542908
-15.247978210,29.278276443,132.432800293
-15.041646957,28.162084579,113.342506409
-15.383815765,29.487573624,129.749069214
-16.639801025,30.044475555,83.661041260
-14.187664032,28.547447205,105.533752441
-15.510377884,28.300632477,117.346420288
-14.569659233,28.117599487,104.623451233
-15.491517067,28.319902420,118.136352539
-15.218086243,27.384593964,80.882522583
-13.942578316,28.214216232,88.712409973
-15.209145546,28.966299057,132.239730835
-16.031154633,28.291042328,106.939949036
-14.332641602,28.653181076,112.446090698
-14.997869492,28.377325058,120.021270752
-15.916221619,29.651069641,117.745941162
-14.338631630,29.003505707,116.742958069
-16.690959930,31.176778793,48.398574829
-16.125589371,27.637235641,81.504768372
-12.674615860,28.774789810,46.677085876
-16.730772018,28.495382309,86.265289307
-14.901494980,29.369134903,129.553924561
-16.120769501,31.001546860,67.407028198
-15.790619850,27.994136810,102.566139221
-14.308346748,30.507884979,86.556663513
-16.086532593,27.777475357,87.905746460
-14.238601685,27.131498337,58.736423492
-16.495662689,30.146268845,86.487075806
-15.324392319,28.914884567,131.628051758
-14.916223526,29.026048660,130.553787231
-16.567726135,30.454898834,74.823776245
-13.944025993,29.384155273,101.304580688
-15.223906517,31.518447876,55.019989014
-15.545473099,28.919244766,129.738906860
-14.904559135,30.650144577,91.347984314
-13.676269531,28.920249939,89.916748047
-14.960708618,27.800739288,98.376640320
-15.581016541,28.338531494,117.681953430
-16.275871277,30.860399246,69.331375122
-16.061326981,28.647216797,114.358985901
-14.903191566,30.476648331,98.656959534
-14.787924767,31.938177109,38.230789185
-15.343708038,29.437538147,130.663940430
-14.993439674,30.613872528,93.622032166
-14.761800766,29.062593460,128.211120605
-16.216527939,29.423265457,111.619949341
-13.867694855,28.768440247,96.737571716
-14.740096092,29.424970627,126.303833008
-14.405520439,28.374069214,108.376617432
-12.922392845,27.899662018,44.545589447
-15.634591103,30.116914749,110.994178772
-14.972307205,30.008808136,116.710861206
-15.765142441,29.104017258,126.727615356
-15.256808281,30.748083115,88.456047058
-14.578611374,29.975494385,111.316825867
-15.926966667,30.147705078,104.144477844
-15.043458939,30.567968369,95.895736694
-13.254980087,28.872056961,70.939956665
-15.675343513,28.314777374,115.570602417
-15.412619591,28.796796799,129.732162476
-14.909535408,29.034255981,130.503448486
-15.630639076,30.243408203,106.542007446
-16.206920624,29.611930847,109.364814758
-15.674982071,29.903190613,117.048500061
-13.883778572,28.875724792,98.511856079
-14.828007698,29.357616425,128.565078735
-16.068462372,29.419610977,116.750595093
-14.979919434,29.591693878,127.386138916
-15.467438698,29.273014069,131.211166382
-16.416650772,28.820709229,103.930511475
-14.713077545,30.071296692,111.117424011
-15.691354752,29.283536911,127.802352905
-15.040987015,29.380302429,130.921249390
-14.728266716,27.360744476,76.368179321
-15.318364143,29.417856216,131.019271851
-16.269371033,30.852807999,69.772132874
-15.107481003,30.742227554,88.575584412
-16.059562683,28.271522522,105.580612183
-15.044788361,27.500133514,85.637802124
-15.054074287,29.276041031,131.840103149
-14.253375053,29.879863739,104.813507080
-15.686517715,28.081325531,107.566215515
-13.556735039,28.386707306,77.664398193
-16.314563751,28.093967438,92.437438965
-14.151734352,28.659921646,106.339782715
-16.022745132,29.316513062,119.135871887
-15.475984573,28.500726700,123.359687805
-14.515048981,30.244138718,101.166213989
-14.283722878,29.945741653,104.104629517
-14.866415024,27.402935028,79.827560425
-13.599789619,29.480812073,85.709259033
-14.660883904,30.293785095,102.394081116
-13.835687637,29.597221375,94.518203735
-14.833494186,28.579597473,123.210563660
-15.235950470,28.324661255,119.524459839
-15.988980293,28.285247803,107.913154602
-15.425064087,30.227916718,109.382431030
-12.098065376,29.368322372,28.566978455
-16.617452621,30.443805695,73.481819153
-15.569824219,28.518213272,122.712944031
-15.059190750,27.938198090,104.871818542
-15.046576500,29.090446472,132.126419067
-15.170661926,29.560239792,129.095748901
-15.201547623,29.195159912,132.780776978
-14.984725952,29.594223022,127.387374878
-16.300521851,27.748830795,81.215377808
-15.330677986,27.746088028,97.173011780
-15.181509018,30.117568970,114.160507202
-14.661928177,28.130651474,107.025939941
-16.129302979,29.507123947,113.659011841
-15.670337677,28.862167358,127.203346252
-14.672133446,28.191535950,109.317977905
-15.670274734,28.378740311,117.532554626
-16.312170029,28.321744919,98.940979004
-14.591577530,29.230642319,124.403411865
-16.148200989,28.947721481,115.112014771
-16.907848358,28.445508957,77.840026855
-13.119465828,29.088579178,65.830543518
-14.537381172,29.113334656,123.112289429
-14.920870781,29.842081070,121.079170227
-16.373657227,29.147886276,107.154449463
-13.690175056,28.383321762,83.023780823
-15.835479736,28.871131897,123.773056030
-15.000016212,29.703741074,125.299858093
-14.001628876,29.678319931,99.968292236
-15.331092834,30.437990189,101.618766785
-14.564929008,27.683143616,87.718811035
-12.742671967,30.948743820,29.709665298
-15.437253952,29.556732178,128.232742310
-13.944681168,29.006622314,101.922676086
-14.538688660,30.283401489,100.302627563
-16.283866882,28.576490402,105.573143005
-14.347631454,29.639636993,112.938796997
-14.345243454,29.046255112,117.155738831
-15.558045387,27.180183411,70.410919189
-16.415040970,29.225889206,105.290092468
-14.444482803,29.710000992,114.502449036
-15.397281647,28.907051086,131.145095825
-12.265377998,78.432807922,129.905715942
-11.078012466,78.501037598,100.378211975
-13.963803291,77.082038879,69.359794617
-10.963798523,77.183441162,76.368827820
-11.718060493,78.086227417,120.930160522
-12.652316093,78.220466614,128.293624878
-11.261173248,78.161758423,107.253578186
-12.515876770,76.823799133,90.671745300
-12.275867462,78.885643005,123.923118591
-12.243412018,79.752494812,94.363540649
-12.427386284,78.653579712,128.001037598
-10.834053993,76.804588318,60.474010468
-12.938383102,79.780761719,88.858154297
-11.546428680,79.032981873,108.799140930
-11.649907112,78.681663513,118.250991821
-10.850960732,78.732360840,89.049530029
-12.242691040,78.513557434,129.339416504
-12.289693832,77.197586060,106.066154480
-11.711884499,78.224159241,121.795814514
-10.660642624,78.278945923,82.720954895
-12.061639786,78.601203918,127.078071594
-13.108115196,79.346740723,101.309082031
-10.577493668,78.339820862,79.111930847
-12.783036232,77.999572754,124.593360901
-14.374919891,78.176788330,69.288322449
-12.231559753,79.409355164,108.038215637
-11.522509575,77.938102722,113.669761658
-12.759380341,79.478507996,103.100814819
-12.656022072,77.844573975,123.919654846
-11.090039253,79.392189026,84.625656128
-12.463766098,77.760826111,123.618522644
-14.494438171,78.944305420,60.998470306
-13.378927231,76.391868591,62.339530945
-10.897737503,79.002571106,86.907180786
-13.621565819,77.140197754,82.289512634
-11.611596107,77.476631165,105.610900879
-11.186408043,78.971061707,98.590759277
-11.945960999,78.759292603,123.309875488
-12.291107178,79.235115051,114.318908691
-12.936637878,78.440551758,123.298103333
-11.730610847,78.917587280,116.108222961
-13.677544594,77.854187012,96.207466125
-12.229754448,77.946586609,126.932670593
-10.707899094,77.961448669,82.676681519
-12.644776344,79.124031067,116.286651611
-12.152025223,78.209327698,129.131881714
-13.239050865,78.656112671,113.296752930
-11.443461418,78.833694458,109.950225830
-13.260741234,80.091377258,71.072227478
-13.929135323,76.771911621,61.813934326
-11.522000313,78.580444336,115.749313354
-13.032055855,77.256027222,101.770111084
-10.161757469,78.471687317,60.818969727
-11.948356628,78.672485352,124.660789490
-12.047749519,78.894691467,122.073791504
-11.750133514,77.979377747,120.402343750
-12.774199486,76.613578796,80.002204895
-13.262862206,78.625709534,112.891822815
-11.437534332,78.953636169,107.429359436
-12.823249817,77.091430664,99.303634644
-15.259917259,79.506332397,30.249660492
-13.071786880,77.906135559,117.169181824
-12.350983620,76.949043274,96.136390686
-12.832340240,80.378074646,65.460586548
-11.977170944,78.713851929,124.506103516
-14.065052032,80.598205566,38.934982300
-13.905352592,80.276924133,51.045040131
-14.597613335,79.759963989,45.015258789
-10.864503860,77.530189514,81.847175598
-12.059977531,78.902084351,122.049400330
-13.296352386,76.905479431,83.430183411
-13.800274849,78.895606995,89.582115173
-12.567673683,77.790298462,123.673423767
-11.515789986,78.862670898,111.621856689
-13.238020897,77.153396606,93.620223999
-11.959296227,77.817016602,121.689880371
-12.383353233,79.930900574,86.902359009
-11.980229378,77.492332458,113.595184326
-12.321896553,77.401954651,113.559104919
-10.874035835,77.793022156,87.397293091
-12.275286674,78.662330627,127.889862061
-12.323307037,76.396049500,71.632743835
-13.928978920,77.902252197,86.560729980
-12.163125992,78.216819763,129.258453369
-13.439704895,77.006172180,83.370895386
-12.884115219,77.886123657,121.129524231
-11.969720840,78.028282166,125.342399597
-11.879850388,77.759948730,119.105461121
-12.738515854,78.006553650,125.372299194
-13.264925003,78.979721069,107.016914368
-13.296154022,77.832962036,109.543869019
-12.555677414,77.057220459,100.347976685
-12.807492256,77.643295288,117.448081970
-12.870712280,78.294670105,124.979675293
-13.282471657,78.134521484,113.396415710
-11.173889160,78.328804016,104.549774170
-11.337295532,78.701095581,108.432640076
-11.708396912,77.580139160,110.979904175
-12.377650261,78.488510132,129.746978760
-13.095183372,77.531768799,108.727951050
-13.972823143,79.850738525,61.479656219
-13.454960823,79.700820923,80.760627747
-12.950051308,77.492103577,110.833106995
-11.860038757,77.723411560,117.895217896
-11.914098740,78.021789551,124.337097168
-12.002133369,77.386413574,110.465080261
-11.651206970,78.842575073,115.718269348
-13.402208328,80.997535706,37.445652008
-11.942434311,80.645065308,54.165378571
-10.882289886,78.165763855,91.964149475
-12.894829750,77.951141357,121.904930115
-14.312585831,77.658767700,67.643623352
-12.235792160,79.880554199,88.832717896
-13.255330086,79.236656189,100.845085144
-13.735151291,77.768280029,92.711372375
-12.940197945,78.726409912,120.345069885
-12.025248528,79.316940308,109.745880127
-11.711720467,78.597770691,120.778953552
-12.092192650,79.943130493,85.286552429
-12.993483543,79.129325867,110.413291931
-14.290701866,78.765937805,71.023910522
-12.965806961,78.357170105,122.889923096
-11.442471504,78.519241333,113.714309692
-11.597370148,79.828361511,83.178199768
-12.093463898,79.525642395,102.729110718
-12.809118271,78.346389771,126.147201538
-13.005177498,79.397575378,101.891059875
-12.068466187,77.847366333,123.799087524
-12.327888489,79.396171570,108.773208618
-12.521825790,77.405670166,113.446800232
-12.350646019,76.374031067,70.724098206
-11.713787079,77.933273315,118.842796326
-12.951868057,79.230293274,108.352050781
-13.847721100,80.301696777,51.598854065
-12.962800026,77.831352234,118.547966003
-11.461333275,79.063293457,105.618026733
-10.031328201,78.143394470,55.061931610
-12.602964401,76.875282288,92.530540466
-12.814660072,77.633171082,117.078231812
-12.931324959,76.610412598,78.207458496
-10.821949959,76.937995911,64.210350037
-15.284760475,77.166175842,28.765098572
-13.086397171,77.205047607,98.891838074
-11.384254456,78.216758728,111.983619690
-12.457172394,78.964988708,121.962516785
-12.196545601,79.333168030,110.618324280
-13.592035294,77.807083130,98.816894531
-11.816590309,75.820045471,44.507324219
-13.857742310,78.855590820,87.881568909
-12.962806702,79.290710449,106.251937866
-11.673377037,77.156509399,96.270179749
-12.075901031,79.556297302,101.371620178
-12.335123062,77.377136230,112.744064331
-11.603167534,78.990028381,111.354049683
-11.939947128,79.070541382,116.286964417
-15.477170944,79.235534668,27.019151688
-10.674426079,78.791236877,80.839233398
-12.289828300,79.051040649,119.872093201
-12.144331932,79.006378174,120.334220886
-12.481086731,77.587898254,119.205001831
-13.486880302,77.356407166,92.782630920
-13.855600357,77.286857605,78.351593018
-10.721291542,79.108695984,77.772239685
-13.107584953,77.964210510,117.023231506
-12.369999886,77.699058533,122.328338623
-12.415040970,79.132202148,117.538894653
-12.518300056,78.690612793,127.041328430
-11.596066475,78.082466125,117.660118103
-12.197767258,78.045219421,128.089004517
-12.511086464,78.029869080,128.016510010
-13.011427879,78.528312683,120.973487854
-11.916012764,78.500907898,125.853874207
-11.983830452,77.616668701,117.271995544
-13.686292648,78.771644592,95.862525940
-11.794676781,78.404457092,123.921882629
-11.134522438,79.262298584,89.809783936
-9.801986694,78.153793335,46.169395447
-13.481406212,77.614463806,99.276390076
-13.048055649,78.830635071,116.040740967
-14.640625954,79.673149109,45.278621674
-12.721854210,78.107803345,126.671119690
-13.561901093,78.240371704,103.819313049
-12.469318390,78.232658386,129.845535278
-12.143498421,77.764968872,122.849685669
91.836738586,-22.763368607,111.938171387
92.831222534,-23.114515305,126.907554626
93.791580200,-24.334260941,87.391426086
91.877311707,-22.054475784,94.098800659
91.249671936,-24.621109009,72.369194031
93.550415039,-23.073495865,111.999481201
92.837783813,-23.403356552,126.898605347
92.763816833,-23.403808594,127.378456116
94.087997437,-23.709844589,90.053565979
92.571182251,-21.517248154,80.781082153
92.760063171,-21.079679489,62.190624237
92.627571106,-21.944280624,98.422988892
91.077209473,-23.158052444,88.218673706
91.148078918,-22.467241287,82.813705444
91.519683838,-23.027927399,105.075798035
92.450355530,-24.469900131,101.685852051
91.113189697,-23.822736740,85.922973633
94.473182678,-23.605180740,75.181869507
93.649772644,-23.368738174,109.246803284
93.609275818,-25.138607025,63.785099030
92.329360962,-22.362291336,111.704475403
92.569297791,-23.398151398,127.669097900
92.302093506,-22.162317276,104.874237061
93.030067444,-23.267673492,125.053268433
93.375610352,-22.723470688,112.519798279
92.945137024,-21.764665604,89.699089050
92.672264099,-23.033615112,127.055435181
92.089599609,-23.161581039,122.287498474
94.320312500,-23.954954147,77.207603455
91.598960876,-22.314935684,94.845886230
92.583786011,-23.215692520,128.020019531
92.687438965,-23.232574463,128.031295776
93.583084106,-24.150819778,98.820411682
91.720779419,-23.226728439,112.806304932
91.126113892,-24.684749603,66.761329651
94.599235535,-22.554227829,65.338241577
92.722496033,-22.073688507,103.211128235
91.691955566,-23.627300262,109.720184326
93.356002808,-22.421024323,105.966789246
93.245468140,-25.852935791,42.026786804
91.764472961,-22.834629059,111.001258850
92.376602173,-20.771465302,49.809913635
93.659111023,-22.753614426,104.674385071
91.615600586,-23.346992493,109.277839661
92.973754883,-22.183912277,105.343414307
93.613685608,-22.278707504,95.086555481
91.808639526,-21.899543762,87.136703491
91.352119446,-23.847610474,94.762001038
93.163322449,-23.461587906,121.984115601
91.726516724,-24.133245468,100.722839355
91.184295654,-22.779722214,89.520927429
93.993118286,-23.412090302,96.327178955
92.332206726,-24.784019470,88.235008240
93.645751953,-21.100391388,53.407196045
90.935096741,-24.375129700,68.542419434
92.052955627,-23.876014709,114.909378052
92.959899902,-21.697446823,86.815406799
93.741149902,-22.784099579,102.377845764
92.008621216,-24.431324005,97.857429504
91.935775757,-21.763629913,84.672698975
92.670806885,-23.758531570,123.302314758
92.548797607,-22.487077713,116.784652710
91.419700623,-21.896821976,76.956237793
92.889030457,-23.528039932,125.458427429
93.175399780,-23.093299866,121.918006897
92.388359070,-23.564407349,125.185752869
91.863693237,-22.655305862,110.634963989
92.200561523,-24.267953873,106.556076050
92.898414612,-21.982555389,98.737533569
92.684204102,-23.919797897,119.779243469
93.136451721,-21.374982834,71.634643555
91.280647278,-22.929492950,95.121887207
92.937637329,-22.150161743,104.553298950
93.723464966,-23.498405457,105.993873596
91.048034668,-22.505132675,79.669006348
91.897361755,-24.258436203,101.360092163
93.880905151,-24.222547531,87.649246216
94.135398865,-22.975851059,89.513900757
93.051673889,-23.004430771,123.430648804
91.094131470,-25.088085175,53.879375458
92.948104858,-22.743688583,121.055664062
92.815162659,-24.133230209,113.320953369
92.751472473,-23.393730164,127.492195129
91.775390625,-22.297723770,99.369400024
91.002273560,-22.722953796,81.337104797
93.116874695,-22.301984787,107.264640808
91.727241516,-23.210289001,112.982582092
94.903717041,-22.649621964,54.709579468
92.833129883,-22.772535324,122.720916748
92.818725586,-21.120798111,63.667736053
93.716186523,-23.397310257,106.844467163
92.984886169,-23.702493668,122.007575989
93.942405701,-24.717800140,70.910438538
91.127815247,-21.852981567,66.746734619
94.885673523,-22.843391418,57.261135101
92.845291138,-22.654428482,120.218620300
92.085494995,-23.140453339,122.115463257
92.771461487,-22.685131073,121.380187988
91.174552917,-23.818731308,88.416603088
93.577545166,-23.987289429,103.132682800
91.739189148,-21.269624710,62.213443756
92.770668030,-23.890613556,120.173103333
91.040184021,-22.582349777,80.727859497
93.431686401,-23.610456467,114.111709595
91.630325317,-23.336246490,109.802879333
91.896697998,-24.253789902,101.489112854
92.629341125,-24.363086700,106.157417297
92.979202271,-22.703702927,119.876045227
91.892921448,-24.679941177,86.536109924
94.293830872,-24.251966476,72.395286560
92.072608948,-23.098678589,121.625999451
93.331924438,-23.568012238,117.229675293
93.193344116,-23.712682724,118.366539001
91.761383057,-21.885379791,85.559867859
95.220993042,-21.615726471,29.677249908
92.874359131,-21.478260040,78.333114624
93.088256836,-23.788982391,118.919715881
93.198928833,-23.406087875,121.613883972
91.749435425,-24.210018158,99.201766968
93.534606934,-25.158227921,64.405822754
93.336685181,-24.941280365,76.425788879
90.611373901,-25.150543213,40.244159698
94.699317932,-23.507930756,66.275146484
92.819137573,-21.892440796,95.790756226
93.666732788,-24.703201294,78.741127014
93.601554871,-23.127515793,110.672973633
92.390876770,-23.287405014,126.964965820
94.012367249,-24.197662354,83.792617798
93.133438110,-23.321353912,123.232788086
90.935386658,-24.113948822,74.041923523
92.925765991,-22.014354706,99.702407837
93.733886719,-22.714483261,101.483001709
91.917274475,-21.510482788,74.506935120
92.947792053,-24.318061829,106.120307922
92.549644470,-22.415447235,114.746452332
92.740173340,-22.424831390,114.903640747
93.836242676,-22.911165237,100.651580811
91.874847412,-23.176240921,117.222961426
92.777717590,-21.452350616,77.734962463
91.106231689,-23.446517944,89.237731934
92.148460388,-22.976591110,122.080055237
90.294990540,-22.196771622,45.997646332
92.746299744,-25.156396866,72.983650208
92.371437073,-22.702733994,120.883209229
91.141105652,-23.308473587,91.082809448
91.675079346,-23.867681503,105.394264221
92.759292603,-23.128246307,127.440093994
92.261810303,-23.038900375,124.502166748
93.550529480,-23.590610504,110.858345032
94.164123535,-21.849481583,65.341369629
92.303848267,-23.949537277,117.186935425
91.068382263,-23.438264847,87.681686401
92.369117737,-22.532644272,116.902900696
91.222892761,-23.589088440,93.071403503
93.701293945,-24.042053223,98.044921875
91.970191956,-24.758636475,84.861076355
95.353126526,-24.059169769,37.687950134
91.432205200,-24.115547180,92.137535095
91.958259583,-23.581085205,117.707763672
93.557922363,-23.610019684,110.407875061
91.809730530,-24.763034821,81.759346008
92.754409790,-23.269157410,127.815864563
94.263481140,-23.219247818,85.357482910
92.633544922,-24.362350464,106.183326721
92.426597595,-23.750169754,122.707061768
92.362388611,-24.270952225,108.268104553
93.270881653,-23.454141617,119.727363586
92.532196045,-25.025741577,78.796836853
93.226196289,-22.824680328,117.823501587
91.893424988,-22.321575165,103.007110596
91.367790222,-23.333566666,100.232452393
92.461341858,-24.628871918,95.453926086
92.922256470,-21.609125137,83.482559204
92.800186157,-23.774717331,122.491416931
93.179573059,-23.205976486,122.323471069
92.760314941,-23.737237930,123.416717529
94.154525757,-22.855333328,87.524490356
92.203880310,-23.419700623,124.105621338
91.991683960,-23.919986725,112.647132874
92.091827393,-24.446008682,98.748687744
93.509826660,-23.602737427,111.956367493
93.286682129,-23.981822968,110.801963806
92.672187805,-24.022737503,117.117248535
93.452217102,-23.560115814,114.105903625
57.614135742,4.137280941,77.593902588
58.620674133,5.070599079,116.506774902
58.329227448,5.287253857,122.960105896
59.299198151,6.323128700,104.542785645
58.792221069,5.162862778,116.248847961
58.811298370,7.493815422,79.972045898
57.512821198,5.951323032,115.480621338
56.695789337,7.177546024,64.898429871
57.947093964,6.561563015,115.350631714
56.621780396,7.576523304,51.977283478
57.988136292,6.324641228,121.070068359
58.495826721,5.523513317,125.755538940
60.030799866,4.130937576,54.527469635
58.643722534,6.689629555,111.566940308
58.315151215,5.660813332,127.515884399
58.202320099,4.551347733,100.970794678
58.383136749,6.291701317,123.309104919
58.413608551,5.506707668,126.046188354
57.855281830,5.499687195,122.062301636
59.602752686,3.692348957,51.838542938
58.385078430,5.451229095,125.480384827
59.800815582,5.834475994,89.643394470
59.829933167,3.655093908,46.122146606
58.804592133,6.059041977,121.594703674
59.735542297,4.137635231,62.892852783
58.189971924,5.845044136,127.601112366
57.849212646,6.995561600,100.688804626
58.006324768,7.813746452,69.512260437
59.399185181,6.729817867,92.352760315
58.904308319,4.715288162,101.970855713
57.913909912,6.351735115,119.591278076
59.022563934,7.086167812,91.755538940
57.877567291,4.918830395,110.303405762
59.204113007,4.969357491,102.270401001
59.218318939,6.978720188,90.555763245
58.801158905,5.421404839,120.579833984
58.386089325,6.372449875,121.749488831
58.355194092,7.977280140,63.352325439
57.354335785,4.776315212,94.128738403
57.368110657,5.189404011,104.830352783
56.166076660,5.149333477,57.868659973
57.691722870,5.857498169,120.459091187
58.762809753,4.538767815,98.034332275
59.245059967,7.581226349,68.788139343
58.136722565,7.353355408,89.420455933
58.543998718,7.767715931,71.329208374
59.462291718,4.215079308,72.479110718
58.363636017,6.833308697,109.250778198
58.375553131,5.742100239,127.729263306
59.614772797,5.069129944,90.923316956
58.362522125,6.102609634,126.126930237
58.011215210,5.758854866,126.109718323
59.120029449,6.211821556,111.940818787
57.536289215,4.674860001,95.768409729
57.555904388,5.780232430,116.971290588
58.185066223,4.947026253,114.354492188
57.746856689,4.258944511,84.655281067
58.762863159,5.738965034,123.658218384
57.085220337,5.807604313,100.989692688
59.687629700,5.039048195,87.662551880
59.660144806,5.455526352,94.366607666
58.542835236,5.876734734,126.627426147
59.746532440,5.937417984,91.565139771
57.203105927,4.468013763,80.132812500
56.812088013,4.067013741,56.469322205
58.391143799,4.820609570,110.753349304
58.264194489,5.075124741,118.172698975
57.574222565,5.298138618,112.861679077
59.048591614,6.708128929,103.219451904
58.716178894,4.789161205,107.286514282
58.988639832,6.467880726,110.807945251
58.619655609,5.175363541,118.974678040
59.053867340,6.201802731,113.968200684
55.228149414,6.423436165,27.436506271
56.431266785,6.442545414,69.431480408
58.190937042,6.972595692,104.406600952
58.246845245,4.892369747,112.961380005
58.197654724,6.838790417,109.067634583
58.371253967,5.664649010,127.455848694
59.088562012,5.989343166,115.257148743
58.339080811,7.145043850,97.988067627
59.900119781,6.392310143,80.449272156
58.059047699,7.275895119,92.169708252
59.528125763,6.497880936,93.204658508
57.128929138,5.919655800,102.556518555
57.601333618,5.619971752,117.540122986
58.585063934,5.879143238,126.175979614
57.869831085,7.051937580,98.947364807
56.648876190,6.509167671,77.382759094
56.487525940,6.161581993,74.574630737
57.458103180,6.657287598,102.955467224
58.431461334,6.026690483,126.600418091
57.326728821,5.124413967,102.183052063
58.552223206,6.362554073,120.802803040
61.274105072,6.001842499,31.428501129
59.321044922,4.222050190,76.093017578
57.015117645,5.423489094,95.867805481
57.147579193,7.265383244,76.106636047
57.934787750,7.161165714,95.630653381
59.831790924,5.821763515,88.350440979
58.846805573,5.722884655,121.995857239
58.883445740,6.262325764,117.278739929
58.221359253,6.283954144,123.507415771
60.068702698,6.492000103,72.007804871
58.670806885,5.903753281,124.972236633
57.332332611,4.751687050,92.763717651
58.668365479,4.409592628,94.178756714
57.578678131,7.060495377,93.673782349
60.259239197,4.113028049,47.636283875
59.971656799,5.567545891,82.038383484
58.330001831,5.665572166,127.532516479
59.425552368,4.171307564,71.885696411
58.801170349,4.834113598,107.476188660
58.915794373,7.321780205,85.136077881
58.344589233,6.153139114,125.557342529
58.754558563,4.979390621,112.387886047
59.856647491,7.485452175,56.334293365
59.046791077,5.852269173,117.104423523
57.883113861,5.152493954,116.535583496
60.055843353,7.193398952,57.983985901
58.281345367,4.199053288,86.962829590
55.512996674,4.695557117,31.005971909
58.214385986,7.179673195,96.639556885
57.693351746,6.283799171,116.716369629
59.648189545,5.907520294,95.775207520
58.202560425,4.470220566,97.831138611
57.142532349,6.195083618,101.160392761
58.144100189,5.901515484,127.206123352
58.297729492,6.443128109,120.398933411
57.560321808,5.443403244,114.689338684
60.241188049,4.979197979,65.129463196
58.063430786,5.189597130,119.709007263
58.789787292,6.801376343,105.946884155
57.846794128,5.347569466,119.781127930
58.066024780,6.308817863,122.159492493
57.605613708,5.403024197,115.349372864
55.972812653,4.397238731,39.943752289
58.232563019,6.676847935,114.234840393
58.640083313,4.680215359,104.507232666
56.944751740,5.953663826,95.136947632
56.692203522,6.844910622,72.769775391
58.408905029,4.171663761,85.828689575
57.379055023,5.054672718,102.259346008
57.571815491,4.289051056,82.707733154
57.470344543,5.094582558,105.872665405
57.633720398,6.906940460,99.950805664
58.449836731,4.785726547,109.430938721
58.010387421,4.899426937,111.503257751
58.045001984,6.654493332,113.883827209
58.597278595,8.064584732,58.803497314
58.720935822,4.865389347,109.599342346
59.154747009,6.858915329,96.021949768
59.439174652,4.684742928,87.826057434
58.197368622,6.910795689,106.614288330
56.660278320,5.279567242,79.619117737
56.918071747,4.846413612,81.676879883
57.332550049,7.029553890,88.782318115
58.110469818,4.915628433,112.940521240
57.309402466,5.920650959,109.126670837
58.333873749,7.123058319,98.850593567
58.845024109,4.347186089,89.676925659
57.716026306,6.849056244,103.422363281
57.723926544,7.513556004,79.114418030
57.246719360,6.351597309,102.776145935
57.483791351,5.269388676,109.842636108
59.443588257,5.651916981,103.944702148
59.158458710,6.252274513,110.191528320
59.098873138,4.890795708,103.033927917
58.123432159,6.203236580,124.327026367
57.495933533,7.408483982,79.356018066
57.567779541,5.478980541,115.327568054
57.338447571,3.635675907,53.614028931
60.141925812,5.574645042,74.721656799
57.897090912,5.580268860,123.572158813
59.764869690,4.813877106,80.231651306
59.024574280,5.355195522,114.715126038
57.748336792,6.346042156,116.819328308
59.333248138,5.265080929,104.203376770
57.576156616,4.609888077,94.508666992
59.448513031,5.203727722,99.274528503
56.495876312,7.188936234,58.033729553
56.975147247,6.558444500,89.304740906
58.528434753,6.066899300,125.521545410
57.760631561,6.144575596,120.093475342
11.941132545,85.707366943,82.668495178
15.165922165,86.003356934,78.333404541
11.589371681,84.135116577,61.666568756
13.421116829,85.606262207,126.784927368
13.502259254,84.626113892,127.384300232
14.204212189,86.283477783,99.941925049
13.376618385,85.848258972,120.605117798
11.029861450,84.181816101,42.888023376
13.287652969,84.630760193,125.739486694
13.941710472,86.133079529,109.782997131
14.115581512,84.497100830,119.767486572
12.086144447,85.676292419,89.097755432
11.770735741,85.772361755,74.640327454
13.420463562,83.943489075,106.327011108
13.896169662,85.116455078,130.455993652
13.572315216,85.035102844,132.242034912
14.028436661,86.043762207,111.663002014
14.105527878,86.131462097,107.354568481
13.564772606,86.737785339,86.511672974
14.180022240,84.575630188,120.100387573
12.515017509,85.325126648,110.016677856
12.302391052,84.145950317,88.129386902
13.847999573,84.511436462,123.954620361
12.675596237,85.084854126,116.268104553
13.681590080,84.913490295,131.407333374
13.231365204,85.973968506,115.329421997
13.951339722,84.895904541,128.829742432
16.073234558,85.313156128,49.526943207
14.740917206,84.558349609,102.900428772
12.245971680,84.327568054,90.658096313
13.340902328,84.622718811,126.179077148
14.945298195,84.999282837,99.005828857
14.070381165,85.072845459,127.672798157
13.175357819,85.157325745,128.823348999
15.322963715,84.351379395,76.028343201
14.375903130,84.093322754,102.795845032
13.149285316,85.122909546,128.409896851
13.935287476,86.602455139,90.835357666
13.558829308,84.275711060,118.624313354
14.258954048,84.755157471,121.171585083
13.847594261,85.003105164,130.797760010
11.665455818,85.627624512,72.279212952
14.192279816,86.045928955,108.575126648
15.409375191,83.924224854,64.097007751
14.125419617,85.528625488,122.985275269
13.189829826,85.516433716,125.852256775
14.108559608,83.900642395,101.428489685
13.855134964,84.201339722,115.218475342
12.957056046,83.344581604,75.861480713
13.135551453,84.915756226,127.342971802
14.158768654,85.120223999,125.837554932
12.066623688,85.981475830,82.342605591
13.490325928,85.607696533,127.111465454
14.574848175,86.541931152,81.533699036
15.570138931,85.047088623,71.273490906
13.920036316,84.040969849,109.083511353
14.670512199,83.934440613,89.624954224
11.803660393,85.949714661,72.815437317
13.087215424,85.896934509,115.475433350
14.016986847,83.489326477,85.821723938
10.889232635,84.022727966,36.561252594
13.625403404,83.897552490,105.161788940
12.956151009,83.660385132,88.980377197
13.778790474,85.210151672,131.425460815
13.127519608,86.516395569,93.384742737
15.106627464,85.684593201,87.030387878
11.809141159,84.014640808,67.096748352
14.016042709,84.490768433,121.359931946
13.121820450,86.018295288,112.325401306
14.119787216,86.433479309,95.565093994
13.179702759,86.494552612,94.972335815
13.054780960,86.618820190,87.983444214
13.714746475,84.258819580,117.941314697
11.977692604,84.817855835,87.598381042
13.352679253,85.976989746,116.508171082
13.498321533,84.686897278,128.481216431
14.685949326,84.894500732,108.947196960
13.032670021,85.693939209,119.618301392
13.119084358,85.778129578,119.254539490
13.011995316,84.896369934,124.672042847
13.761089325,84.745201111,129.084869385
13.595460892,85.934799194,118.813812256
14.019514084,85.600296021,123.701766968
12.973482132,85.972160339,111.024955750
14.278474808,86.123748779,104.087417603
12.882546425,84.946868896,121.879295349
14.242445946,84.510513306,117.344848633
13.382789612,87.045135498,71.913040161
15.560672760,86.359268188,55.395957947
14.547497749,84.100074768,98.403198242
14.121474266,84.760208130,124.381362915
12.550340652,84.610321045,107.429450989
13.724576950,84.571975708,126.179008484
13.058113098,85.911369324,114.523971558
13.753018379,85.352783203,130.587890625
13.720784187,84.443626404,123.188735962
12.238340378,85.429893494,98.473457336
13.101875305,83.108543396,67.788627625
13.216344833,84.027107239,107.478637695
14.307562828,85.640953064,116.576606750
14.105805397,84.454284668,118.957260132
14.340463638,85.438980103,118.985000610
13.199057579,84.665992737,125.163223267
14.501620293,84.645721436,112.621109009
13.912569046,86.153282166,109.397613525
15.518255234,86.783203125,46.571998596
14.509735107,83.613418579,82.591659546
12.919863701,84.571243286,117.697120667
15.262062073,84.420013428,79.690460205
13.995079041,85.220191956,128.754119873
12.673785210,85.501152039,113.594116211
14.007207870,83.863555908,101.410545349
14.831789970,83.032814026,54.208515167
13.018155098,86.091300964,108.072639465
12.415654182,85.469596863,104.984329224
12.312551498,85.026306152,102.815483093
11.295139313,84.276756287,53.262451172
12.065990448,84.717567444,90.306213379
13.193680763,84.445663452,120.307327271
14.406825066,84.232444763,106.206962585
14.243298531,86.748603821,80.278457642
13.747976303,84.261657715,117.882263184
12.359573364,84.409545898,96.676582336
14.313554764,85.274917603,121.348396301
14.545707703,85.889656067,103.796356201
13.749722481,85.592819214,127.040283203
15.464158058,86.534980774,54.481735229
13.306166649,86.109008789,111.597648621
14.194763184,86.255714417,101.169204712
14.280529022,84.145156860,106.684028625
11.989227295,85.691955566,84.889137268
15.511530876,84.343666077,68.134254456
13.420822144,84.083580017,111.576644897
14.786741257,82.814163208,47.638050079
11.345252037,85.494346619,60.332504272
13.526568413,84.639701843,127.728500366
13.307817459,85.656318665,124.768196106
13.195108414,84.022399902,107.018859863
12.681549072,86.007667542,102.667411804
13.084170341,83.734046936,94.142608643
13.711090088,85.624320984,126.630630493
14.937872887,85.337234497,98.444633484
12.949200630,85.593338013,119.802040100
14.336087227,85.080421448,121.311477661
13.564312935,85.379463196,130.856048584
13.539055824,85.369438171,130.927429199
12.586998940,83.968887329,91.810646057
12.772800446,85.761535645,111.752738953
13.867710114,86.159568787,109.645492554
13.422221184,83.975685120,107.579475403
14.753465652,85.100563049,106.979652405
14.892367363,85.717277527,95.220993042
15.797531128,84.899551392,61.069175720
14.509635925,86.010688782,101.544769287
13.053786278,84.946846008,125.974945068
12.147173882,83.570533752,65.659492493
13.735481262,85.912338257,119.071922302
14.246935844,85.459350586,121.224067688
14.471929550,84.529632568,111.507125854
13.336379051,85.856849670,120.018089294
14.042031288,84.909141541,127.471656799
14.929706573,83.827323914,78.204437256
13.090233803,84.835929871,125.714439392
14.425447464,85.121711731,118.632286072
12.347420692,85.633331299,100.095397949
14.696458817,85.858634949,99.527084351
14.228067398,83.245010376,72.890068054
12.709025383,85.601409912,113.128067017
13.554023743,85.641883850,126.561645508
12.342569351,85.057830811,104.094688416
12.219131470,83.165649414,54.177288055
13.904691696,85.961914062,116.039833069
13.854528427,85.086334229,130.934310913
12.046897888,86.125434875,78.103050232
13.564867020,87.078887939,70.836906433
14.551226616,83.114204407,62.536563873
14.363962173,83.722793579,89.950691223
12.849416733,84.868568420,120.338981628
13.514849663,85.516891479,128.855438232
12.586056709,83.968635559,91.775688171
14.209517479,85.106079102,124.657821655
13.783285141,82.925643921,62.771289825
13.431775093,84.228599548,116.603073120
12.688285828,86.041259766,101.854492188
-86.888458252,-83.667037964,94.896919250
-86.123802185,-82.123847961,125.420738220
-86.676803589,-81.339996338,90.963264465
-84.342941284,-83.455589294,80.459091187
-86.037872314,-83.352813721,120.239753723
-87.478172302,-82.271125793,86.385955811
-85.059196472,-80.562278748,62.377353668
-86.690200806,-81.237907410,86.713104248
-84.450431824,-82.376289368,95.460578918
-85.190628052,-81.700866699,108.065917969
-83.818687439,-82.096328735,65.570556641
-85.852928162,-83.440307617,117.934387207
-85.487464905,-81.549972534,108.032600403
-85.548179626,-83.354064941,118.332221985
-85.703712463,-82.703292847,130.953308105
-85.528053284,-84.235984802,84.054435730
-85.241996765,-81.978713989,116.635139465
-85.347938538,-82.577903748,126.213577271
-87.598724365,-82.593460083,83.135108948
-84.732070923,-83.434265137,95.599792480
-87.782058716,-84.114700317,53.532581329
-85.478759766,-82.201263428,125.377853394
-84.906494141,-82.629402161,113.880851746
-87.293113708,-83.392646790,88.414703369
-84.973945618,-82.433647156,115.759803772
-85.142959595,-82.139350891,117.422630310
-85.997749329,-82.748146057,131.054992676
-83.935684204,-82.159469604,71.219696045
-85.921379089,-82.118721008,126.624465942
-85.569885254,-84.731498718,62.485130310
-85.142700195,-80.753204346,71.278709412
-86.573066711,-81.120101929,84.528205872
-86.049659729,-82.280670166,128.743194580
-84.722427368,-83.294143677,98.704574585
-84.550292969,-83.788360596,79.024215698
-86.667945862,-83.167663574,114.217086792
-85.130783081,-82.915016174,118.896186829
-87.312759399,-82.790672302,95.436859131
-86.577011108,-81.842849731,110.365470886
-86.136024475,-82.503364563,130.060852051
-86.198257446,-82.140197754,124.868255615
-85.976379395,-82.248939514,128.722198486
-88.386177063,-82.476890564,49.088214874
-85.378875732,-82.773422241,126.205894470
-85.123397827,-81.835533142,110.319702148
-84.488571167,-82.469329834,97.502174377
-87.706588745,-84.859642029,36.168445587
-87.394630432,-82.612045288,92.164726257
-85.950096130,-82.297897339,129.520355225
-86.418037415,-83.310630798,116.770034790
-85.237739563,-81.918212891,115.108558655
-86.049438477,-82.612617493,131.109451294
-85.388473511,-82.069793701,121.520195007
-86.936767578,-83.293716431,103.397193909
-87.023330688,-83.081047058,104.240844727
-84.980453491,-82.027870178,110.795799255
-86.890884399,-82.061874390,106.348396301
-85.706947327,-83.068069458,126.764694214
-87.199249268,-82.748962402,100.325027466
-85.112846375,-84.737236023,57.122417450
-86.188911438,-80.319854736,55.761737823
-85.120155334,-82.314308167,119.195747375
-86.529975891,-83.252471924,115.864120483
-85.876075745,-80.971275330,85.828361511
-85.327201843,-83.446296692,111.961585999
-84.616004944,-82.866737366,101.567428589
-84.095443726,-83.140739441,76.032463074
-86.796051025,-82.399513245,114.477333069
-84.810462952,-81.536697388,93.038475037
-85.633598328,-83.562232971,112.652847290
-86.298126221,-84.592422485,68.630149841
-86.705909729,-82.752593994,118.155288696
-85.403785706,-82.913597107,125.288894653
-85.849769592,-82.970329285,129.023864746
-85.041763306,-83.473251343,104.285003662
-84.955238342,-80.613258362,62.767486572
-85.319999695,-83.101234436,120.569526672
-86.329055786,-81.364303589,98.834274292
-86.919380188,-83.527946472,98.110267639
-86.957237244,-83.852653503,86.867332458
-86.837608337,-81.784233093,101.376541138
-84.690505981,-83.271209717,98.048202515
-85.585456848,-81.814987183,117.796440125
-85.692222595,-83.529083252,114.286834717
-87.263191223,-81.563713074,80.632995605
-85.296607971,-81.997184753,118.214630127
-86.900436401,-82.339164734,110.322494507
-85.163787842,-82.260108948,119.743125916
-86.537811279,-81.561882019,102.345123291
-87.320419312,-81.645401001,80.802879333
-84.711730957,-81.001808167,72.261894226
-86.135276794,-83.573570251,112.590400696
-84.998908997,-83.273353577,108.428329468
-85.748794556,-82.891601562,129.733673096
-86.694862366,-82.253143311,115.942802429
-87.184806824,-81.981933594,93.966819763
-86.759719849,-84.305870056,74.563491821
-85.842895508,-82.142509460,127.167747498
-85.215850830,-81.755783081,110.251953125
-88.146430969,-83.579284668,51.888656616
-85.686134338,-81.055137634,89.411338806
-85.009040833,-80.672798157,65.974624634
-86.317726135,-82.299720764,125.626586914
-86.892761230,-82.978492737,110.240768433
-86.528083801,-83.208129883,116.902290344
-86.186241150,-82.571418762,129.715133667
-85.770576477,-82.030685425,124.676055908
-85.652801514,-82.918182373,128.706008911
-86.315368652,-82.881271362,126.498161316
-86.241828918,-82.083168030,123.101715088
-84.927261353,-81.300094604,88.384498596
-86.590492249,-82.104766846,116.332901001
-87.187469482,-82.200965881,97.680847168
-84.710113525,-82.723731995,106.341827393
-84.720153809,-83.712707520,87.035102844
-86.681434631,-82.709953308,119.039863586
-84.770576477,-82.991569519,106.086242676
-86.246337891,-83.565765381,111.752403259
-85.589904785,-81.327445984,100.453308105
-85.092109680,-81.877487183,110.596664429
-85.999763489,-83.137451172,125.786766052
-85.115539551,-82.606048584,120.499298096
-85.966400146,-81.675895691,114.258659363
-85.990577698,-83.411918640,118.698852539
-84.883598328,-82.493423462,112.986701965
-86.829818726,-83.687042236,95.905334473
-85.697380066,-80.236732483,53.948944092
-86.185607910,-82.910415649,128.046630859
-84.269020081,-82.631423950,88.001968384
-87.241256714,-84.146934509,68.875579834
-84.566123962,-81.907783508,94.086601257
-84.966659546,-82.631896973,115.900131226
-86.519500732,-82.791305542,123.036079407
-85.656753540,-83.412452698,117.771339417
-85.231338501,-83.833732605,96.425537109
-86.125549316,-82.778144836,129.929718018
-86.483810425,-84.779647827,59.076175690
-85.344917297,-83.329887390,115.693962097
-84.467079163,-82.916122437,94.909942627
-86.334144592,-82.482620239,127.079475403
-84.739349365,-83.137550354,102.555976868
-84.778053284,-81.133834839,78.656356812
-84.802467346,-80.947708130,72.481391907
-84.500144958,-81.059257507,68.517921448
-84.188461304,-82.366073608,83.932144165
-86.222015381,-84.836380005,58.656490326
-87.115524292,-83.022422791,101.561988831
-86.174522400,-82.726936340,129.679779053
-86.793548584,-84.169914246,79.265075684
-85.923011780,-82.763557434,131.210891724
-86.600341797,-83.316291809,112.667739868
-86.732948303,-82.970664978,115.500160217
-86.649093628,-81.314262390,90.632408142
-85.551788330,-83.546455383,112.313743591
-86.073234558,-83.754425049,106.332443237
-84.780616760,-81.189956665,80.709426880
-84.540786743,-83.718833923,80.820777893
-85.884056091,-82.975708008,128.967376709
-85.230773926,-83.582046509,105.556213379
-86.468681335,-82.987358093,122.210678101
-85.639503479,-81.880012512,120.124534607
-86.121513367,-81.910171509,120.372543335
-84.970710754,-82.787353516,115.312355042
-87.038444519,-83.745330811,87.971176147
-85.201065063,-83.050361633,118.739410400
-87.505416870,-81.961189270,80.643051147
-85.663230896,-83.980110168,96.492446899
-84.613365173,-81.737503052,92.072624207
-85.654045105,-83.848457336,101.938796997
-87.195121765,-82.881210327,99.795600891
-87.506706238,-82.169059753,83.909240723
-87.203613281,-82.409225464,99.337875366
-86.080917358,-81.862358093,119.409095764
-86.730735779,-82.300407410,115.492073059
-87.187629700,-81.778587341,89.195922852
-85.907752991,-82.078292847,125.815277100
-87.113311768,-82.075057983,98.532119751
-85.486587524,-82.210441589,125.637718201
-85.480155945,-82.767601013,128.040115356
-84.551490784,-82.730041504,99.914497375
-86.531959534,-82.632865906,123.231254578
-86.743309021,-83.038139343,114.271118164
-85.970031738,-82.953697205,129.144638062
-85.593391418,-80.628379822,70.207679749
-95.385368347,67.596267700,95.363479614
-96.460029602,65.936950684,119.293342590
-96.334495544,67.376861572,112.035827637
-98.104438782,65.490806580,58.484790802
-95.853981018,66.299873352,124.212623596
-93.988594055,66.971649170,58.747959137
-96.618515015,64.946365356,85.510734558
-96.296882629,65.220748901,99.525459290
-95.489570618,66.685073853,117.083511353
-95.636291504,68.603149414,62.275897980
-96.863784790,66.331565857,116.545013428
-97.168838501,66.443367004,107.659950256
-94.363044739,67.092689514,72.172721863
-96.070808411,66.775596619,124.762405396
-97.167175293,66.130233765,105.443305969
-95.871070862,66.623390198,124.498336792
-97.486938477,66.851593018,94.203765869
-95.677124023,66.146919250,120.235458374
-95.952148438,65.040473938,92.666023254
-97.436119080,66.658653259,97.496543884
-96.624046326,66.512413025,122.354095459
-95.116828918,66.350036621,106.596992493
-98.766990662,66.373313904,42.470962524
-96.437362671,66.289276123,124.340003967
-95.056587219,64.945442200,74.705574036
-95.712364197,68.094276428,83.310745239
-96.582260132,66.996299744,118.541343689
-94.990013123,66.734199524,101.008132935
-96.641418457,65.814445496,113.901794434
-95.212516785,67.116119385,103.160385132
-96.742790222,65.347496033,98.380966187
-97.237129211,68.185623169,69.539634705
-96.024269104,68.884201050,54.080673218
-95.400772095,66.963493347,111.389320374
-95.650047302,67.523117065,103.132751465
-96.922386169,68.683982849,57.209728241
-96.056625366,65.820571899,118.607772827
-95.653762817,67.616310120,100.144973755
-96.963874817,67.090835571,108.621765137
-96.672767639,66.017692566,117.375526428
-96.445800781,67.287513733,113.722007751
-97.065391541,66.716583252,110.477111816
-96.299736023,65.676757812,114.581176758
-97.169845581,65.321083069,86.911254883
-97.590118408,67.420135498,81.168823242
-96.197975159,66.682624817,125.790664673
-94.778129578,65.303848267,77.397811890
-96.897865295,66.778686523,114.848457336
-97.780403137,65.945259094,79.094841003
-96.881210327,66.853492737,114.487144470
-96.382133484,68.532119751,67.983871460
-95.018432617,65.670730591,94.366912842
-96.343635559,66.176383972,124.165550232
-92.649749756,65.013771057,14.632330894
-95.752777100,64.439537048,66.780853271
-95.963256836,68.433860779,71.764610291
-96.364776611,67.628524780,103.761047363
-96.022438049,66.101470947,123.652664185
-96.207977295,65.937065125,121.138916016
-96.582382202,65.193771362,95.612541199
-94.449516296,66.130889893,79.155494690
-95.662544250,65.647438049,110.325767517
-94.839332581,66.250411987,95.855033875
-96.047355652,64.694992065,78.709411621
-95.560340881,68.335472107,71.764343262
-96.825401306,66.065742493,114.736274719
-97.094642639,66.653129578,109.905204773
-95.892295837,67.229049683,115.026466370
-95.404846191,65.711456299,106.610183716
-95.731369019,66.195671082,121.670150757
-97.047355652,66.397109985,111.544883728
-92.154663086,68.839141846,5.895952225
-95.816490173,68.262825012,77.689537048
-96.001701355,66.470832825,126.089515686
-97.905891418,65.563865662,67.426338196
-96.739822388,66.631484985,119.726623535
-95.942337036,65.945030212,120.602615356
-96.545135498,66.357818604,123.337814331
-97.337730408,65.911331177,96.076644897
-96.337608337,65.275016785,101.280921936
-96.286560059,65.689163208,114.997940063
-94.720939636,66.280166626,91.276573181
-96.145866394,66.951995850,122.460899353
-95.399353027,64.787727356,76.341636658
-96.333106995,65.614936829,112.602531433
-96.101493835,65.987640381,122.128250122
-95.799247742,65.543510437,109.284675598
-96.524085999,65.932807922,118.364921570
-94.873725891,66.891975403,95.011680603
-95.587432861,66.237648010,119.346443176
-96.341041565,67.084968567,119.409362793
-95.178886414,66.539115906,108.756004333
-94.814674377,67.798126221,73.247604370
-97.621017456,66.954345703,87.768363953
-95.998924255,66.912254333,122.545166016
-94.840347290,65.603431702,86.779647827
-97.576591492,67.630157471,76.684524536
-96.954803467,65.837753296,107.133995056
-95.751701355,65.837867737,116.324363708
-97.548530579,66.558158875,93.194999695
-96.737808228,67.121826172,113.357948303
-96.462394714,65.835525513,117.112464905
-96.166320801,67.576126099,106.076118469
-95.048416138,65.430740356,89.431053162
-93.156616211,66.198196411,31.802759171
-97.108734131,67.412200928,97.279197693
-96.317993164,68.677688599,62.305229187
-95.108909607,66.325248718,106.233779907
-94.381011963,67.373085022,68.366142273
-97.185218811,67.412361145,95.021957397
-96.472808838,66.440643311,124.611465454
-95.825263977,65.644874573,112.497337341
-97.289665222,66.891754150,101.264602661
-97.344551086,63.948764801,37.162368774
-96.792427063,66.855064392,116.632469177
-96.226203918,67.791099548,98.328636169
-95.772567749,65.757659912,114.774375916
-96.395904541,65.087425232,93.671020508
-94.870521545,65.142868042,75.806205750
-96.876731873,66.363685608,116.376068115
-95.953964233,65.021316528,91.911628723
-96.861854553,66.789009094,115.685150146
-94.826599121,66.872970581,93.430381775
-95.982131958,64.961563110,89.620307922
-96.573661804,67.045463562,117.763793945
-94.875373840,67.413345337,85.452178955
-95.818252563,67.728569031,98.530769348
-93.074859619,65.930107117,28.652566910
-96.719436646,68.042449951,84.717712402
-95.720855713,66.636276245,122.276664734
-95.563949585,65.869483948,113.683265686
-96.991119385,65.746818542,104.048873901
-94.710372925,65.087326050,69.316947937
-95.457664490,65.966278076,113.038284302
-96.309684753,67.266921997,115.234611511
-95.112335205,66.866943359,103.962150574
-97.829437256,68.094932556,56.302845001
-94.646125793,66.615402222,88.220718384
-95.946060181,68.325416565,76.119209290
-95.009094238,66.494674683,102.877975464
-96.248657227,66.330429077,126.012649536
-94.779090881,67.563957214,78.451232910
-97.569740295,66.988609314,89.425758362
-95.092201233,65.017509460,78.022209167
-95.959281921,64.746925354,80.674919128
-95.826828003,64.440734863,67.308357239
-96.638069153,65.912902832,116.099395752
-96.665168762,67.975494385,88.031776428
-95.420806885,66.124397278,114.296188354
-96.889396667,66.285194397,115.550201416
-96.985435486,67.497047424,98.252593994
-93.959556580,67.577171326,49.858413696
-95.624633789,66.358337402,120.818199158
-96.361427307,68.269256592,78.862884521
-96.532257080,68.085067749,85.222587585
-97.087860107,66.227737427,109.138557434
-97.670379639,66.683204651,87.795722961
-97.220046997,68.189018250,69.816047668
-95.544044495,67.061363220,113.128845215
-95.673645020,65.431427002,104.134147644
-95.832199097,68.361053467,73.839141846
-95.947769165,65.506950378,109.479843140
-97.808662415,65.810638428,75.848068237
-97.718551636,67.354484558,77.710250854
-95.175155640,65.648284912,98.816604614
-95.342338562,65.947517395,109.716362000
-96.001937866,66.895927429,122.818641663
-96.400283813,66.942169189,121.649894714
-97.642051697,66.641441345,89.135635376
-95.991271973,64.477577209,69.481674194
-97.766014099,64.664443970,49.303771973
-95.542015076,66.647926331,118.605239868
-95.682365417,65.197593689,96.232978821
-94.817344666,67.506813049,81.184852600
-96.723281860,67.700027466,97.241477966
-96.207244873,64.747764587,80.804420471
-97.589012146,67.257690430,84.487457275
-96.060371399,67.405197144,111.325157166
-96.044692993,66.791641235,124.465583801
-93.832794189,67.920814514,40.201045990
-96.389144897,66.898941040,122.421272278
-95.461875916,67.285362244,106.127288818
-95.885314941,66.030433655,121.578262329
-95.959945679,66.043678284,122.429176331
57.314716339,75.243156433,64.582283020
55.427734375,74.430725098,124.564750671
55.465892792,75.195671082,106.314559937
56.680229187,74.571037292,101.232696533
56.502613068,74.663002014,105.623649597
56.805412292,74.533561707,97.184638977
55.783248901,73.425201416,117.768707275
54.059600830,73.974578857,87.949874878
54.890293121,74.062438965,117.757057190
56.771839142,74.175254822,101.325859070
55.216346741,73.149299622,108.124069214
54.201213837,75.335235596,76.404579163
53.854660034,73.067649841,66.496337891
53.318149567,73.686286926,54.959968567
55.289066315,73.598136902,120.385284424
55.568222046,73.181167603,111.680877686
54.717693329,75.820259094,73.860939026
55.297286987,74.910087585,114.104080200
54.794578552,75.615158081,82.958564758
57.145530701,74.233451843,85.982261658
54.531818390,74.089431763,106.831893921
55.678653717,74.242050171,126.365547180
54.653129578,72.479431152,73.599311829
55.793712616,73.992141724,125.777496338
55.633426666,75.029228210,111.753730774
54.156188965,75.013122559,82.722839355
54.888122559,73.607208252,113.119148254
54.805572510,74.092048645,115.537567139
53.725532532,73.434341431,68.333900452
55.115592957,75.266357422,100.934501648
55.782047272,74.697944641,119.605903625
55.637287140,72.953529358,104.050559998
56.538555145,73.156990051,96.450515747
55.105106354,74.184532166,122.465896606
56.576889038,73.801048279,107.186119080
57.141876221,73.430953979,81.142684937
56.296939850,74.006042480,116.891822815
57.178020477,74.216835022,84.665519714
53.754035950,75.090766907,66.272026062
55.549800873,73.449371338,118.972740173
56.854316711,73.671119690,95.795562744
56.231338501,73.234046936,106.315475464
54.795219421,75.813011169,75.550613403
54.844318390,73.417655945,108.150192261
53.923030853,75.632408142,59.639499664
56.029350281,74.240211487,122.544166565
56.606487274,72.673095703,79.665611267
55.090301514,73.910995483,121.468292236
54.082878113,75.313858032,73.081138611
55.612922668,73.679138184,123.506134033
55.867576599,73.249847412,112.460281372
55.676464081,77.429969788,24.574028015
56.236030579,75.670738220,81.907119751
55.276268005,73.250862122,111.925193787
55.941055298,72.660728455,91.258270264
53.324394226,74.734024048,54.733379364
56.272689819,74.836280823,108.330101013
55.659519196,75.980804443,75.176811218
55.544021606,73.448463440,118.941741943
52.624851227,73.955261230,32.210285187
56.463226318,74.009292603,112.108055115
56.755573273,76.297309875,49.375690460
55.458000183,75.233680725,104.973358154
54.045497894,75.033752441,78.242713928
55.694839478,73.781036377,124.704551697
55.467952728,73.846122742,125.381942749
55.322547913,74.201103210,125.487762451
55.457057953,72.846633911,99.761848450
56.048404694,73.394561768,113.909782410
56.679336548,73.968605042,104.680450439
55.758373260,71.953201294,63.181827545
54.374671936,74.942047119,91.952362061
54.897533417,73.469993591,110.654380798
55.353408813,75.366172791,99.704360962
56.005489349,75.312690735,99.012680054
55.363601685,74.215606689,125.812675476
54.428108215,75.180458069,87.805854797
55.739997864,74.046562195,126.344825745
55.969665527,75.449218750,94.457244873
55.416854858,75.665466309,88.274200439
54.779827118,74.424613953,113.364730835
57.640567780,73.512611389,62.069271088
55.876605988,74.879936218,114.325073242
55.493450165,72.502075195,86.149932861
54.575389862,74.583358765,105.220016479
56.522865295,74.786987305,102.550117493
56.777782440,74.074417114,101.224800110
55.839584351,72.483558655,84.900924683
55.948680878,74.615112305,119.367141724
55.048137665,74.646430969,116.576568604
53.815460205,74.753532410,74.029464722
55.931632996,76.113037109,68.141784668
57.044437408,75.509407043,66.834754944
56.448745728,74.649047852,107.510795593
54.449718475,73.667335510,100.473464966
57.458080292,72.546264648,51.214015961
55.181068420,72.583198547,87.050071716
57.082302094,73.436645508,83.589050293
57.175884247,73.588668823,81.973236084
55.127216339,75.280960083,100.585823059
56.570182800,71.286148071,33.463104248
56.082492828,74.602600098,117.359962463
55.841156006,73.344772339,115.300430298
55.659759521,73.604370117,122.150276184
55.842674255,73.800033569,123.861953735
55.009422302,74.166198730,120.602432251
56.433788300,74.291435242,112.428359985
55.077709198,74.338684082,121.171333313
56.701141357,75.597831726,74.083831787
56.838901520,74.539810181,95.834846497
54.622226715,72.636878967,78.531974792
55.428970337,72.593246460,89.626136780
54.846565247,73.832305908,115.169425964
55.147140503,73.674514771,119.697845459
54.303344727,74.233894348,98.231704712
56.627857208,73.454292297,100.551223755
56.357105255,76.665153503,43.203529358
55.539539337,74.653640747,121.397789001
55.828121185,74.972053528,112.271484375
53.912700653,72.945472717,65.777877808
55.774814606,74.889389038,115.047004700
55.761875153,72.337860107,79.209159851
54.807735443,73.207725525,101.831390381
56.020343781,73.240386963,110.322296143
54.950542450,75.087173462,103.953903198
56.966667175,73.589157104,90.400489807
56.056251526,72.120948792,68.230865479
55.829677582,75.192405701,105.273468018
56.158130646,74.103492737,120.381248474
55.242706299,73.355636597,114.395118713
55.452266693,72.450988770,83.860977173
57.241809845,74.566642761,79.312187195
55.528911591,73.382621765,117.300460815
55.561012268,74.800224304,118.175437927
56.642799377,73.098739624,91.786590576
54.657821655,76.080657959,63.084365845
56.767944336,74.710952759,95.817840576
55.492702484,74.926452637,114.795860291
54.358116150,75.534194946,75.285705566
55.595577240,74.793289185,118.321525574
56.277568817,73.870857239,116.675872803
55.455982208,75.224014282,105.305374146
56.657848358,72.230201721,63.018974304
53.938945770,73.056205750,69.328987122
54.737804413,72.883903503,89.980178833
55.903461456,73.538726807,119.122489929
56.837474823,75.455307007,74.763175964
55.602668762,75.685890198,87.603530884
55.655563354,73.567642212,121.468933105
55.696136475,74.947288513,113.940948486
54.016887665,73.793830872,84.879386902
55.928756714,74.365516663,123.177543640
55.262912750,74.491218567,122.363700867
55.923473358,73.410522461,116.073822021
57.812950134,74.441978455,56.841159821
55.300167084,73.430709839,116.950569153
56.660758972,74.104492188,105.557159424
58.179462433,73.566505432,42.288452148
54.388744354,73.974731445,101.202865601
55.806419373,71.883979797,60.230628967
55.322181702,73.634017944,121.390830994
55.262588501,73.372207642,115.071052551
54.288158417,74.760467529,92.417648315
55.047508240,72.978729248,99.887924194
54.871414185,73.530105591,111.253204346
55.739997864,74.670768738,120.481407166
54.678169250,73.523132324,105.696769714
54.285842896,70.610130310,15.056241035
55.787143707,75.522430420,93.405212402
56.153434753,73.495368958,114.216926575
55.727828979,72.827606201,99.176712036
55.509056091,73.574722290,121.557121277
54.778636932,74.408081055,113.490364075
58.231216431,75.667877197,28.880943298
55.559276581,74.886543274,115.965957642
56.494056702,73.354888916,102.650917053
56.275253296,72.561439514,82.794570923
54.826053619,74.241180420,115.915008545
55.216564178,75.758911133,83.258049011
56.279392242,73.620391846,113.652328491
55.160770416,74.189399719,123.406715393
54.575817108,74.598045349,105.025756836
54.256050110,74.625442505,93.252990723
55.466754913,74.417045593,124.911735535
94.711082458,60.076698303,105.958999634
98.136016846,59.374496460,51.801818848
96.041069031,61.337280273,85.088394165
96.485374451,60.263599396,111.929634094
94.709976196,58.554122925,87.047782898
95.777099609,59.368476868,124.309257507
95.704612732,60.037368774,124.870796204
95.047241211,60.325817108,111.542190552
97.582221985,58.822372437,67.144371033
95.254119873,59.782100677,122.019432068
96.864128113,58.645332336,88.032966614
94.658523560,57.668052673,54.420803070
95.283309937,60.511859894,111.853919983
96.788894653,60.188865662,104.275077820
95.122711182,60.538185120,108.298896790
95.927986145,57.911006927,75.701828003
94.495574951,61.343578339,68.413604736
96.045875549,58.456916809,97.731124878
96.543624878,60.893146515,93.995429993
95.288635254,60.489395142,112.514305115
91.983566284,60.805290222,13.971551895
96.898826599,58.707008362,88.742820740
96.005752563,59.493591309,124.567184448
95.621139526,59.406833649,124.456260681
94.391372681,61.722118378,53.890983582
95.413360596,59.936466217,123.724784851
94.714271545,58.794845581,94.336364746
96.136268616,60.358104706,116.790573120
96.601593018,60.935485840,91.242210388
95.513458252,59.387508392,123.452468872
96.470481873,59.194274902,112.465377808
96.595428467,60.206214905,109.974006653
96.878692627,60.502105713,95.410919189
94.669219971,58.966079712,97.295227051
96.456153870,61.738769531,64.279090881
94.400856018,59.854923248,96.528457642
96.005340576,58.305934906,92.043365479
96.201789856,59.738590240,123.029083252
93.627113342,61.453441620,42.587741852
94.860458374,58.549209595,90.755737305
96.143806458,60.389198303,115.985969543
96.460083008,59.445709229,116.255523682
95.712753296,59.100906372,119.383636475
94.413467407,60.910842896,79.195877075
95.620903015,59.649398804,126.287361145
93.724403381,59.653343201,69.255813599
94.881172180,59.657100677,113.063873291
95.504425049,59.385246277,123.340690613
96.662506104,60.278766632,106.793746948
96.850822449,58.506885529,84.182632446
95.074714661,59.791431427,118.227897644
95.317031860,59.752456665,123.139953613
94.541564941,59.115535736,96.185646057
94.082115173,58.941688538,76.204856873
96.417846680,59.617504120,118.454139709
97.229423523,59.236179352,87.770675659
95.842742920,58.618461609,104.887931824
98.324340820,59.653091431,45.448341370
96.553298950,60.245098114,110.490898132
95.139793396,58.500812531,94.941139221
95.879814148,59.274921417,122.623268127
95.568161011,60.483013153,115.754661560
95.801910400,60.208827972,122.359024048
95.873718262,58.364463806,95.068588257
97.119728088,61.007564545,74.254554749
94.587501526,60.337013245,98.135452271
95.061645508,59.084796906,110.727790833
95.718826294,61.579380035,76.191894531
96.781623840,60.436935425,99.998069763
94.573059082,62.386161804,36.663417816
96.597396851,57.482875824,52.007720947
96.123146057,59.343017578,121.506629944
96.133651733,60.232353210,119.362236023
94.805152893,61.657600403,64.146568298
95.923454285,60.773059845,107.162979126
97.075088501,59.093555450,91.552665710
94.811897278,60.953620911,88.997276306
97.116508484,58.454692841,74.654121399
97.734909058,59.596210480,69.149040222
96.415451050,60.396102905,110.900497437
94.752326965,58.967662811,99.863250732
93.640075684,58.680561066,55.250507355
94.241195679,59.871902466,90.243408203
97.093070984,59.804569244,96.356285095
96.062522888,60.609714508,111.178428650
96.403381348,59.445880890,117.615692139
94.260322571,59.401908875,89.692710876
95.786628723,58.960067749,115.875656128
96.085632324,59.539001465,124.063652039
96.345489502,59.028472900,111.742401123
94.801704407,61.605770111,65.963844299
95.752426147,60.384677887,118.784744263
94.625244141,59.454448700,103.715377808
96.405838013,61.397327423,78.329101562
94.999183655,59.028797150,107.988426208
95.700996399,58.307315826,92.853179932
95.693534851,59.766983032,126.644889832
96.448417664,61.246322632,83.399993896
96.293510437,60.573265076,108.928771973
95.775947571,59.471969604,125.512763977
93.727691650,58.945491791,62.939048767
95.940933228,58.186119080,87.439208984
95.966560364,59.430877686,124.278572083
94.702110291,59.361686707,105.335029602
96.452453613,60.717212677,101.590286255
93.786643982,59.682228088,71.853279114
96.637550354,59.573818207,112.307922363
95.832481384,58.336303711,94.030982971
95.243637085,61.660488129,70.218254089
94.935600281,58.391078949,86.944602966
95.873138428,60.620342255,112.241279602
96.917480469,59.313991547,100.666107178
95.946144104,60.376068115,118.324836731
96.372879028,59.284511566,116.238876343
97.436393738,59.144416809,78.173141479
96.431541443,59.809803009,118.189002991
95.136451721,59.188861847,114.501976013
95.137321472,59.384841919,117.591979980
94.704780579,60.529121399,97.929801941
95.020156860,59.216693878,112.353355408
96.212356567,59.723751068,122.855468750
94.301765442,58.895702362,83.318847656
95.527114868,59.256725311,121.594024658
96.474151611,59.067310333,109.816841125
94.756538391,58.821166992,96.272590637
96.130325317,60.315185547,117.791954041
94.051223755,60.453788757,76.738471985
96.584640503,58.140716553,77.567253113
95.033233643,61.260604858,82.904121399
96.729766846,59.856506348,109.462608337
96.224914551,61.943733215,59.002338409
96.226463318,58.610904694,101.361328125
97.088607788,58.960773468,88.512077332
96.717567444,60.487983704,100.832839966
96.613182068,61.372646332,75.496765137
94.257751465,59.762123108,91.137817383
97.669715881,60.808094025,59.990966797
95.900825500,58.808540344,111.100112915
95.830390930,58.919830322,114.682044983
94.255302429,60.408191681,85.136749268
95.788970947,59.058200836,118.402244568
96.118614197,59.327823639,121.348686218
97.503227234,59.801139832,79.176933289
97.300758362,59.018909454,81.621711731
96.337020874,61.675411224,68.354721069
95.994758606,60.968158722,99.838394165
93.985336304,60.538848877,72.845451355
95.754051208,60.596714020,113.188148499
96.591331482,57.575462341,55.552776337
95.280067444,59.161689758,116.683586121
95.875831604,57.891178131,75.002426147
94.633163452,60.833633423,87.896049500
95.900558472,58.743698120,109.009475708
95.470451355,60.929985046,100.981414795
93.884101868,59.620285034,75.730186462
95.494003296,60.018692017,123.858291626
96.227447510,61.742053986,66.941818237
96.277450562,59.244232178,117.494216919
96.981620789,58.973045349,92.575332642
96.159858704,61.403175354,81.344039917
96.800979614,60.642803192,94.477668762
93.492134094,59.730709076,60.019668579
95.136291504,61.156581879,88.503150940
96.564315796,60.092819214,112.469772339
96.518112183,59.182094574,111.050277710
96.357955933,59.926715851,119.276268005
94.040458679,60.175758362,80.048606873
96.430824280,61.025127411,91.859367371
96.251060486,60.838417053,101.481712341
93.991340637,59.458301544,79.345550537
95.581161499,59.501972198,125.203849792
95.634628296,59.254318237,122.250183105
96.459831238,58.840507507,104.401809692
95.848846436,59.904865265,125.984375000
95.867607117,58.883987427,113.533370972
97.122901917,59.605590820,95.095085144
94.284812927,60.633014679,81.832656860
95.720336914,59.734771729,126.725799561
95.627799988,60.227149963,121.775901794
95.670425415,59.058212280,118.274353027
94.304481506,60.135166168,90.811408997
94.205459595,60.951419830,71.590896606
94.769805908,58.982097626,100.717399597
94.741767883,58.468635559,85.086181641
-8.476726532,55.822208405,112.548255920
-10.031731606,53.660606384,23.621021271
-8.419992447,56.989231110,103.183967590
-9.004567146,56.029495239,96.380210876
-6.273570538,54.782424927,69.969429016
-8.142483711,55.362682343,110.752929688
-6.812160015,56.569709778,110.738357544
-7.086466789,58.602252960,47.309364319
-6.074652195,56.006790161,87.146965027
-7.906119347,54.657009125,88.382148743
-9.418292046,56.056194305,79.600196838
-9.003522873,56.731189728,90.907958984
-8.495846748,55.522891998,107.374496460
-9.256808281,58.215988159,43.255180359
-6.945298195,55.395904541,106.391998291
-7.552980423,57.428928375,97.513710022
-8.631952286,58.012432098,62.931632996
-8.736302376,55.928474426,105.628997803
-9.354505539,53.567325592,32.237270355
-6.694036961,56.191535950,110.076278687
-9.437988281,54.465232849,53.001037598
-6.558766365,55.955238342,104.906250000
-6.272684097,56.742420197,90.619613647
-7.770690441,56.138164520,125.736381531
-8.259201050,56.203620911,119.438148499
-7.765112400,56.943351746,113.986991882
-7.867546082,56.929389954,113.774887085
-6.783495426,56.286598206,112.505874634
-9.017095566,55.945358276,95.591560364
-9.610201836,54.899211884,57.875984192
-6.973709106,56.600727081,114.281204224
-7.707336426,55.803401947,123.501281738
-8.443528175,55.593021393,110.042991638
-6.738875866,56.582515717,108.514305115
-9.075344086,56.304687500,93.148323059
-7.564164639,57.754508972,84.222183228
-9.461679459,55.322704315,71.098106384
-6.730501652,54.994903564,89.204200745
-5.318505764,54.926891327,44.195274353
-7.675005436,56.665382385,120.912780762
-6.823090553,56.821044922,106.496551514
-8.166205406,57.019042969,107.511909485
-8.458780289,55.570858002,109.250785828
-7.247485161,57.615413666,88.190795898
-7.932298660,55.215492249,108.773727417
-6.494355679,54.841033936,77.981163025
-5.865946293,55.121753693,66.108802795
-7.063179016,57.032527924,106.325042725
-6.919093609,56.332836151,115.886917114
-7.654597759,54.452655792,80.230247498
-8.484947205,56.830478668,105.590232849
-7.040758610,55.067955017,98.402900696
-7.357148647,56.357864380,123.574943542
-5.953208923,55.687435150,79.502357483
-8.223984718,55.182392120,104.293029785
-8.703406334,56.480785370,105.213333130
-8.408468246,57.180538177,97.722320557
-8.331426620,57.639831543,82.744705200
-7.286402225,56.364219666,122.686203003
-8.854556084,56.434947968,100.498519897
-7.658605576,56.737918854,119.425544739
-8.214974403,54.652206421,85.598030090
-7.428905964,56.245620728,124.866737366
-7.460235119,57.111484528,108.598403931
-8.643768311,53.724086761,46.003166199
-7.229100704,56.511749268,120.342346191
-8.181183815,56.276432037,120.710563660
-8.751908302,53.999637604,53.680015564
-9.397039413,56.148197174,80.474021912
-6.321417332,55.716316223,93.981781006
-6.890189648,55.511505127,107.913757324
-7.759566784,56.902397156,115.148071289
-7.570947647,55.564155579,119.025520325
-8.569430351,56.013305664,111.342147827
-6.522025585,54.535179138,68.168113708
-6.844796658,56.389480591,113.585014343
-8.673239708,56.087463379,108.307426453
-7.908163071,55.158096313,107.092277527
-8.243562698,54.849548340,92.685607910
-9.775650978,56.257072449,64.263725281
-6.659637928,57.739185333,73.974494934
-8.815505981,58.253200531,50.984241486
-6.177820683,57.529312134,68.559196472
-8.489793777,55.543582916,107.941474915
-9.642484665,56.296993256,69.662269592
-8.097730637,56.267627716,122.190933228
-8.538645744,56.778705597,105.284339905
-7.360939503,54.961711884,99.123367310
-7.750015259,56.390518188,124.713096619
-5.695685863,56.201614380,71.972114563
-8.644536972,55.789573669,107.362403870
-7.735351086,55.972240448,125.208763123
-9.545598984,55.774257660,73.137344360
-8.397436142,55.845321655,114.821319580
-5.583165169,55.273544312,59.112972260
-6.266186714,57.266452789,78.748573303
-7.020629883,56.108943939,118.679161072
-7.049734116,55.655914307,114.494323730
-8.250586510,55.357975006,108.872993469
-7.430225849,55.896064758,123.629890442
-7.943712711,57.526065826,92.371742249
-8.408876419,56.841201782,107.270095825
-8.226055145,54.513641357,80.033195496
-9.130078316,55.614284515,88.195198059
-7.074516296,56.747623444,113.688995361
-7.944814682,56.724258423,118.153465271
-7.627864361,55.844345093,124.027145386
-6.849396229,57.293727875,93.857078552
-6.688100338,55.798961639,107.466682434
-7.136419773,53.976589203,57.228713989
-7.509060860,56.466838837,123.706558228
-7.552152157,55.883563995,124.266250610
-6.399354458,56.012596130,99.682884216
-7.843665600,55.864898682,123.742431641
-6.670022011,55.813377380,107.095115662
-8.538476944,55.997077942,112.179817200
-5.996413708,55.805149078,82.532241821
-7.088356018,55.827724457,117.972869873
-7.980874538,55.544994354,117.239990234
-8.920431137,55.996051788,99.460014343
-6.985671997,57.682029724,82.183227539
-7.262258053,55.288974762,109.082885742
-6.958622932,56.559864044,114.545791626
-6.305764198,58.195446014,50.718223572
-6.489519596,55.713077545,99.873046875
-7.863357067,57.263774872,103.022094727
-8.211820602,55.965351105,119.903793335
-7.069787502,57.176441193,102.003890991
-7.481216908,53.213314056,33.160068512
-7.364761353,55.793785095,121.744148254
-8.680048943,56.129966736,108.107116699
-6.583663464,54.975959778,84.792472839
-6.114204407,57.084564209,78.181419373
-6.769963741,55.291126251,99.299598694
-7.955369949,55.722999573,120.899353027
-7.703786373,56.043628693,125.686286926
-8.021476746,55.927906036,122.663887024
-7.915747643,56.373317719,123.785926819
-9.355944633,56.592414856,79.155204773
-6.006855965,57.178337097,72.283424377
-8.650024414,57.150444031,92.535812378
-5.414499760,55.863277435,59.618022919
-6.983095646,58.405216217,53.665317535
-6.673831940,57.656555176,77.283630371
-8.799352646,56.341457367,103.264167786
-7.312158585,56.670124054,118.883201599
-6.914619923,56.262008667,116.104415894
-9.016521454,57.172107697,80.563346863
-7.325267315,54.927219391,97.469444275
-6.945131779,56.658813477,112.670921326
-7.167092800,55.819000244,119.317398071
-6.069721699,56.677062988,83.933479309
-8.494081497,54.563076019,78.088020325
-8.471459389,53.736213684,48.159572601
-7.964687347,56.234790802,124.120185852
-8.911793709,55.560390472,95.372642517
-6.150845051,56.213127136,90.581481934
-6.168784142,55.920883179,90.359451294
-7.880910397,53.906581879,57.772296906
-6.974838734,57.206394196,99.307716370
-8.046495438,55.795532227,120.907684326
-6.891091347,55.369537354,104.446624756
-8.486452103,56.422931671,112.448188782
-8.310379028,56.716892242,112.315979004
-8.624437332,57.615345001,77.695281982
-7.047663689,56.171688080,119.330581665
-8.577757835,55.048080444,93.034469604
-8.601364136,54.673633575,80.061286926
-6.363697052,56.447910309,97.641769409
-6.633499146,57.844902039,69.561988831
-6.397521496,56.555450439,97.776885986
-8.115178108,56.855133057,112.852790833
-7.492990017,55.845184326,123.514549255
-8.219326019,57.185050964,101.367424011
-6.226664543,55.830726624,91.807823181
-8.141135216,56.804004669,113.680747986
-8.339303970,56.709510803,111.814559937
-5.967197895,55.687999725,80.060920715
-7.679614544,58.095527649,69.715896606
-8.077296257,56.246871948,122.596679688
-8.645942688,55.402999878,100.756729126
-9.082964897,59.031085968,25.123294830
-7.132375717,56.059959412,120.784667969
-8.761191368,54.281143188,63.133132935
-76.103378296,27.839052200,126.960220337
-75.843124390,28.676532745,114.716629028
-75.332839966,27.942028046,111.690368652
-75.723106384,27.576667786,119.195106506
-77.196563721,27.646020889,110.777198792
-75.576148987,28.590702057,111.784851074
-76.357727051,28.306631088,124.966194153
-74.737609863,26.181793213,51.956195831
-77.600181580,27.971170425,97.672317505
-75.644760132,27.768930435,119.622543335
-75.442024231,24.976766586,27.731298447
-78.675582886,27.416400909,51.635540009
-73.677795410,27.984136581,45.127277374
-78.586563110,27.624174118,56.388702393
-75.727622986,28.946426392,105.104118347
-75.874565125,27.748399734,123.889282227
-75.666328430,29.137823105,97.579666138
-76.899848938,27.860603333,120.108184814
-76.481208801,26.278661728,82.420639038
-77.602210999,25.665578842,44.555660248
-76.260780334,27.686531067,126.394241333
-76.684150696,27.949800491,124.379829407
-75.825843811,27.311620712,115.989532471
-75.171501160,26.391975403,70.581161499
-76.358764648,27.885858536,127.497253418
-75.495239258,27.489217758,112.292022705
-75.276382446,27.750337601,108.902679443
-76.446922302,27.835126877,126.879570007
-75.647018433,28.837352753,106.997344971
-76.949851990,26.575313568,89.648056030
-77.326217651,28.149387360,106.935119629
-76.361763000,28.125137329,126.889160156
-77.070289612,28.779945374,103.541954041
-76.521553040,26.350769043,85.329101562
-76.189765930,28.531629562,121.039093018
-76.201354980,28.114425659,127.094184875
-76.117942810,26.930475235,108.095344543
-74.813362122,27.657711029,90.441390991
-74.878273010,27.430074692,90.013519287
-75.378440857,28.224384308,112.096595764
-76.244796753,27.045412064,112.471229553
-75.139297485,28.403175354,102.236503601
-76.435363770,29.191579819,99.940322876
-76.256538391,30.194009781,58.950717926
-75.328437805,27.653495789,109.667900085
-74.986732483,28.045061111,99.210487366
-74.339225769,28.065862656,71.885337830
-76.424324036,28.078172684,126.868247986
-75.945610046,29.533515930,85.554405212
-76.052261353,27.877489090,126.723075867
-76.838577271,28.769886017,109.038574219
-76.899459839,26.815374374,99.220703125
-77.287361145,27.519277573,106.472061157
-76.469551086,29.037376404,105.410789490
-76.922355652,29.181333542,94.111732483
-77.982818604,30.618806839,27.690525055
-77.931541443,28.182291031,83.317390442
-76.562698364,27.198888779,115.809074402
-75.668708801,29.041418076,100.965957642
-76.517303467,29.193588257,99.282257080
-76.281059265,26.920423508,108.357223511
-76.424301147,27.456708908,122.688484192
-75.884902954,27.585037231,122.189193726
-76.419296265,26.898847580,107.424453735
-75.275756836,27.628576279,107.638183594
-77.414588928,30.615678787,35.305805206
-77.758087158,28.491634369,86.888015747
-78.508781433,28.292726517,58.930088043
-76.156997681,27.731826782,126.553977966
-77.708656311,27.125673294,84.886756897
-77.151672363,26.810081482,93.708251953
-77.293159485,29.419330597,77.474105835
-75.953903198,29.315031052,94.506660461
-77.333953857,27.552900314,105.355110168
-78.082160950,26.793748856,64.226402283
-76.636230469,27.563598633,122.465476990
-74.567764282,28.092250824,81.709533691
-76.610214233,28.443666458,120.536773682
-76.318237305,26.898500443,107.603820801
-76.972000122,29.383161545,85.725639343
-75.041328430,28.241439819,100.390228271
-75.325630188,29.627014160,72.878440857
-76.786842346,28.168519974,121.511459351
-76.124023438,27.157390594,115.363296509
-75.898681641,26.840526581,102.702545166
-76.242851257,27.715290070,126.655715942
-75.915565491,26.629343033,94.854614258
-76.866210938,29.867368698,68.357704163
-76.479957581,28.052349091,126.589370728
-77.014686584,28.029575348,117.147247314
-75.965339661,27.508640289,122.062393188
-76.594612122,27.817745209,125.383934021
-76.049377441,29.114721298,102.866439819
-77.014442444,28.790184021,104.645568848
-75.540512085,28.239036560,116.507217407
-75.263465881,28.083272934,109.260421753
-76.237297058,27.810651779,127.342308044
-76.615478516,27.773706436,124.881301880
-78.205932617,28.584478378,67.892929077
-76.667373657,26.515338898,91.115478516
-75.374794006,27.008661270,97.236968994
-75.485626221,27.242649078,106.790985107
-75.386230469,29.883125305,64.309616089
-77.940177917,27.729242325,83.444709778
-75.388305664,28.263893127,112.023719788
-76.063415527,28.899806976,110.417167664
-77.133972168,26.701156616,90.490798950
-77.058921814,29.317756653,86.424507141
-77.109024048,26.449245453,81.931449890
-75.188331604,27.472023010,102.348831177
-76.794120789,26.590332031,92.624877930
-75.814727783,28.552169800,117.235755920
-76.895568848,26.790472031,98.428863525
-78.237213135,28.552263260,67.097183228
-73.748619080,28.388526917,46.884971619
-75.736793518,28.130765915,121.834197998
-75.995536804,27.751188278,125.481933594
-76.050926208,27.183197021,115.542999268
-77.585807800,28.095443726,97.792663574
-76.246955872,26.809782028,104.309524536
-76.896545410,27.634130478,118.682197571
-75.629333496,28.142871857,119.459800720
-76.512725830,26.391988754,87.115989685
-76.074707031,28.513402939,120.935485840
-74.147003174,28.430538177,62.089405060
-75.421005249,28.917865753,99.583892822
-78.157814026,27.859586716,74.690681458
-76.514762878,27.524234772,123.215339661
-75.488578796,29.610925674,76.583229065
-77.269584656,27.828210831,109.579193115
-75.920120239,27.204652786,114.677566528
-78.461654663,27.769142151,61.922691345
-77.449203491,26.045745850,60.132896423
-75.443214417,29.619686127,75.431793213
-75.816184998,28.400167465,120.160194397
-75.911033630,27.906597137,125.232833862
-75.895942688,27.852901459,124.854393005
-77.096046448,29.261856079,87.628868103
-75.596351624,30.641477585,39.558834076
-77.163719177,26.539052963,84.106178284
-75.003349304,27.879014969,99.674972534
-74.988327026,29.998218536,52.726707458
-77.717742920,27.126775742,84.578353882
-78.026405334,27.833604813,80.179473877
-77.066177368,26.043321609,66.938766479
-76.245208740,29.266040802,97.618034363
-77.315193176,29.229579926,83.368072510
-75.648246765,27.919652939,120.417831421
-77.402954102,27.514982224,102.529258728
-74.216720581,27.594963074,64.601058960
-75.775505066,27.709905624,121.856590271
-77.443534851,28.673925400,94.988288879
-74.695869446,29.049337387,73.373825073
-74.736068726,28.127220154,88.782310486
-76.347671509,28.511884689,121.353599548
-76.567733765,27.492719650,122.187530518
-77.938957214,29.002576828,70.132858276
-76.295433044,26.382354736,87.092170715
-78.163528442,29.755861282,44.759025574
-75.269508362,28.367607117,107.112319946
-77.812110901,27.719423294,88.685546875
-77.377197266,27.619770050,104.595046997
-76.561988831,27.258922577,117.359405518
-77.738883972,28.722909927,83.475273132
-76.095764160,28.532756805,120.646766663
-75.210220337,29.087152481,88.839645386
-74.681884766,28.910070419,76.106651306
-75.886001587,27.571859360,122.012474060
-77.634849548,28.574462891,90.186294556
-76.637176514,29.981830597,66.087142944
-76.849670410,28.264282227,119.214210510
-76.060447693,26.510971069,91.478393555
-77.110214233,25.997543335,64.488090515
-76.070610046,28.170885086,126.040855408
-75.601348877,27.259016037,110.136230469
-77.404640198,27.662240982,104.009994507
-75.931861877,26.901210785,105.300621033
-75.963264465,28.474456787,120.779228210
-75.524795532,27.626739502,115.166702271
-76.257980347,29.212705612,99.701988220
-77.045082092,27.945960999,116.518447876
-74.339088440,28.288251877,71.096878052
-75.401840210,28.284683228,112.207931519
-75.338180542,28.468885422,107.765251160
-71.548759460,88.693496704,123.128387451
-71.557762146,89.591567993,115.443511963
-71.304969788,88.917045593,125.132858276
-71.248893738,89.208282471,123.355384827
-69.766098022,88.007202148,79.252563477
-70.250770569,88.507560730,104.411170959
-71.664390564,88.785491943,122.259727478
-72.683929443,88.298942566,88.177841187
-71.465217590,88.337013245,119.120635986
-70.032264709,88.109634399,90.760543823
-71.496597290,88.329750061,118.752189636
-70.078048706,87.590919495,79.314277649
-70.914093018,90.130653381,98.396415710
-69.921638489,89.110671997,93.871871948
-69.601013184,87.982101440,72.670928955
-71.880920410,88.394660950,114.361701965
-71.072074890,86.819854736,67.289199829
-70.380805969,90.165061951,87.717773438
-71.617530823,90.191978455,96.627838135
-70.755584717,87.956909180,106.112281799
-72.020370483,88.426490784,111.676864624
-71.000587463,89.874374390,107.686790466
-70.657333374,88.313507080,112.584449768
-71.216491699,88.320579529,119.376258850
-69.747070312,88.549346924,86.182144165
-71.396720886,88.650375366,123.862922668
-72.528862000,88.854751587,99.165916443
-70.507469177,88.763031006,114.031913757
-72.980369568,88.725158691,80.739250183
-72.040290833,88.986129761,114.777420044
-70.363983154,88.233573914,103.731864929
-71.484848022,88.980148315,124.273971558
-72.757019043,89.286720276,88.617225647
-71.623504639,87.977470398,108.957427979
-72.675117493,88.891288757,93.618888855
-70.508842468,89.424781799,109.733276367
-72.507385254,88.592704773,98.517539978
-70.870658875,90.126594543,98.034805298
-69.821723938,89.149711609,89.690658569
-70.253143311,87.534423828,82.357749939
-70.820716858,90.526206970,82.562744141
-71.370788574,90.309722900,93.695083618
-69.973739624,89.559104919,90.559982300
-69.653839111,88.643585205,83.030311584
-71.558334351,90.458427429,86.994865417
-70.940147400,87.690841675,100.219421387
-71.302246094,91.913757324,33.209888458
-73.698143005,90.255973816,40.362926483
-71.838020325,89.462219238,114.202598572
-70.504127502,87.585350037,89.841346741
-72.887466431,88.063919067,76.283554077
-71.427177429,87.251281738,84.696083069
-70.673080444,89.526016235,111.670104980
-71.031005859,89.158569336,122.683700562
-72.648223877,88.617881775,93.442390442
-71.287666321,89.707298279,113.814025879
-71.198364258,90.600944519,82.142326355
-70.704895020,88.988342285,118.814689636
-70.876945496,90.548576355,82.291923523
-72.456184387,88.573699951,100.180084229
-71.679031372,88.263023376,115.398895264
-72.285919189,89.531723022,101.760368347
-71.786117554,89.544876099,113.484733582
-71.789794922,87.671760559,96.936477661
-70.131294250,90.732192993,62.890621185
-71.104660034,89.456871033,118.985794067
-69.592575073,89.442436218,77.656402588
-70.164306641,89.646903992,95.428642273
-70.009368896,89.244895935,96.152145386
-71.030410767,89.542457581,116.657035828
-72.678886414,88.060470581,83.917762756
-69.968299866,90.354438782,70.855400085
-70.898971558,87.981788635,108.879753113
-70.126571655,89.013710022,102.007156372
-72.499603271,89.553329468,94.462379456
-70.436851501,89.809898376,99.535270691
-71.638923645,88.414176941,118.782211304
-72.636215210,90.453384399,67.245796204
-71.116477966,90.500282288,85.941719055
-71.588249207,90.645271301,79.310348511
-73.150161743,89.097274780,73.841300964
-72.142456055,88.328430176,106.805297852
-72.656867981,88.289611816,89.042304993
-69.420455933,88.370239258,71.224159241
-70.246871948,86.981872559,63.620052338
-68.888122559,88.916496277,52.207241058
-70.417060852,90.173439026,88.301170349
-71.902709961,89.358673096,114.663742065
-71.600601196,88.250213623,116.124916077
-72.866783142,88.832412720,85.819786072
-70.582679749,89.862968445,101.522827148
-71.099922180,89.348190308,120.856719971
-71.019615173,88.196327209,115.644523621
-72.866264343,88.371528625,82.171791077
-72.928855896,89.758171082,75.274230957
-68.837860107,89.945640564,42.801967621
-71.610580444,88.950492859,123.124603271
-70.175422668,88.332870483,99.589866638
-71.196403503,86.763809204,65.297943115
-72.445899963,88.364418030,97.859870911
-70.693077087,88.166137695,110.295120239
-70.710861206,89.116943359,118.228614807
-69.469993591,87.858268738,65.514564514
-73.348564148,86.496322632,27.256820679
-71.477905273,90.084938049,101.515213013
-71.144020081,89.592247009,116.330070496
-71.378875732,89.171180725,123.615226746
-72.840919495,90.866157532,49.801101685
-70.846923828,87.618003845,96.666351318
-73.292961121,89.466850281,65.420791626
-71.438667297,88.650596619,123.653488159
-69.895599365,88.365165710,90.038711548
-72.179191589,89.658233643,102.238052368
-70.723442078,87.643524170,95.819847107
-70.539909363,90.894699097,64.604972839
-71.664878845,88.326171875,116.866653442
-72.056587219,89.785194397,102.250602722
-70.440925598,87.822456360,95.806488037
-70.191497803,90.209335327,81.484512329
-71.034744263,86.748100281,64.284843445
-70.536964417,87.308738708,80.810585022
-70.589508057,89.948051453,99.188934326
-70.371131897,86.318412781,43.043781281
-72.057472229,89.676284790,104.941772461
-71.411483765,87.408882141,90.998947144
-71.767524719,88.928390503,120.842193604
-73.041427612,90.639366150,51.044361115
-70.518150330,89.083145142,113.943115234
-72.064796448,88.620819092,112.928977966
-71.982757568,87.942558289,101.826034546
-71.180374146,90.037109375,103.554542542
-71.519393921,88.521522522,121.664726257
-71.150718689,89.715461731,113.278205872
-71.853981018,87.552688599,91.717453003
-70.383865356,87.572090149,86.752632141
-70.794357300,88.837821960,120.665725708
-72.225746155,90.320968628,81.865562439
-70.331947327,89.510253906,103.316047668
-70.889343262,89.409255981,117.639732361
-72.312919617,88.371788025,102.416381836
-72.970344543,89.226066589,80.580116272
-69.896240234,88.550071716,92.089088440
-71.091850281,88.401031494,120.277671814
-71.800521851,88.593696594,118.656997681
-72.792549133,90.072380066,73.190933228
-71.334365845,89.905372620,108.016990662
-71.027000427,88.127548218,114.071861267
-71.646255493,87.346916199,86.827827454
-70.540657043,89.071006775,114.603973389
-72.114524841,87.427215576,82.210182190
-71.905754089,87.826492310,99.976379395
-71.194061279,87.881004333,108.048187256
-69.277046204,89.919090271,58.303535461
-71.702178955,87.447547913,90.048912048
-71.441001892,86.974166870,73.391693115
-70.268638611,89.725082397,96.966056824
-69.880699158,88.377128601,89.628059387
-70.523780823,90.317825317,85.693572998
-71.765007019,88.199943542,112.694595337
-69.981231689,89.079261780,96.340232849
-70.904045105,88.845741272,122.422775269
-72.577812195,90.038383484,80.935035706
-73.358726501,89.931762695,56.595203400
-71.608581543,88.746147156,122.803184509
-71.861885071,89.460632324,113.776489258
-70.920600891,90.545280457,82.838081360
-71.513412476,88.751724243,123.809677124
-71.683135986,89.037712097,121.864753723
-71.778320312,90.089050293,98.319313049
-69.958938599,87.011398315,58.363582611
-72.618202209,87.915000916,82.739418030
-70.667724609,88.041748047,106.802413940
-70.777450562,90.305114746,90.416641235
-70.558456421,87.888961792,100.408630371
-72.529243469,86.265724182,35.514816284
-70.839332581,87.678741455,98.667579651
-71.286949158,89.164573669,123.835998535
-72.639114380,89.877174377,83.005691528
-72.365310669,88.339630127,100.185394287
-72.511619568,88.982826233,99.784980774
-71.993988037,91.203842163,53.572895050
-71.972938538,89.120155334,115.777984619
-71.609657288,89.820442200,108.940109253
-71.325431824,87.472015381,93.709869385
4.568540096,-16.627637863,123.790222168
3.090528965,-18.110404968,82.450073242
3.714057207,-16.810457230,118.266296387
4.012855053,-19.319858551,59.861522675
3.609388828,-15.932456017,96.207588196
5.002345562,-16.413749695,112.553352356
4.313595772,-14.894616127,62.581512451
4.300933361,-17.298931122,127.802398682
3.897318125,-17.466299057,120.975280762
5.151945114,-19.151611328,63.653766632
3.184446096,-15.666834831,76.383605957
3.593900919,-18.195194244,95.999252319
4.202415943,-17.815910339,118.420066833
4.662535191,-18.263944626,104.508094788
5.868765354,-18.378541946,72.964668274
4.285717964,-17.011791229,128.362152100
4.616056442,-17.128217697,127.783081055
4.363884926,-17.137615204,128.712249756
5.675347805,-17.193010330,99.396774292
5.333217621,-17.799877167,105.007690430
4.367245674,-17.197782516,128.564041138
5.370135307,-17.654212952,106.567008972
3.677941799,-17.223691940,118.073432922
4.348461151,-19.169961929,67.952445984
3.511183500,-15.957440376,94.613540649
4.115090370,-17.309238434,126.217514038
4.939909935,-16.527076721,116.460784912
6.108939648,-16.436368942,74.619850159
3.929379702,-17.012575150,124.229972839
5.143768787,-16.105943680,100.640243530
3.467040539,-16.397829056,104.970436096
6.136795998,-17.241033554,79.760955811
4.380974770,-17.993074417,114.385742188
3.307790279,-17.056077957,106.385528564
5.157756805,-17.366353989,116.540664673
5.475315571,-16.159809113,92.510299683
4.003517151,-16.337518692,115.587631226
4.240323544,-16.974662781,127.971405029
5.443522930,-14.628928185,42.395523071
2.973448992,-17.397943497,91.059509277
5.529924393,-17.311853409,104.669250488
3.940301895,-15.399922371,81.734825134
4.308827877,-16.280313492,116.405754089
4.060328484,-18.626249313,88.891418457
3.858562946,-16.383846283,114.399658203
4.562646389,-17.865472794,117.742630005
6.433536053,-16.949716568,66.337295532
3.374304295,-15.768099785,84.934768677
5.286267281,-17.627546310,109.622047424
5.023838997,-16.277065277,108.537612915
4.832005501,-16.937757492,124.321067810
2.601586342,-17.390993118,74.905250549
4.316750050,-17.650974274,122.923843384
4.013418198,-16.366104126,116.442611694
3.870961428,-18.763784409,80.758613586
3.743835926,-17.603195190,115.288825989
4.207773209,-18.294372559,103.302810669
4.059026241,-17.944473267,113.322685242
5.149211407,-17.261150360,117.435485840
4.917232990,-16.790800095,121.300781250
3.085093737,-17.109972000,97.516014099
6.039548874,-18.678462982,59.270561218
5.317511082,-16.968965530,112.071937561
2.859000206,-16.494195938,84.240852356
5.373118877,-17.128602982,110.713523865
4.676829338,-15.245219231,75.761077881
3.764246702,-15.239596367,73.116676331
6.011452675,-18.392906189,67.793678284
4.493205547,-17.000679016,128.357788086
5.663074970,-15.898532867,78.830314636
5.879823685,-18.686935425,63.772491455
5.746819973,-16.499694824,90.376640320
2.530991316,-15.754528999,57.677639008
3.262572289,-16.294652939,96.133476257
3.783582449,-17.273450851,120.492996216
4.813268185,-17.277311325,124.818817139
2.917491674,-16.761808395,89.503250122
3.217144489,-16.523256302,98.786361694
3.117394447,-16.928277969,98.729988098
4.733872414,-15.053894997,67.332695007
2.432066917,-16.751451492,68.328865051
3.109328032,-16.588998795,95.618270874
4.257416725,-16.298431396,116.759078979
5.785850048,-17.405075073,94.044960022
4.356294155,-16.163469315,112.960868835
3.840523243,-16.664447784,119.449462891
5.208523273,-18.143800735,99.594024658
2.844691753,-16.891899109,87.066902161
5.246390820,-18.572578430,84.213653564
4.860758305,-17.433004379,122.673683167
4.198060989,-16.035953522,108.338279724
4.510169029,-17.922697067,116.384361267
4.357409477,-17.301233292,127.962776184
4.088514805,-15.888277054,102.351394653
3.714976549,-17.860723495,108.893463135
4.620117664,-16.428699493,119.154754639
4.235826969,-18.299163818,103.332389832
4.478410721,-14.643357277,52.419898987
4.935977459,-18.729831696,83.550674438
3.418018818,-16.974111557,110.258178711
4.911491394,-17.763284683,116.170516968
6.533837318,-16.529760361,58.602489471
4.702308178,-15.810665131,98.497428894
4.615283489,-19.033073425,73.579399109
3.975441694,-17.706897736,118.100143433
4.032357693,-16.953582764,125.711570740
5.062171459,-17.841375351,111.299942017
3.604438543,-17.145252228,116.285629272
4.945334435,-16.516578674,116.126480103
4.969957829,-15.958053589,99.711235046
4.008678913,-15.947483063,103.675277710
4.704208374,-16.909715652,126.042495728
6.171108723,-17.386356354,77.784370422
3.603398800,-15.602460861,84.514862061
4.324805260,-15.962313652,106.161170959
4.768141747,-18.820030212,81.642906189
4.650687218,-16.443002701,119.188804626
4.297118187,-16.444261551,120.628479004
5.561839581,-15.596079826,72.375297546
5.161635399,-17.912368774,107.191123962
4.493808746,-17.781515121,120.142143250
3.909241676,-17.543292999,120.038887024
4.316265583,-16.845731735,127.401107788
6.453557491,-16.820096970,64.703796387
6.152410507,-17.081100464,79.024261475
5.137635708,-17.423103333,116.576072693
4.405876160,-17.784255981,120.159996033
5.062407017,-17.846746445,111.166137695
4.072243214,-16.847276688,125.510650635
4.804648399,-16.542709351,119.315437317
3.895873785,-18.426931381,94.415870667
2.109688759,-17.961093903,47.883697510
3.712949038,-17.760602951,111.267127991
3.528010607,-16.606990814,110.579376221
4.094762325,-17.204765320,126.630737305
3.583379984,-15.435832977,77.865112305
4.093638420,-19.418764114,56.589424133
3.592430830,-18.395990372,89.176307678
2.968467236,-16.604919434,90.154548645
6.751350880,-18.276597977,44.784210205
3.950796843,-17.852933884,114.156379700
2.205112934,-15.923030853,49.629184723
3.419162512,-16.303489685,101.440155029
5.689154148,-17.187936783,98.846511841
3.315354824,-19.826539993,34.193027496
5.029419899,-14.924206734,58.838691711
3.918787479,-16.602504730,119.965072632
3.981920242,-17.674346924,118.906692505
5.906223297,-16.896455765,88.832008362
4.383227348,-16.939090729,128.247497559
4.493449688,-18.680297852,88.841690063
4.199758053,-15.348820686,81.414855957
5.164940357,-17.629798889,113.054168701
4.563614845,-15.807304382,99.635894775
4.702287674,-14.571617126,48.748313904
4.704536915,-16.823526382,125.231864929
3.288189888,-18.738822937,69.178680420
5.399116039,-17.463163376,108.168418884
3.604882479,-16.503610611,111.057350159
3.755735159,-16.361974716,111.789093018
4.610736847,-17.692876816,121.564720154
4.627260208,-18.544111252,93.997436523
4.809294701,-17.581022263,121.436721802
4.332757950,-15.833547592,101.402725220
4.400758266,-17.722232819,121.609458923
5.356093407,-17.113168716,111.280265808
5.572946548,-17.813474655,96.824264526
4.071818829,-18.049846649,110.302841187
3.047839165,-16.904254913,95.784347534
3.744697094,-17.809324265,110.913536072
4.505887032,-18.127061844,110.058639526
4.288690567,-17.592159271,123.924736023
6.207930088,-17.903682709,70.727859497
3.010506392,-17.621105194,89.742530823
4.524400711,-17.945472717,115.686828613
3.815141201,-18.343502045,96.026367188
3.522388697,-16.728122711,111.992507935
5.256448269,-16.670610428,110.813888550
5.332623959,-17.147338867,112.082328796
5.014507294,-16.662940979,117.319145203
4.348381519,-19.505744934,54.301383972
4.203953743,-16.145256042,111.958686829
3.564175129,-15.249953270,70.411750793
5.196243763,-15.549094200,79.984046936
-45.325424194,52.746059418,35.956645966
-46.131565094,55.094612122,109.538879395
-45.906307220,55.825256348,89.185867310
-47.662040710,53.862293243,103.575248718
-48.083065033,55.016044617,116.549057007
-48.020591736,53.892375946,97.458595276
-47.701484680,55.173213959,125.676353455
-47.890445709,55.895282745,106.629150391
-47.870456696,56.214221954,95.820701599
-48.110301971,54.645824432,113.533706665
-46.986324310,53.883129120,107.249061584
-47.823509216,55.093620300,123.556365967
-47.555038452,54.279472351,118.931434631
-47.505649567,55.029541016,129.474166870
-47.928295135,56.510158539,82.987014771
-48.972522736,54.885807037,80.598281860
-47.237663269,54.490562439,126.337677002
-48.490249634,55.466629028,97.937797546
-48.760440826,55.368751526,88.110725403
-47.191616058,54.307743073,122.058067322
-48.367263794,54.125415802,94.310180664
-49.440189362,55.463909149,58.166801453
-46.950782776,55.359279633,126.809249878
-48.289997101,54.250324249,100.133483887
-46.493743896,55.080646515,121.136253357
-45.988246918,55.271472931,102.729583740
-46.751636505,54.985675812,127.182373047
-45.682933807,54.368385315,87.024833679
-47.733795166,54.859886169,125.498390198
-47.126354218,54.603122711,128.269973755
-46.209472656,55.234001160,111.238845825
-47.593132019,57.004440308,66.043983459
-47.658164978,55.435726166,122.990455627
-47.940788269,54.306118011,112.048973083
-47.440135956,56.705944061,80.079620361
-46.981750488,55.034858704,130.218322754
-48.527656555,55.074584961,99.981117249
-48.119049072,54.170539856,103.515846252
-46.644882202,54.375579834,118.082115173
-45.575439453,56.138809204,68.803985596
-46.903827667,54.919174194,129.422668457
-47.269840240,55.170551300,130.429443359
-46.618831635,54.592411041,121.667091370
-48.253097534,55.103466034,110.533615112
-46.912006378,54.172615051,116.671356201
-47.143280029,54.029979706,113.344871521
-46.486213684,55.003906250,121.176414490
-46.904041290,55.571361542,121.990364075
-44.897243500,54.886268616,57.929443359
-46.500347137,55.932975769,104.122070312
-47.182224274,55.744159698,119.120567322
-45.834274292,54.859153748,98.131111145
-44.247108459,53.099487305,21.491573334
-47.861587524,53.681861877,93.093070984
-45.939990997,55.125144958,102.051856995
-47.837703705,55.645500183,114.895332336
-47.380477905,57.476795197,47.681625366
-47.592971802,55.935825348,110.492866516
-48.095909119,55.385738373,113.148284912
-47.538780212,53.546108246,92.154136658
-49.138900757,54.561500549,71.112007141
-46.107006073,54.885944366,108.901458740
-48.505035400,56.257358551,77.913276672
-46.664123535,55.628967285,116.716331482
-46.641765594,57.383651733,48.274703979
-46.908351898,54.046123505,112.527282715
-46.009056091,52.663871765,45.361560822
-46.800567627,54.468002319,122.833488464
-45.805896759,54.893089294,97.032272339
-47.844120026,54.985900879,123.313980103
-48.397048950,56.694152832,65.910186768
-47.318778992,55.535682678,124.495819092
-47.718093872,55.286357880,124.198188782
-47.172523499,56.773292542,77.439048767
-48.560619354,54.433437347,93.862052917
-47.597843170,53.615688324,94.489746094
-47.217441559,55.700374603,120.434692383
-47.816627502,54.834110260,123.530998230
-46.634464264,55.396549225,121.081283569
-47.606853485,52.434375763,44.466770172
-47.535869598,56.916213989,70.238456726
-48.028301239,53.794612885,93.770935059
-46.885181427,54.853870392,128.957641602
-47.775928497,54.831157684,124.439842224
-47.253623962,55.219223022,130.004486084
-46.647098541,53.763778687,98.648826599
-46.393169403,54.626647949,116.397743225
-47.727302551,55.891784668,109.960716248
-47.116413116,54.486770630,126.147895813
-47.351814270,55.375503540,127.519073486
-46.905960083,55.523571014,123.126617432
-48.915222168,55.977119446,71.280937195
-47.173107147,55.401428223,127.416778564
-45.691516876,56.216587067,70.601448059
-48.461952209,55.861858368,90.833213806
-46.824157715,55.878261566,112.040992737
-48.667335510,53.855976105,76.324394226
-46.832153320,53.947109222,108.197631836
-47.475654602,56.256511688,99.428474426
-44.858901978,54.657119751,55.810302734
-46.136409760,55.016948700,109.995132446
-46.148994446,55.378898621,107.304496765
-48.327651978,56.136169434,87.230033875
-47.947082520,53.545940399,85.946182251
-45.890689850,54.510086060,97.429794312
-46.246929169,55.390110016,110.475654602
-48.051864624,53.245780945,71.615913391
-45.331539154,55.540332794,71.966690063
-45.623397827,54.666999817,88.198280334
-45.845119476,56.559307098,64.354743958
-47.337882996,54.578098297,127.613426208
-46.995838165,54.809177399,129.863418579
-49.748901367,53.895824432,39.150760651
-46.808238983,55.140419006,127.520309448
-46.832145691,54.545310974,124.756126404
-49.122165680,54.969779968,74.066970825
-46.875148773,53.939201355,108.392318726
-46.736186981,55.103096008,126.523239136
-47.629653931,54.723064423,126.371948242
-46.251853943,55.139823914,113.478256226
-48.020244598,56.413898468,85.065048218
-45.927326202,54.029975891,88.829772949
-47.807086945,54.213363647,112.722373962
-46.503238678,55.524826050,115.495643616
-46.499847412,55.559097290,114.655975342
-48.373771667,54.285808563,98.032691956
-49.000293732,55.684627533,73.633003235
-46.073162079,55.942050934,91.701171875
-47.488960266,55.181095123,128.847534180
-46.702556610,56.363407135,91.638206482
-49.001346588,55.589157104,75.059135437
-47.427116394,54.495754242,125.472785950
-46.458499908,55.277820587,118.491615295
-47.938583374,55.368877411,117.953071594
-46.684272766,56.496994019,85.700134277
-46.839656830,55.630897522,119.660934448
-48.571296692,54.392192841,92.711845398
-48.061149597,54.795803070,116.577438354
-45.381423950,53.121318817,46.681793213
-47.397880554,54.801357269,129.934875488
-47.594696045,56.233898163,99.240142822
-45.968105316,55.859165192,90.497947693
-47.392616272,54.741329193,129.449798584
-46.565109253,54.989711761,123.222450256
-47.907627106,55.592567444,114.520256042
-49.199245453,55.919563293,61.608829498
-45.357593536,55.206043243,76.691566467
-46.212295532,54.818496704,112.388221741
-48.126281738,56.196269989,90.772766113
-47.968688965,57.061557770,59.821594238
-47.442413330,54.910221100,130.113601685
-47.082431793,55.256984711,129.281311035
-47.666553497,54.518501282,122.730621338
-45.876514435,53.415325165,68.264633179
-47.771266937,53.960273743,105.330223083
-47.195446014,54.914066315,131.252578735
-47.296371460,55.137954712,130.601501465
-46.135398865,55.644603729,101.734649658
-47.259017944,55.075416565,131.059509277
-47.958980560,56.168956757,95.710060120
-46.907371521,52.407329559,44.512275696
-47.436290741,53.939750671,109.121543884
-46.100727081,54.252338409,100.272544861
-47.766571045,54.341270447,116.968826294
-48.844898224,53.383411407,56.622463226
-46.556560516,54.046710968,107.088790894
-45.920547485,53.801971436,82.063003540
-47.025306702,54.511054993,126.164344788
-48.236526489,54.989719391,111.374923706
-47.737148285,54.853961945,125.398628235
-46.652954102,53.958885193,105.977088928
-44.623481750,54.260181427,44.321842194
-46.301395416,54.769519806,115.036651611
-46.998210907,55.020870209,130.397018433
-47.803821564,54.803287506,123.624687195
-47.064899445,55.014160156,130.884033203
-47.470905304,54.814125061,129.353195190
-48.370525360,54.557010651,103.208572388
-47.683570862,54.889793396,126.617797852
-46.713928223,54.858856201,126.243156433
-45.325393677,53.495689392,54.829845428
-45.900726318,55.338253021,98.502868652
-47.087944031,52.955379486,67.291206360
-46.635223389,54.474403381,119.982467651
-8.538672447,12.273096085,96.179069519
-9.353983879,13.580347061,119.936393738
-7.393730640,13.261671066,98.428276062
-10.677515030,13.969527245,68.735900879
-7.274679661,13.389191628,94.682617188
-9.516047478,14.009233475,112.660743713
-10.178201675,13.832833290,90.718719482
-8.924812317,13.429039001,126.701728821
-8.977697372,13.012055397,119.805824280
-9.286106110,12.944025040,113.145957947
-8.503828049,13.756348610,127.185409546
-9.255973816,14.211278915,115.214576721
-8.296862602,15.449132919,73.169677734
-7.870821476,13.668357849,115.933509827
-9.820339203,13.941956520,103.695617676
-9.957026482,14.346146584,92.125389099
-9.083576202,14.904486656,95.858963013
-9.857398987,13.635251045,104.122726440
-8.563803673,13.060262680,122.393180847
-7.377766609,16.512559891,26.875938416
-7.736376286,12.878142357,103.723152161
-9.860060692,13.376122475,103.065650940
-8.933196068,13.226448059,124.378456116
-10.104074478,14.202241898,89.418182373
-9.259879112,13.990073204,119.241439819
-6.316936970,11.813155174,34.504276276
-8.838042259,13.744016647,127.507011414
-8.765512466,13.621430397,128.268463135
-8.536097527,12.547590256,107.081184387
-8.780333519,13.165850639,124.441780090
-9.859154701,13.340586662,102.793846130
-10.615341187,11.087867737,25.544599533
-8.571711540,13.202609062,125.063133240
-8.562904358,14.441777229,114.172988892
-7.410513401,14.382862091,90.071815491
-8.087732315,13.675575256,121.436546326
-7.425173283,12.855297089,93.272041321
-9.177905083,12.355985641,95.789512634
-8.417334557,13.148904800,123.123588562
-8.376488686,13.973307610,123.538391113
-6.727397442,12.767328262,65.725212097
-8.655263901,13.549365997,128.351821899
-7.404406548,13.425151825,99.930610657
-10.056174278,12.032132149,63.818019867
-8.732700348,14.957091331,95.828971863
-8.913209915,14.482045174,112.513214111
-8.842005730,12.944365501,119.342987061
-7.544279575,11.481401443,51.263393402
-9.300571442,13.855004311,120.010208130
-9.738780022,13.996443748,105.886291504
-7.829825878,13.523399353,114.882102966
-9.090815544,13.283358574,123.182487488
-9.434000015,13.570502281,117.865631104
-9.186338425,13.476164818,123.264480591
-6.158133507,12.869693756,46.341503143
-8.540240288,13.822075844,126.887336731
-6.754623890,12.703194618,65.646369934
-8.809773445,12.976803780,120.336639404
-8.518030167,14.696841240,105.331176758
-9.516928673,13.459650040,115.135147095
-7.927466393,13.683944702,117.451988220
-8.712614059,12.895634651,118.568420410
-7.258426189,13.257585526,93.143760681
-9.051424026,13.388139725,124.891044617
-7.798570633,14.852724075,88.033927917
-8.954439163,13.693374634,126.820114136
-8.263384819,13.882572174,123.178886414
-7.984717369,14.786040306,94.645858765
-9.408092499,13.460978508,118.163986206
-8.821824074,13.195754051,124.747032166
-11.015923500,12.888278961,51.313465118
-9.579327583,13.927221298,111.861839294
-8.332238197,13.988953590,122.728515625
-8.493121147,12.774478912,114.574371338
-10.233577728,14.487899780,78.944976807
-10.247530937,15.647075653,46.298397064
-8.477934837,13.801692963,126.633895874
-8.380638123,13.224939346,123.967086792
-8.047912598,13.553413391,120.716529846
-9.607878685,14.130873680,107.998580933
-6.046360016,12.570964813,39.534717560
-8.997688293,15.018503189,92.141044617
-9.262079239,15.045835495,87.960617065
-7.685161114,13.702405930,110.006301880
-8.943362236,14.627074242,107.484085083
-9.547397614,14.447686195,102.502777100
-7.368180752,14.918442726,73.851776123
-7.768775463,12.708738327,100.230346680
-8.091977119,13.617325783,121.690254211
-9.827294350,13.546669006,105.163528442
-10.203429222,13.507708549,90.147369385
-8.892975807,14.224985123,119.797767639
-7.704455376,12.285470009,84.748207092
-10.097537041,11.640474319,49.832260132
-7.931399822,12.999858856,111.688247681
-9.331946373,13.642501831,120.456932068
-8.774670601,14.370975494,116.529930115
-10.930204391,13.489430428,59.325500488
-10.002466202,15.378629684,60.351821899
-8.238645554,14.038758278,120.470970154
-6.597841263,13.540582657,66.664779663
-7.873738766,12.225588799,86.213775635
-8.568521500,15.961445808,53.979072571
-8.271923065,12.934934616,116.848426819
-9.745529175,12.112923622,74.707771301
-8.326295853,14.547841072,108.700889587
-8.642827034,12.875443459,118.041191101
-8.528113365,13.000046730,120.887535095
-7.549198627,13.275920868,104.266601562
-9.652702332,13.141160965,107.375297546
-8.383133888,12.456298828,102.685363770
-8.102904320,13.415528297,121.446060181
-8.688113213,13.556823730,128.380889893
-6.505874634,13.517284393,62.880317688
-7.924708366,16.140018463,43.270694733
-8.344181061,15.534385681,70.048301697
-8.672478676,14.483496666,113.203376770
-9.358641624,12.574610710,100.609680176
-9.738704681,13.662634850,108.373321533
-8.484194756,12.569886208,107.648902893
-10.148289680,11.810061455,54.164287567
-6.643224239,13.794383049,67.710693359
-10.915202141,13.677699089,60.092082977
-8.929203987,12.309616089,96.788024902
-7.610621929,13.229427338,105.908363342
-8.728640556,13.402477264,127.610519409
-8.723547935,14.704322815,105.635734558
-8.164262772,13.234903336,120.873497009
-7.194445610,15.226983070,59.330196381
-10.233136177,12.572239876,74.460159302
-9.381097794,15.211874008,79.498733521
-8.952647209,13.114868164,122.259269714
-8.803927422,13.462647438,127.767280579
-8.925911903,12.617152214,108.681625366
-9.563092232,13.419628143,113.499427795
-7.388357639,14.975951195,72.664726257
-7.854246616,14.050115585,111.448181152
-11.381809235,15.467157364,24.807214737
-7.651921272,13.317470551,108.180244446
-9.418316841,13.872861862,116.986206055
-8.725223541,12.994116783,121.058639526
-7.275952816,13.031736374,91.097396851
-8.520062447,12.482538223,104.565849304
-9.025222778,14.769056320,101.639923096
-8.727363586,13.099876404,123.367881775
-10.718110085,13.345798492,67.482940674
-9.124587059,14.420135498,112.086784363
-7.447714806,12.468218803,83.890289307
-7.968243122,12.718053818,105.372726440
-7.620595932,13.249994278,106.473968506
-8.212654114,15.235619545,81.064117432
-10.473604202,13.833648682,78.252273560
-7.192538738,14.465911865,80.213912964
-6.603991985,13.190541267,65.815872192
-7.684722900,14.405229568,98.644683838
-8.719345093,12.674469948,111.775367737
-8.546200752,15.620550156,67.602684021
-7.520052910,14.175206184,98.396591187
-9.263851166,12.279276848,91.357429504
-8.968963623,12.777802467,113.575614929
-9.125843048,14.789417267,99.737113953
-7.544692516,14.773967743,83.690986633
-8.225779533,13.156993866,120.774009705
-8.330935478,11.960082054,81.383995056
-7.665887356,12.587447166,93.853500366
-7.435797215,13.053245544,97.353668213
-6.536819458,13.422931671,64.076133728
-8.885630608,14.449190140,113.717552185
-10.111799240,13.905389786,92.894081116
-9.775217056,14.363640785,97.907936096
-8.270176888,13.911120415,122.934425354
-7.533751011,13.830286980,103.809402466
-10.964699745,12.933573723,53.758377075
-9.729515076,14.350175858,99.679336548
-8.972293854,13.043760300,120.579032898
-9.583386421,13.345171928,112.250450134
-8.348093033,14.576296806,108.024917603
-8.732427597,13.243910789,125.831970215
-8.730682373,12.475689888,104.509521484
-9.227856636,15.115403175,85.675971985
-7.697729111,15.923253059,47.556591034
-9.503135681,16.287033081,38.198104858
-9.276784897,13.033637047,115.413978577
-8.472935677,14.178092957,120.628074646
-96.047798157,23.449523926,122.801124573
-94.180213928,22.329154968,57.405834198
-97.338592529,23.739936829,100.185737610
-96.339347839,23.578012466,122.068702698
-93.924156189,25.198778152,36.285068512
-95.598770142,22.761234283,109.778579712
-95.986938477,21.785270691,80.669326782
-97.090881348,24.276849747,97.215507507
-97.181510925,22.913040161,102.453735352
-96.017822266,20.589635849,35.831871033
-96.029411316,23.840620041,119.344642639
-95.674217224,25.209758759,71.788604736
-96.758323669,23.321245193,117.033058167
-97.027984619,22.906213760,106.464256287
-96.964347839,22.807762146,106.127754211
-98.202911377,22.385391235,59.008178711
-95.446166992,23.186916351,113.259696960
-96.734191895,23.092138290,115.669021606
-95.928245544,22.199935913,96.646522522
-95.331420898,21.447612762,61.103191376
-95.224250793,23.953773499,103.556068420
-98.301116943,23.613666534,65.862052917
-95.842071533,22.332925797,100.712585449
-96.307640076,22.010364532,89.749679565
-95.374160767,24.231134415,101.403427124
-96.256202698,20.975761414,48.645778656
-96.301147461,23.348836899,122.655731201
-96.914169312,22.069362640,85.220542908
-97.083564758,23.034671783,106.986198425
-96.347496033,24.185806274,111.605949402
-95.614280701,23.729804993,116.042556763
-97.270652771,23.726959229,102.459205627
-95.584861755,24.217576981,106.062278748
-95.283088684,21.205032349,51.777717590
-97.685195923,23.133993149,88.600090027
-95.458213806,24.370206833,99.353172302
-96.869537354,25.607305527,53.814594269
-98.104393005,23.201911926,73.301742554
-95.550178528,23.062631607,114.230110168
-97.180953979,24.739439011,80.807189941
-96.372596741,23.739408493,120.371078491
-95.040748596,22.727668762,95.073394775
-96.039169312,23.111783981,120.949287415
-97.440422058,24.595233917,78.847763062
-95.703056335,23.811716080,116.491310120
-96.159492493,24.933300018,85.640487671
-98.822402954,23.239101410,47.252601624
-97.696189880,23.769514084,87.567649841
-95.018241882,22.675870895,93.282630920
-94.715454102,23.896551132,87.453262329
-95.460304260,24.334686279,100.436096191
-95.846794128,22.590810776,108.853721619
-96.966758728,23.494298935,112.515846252
-96.713653564,24.090867996,109.866432190
-98.509963989,23.869752884,56.487541199
-96.340003967,23.286855698,122.204185486
-96.338340759,21.332712173,62.053646088
-95.547760010,23.556221008,116.157363892
-93.789001465,24.245893478,48.142875671
-96.028648376,22.439643860,105.493736267
-97.129379272,22.586793900,96.898674011
-94.319923401,22.700401306,68.891937256
-97.764404297,24.449123383,73.096366882
-95.369079590,23.426549911,112.312667847
-95.301582336,23.802038193,108.003318787
-97.515563965,25.634096146,43.835586548
-98.457000732,23.184810638,59.961956024
-94.775207520,25.497390747,47.537841797
-97.167129517,23.521028519,106.998985291
-97.230331421,25.015869141,70.075424194
-95.961631775,23.178188324,121.204605103
-95.687789917,21.984857559,86.369102478
-97.499572754,23.798601151,94.201049805
-94.951812744,23.280559540,99.065948486
-95.899559021,22.496665955,106.535728455
-94.477096558,24.374658585,70.463554382
-94.907363892,25.201831818,59.643581390
-96.478919983,23.171398163,120.211914062
-98.274536133,23.084264755,66.158226013
-95.570594788,24.611461639,93.526397705
-95.965568542,23.411550522,122.357933044
-95.253669739,23.938392639,104.643356323
-96.869049072,23.381042480,114.889755249
-95.969108582,22.428155899,104.835502625
-98.999305725,24.283235550,36.637989044
-97.224807739,24.437948227,89.298065186
-95.581626892,23.398166656,117.173828125
-94.414024353,24.203060150,71.451850891
-96.593994141,25.148626328,74.668441772
-97.330307007,20.999963760,40.483840942
-96.599174500,24.475076675,100.427680969
-95.805160522,23.255371094,120.277587891
-95.542671204,22.749076843,108.457313538
-97.428405762,22.968729019,95.710502625
-96.978019714,22.501909256,98.199569702
-96.405929565,24.778144836,91.097160339
-96.559295654,22.606157303,108.417289734
-96.779861450,23.302742004,116.538330078
-95.684700012,24.305936813,105.181098938
-94.475471497,22.962287903,78.401466370
-95.734680176,23.339340210,119.707229614
-97.245132446,23.529115677,104.622734070
-98.451103210,23.135128021,59.936283112
-96.331336975,23.250291824,122.039367676
-96.980331421,24.005268097,106.284187317
-96.769165039,22.670583725,106.989608765
-96.253524780,23.186130524,121.873367310
-95.319999695,23.981924057,105.643226624
-95.131530762,22.673053741,96.641395569
-96.776275635,23.368375778,116.815948486
-95.863380432,25.149663925,75.761764526
-98.647552490,22.560371399,47.601242065
-95.536270142,23.743976593,114.351570129
-98.095947266,22.215009689,58.734928131
-97.407363892,22.989654541,96.683174133
-96.737182617,24.137708664,108.335258484
-94.776969910,23.810443878,90.775299072
-96.238632202,23.066938400,120.568290710
-96.949783325,23.365110397,112.979057312
-96.613113403,24.746206284,90.487022400
-94.761398315,22.440229416,79.590980530
-98.306907654,22.614671707,59.598640442
-98.231323242,24.422245026,58.434600830
-95.431076050,24.323471069,100.152595520
-95.479400635,24.197002411,104.583374023
-94.932044983,23.705026627,97.434509277
-95.844032288,23.304737091,120.998672485
-95.500007629,21.121337891,51.224113464
-95.499496460,24.301080704,102.178131104
-94.435028076,22.142433167,61.764179230
-96.054039001,23.336147308,122.706062317
-97.759445190,24.771436691,64.750701904
-95.799560547,24.275581360,107.537033081
-98.077995300,22.430946350,63.986438751
-96.762153625,23.049726486,114.606369019
-98.363426208,22.735546112,59.375900269
-96.410812378,23.137187958,120.500648499
-95.952438354,23.175977707,121.118057251
-97.590820312,23.434076309,93.186645508
-95.872383118,23.134313583,119.999397278
-96.090782166,26.472084045,28.559307098
-94.613220215,23.180681229,85.775581360
-97.260803223,23.661762238,103.357101440
-96.382743835,23.266122818,121.804893494
-95.424987793,23.600852966,113.139282227
-95.643829346,23.676759720,117.125762939
-93.521957397,21.913314819,30.915458679
-94.719032288,21.142084122,41.170703888
-95.325332642,22.442399979,95.760910034
-96.058494568,25.375898361,67.165145874
-95.843093872,24.419063568,103.547630310
-95.010536194,23.503684998,101.310089111
-96.990242004,23.675893784,110.856056213
-95.803894043,23.910753250,116.269065857
-94.692901611,22.800516129,84.501037598
-95.266845703,22.242311478,88.271957397
-94.137855530,23.754356384,66.051017761
-97.371208191,23.245767593,100.308891296
-96.981452942,20.942777634,42.849414825
-97.418685913,24.498300552,82.274520874
-97.482063293,24.205671310,87.822105408
-95.461441040,24.458108902,96.722129822
-96.011238098,22.574913025,109.586990356
-97.298980713,23.537204742,102.904876709
-94.951225281,24.370534897,86.301109314
-97.273452759,22.145380020,80.185333252
-96.299110413,23.936903000,117.664436340
-95.519187927,23.365158081,115.835289001
-96.354835510,22.166561127,95.564002991
-94.546058655,23.425184250,83.861015320
-95.156295776,23.334037781,106.082908630
-95.729003906,23.729766846,117.946800232
-95.460182190,22.931501389,110.352058411
-96.048133850,23.280981064,122.443359375
-96.537330627,24.629590988,95.669052124
-95.800132751,22.348583221,100.838424683
-96.376075745,23.151247025,120.916519165
-96.125480652,22.390115738,104.092468262
-95.269744873,23.697050095,108.296829224
-97.391799927,22.969335556,96.910865784
-93.809486389,25.557163239,27.178983688
-95.924819946,24.569154739,99.041404724
-94.845039368,22.141067505,74.177612305
-95.566390991,23.318296432,116.687316895
22.460756302,23.022006989,125.735824585
21.036481857,23.419513702,101.864311218
20.689100266,22.774763107,78.962509155
23.585012436,24.171678543,97.468719482
21.885759354,24.756992340,103.110649109
21.812746048,22.478126526,105.156181335
24.704029083,24.075105667,51.713409424
23.081541061,24.275695801,112.384719849
22.963518143,22.660278320,108.063499451
21.732196808,23.722709656,125.451148987
22.907640457,24.308319092,115.829765320
22.309511185,25.234766006,85.519607544
21.093990326,25.316934586,63.008476257
23.822435379,23.713708878,92.310661316
22.726057053,23.141662598,125.144966125
21.602163315,22.937105179,114.791053772
22.825649261,25.627492905,64.922363281
23.304586411,21.946649551,73.994728088
21.421413422,24.327230453,106.504257202
22.446825027,22.357074738,103.988059998
21.459949493,22.195753098,87.392173767
24.174659729,23.341005325,75.957015991
22.403766632,23.044395447,126.528480530
21.816682816,21.879188538,80.590316772
22.735971451,24.685770035,106.618232727
22.075359344,23.746860504,131.158065796
23.566570282,24.214458466,97.394676208
21.624282837,23.065313339,118.101165771
22.569091797,25.078306198,91.942893982
23.663433075,23.275075912,97.808166504
20.532545090,23.321523666,79.040351868
21.570732117,24.302593231,111.571411133
21.538127899,22.710109711,107.097236633
22.490898132,23.292432785,130.340270996
21.538129807,24.900724411,90.503974915
21.353864670,20.317592621,21.606523514
20.695789337,23.601339340,87.052566528
22.342975616,21.734306335,76.947036743
20.560035706,23.393243790,80.618545532
23.862665176,23.825588226,89.968254089
21.589630127,23.832426071,120.845916748
21.589380264,21.102182388,46.295173645
22.725858688,23.625297546,129.326568604
23.350488663,24.125093460,107.114440918
22.391761780,24.151649475,126.248542786
21.587417603,21.975942612,81.243186951
20.620864868,22.688640594,74.495658875
23.026046753,24.236986160,114.796752930
21.568243027,23.825166702,120.301719666
23.043991089,24.260744095,113.758026123
22.799831390,22.423347473,102.883613586
22.313812256,22.336315155,103.495246887
21.201826096,24.857810974,82.809837341
23.086202621,23.412538528,120.148849487
21.498004913,22.849374771,109.838081360
22.382099152,24.288400650,122.812042236
23.043439865,23.381784439,121.148376465
23.257493973,22.730230331,102.319686890
24.247753143,23.965702057,71.755531311
20.101362228,22.800945282,55.526718140
22.078767776,25.107994080,90.315490723
22.378780365,23.386226654,131.923675537
23.402870178,24.557260513,94.894859314
20.364088058,23.985874176,69.483596802
21.113334656,23.283466339,104.086311340
22.087453842,24.290843964,121.662010193
25.375543594,21.802040100,19.718519211
22.916240692,24.652463913,104.800392151
22.237121582,22.748895645,118.640090942
24.183345795,23.033277512,72.720832825
22.028680801,23.468723297,130.903671265
21.923099518,24.026899338,125.626152039
21.265863419,22.666183472,97.856704712
22.016658783,24.129457474,124.913276672
23.088584900,24.821582794,94.822929382
22.112581253,23.754709244,131.453979492
23.687299728,23.452251434,98.080223083
23.253713608,22.271148682,87.429939270
23.266801834,23.625370026,114.950485229
21.955556870,22.241044998,97.704879761
22.400394440,23.925516129,130.400939941
22.674013138,23.295221329,128.309494019
23.487623215,24.472013474,94.396324158
21.579736710,23.205829620,119.255149841
22.026714325,23.531892776,131.105239868
22.360435486,24.073268890,127.991119385
21.377376556,23.683139801,115.159103394
25.369939804,21.461730957,16.433942795
22.275787354,22.200426102,97.768119812
22.605810165,24.346261978,119.706764221
22.736593246,24.840143204,100.528396606
22.986207962,24.696348190,101.766929626
22.552444458,22.420509338,105.825424194
22.778909683,23.547077179,128.333145142
22.626317978,24.236436844,122.469963074
21.698173523,23.505735397,124.951141357
21.664651871,24.261121750,115.111869812
21.750976562,23.725139618,125.874412537
21.230012894,23.366075516,109.314064026
22.779241562,24.469186783,113.557716370
22.858230591,24.054115295,122.587188721
22.226190567,23.341657639,131.451187134
21.961547852,23.655502319,130.179763794
22.960557938,23.947166443,121.911605835
22.882568359,24.684606552,104.276954651
22.188234329,25.098976135,91.412490845
22.667572021,22.648117065,112.952659607
22.749576569,23.328992844,127.461730957
22.388561249,24.328092575,121.671539307
21.820661545,22.406444550,102.584556580
22.626165390,22.731777191,116.218933105
22.551162720,24.176820755,124.715301514
21.050241470,24.324848175,93.343132019
22.903875351,23.630138397,125.685554504
20.988439560,22.319517136,78.419296265
21.662055969,22.911788940,115.661911011
22.499914169,24.682479858,109.087226868
22.949228287,22.962163925,116.837081909
21.818397522,24.763786316,101.745864868
22.833154678,24.414560318,114.313102722
21.594284058,23.643909454,122.193885803
21.709455490,23.234796524,122.992721558
21.796253204,23.246700287,125.066841125
22.224838257,22.018682480,89.722007751
21.255151749,23.817623138,109.801368713
22.553050995,22.575128555,111.654685974
21.890865326,23.849599838,127.662681580
23.732381821,24.219974518,90.664260864
22.217252731,23.480110168,132.460617065
21.409172058,23.803852081,115.465034485
22.852352142,23.186737061,123.511993408
21.937219620,23.439474106,129.489807129
23.009576797,23.806287766,122.164581299
23.857198715,23.177633286,88.515655518
22.559694290,24.232345581,123.280220032
22.261457443,24.178205490,125.637283325
22.979455948,24.009395599,120.514160156
21.769632339,24.992572784,91.505081177
20.962629318,23.227552414,97.339851379
23.364418030,22.235866547,83.209159851
23.605379105,22.463598251,83.260047913
20.932321548,24.675506592,79.526306152
21.915164948,22.457441330,105.867553711
23.830560684,22.081996918,64.504623413
21.893184662,23.534292221,129.140213013
21.780281067,22.932338715,118.739288330
24.019826889,25.284906387,52.629863739
23.714366913,22.709749222,85.949378967
22.384830475,23.429239273,132.240921021
22.478511810,23.499328613,132.145126343
22.591297150,23.619173050,131.265197754
23.426282883,24.548683167,94.369812012
24.492954254,21.835062027,39.367282867
22.998437881,21.856662750,76.442283630
21.477890015,24.934566498,87.704383850
22.260257721,22.872674942,122.383750916
22.258386612,23.975374222,129.703689575
23.169095993,22.304821014,90.798294067
22.705902100,22.544172287,108.790458679
21.972501755,22.670198441,114.169006348
23.934333801,23.023744583,83.181915283
21.123907089,23.610113144,105.746932983
23.121440887,24.686597824,98.945182800
22.200555801,23.030868530,126.204574585
23.351554871,22.213827133,82.771812439
23.289043427,23.738330841,113.830780029
22.953884125,23.971136093,121.739288330
21.514694214,23.591217041,119.923690796
21.289783478,24.459428787,98.562774658
21.836856842,24.624616623,107.359062195
22.708513260,22.382215500,102.627990723
21.386611938,22.485727310,95.940856934
21.904266357,23.804653168,128.351470947
20.370311737,22.397054672,58.813503265
22.080850601,24.890625000,99.911430359
22.160936356,23.232204437,129.758911133
20.763317108,23.293245316,89.257415771
21.329063416,24.164808273,107.272438049
24.588098526,23.974281311,57.143726349
21.317699432,24.034421921,109.318725586
21.554538727,23.067646027,116.274261475
22.557056427,24.634124756,110.532066345
22.524305344,23.985456467,128.760269165
22.485668182,24.005390167,128.723358154
88.646865845,37.592239380,98.617576599
87.315696716,35.602672577,89.097122192
87.636711121,35.670768738,103.097259521
87.770332336,36.858444214,106.306236267
88.098617554,36.327648163,123.150650024
88.214546204,35.607128143,118.804504395
88.849807739,35.055809021,105.939682007
87.660499573,34.700042725,76.156906128
88.049339294,36.288131714,121.961395264
89.909523010,35.527557373,97.066284180
90.331718445,36.236881256,87.119293213
89.183273315,36.533470154,125.433380127
89.322082520,38.193954468,68.264335632
90.168266296,35.386432648,84.114456177
88.330047607,36.793773651,122.081932068
87.686286926,36.755241394,105.299095154
88.674827576,35.364700317,117.176483154
89.094017029,37.337741852,106.420524597
87.806526184,37.966655731,71.659805298
88.987228394,36.235862732,130.204010010
89.141937256,33.771163940,49.403369904
89.524909973,36.628974915,115.770912170
88.292861938,36.701213837,123.280120850
89.154548645,35.303112030,111.682785034
88.843307495,34.771766663,94.278266907
90.563423157,36.260601044,76.898445129
88.444374084,34.959350586,101.203063965
88.383865356,36.266784668,129.113632202
89.024749756,34.805171967,94.439056396
88.380828857,37.110626221,114.423538208
89.077568054,36.514156342,127.419944763
89.420890808,35.966037750,120.364791870
87.949508667,35.810272217,115.992332458
89.462928772,37.254753113,102.334609985
88.754119873,35.378662109,117.629371643
88.571334839,37.287872314,110.219375610
89.464157104,35.342803955,106.427452087
88.981918335,36.209144592,130.254135132
88.349624634,33.705673218,47.732322693
87.746185303,37.753345490,78.266777039
88.678260803,36.502948761,130.096054077
88.652854919,36.767173767,125.770347595
89.377761841,36.932056427,113.778617859
89.931594849,36.822765350,98.536033630
90.453392029,37.874687195,53.384059906
88.768432617,35.150844574,109.815612793
87.590072632,35.368015289,94.885543823
88.931632996,35.105861664,107.352897644
88.738708496,37.584434509,99.040252686
89.369697571,36.160659790,122.962455750
88.689834595,35.251895905,113.466804504
89.119499207,36.607048035,125.566642761
87.293930054,36.568656921,91.791831970
88.985916138,36.155403137,130.105758667
87.931015015,36.091995239,118.222579956
88.203758240,35.072669983,102.374328613
89.990905762,37.859394073,67.150627136
88.528190613,36.872955322,122.661018372
87.201881409,35.629951477,84.699195862
88.687828064,35.447360992,119.705886841
90.497909546,36.975418091,73.063827515
88.874084473,34.598590851,86.568420410
87.936462402,36.137386322,118.577156067
88.506301880,35.405399323,117.587516785
88.389793396,36.185390472,129.194992065
86.894653320,36.846881866,70.718551636
88.512199402,36.140575409,130.524307251
87.956802368,36.355258942,119.035827637
88.635780334,35.202754974,111.630958557
89.307586670,35.167644501,104.343711853
90.025718689,35.821208954,97.626693726
87.982009888,34.326038361,68.656906128
87.912200928,38.171752930,65.771278381
89.422164917,35.949676514,120.161560059
88.768676758,36.989475250,120.337280273
88.467582703,37.238937378,111.165908813
88.233314514,35.274192810,109.881835938
88.877189636,36.224533081,131.176925659
87.192100525,36.788970947,84.580596924
88.588844299,37.679298401,94.753738403
87.983390808,36.222122192,120.147590637
87.605339050,36.906002045,99.411430359
88.689247131,36.375640869,131.202682495
88.323593140,35.494728088,117.951416016
89.081718445,36.140830994,128.806335449
88.935531616,36.439620972,129.833816528
89.230873108,36.444614410,125.394142151
88.561439514,35.052867889,105.731956482
88.660888672,37.876831055,86.402656555
89.323326111,35.823055267,121.021308899
88.850791931,37.358612061,107.758880615
88.768325806,36.619731903,128.552047729
88.038436890,37.467903137,95.928955078
89.499488831,35.673881531,113.755050659
88.133499146,35.488578796,114.183746338
90.133010864,34.899799347,72.165977478
87.459037781,35.227073669,86.504356384
86.933280945,34.304752350,43.852451324
87.172264099,36.183151245,87.982650757
91.382621765,35.490207672,40.253452301
89.212265015,36.935779572,117.229286194
88.172760010,35.985931396,124.038482666
88.562171936,36.560779572,128.861816406
89.111770630,34.576206207,83.671295166
89.872901917,38.595542908,44.554805756
88.490409851,36.783763885,124.372749329
89.114334106,35.865772247,125.819007874
89.602989197,37.033924103,105.052749634
90.207107544,36.550777435,91.077308655
91.755668640,36.435203552,32.002899170
88.534118652,36.393383026,130.320556641
88.660629272,36.488452911,130.209075928
88.814147949,36.134567261,131.319213867
87.700836182,36.533599854,108.918312073
88.267227173,36.081008911,126.739067078
87.502319336,36.492374420,101.448654175
89.197502136,35.666515350,120.802505493
88.915100098,36.027774811,130.070648193
88.583892822,35.689220428,125.435470581
88.088897705,35.078315735,100.375671387
88.970077515,34.913883209,99.465515137
88.715965271,37.183429718,114.321769714
87.972259521,37.661155701,87.168014526
88.219757080,36.076808929,125.756347656
88.663284302,36.697978973,127.168136597
89.050125122,37.302051544,108.252799988
88.282402039,38.312500000,65.124435425
88.440872192,34.336803436,74.452194214
88.979843140,36.512882233,128.672821045
92.042312622,35.861686707,24.351085663
89.686447144,36.786437988,108.011009216
87.535003662,36.000705719,103.174102783
87.733238220,37.180213928,97.056205750
86.107551575,35.364471436,37.500469208
88.065322876,34.985439301,96.498367310
88.632949829,35.863132477,128.780364990
90.054542542,35.194000244,83.486991882
89.176956177,35.877182007,124.897850037
87.809646606,36.557731628,112.564498901
88.619148254,38.000469208,80.843185425
87.502296448,36.819606781,97.106086731
89.537101746,37.418937683,94.914932251
90.152511597,36.023742676,94.266265869
87.983375549,37.155120850,105.137832642
88.181533813,34.677623749,86.395767212
90.544723511,35.846984863,75.922935486
90.134971619,35.876499176,93.770576477
89.703437805,35.951320648,111.369277954
90.004180908,37.345195770,83.249595642
91.314819336,36.849559784,43.524627686
87.117652893,34.381301880,50.825824738
89.469238281,36.694736481,116.356811523
88.361625671,37.978427887,80.195571899
86.986724854,36.064823151,79.151718140
88.468009949,35.872726440,127.704414368
88.855827332,36.975105286,120.445579529
89.197845459,37.175109863,110.493927002
88.699119568,35.332275391,116.169639587
89.331947327,37.208557129,106.839080811
88.364677429,35.008975983,102.326538086
89.380302429,36.681171417,118.958023071
88.759155273,37.220890045,113.019691467
90.551605225,35.368820190,68.725059509
91.961463928,36.197959900,26.807821274
90.526252747,36.029972076,78.040863037
88.521080017,36.282966614,130.698791504
87.022460938,36.807518005,76.867835999
88.044853210,36.896553040,113.726562500
89.208457947,36.970970154,116.374870300
87.632736206,35.943531036,106.617431641
88.341392517,37.279975891,108.247154236
88.769401550,35.398105621,118.205978394
88.746475220,35.254783630,113.565605164
89.949012756,35.447128296,93.800964355
88.424514771,35.708599091,124.393478394
89.789916992,35.517219543,101.118179321
88.729507446,37.412384033,105.974189758
90.134399414,36.651733398,93.055511475
89.103858948,36.862674713,120.863227844
88.506401062,36.226799011,130.624572754
89.273078918,35.098457336,102.542182922
89.230293274,39.367183685,27.633562088
88.598342896,35.639663696,124.427986145
88.788406372,36.244239807,131.582427979
-50.825939178,41.409942627,1.018525362
6.449560642,-89.165199280,0.999992251
-72.157241821,82.355499268,1.180925012
75.156974792,63.150829315,1.620366931
14.230540276,-27.962141037,0.999998868
91.752792358,81.888160706,1.206802011
-96.594535828,-75.786773682,1.000008941
8.609848022,38.105056763,3.487979889
-7.032287598,-63.586639404,1.002089024
-15.943888664,-58.927646637,1.270022273
60.840164185,8.444566727,16.017349243
-18.229492188,-71.666770935,1.747907162
2.887623072,13.278068542,1.001347184
30.620948792,41.111003876,1.000003576
-91.634445190,-24.440563202,0.999956489
-25.592466354,-65.901664734,1.000010133
-35.556415558,-91.172439575,1.000245452
-7.571352959,2.763834476,1.000622034
-2.159406662,-71.603179932,1.533411503
-78.826995850,51.832874298,1.000014544
49.775108337,-40.607124329,1.000548482
36.005592346,88.302993774,1.005308867
67.804779053,-40.916286469,1.039518952
-73.353912354,-89.754425049,1.000002623
0.745666564,-8.492738724,1.287422895
50.227668762,53.670787811,1.000060320
-86.004249573,94.286331177,0.999985516
-48.417167664,-25.179534912,1.132979870
15.257406235,-92.343475342,1.005846977
42.576839447,-61.560028076,1.059781075
83.399810791,-50.652320862,1.093389750
-17.338464737,-55.134975433,1.032358050
29.219814301,-24.539459229,1.213953018
-52.164970398,68.784271240,1.344669580
40.589023590,-5.670265198,0.999982476
-42.812919617,74.458618164,1.083383322
-16.123237610,-6.920653343,1.036420584
-61.601394653,66.784088135,2.235843658
9.981014252,31.379549026,2.028906107
-16.236553192,-96.124526978,1.000025868
-39.897636414,-95.865570068,1.212648511
-94.014289856,97.025688171,1.586229324
-81.050659180,-9.800621986,1.003234982
67.743896484,-15.689922333,1.048662305
-50.249538422,-17.199684143,0.999988317
64.777770996,-91.021713257,1.037155986
-2.244434595,-61.298805237,1.001896739
-87.946136475,57.110897064,1.000028133
-97.103500366,-17.008411407,1.000018716
9.100555420,-65.423255920,2.686233997
79.891334534,-18.263883591,1.066451073
-63.579238892,22.235914230,0.999986470
27.889738083,-22.265714645,1.213935494
-93.706329346,32.329193115,1.000226974
-52.446674347,-70.014884949,1.011651278
64.187431335,0.848281741,1.015933752
-10.414049149,50.968448639,2.131257057
-5.862157822,22.367969513,1.010326743
-18.751880646,77.504455566,1.289647579
13.113127708,80.502212524,5.313548565
79.765914917,51.714145660,1.000331283
9.610257149,30.843919754,2.150143623
-55.583026886,83.825469971,1.000185728
71.947181702,57.428657532,1.047940731
-94.903793335,-61.094570160,0.999997020
83.339485168,61.810787201,1.773020387
69.231925964,-19.086099625,1.047147751
-48.725055695,78.139564514,1.001599669
-25.408935547,-40.225883484,1.176959753
-39.827537537,76.486480713,1.464263201
-64.613990784,66.591468811,1.718649268
-4.486453533,-47.771251678,1.009901285
16.846246719,-44.201702118,1.000057340
2.977735758,22.735164642,0.999998212
16.604764938,63.247455597,0.999983013
23.753360748,-55.872100830,1.059315681
-41.021373749,-19.564453125,1.023506880
53.897468567,80.836486816,1.124865174
-95.093528748,98.683631897,1.746879697
-1.707595229,-73.651199341,1.382052302
13.088337898,-8.293330193,1.068123698
-90.135688782,15.524858475,1.219712496
86.314231873,-5.473876476,1.000171304
-54.159465790,34.188095093,1.005669355
-46.474903107,83.038208008,1.001610875
-4.590878487,56.910896301,29.007911682
-90.172485352,46.497772217,1.002739906
-70.404777527,-56.456424713,1.198005676
72.261680603,-75.214973450,1.203683019
-41.057857513,-26.018552780,1.006029725
82.002113342,-71.422073364,1.001968503
23.386993408,-59.418445587,1.059303999
-42.238212585,-10.987992287,1.000023484
9.445315361,-64.925270081,2.879568100
19.104391098,21.448877335,13.464281082
-18.292945862,-59.855972290,1.388276577
-33.214546204,-80.392684937,0.999967813
48.967552185,-97.076538086,1.003632188
-33.641834259,84.868103027,1.000018597
-62.496135712,4.703108788,1.043637156
-70.151000977,89.953681946,87.711311340
64.115898132,-37.474906921,1.746267438
50.389171600,13.470449448,1.011196494
-55.669544220,-73.122573853,1.011618495
-50.151050568,25.798118591,1.021893144
90.954994202,55.375061035,1.456119180
80.692176819,-61.184307098,1.084372401
82.917877197,-83.063606262,1.001661539
88.837379456,-71.756866455,1.000020146
-27.694021225,-30.888914108,1.003251195
-34.028594971,47.323093414,0.999989212
67.894393921,14.094676018,1.001638055
9.215009689,-47.738410950,1.020334005
80.665016174,12.955468178,1.005238056
-17.737548828,11.899854660,1.271080613
-79.106658936,-77.713142395,1.001157284
85.457061768,-56.288852692,1.162402630
-45.943771362,11.448447227,0.999945641
-2.627606153,11.146567345,1.261260867
-26.914173126,-18.956947327,1.000280619
-66.240226746,-0.596576393,1.083000183
-15.408776283,88.016746521,1.000013709
-74.042556763,23.148086548,2.353195667
93.305206299,-80.407646179,1.007730007
44.223705292,73.103210449,1.198551416
-33.553401947,13.872685432,1.000000238
-82.073974609,-32.588668823,1.007137537
-50.233711243,37.073604584,1.778668761
-88.862442017,-3.354200602,1.044335723
10.769167900,86.250923157,32.415523529
84.224441528,-98.681388855,0.999997556
16.206207275,-20.042358398,0.999957442
7.251224995,29.920013428,1.359113693
-45.124652863,52.230148315,22.102458954
84.103904724,77.757217407,1.000000238
51.068569183,4.891316891,1.043955445
-2.961493969,48.999729156,1.134303093
54.546024323,-97.576118469,1.977693677
-92.434432983,-4.487980843,1.236281157
73.271278381,-56.998729706,1.102046609
-71.284645081,86.632453918,60.065807343
78.222465515,-46.265144348,1.000034809
68.056999207,51.402027130,1.012661695
99.078208923,-67.325126648,1.006901383
79.478721619,-88.603927612,1.171290994
34.612930298,33.831562042,0.999966800
83.138786316,-54.424896240,1.181971312
-65.673515320,2.702279568,1.126648426
90.514350891,-44.226795197,1.003544927
59.332992554,-36.011569977,1.004468679
-48.975635529,36.821140289,2.020971775
54.281200409,-97.387329102,1.978602290
16.720170975,6.180644035,6.017908573
-22.198539734,57.063545227,1.001591325
-28.815855026,8.805619240,1.000025392
-14.428355217,-10.389659882,1.036392689
-2.876489639,-68.763793945,1.194319725
60.691776276,-41.881519318,1.002603292
3.259159803,-45.386344910,1.008820415
71.856666565,66.337409973,1.050629616
90.123954773,-27.147176743,5.646636486
77.390724182,71.771492004,1.000011563
14.760861397,-70.485107422,1.000779867
40.829708099,88.957572937,1.005134583
63.861015320,-84.693786621,1.001304269
-95.495307922,-7.872817516,1.459475756
82.601745605,44.472557068,1.000048161
99.877113342,25.459720612,0.999993205
76.445999146,62.405006409,1.611450434
7.721782207,-81.909889221,1.672487140
-73.833389282,63.096382141,1.000125647
-26.125221252,20.528192520,1.921761751
-41.657672882,78.305847168,1.447575688
83.199272156,91.141067505,1.000006080
85.727348328,12.803404808,1.753674150
20.375980377,92.449539185,0.999970615
-25.473081589,26.167396545,1.004070401
-12.056344032,-31.055646896,1.299735665
85.888450623,13.928833008,1.752262950
-6.978777409,-89.174232483,0.999982655
-68.902252197,8.148691177,1.000100851
98.923667908,-8.112708092,0.999991715
25.038320541,70.338485718,1.000017047
83.679420471,-26.773984909,1.006577015
-67.281242371,94.260597229,1.113337159
5.497939110,77.155853271,1.000060678
-40.298763275,-82.267318726,1.052328110
75.680427551,-16.687324524,1.011889935
-11.884486198,96.707710266,1.000003457
-18.231462479,14.735919952,1.670358539
47.458229065,-54.960311890,1.046530724
-46.060417175,47.765075684,1.041868210
61.428958893,-59.880706787,0.999984980
-38.252178192,-98.255737305,1.622052073
-23.033456802,80.222984314,1.003307343
-19.731906891,51.802982330,1.853507996
-88.522590637,17.578948975,1.219692469
90.808784485,96.876808167,1.000119925
15.680776596,-97.136207581,1.005818725
67.979125977,46.943038940,1.016020536
-95.063766479,51.332378387,1.150788307
43.899665833,-80.681442261,0.999961615
7.275449276,9.775195122,1.010487676
78.970993042,-11.375552177,1.048333168
11.831512451,10.189288139,1.212007403
3.875187397,70.631698608,1.033064246
89.325866699,82.984397888,1.206792116
-60.709671021,73.599967957,1.000187397
-36.449035645,-97.437698364,1.460470319
6.624855518,-81.145370483,1.672154188
-0.138352111,47.955085754,1.133504033
69.155014038,-35.437324524,1.004797339
67.760772705,-88.573966980,1.037752271
23.124286652,-30.086051941,0.999976456
9.750409126,-61.610443115,1.677599549
-53.752964020,67.277145386,1.344679594
59.518768311,70.865379333,3.362549782
-4.322406292,32.426315308,1.000302315
-8.361675262,-50.175167084,1.017792821
-98.760459900,83.961349487,0.999982893
39.420696259,56.366359711,0.999965966
-85.177291870,76.582084656,0.999985635
-70.653083801,68.608215332,1.007996798
52.944053650,47.763641357,1.000072837
37.439537048,-59.499656677,1.336358547
31.558189392,-78.281929016,0.999975622
71.923492432,-59.925857544,1.102460146
-12.078933716,81.208900452,34.840965271
59.085464478,-92.375549316,1.000523329
-2.298766613,5.029227734,1.000877261
67.056640625,19.393041611,1.001672387
-86.815109253,-16.053831100,1.006395102
32.040073395,97.606887817,1.019678712
-23.183139801,96.918655396,1.415668130
9.772170067,-7.249189854,1.080994368
-16.913198471,15.867892265,1.539121985
-14.292693138,-23.304882050,1.000024438
95.633796692,-1.098332763,0.999984443
56.037731171,1.259672761,3.132943392
-53.613685608,89.673614502,1.000232697
76.261398315,-71.613319397,1.015937567
76.996459961,-60.597206116,1.050086021
13.722665787,86.203048706,109.080230713
12.898633957,-57.674297333,1.003576875
-47.009208679,35.714153290,1.388352513
49.407928467,18.350446701,1.004053235
-43.714843750,-62.645839691,0.999999523
30.929325104,-54.133750916,0.999986708
-67.444206238,-73.771743774,1.000412345
47.768913269,42.382312775,1.010584593
85.494903564,-47.657478333,1.051633358
17.890916824,83.923255920,6.635079384
-55.298896790,-9.206213951,1.007936001
93.163520813,90.976478577,1.000127435
2.317229986,-10.266225815,1.331123829
88.965370178,19.891326904,1.012918234
-50.611732483,3.465339184,0.999973655
14.510604858,10.458370209,1.558150411
-18.864151001,-70.715904236,1.747925997
73.611244202,-77.534393311,1.204656005
-72.106369019,-70.150367737,1.000398278
-92.117897034,71.546371460,1.369648933
78.341674805,-75.487274170,1.017847896
-7.686249733,-21.363075256,1.000073433
-74.769226074,72.878532410,1.222664475
72.813491821,48.163673401,1.004628897
-66.686836243,-47.274070740,1.122407556
-61.539154053,66.493713379,2.195748806
-6.476280212,-69.910751343,1.050759792
-97.980964661,-44.297878265,1.065826893
94.826110840,-93.661827087,0.999989986
82.290306091,-88.411918640,1.172773242
34.354049683,-30.060613632,1.000010133
-8.900314331,-55.772239685,1.067665339
-32.294826508,-38.378772736,1.000010252
41.780056000,74.250717163,1.201187015
-18.136682510,63.244220734,1.122097015
-97.690155029,57.539535522,1.000903487
5.190761566,66.745780945,1.057611704
-55.191875458,-24.651420593,1.007092953
39.541717529,69.684082031,1.003732920
-4.336685181,69.272010803,0.999992549
9.663867950,98.274208069,1.009747267
80.942237854,-22.874418259,1.014651060
91.096527100,53.068363190,1.307207346
5.100543976,98.208641052,1.010574698
38.996665955,-61.078620911,1.390322685
-77.192649841,-47.576847076,0.999990940
47.100444794,10.089364052,1.007191300
-20.569732666,51.685905457,1.853837490
-95.242515564,62.715015411,13.772382736
49.653594971,-63.959457397,1.000000238
-22.195371628,-92.479965210,0.999999642
-97.642448425,99.253570557,1.238188028
-2.360668421,-25.595046997,1.000036240
-60.765579224,61.438449860,1.010436893
41.150543213,-99.688758850,1.124798417
54.245334625,-77.703453064,0.999980748
89.726539612,-33.452781677,1.000451684
-9.779444695,-99.003822327,0.999991059
64.878540039,-38.366348267,1.775837421
11.289375305,85.320159912,59.042831421
-68.755523682,73.465919495,1.002684236
0.047786169,84.891235352,1.000005245
64.471008301,-11.403993607,1.001527071
-82.257644653,-93.960510254,1.000007987
74.846160889,-5.143016338,0.999967992
32.738983154,76.329681396,0.999967456
-39.068202972,79.152603149,1.373771906
-94.493515015,-44.014865875,1.066250443
62.353279114,70.644065857,1.178137183
88.967079163,-39.397747040,1.003602743
56.047115326,97.026062012,1.000000834
5.401203156,-49.480743408,1.028811455
-92.207534790,51.930610657,1.151336789
-72.230926514,-22.611478806,0.999972343
-38.144424438,-16.629865646,1.023456693
81.199798584,-14.810447693,1.085316777
82.548866272,61.080173492,1.773111463
-42.324333191,-36.382194519,0.999967813
-26.031154633,21.129438400,1.924286366
34.812503815,94.445968628,1.019816160
85.303215027,22.374343872,1.012881875
-90.752243042,9.061524391,1.002521157
-19.271955490,8.955744743,1.086798072
-91.964721680,99.152442932,1.252798676
-88.608322144,-45.464012146,1.004884601
-85.575195312,9.522221565,1.002479792
-29.636341095,-24.940031052,1.069054961
57.833503723,80.804023743,1.112113237
-66.860603333,-44.204612732,1.123359680
-5.454276085,-77.423667908,1.001910329
-22.692382812,-39.582389832,1.176942706
84.395263672,-60.293174744,1.062198639
44.242279053,-56.821357727,1.050231814
25.131675720,16.398145676,1.013050556
-8.255141258,63.381462097,1.039157867
-55.456562042,-4.543955326,1.007930636
96.483520508,-63.347640991,1.006653428
9.086490631,-41.378845215,1.000124574
-75.238784790,70.318595886,1.226858139
15.535768509,15.765852928,1.097505093
9.066946983,-63.106380463,2.361322880
13.726633072,-81.722198486,1.000354409
36.528373718,-89.708564758,0.999986172
-62.169776917,-41.156440735,1.000952005
-44.213756561,62.420455933,1.069488764
-42.449871063,-85.208419800,1.052295804
-86.403457642,-70.117294312,0.999997258
-21.161619186,-60.637153625,1.141549587
-52.995529175,-63.204868317,1.000023007
-40.252922058,0.971745729,0.999990702
94.269416809,58.398086548,69.378440857
-65.495857239,60.570137024,1.006132245
42.018604279,81.159683228,1.000002265
-13.058652878,73.419738770,3.493434429
39.618049622,-45.381484985,1.000459433
-22.044771194,67.695716858,1.000404954
61.542457581,-50.898803711,0.999998331
67.254776001,89.151412964,0.999985099
75.553894043,-23.742395401,1.001368999
8.232358932,69.192131042,1.043119431
43.280086517,41.820987701,1.010577559
-42.949707031,22.160377502,0.999986947
-89.107780457,-40.570518494,1.004727244
-59.442226410,-22.597085953,1.007070303
47.645915985,-47.891773224,1.000001192
-64.216979980,68.407135010,1.676248431
83.019592285,-10.756680489,1.036651492
-51.100444794,-49.526821136,0.999983549
-16.764022827,60.488586426,1.121785522
12.296336174,15.467189789,1.098433971
95.631462097,-84.464958191,1.007740855
-4.997321129,-4.119541168,1.000019431
10.794795036,-66.411949158,1.884381533
-66.215568542,-16.910287857,1.000005603
21.243452072,-39.439495087,1.000073314
-0.496159166,97.351455688,1.000786304
-93.913795471,-6.826542854,1.632382870
-5.219060421,38.361278534,1.000323296
-46.719978333,59.986812592,3.307644606
-19.801315308,-80.967521667,0.999974549
26.012100220,-94.721374512,0.999976158
43.360439301,-97.571937561,1.125672102
19.334039688,74.178398132,1.000013709
39.681686401,24.868751526,0.999985516
-13.641775131,-32.760894775,1.299744010
-25.940895081,-24.994716644,1.766264796
5.976726055,-71.333984375,1.000063539
76.376388550,25.175107956,1.018178701
-25.112754822,96.442436218,1.415668249
74.505508423,21.363237381,1.018171668
-25.650236130,-26.181228638,1.741422296
-86.658653259,-31.495805740,1.007191539
-50.863155365,21.710224152,1.021768570
44.032695770,-41.515037537,1.001008153
9.229499817,57.415927887,0.999975622
28.380762100,48.732261658,0.999988794
-56.384063721,27.009979248,1.000139117
-45.243137360,-53.849884033,0.999995589
-45.812545776,-26.694898605,1.138868690
-5.811916828,-54.147712708,1.073948860
-30.007301331,79.299339294,1.000096440
-73.074615479,-56.855186462,1.198026896
-87.861457825,41.776226044,1.002135515
5.882142544,-5.135931969,1.013220429
-93.116966248,92.268531799,1.005536079
68.815475464,64.074821472,1.041169524
75.043495178,55.405033112,1.048153877
-72.112487793,94.298484802,2.417973757
86.743698120,39.215423584,17.426784515
-41.597866058,-99.777778625,1.067995191
-2.827646017,18.960695267,1.016613007
98.796264648,-73.416992188,1.000243187
-82.235977173,-14.736312866,1.009681225
50.191246033,-31.985933304,0.999993742
