x,y,rho
8.874915123,41.057075500,133.378448486
9.414788246,43.194221497,252.271667480
10.992991447,44.240253448,152.546783447
9.375373840,42.735569000,250.645782471
8.714147568,41.617855072,169.448944092
8.056430817,44.988647461,93.740180969
9.253048897,42.599800110,244.532180786
8.509905815,43.815364838,189.476440430
8.148802757,42.825134277,181.632614136
8.867234230,43.424774170,227.104064941
9.251895905,41.857242584,205.933959961
9.734519005,43.466205597,246.585372925
9.829217911,43.340343475,249.306106567
9.128378868,42.675132751,242.499450684
9.090240479,42.678321838,241.124053955
8.949554443,41.311592102,155.744308472
9.940127373,42.636093140,246.292144775
8.132502556,43.500656128,173.418838501
8.855401993,43.089817047,232.921325684
10.491791725,43.166854858,226.235031128
10.902101517,41.803047180,157.850509644
10.165042877,42.353061676,228.465728760
8.891903877,42.459022522,225.667404175
9.451148033,43.094039917,253.984771729
8.597551346,43.938701630,188.642288208
10.228363037,41.501628876,171.009094238
11.250952721,44.933761597,97.552917480
10.941480637,42.857948303,193.993133545
8.691947937,44.092323303,184.990020752
9.359523773,44.260318756,197.609848022
9.970975876,44.014511108,214.365127563
10.119067192,43.744445801,226.179916382
9.773200989,44.823741913,152.815032959
9.889613152,43.439861298,245.307754517
11.645851135,41.690113068,102.730705261
8.492216110,44.007270813,178.260879517
8.589577675,44.981494904,117.282188416
9.349081993,42.290416718,234.452850342
11.685643196,44.518386841,95.249412537
11.630259514,43.943916321,121.274330139
8.901474953,44.947937012,130.633819580
9.494697571,43.840328217,228.430847168
10.709952354,42.882862091,211.797927856
10.376780510,43.960079193,203.813964844
10.139126778,41.938472748,205.949279785
10.060938835,44.364257812,186.836013794
9.068133354,42.888237000,243.374557495
9.327547073,44.887138367,145.335769653
10.434995651,43.445335388,224.018447876
8.992784500,43.577121735,227.831222534
9.088368416,43.069702148,244.299591064
9.126854897,43.714305878,226.945114136
10.339291573,42.829574585,234.483932495
10.158707619,41.944812775,205.676910400
8.271443367,43.477264404,185.168777466
9.929374695,43.672904968,235.006912231
12.145845413,43.982353210,84.291694641
8.849878311,44.154888153,188.858337402
8.446793556,42.576290131,201.176544189
9.694458961,44.751216888,159.346099854
9.017946243,42.211433411,220.494186401
9.664248466,42.374393463,240.768783569
10.889336586,41.957942963,167.352951050
8.615232468,42.600051880,213.612594604
9.264668465,44.967407227,137.610290527
10.712121964,43.125423431,211.961746216
8.537264824,43.882236481,187.901382446
8.762485504,41.493103027,162.644271851
10.950730324,43.354816437,191.083145142
10.683559418,43.356601715,210.729675293
10.619531631,42.386848450,205.779006958
8.728458405,43.719467163,207.743942261
8.959291458,42.348323822,224.504608154
9.307168007,43.055351257,251.508270264
9.408706665,41.662921906,194.071990967
9.119082451,40.814468384,120.188812256
10.387931824,41.435813904,160.073089600
8.658317566,43.090038300,220.862884521
9.023138046,44.580886841,163.766128540
8.469843864,43.304924011,204.561599731
9.723418236,41.869781494,210.220825195
10.285977364,42.866325378,237.643188477
10.534491539,43.861377716,201.262847900
11.925936699,44.374401093,86.555320740
9.393519402,42.798492432,252.053833008
10.862360001,43.693138123,187.978576660
10.402832031,41.420917511,158.353271484
9.738374710,42.299842834,236.664947510
10.042625427,42.939723969,248.274917603
10.672879219,43.355091095,211.493545532
10.549028397,42.571453094,216.686004639
8.818254471,42.627822876,226.838638306
9.745680809,43.417026520,248.134429932
12.022009850,42.995616913,104.869132996
8.806756020,42.691890717,227.615859985
9.299104691,43.519355774,240.932418823
8.221903801,43.101135254,187.904846191
9.919207573,43.270053864,249.193878174
9.165384293,42.799949646,246.139343262
8.338640213,42.544551849,192.232620239
9.219839096,43.453922272,241.140975952
8.606518745,43.819072723,195.516723633
11.257184982,40.967887878,89.171463013
10.188959122,43.714782715,225.127456665
9.125264168,42.640602112,241.548156738
9.629819870,42.740081787,252.935882568
9.453687668,41.361869812,170.001922607
10.915032387,44.117492676,164.358245850
8.949336052,41.571449280,175.887756348
10.283765793,42.462085724,227.802246094
9.904653549,42.718544006,249.166351318
10.454239845,43.732624054,211.997268677
9.037103653,41.654510498,185.148696899
8.179762840,43.648254395,172.498611450
8.573841095,42.531055450,208.979934692
9.166386604,42.985305786,247.496490479
7.826420784,43.226650238,153.023025513
10.286591530,43.126296997,237.917373657
9.451814651,43.135272980,253.603546143
10.161746979,40.265281677,79.187110901
11.718612671,43.427967072,126.756988525
9.110292435,42.646919250,241.149826050
10.256443024,42.921768188,239.552642822
7.732016087,45.102367401,73.040191650
9.652159691,44.058044434,215.027450562
9.070651054,44.574249268,165.752029419
10.049044609,43.646717072,233.150238037
8.717447281,44.249019623,176.028884888
10.452519417,44.339717865,175.377029419
9.134613037,42.556846619,239.503112793
12.066617012,41.977855682,85.071929932
9.626750946,44.174766541,206.582092285
9.860425949,43.620826721,238.767791748
9.363251686,43.407928467,246.295730591
8.456173897,44.696002960,131.716323853
9.644536972,42.357696533,240.071731567
10.429083824,42.577152252,224.070251465
8.428442001,41.691154480,159.051391602
10.456474304,42.878299713,228.457687378
9.628998756,44.115615845,210.931503296
8.635874748,42.307193756,205.102828979
9.377820969,43.132225037,252.436721802
9.720529556,42.750984192,252.701400757
9.701074600,42.930568695,255.038482666
9.043096542,42.224880219,222.191619873
10.037217140,42.146957397,222.281707764
8.605345726,42.725582123,215.551513672
9.605033875,45.294597626,113.582580566
9.058000565,43.981132507,209.100112915
10.509888649,41.848926544,183.716522217
10.535953522,41.853992462,182.665435791
7.103528500,43.644191742,88.335777283
8.006810188,43.488807678,163.427185059
9.078689575,44.697425842,155.967803955
10.831210136,42.584487915,197.490722656
9.074863434,41.823795319,198.678970337
9.321778297,42.757518768,249.946975708
9.398007393,43.194576263,251.983276367
10.341221809,43.387527466,230.635330200
8.998557091,41.600082397,179.770492554
11.127232552,42.348423004,167.275390625
9.110406876,42.516685486,237.311599731
7.919631004,42.559898376,158.383804321
9.283044815,43.658229828,234.484069824
10.461157799,43.041645050,228.831039429
10.694549561,43.377838135,209.504684448
9.747018814,43.198802948,253.283432007
9.572047234,42.643024445,250.621566772
9.494967461,41.909862518,213.236755371
10.043142319,42.044750214,215.936248779
10.604331970,42.788414001,217.963592529
9.812195778,43.531711578,243.286422729
10.406015396,41.467250824,161.710998535
9.555797577,43.918052673,224.141159058
8.064595222,43.425155640,169.782165527
7.507136345,42.015365601,110.192520142
9.801331520,41.381156921,170.971038818
8.777190208,41.566040039,168.615768433
11.410835266,43.202102661,155.018188477
10.329991341,42.815196991,234.776306152
9.409269333,41.421398163,174.571289062
9.470863342,42.276382446,235.484100342
10.620624542,44.178974152,178.090454102
11.229279518,43.890426636,153.217834473
9.164047241,41.921977997,208.171203613
10.529363632,43.394165039,219.888900757
7.994162560,43.393356323,164.607543945
10.577220917,43.096797943,221.375183105
9.577647209,42.230224609,233.668136597
8.316165924,43.838172913,174.983398438
9.453586578,42.804405212,253.041793823
11.495422363,43.722373962,138.440704346
10.133525848,43.179935455,244.076446533
11.282695770,44.757461548,105.966659546
10.692205429,43.620098114,202.412689209
7.668097496,43.161594391,140.014328003
9.632594109,43.131828308,254.765457153
10.705746651,40.298194885,70.599029541
9.193388939,43.307777405,244.562393188
9.295855522,41.620967865,189.133972168
10.631664276,43.314746857,215.098495483
8.791596413,43.352691650,224.883666992
10.584286690,43.043167114,221.087371826
10.563265800,43.116134644,222.171524048
9.367471695,41.878452301,209.612045288
9.676770210,43.232166290,253.216400146
10.638533592,42.922767639,217.125915527
10.220116615,42.073261261,211.412521362
8.980072021,42.927482605,239.663162231
8.708072662,43.858119965,199.587203979
10.225831032,43.316970825,237.845046997
10.101604462,45.058917999,129.081115723
9.293836594,40.836433411,124.569702148
9.962000847,42.987270355,250.830108643
9.245182037,42.059043884,219.200424194
9.323511124,43.219211578,250.053421021
9.259883881,45.450328827,98.959266663
8.802196503,42.244754791,211.975326538
7.474080563,43.289356232,122.343383789
7.746294022,42.498416901,142.488388062
9.487030029,42.328144073,238.208267212
11.501573563,44.032268524,127.525863647
11.081837654,42.155452728,163.242599487
10.891294479,43.533874512,191.278976440
10.534107208,44.067310333,189.609252930
8.853937149,42.613555908,228.454040527
10.625296593,40.382255554,77.461715698
11.276028633,43.591007233,159.625869751
9.716997147,43.258380890,252.484115601
8.732765198,42.687931061,223.131515503
10.862984657,44.335895538,154.687255859
12.458925247,42.963947296,73.741630554
9.104147911,42.523639679,237.313964844
8.744658470,42.960018158,226.800994873
10.145433426,43.003631592,244.700988770
10.859047890,42.803657532,199.795074463
9.415249825,42.456604004,243.013153076
8.130065918,41.470104218,127.715141296
8.583542824,44.339302063,162.901763916
10.657960892,44.412837982,160.653579712
8.430489540,41.069248199,117.562118530
9.102644920,43.213691711,243.204086304
10.261390686,44.085845947,200.802688599
10.046980858,44.780540466,153.157760620
9.540095329,42.124794006,227.519104004
8.081482887,42.148902893,159.023666382
10.004818916,42.149154663,223.354019165
10.699442863,44.450199127,156.018173218
7.393114090,43.901924133,102.953147888
7.523096561,43.439373016,124.166763306
10.987571716,43.102729797,191.049041748
8.483011246,42.452442169,200.271514893
9.501055717,42.855628967,254.204315186
9.559803963,42.927989960,255.177932739
9.976181030,41.829299927,203.175033569
9.520681381,44.556133270,175.584533691
9.378055573,42.594036102,247.191909790
10.840898514,40.478687286,77.253616333
10.944079399,42.405967712,183.482513428
9.926629066,43.134193420,251.084518433
10.705168724,42.770278931,210.710693359
9.084674835,44.335720062,184.983764648
7.398527145,43.058208466,117.796173096
8.414774895,42.276298523,189.000976562
11.773957253,42.993278503,124.748725891
9.957770348,41.256309509,158.260925293
9.033656120,43.234432220,239.957946777
10.117458344,43.654758453,230.573852539
9.771328926,43.564876556,242.432357788
10.216483116,41.208133698,148.193908691
9.799706459,43.805774689,230.179855347
10.352581024,42.674015045,230.893112183
8.957074165,41.919559479,200.834609985
9.631647110,44.170951843,206.870483398
7.810896873,42.377983093,145.013092041
8.622898102,43.822830200,196.345306396
9.208391190,42.567234039,242.265090942
9.545751572,43.483264923,246.142791748
9.370311737,39.991729736,65.255569458
10.306013107,43.476917267,229.742111206
9.543159485,41.953838348,216.536865234
10.114480972,43.417110443,239.702621460
9.292668343,42.821140289,250.224395752
8.832544327,42.859283447,231.508087158
8.212271690,43.455192566,181.085113525
8.818332672,43.275978088,228.198730469
8.356738091,42.447814941,190.884292603
9.652211189,41.377174377,171.713119507
9.877848625,42.658725739,248.326705933
8.020344734,41.734630585,135.337951660
10.367820740,43.933429718,205.789703369
9.630792618,43.442634583,247.835388184
9.986544609,43.367496490,245.187545776
11.048685074,41.530876160,132.705429077
10.439161301,42.655864716,225.639602661
9.538441658,42.735622406,252.641601562
9.387553215,41.811676025,205.088378906
9.946040154,44.708816528,160.861129761
9.706567764,43.036487579,255.120300293
9.075401306,42.920398712,243.869415283
10.228867531,42.667629242,236.843917847
9.308897018,43.441139221,244.013397217
8.844696045,43.290370941,229.386093140
10.583022118,44.397823334,165.334548950
9.672318459,44.405471802,188.504104614
10.797110558,42.041660309,177.959381104
8.544762611,42.732910156,211.458206177
10.791636467,42.965587616,206.345733643
9.162043571,44.590114594,166.956451416
10.049605370,40.717277527,112.976257324
10.079861641,43.557914734,235.978805542
9.988309860,43.487586975,241.364318848
9.695425034,41.719478607,199.227249146
9.391996384,42.092258453,224.130264282
8.829959869,41.774803162,185.706634521
10.215189934,43.135768890,241.172088623
9.314535141,42.388534546,238.346664429
9.739277840,44.117069244,210.516235352
7.758484840,43.414749146,144.256668091
9.216988564,41.153285980,149.506256104
7.816997528,42.125091553,137.569839478
9.982210159,43.430934906,243.435729980
8.823719025,44.054893494,194.188705444
11.185684204,43.433959961,170.696990967
9.171298027,44.162292480,200.551315308
10.518096924,43.905281067,199.827163696
9.106237411,40.203319550,76.009597778
11.879491806,41.426994324,78.285644531
9.726932526,45.418617249,103.770553589
10.093277931,43.987121582,212.988220215
8.260304451,41.260208130,122.078010559
9.229997635,44.128623962,204.585968018
9.416451454,42.243236542,233.115554810
9.960667610,44.119808197,207.344818115
8.317760468,41.827331543,160.269332886
8.974031448,44.132511139,195.774948120
9.997522354,45.170024872,121.605834961
10.699146271,43.002777100,213.202758789
11.027778625,43.249370575,186.605941772
9.057779312,43.717849731,224.155654907
9.066373825,42.747474670,241.550918579
11.090483665,42.936592102,182.489089966
8.959559441,42.573535919,232.726379395
10.784491539,42.485332489,198.000534058
9.375829697,42.527580261,245.006958008
9.946626663,42.652381897,246.564788818
8.160864830,42.150691986,165.136306763
8.829912186,44.281192780,179.159530640
10.575374603,43.625133514,209.646697998
9.257342339,42.222080231,228.918838501
9.255183220,41.985992432,214.785491943
12.259901047,40.792552948,41.016181946
10.326709747,41.753322601,185.936294556
9.658357620,42.049869537,222.882217407
8.585071564,41.897678375,180.913726807
11.517686844,42.904884338,145.963073730
8.996998787,43.593658447,227.328994751
9.773050308,43.757907867,233.123977661
7.938444138,43.341476440,160.911468506
10.535395622,41.376274109,149.454025269
10.210896492,44.734054565,153.322433472
9.747842789,43.859279633,227.562561035
10.433271408,42.330368042,214.609619141
9.802467346,41.470878601,178.387405396
9.311397552,43.303562164,248.025573730
10.485801697,43.062484741,227.296493530
10.482684135,41.934967041,190.593399048
9.661003113,43.057151794,255.276412964
22.402265549,8.762470245,159.826431274
20.053659439,8.997987747,248.951507568
19.633562088,9.169390678,221.972976685
20.187620163,7.185308933,156.496063232
20.494089127,8.659093857,258.951599121
18.920251846,8.909502029,164.528701782
22.042030334,9.497940063,183.447097778
21.164602280,7.635139942,190.674438477
21.029573441,9.125085831,255.317962646
21.081720352,9.399265289,246.609985352
19.192893982,8.935235977,188.702301025
19.794803619,8.926552773,234.922958374
19.655273438,10.289107323,169.311004639
19.693702698,8.077694893,203.827484131
20.627262115,7.899537563,221.286880493
20.128011703,8.146672249,228.924606323
21.963848114,9.762440681,178.985443115
20.495204926,8.585419655,257.065856934
21.493593216,9.381840706,227.216659546
21.050727844,8.950444221,255.955627441
18.864444733,8.864171028,159.438323975
20.020185471,9.621691704,229.671875000
21.564517975,8.318685532,215.054748535
21.021060944,10.712515831,156.266983032
19.884962082,10.658557892,151.224380493
19.700088501,8.999596596,228.507644653
20.541528702,8.988135338,262.508605957
19.714996338,8.385453224,219.416244507
19.884954453,9.303599358,235.107177734
20.882709503,11.202581406,116.158859253
21.923664093,8.466793060,194.687255859
20.877544403,9.973754883,220.029724121
20.583276749,8.906994820,262.836456299
20.604249954,9.843913078,230.948776245
19.704355240,8.650967598,226.304275513
21.023107529,9.288084030,252.051635742
20.792257309,8.606835365,257.353240967
21.525211334,11.110505104,109.672195435
20.959091187,8.783459663,257.645172119
21.308416367,8.437503815,234.749221802
19.802984238,9.009445190,235.183898926
17.969879150,7.822686195,70.388168335
20.204713821,7.623247623,194.337936401
19.520032883,8.539888382,210.718185425
18.909709930,8.570565224,160.515502930
20.017404556,9.002041817,247.205490112
21.706859589,9.149141312,218.052978516
20.573738098,9.076090813,262.032592773
20.780067444,7.959897995,224.673767090
20.437900543,9.285387993,256.337738037
19.181915283,9.842289925,164.887237549
21.634050369,8.345260620,211.633560181
20.311336517,8.098445892,231.439880371
21.252056122,7.915414333,208.527923584
20.330198288,8.117716789,233.033538818
20.603630066,7.182407379,160.403106689
21.879137039,8.012030602,178.236083984
20.612569809,8.764113426,261.703277588
19.790559769,8.088856697,210.059204102
21.489074707,8.450996399,225.126724243
20.823844910,8.175139427,238.044448853
19.905494690,9.448884010,231.500701904
21.483083725,8.801320076,233.959945679
19.130754471,10.974592209,96.863182068
19.696125031,7.435049057,160.634552002
23.147100449,8.572604179,95.334709167
19.090942383,8.293196678,169.077087402
20.920219421,9.166948318,257.604705811
19.700946808,10.799360275,133.316406250
20.031095505,7.791950226,202.005584717
21.513368607,10.305699348,173.210983276
19.735181808,7.575289249,173.084838867
21.583112717,6.929313183,117.613685608
19.326053619,9.944083214,170.421661377
20.497322083,8.712698936,260.098999023
20.905490875,8.823862076,259.419799805
19.253988266,10.252712250,147.980606079
21.877689362,9.181968689,204.429275513
20.597808838,11.316261292,108.284820557
20.276243210,8.717060089,255.707397461
20.917156219,10.447958946,181.251083374
22.145446777,8.718064308,181.870605469
20.861005783,7.598553181,195.232147217
20.240699768,8.136345863,231.931900024
19.545843124,10.658213615,137.199783325
19.760389328,8.445031166,224.402145386
20.918523788,10.274461746,195.918884277
21.033790588,11.735991478,74.742233276
20.478006363,9.235353470,258.257385254
20.828275681,10.411685944,185.623184204
21.059913635,8.860406876,255.349884033
19.605186462,9.221079826,218.983230591
21.954019547,8.566254616,195.024398804
21.081619263,9.222784042,251.764068604
21.416194916,8.171882629,216.580001831
22.899322510,7.697475433,90.392478943
20.187124252,9.914729118,218.897537231
20.849409103,9.806622505,231.840225220
20.056571960,8.901831627,249.237258911
20.564907074,10.545896530,174.882568359
21.243104935,9.773308754,222.398773193
19.894748688,9.945519447,205.065093994
20.778257370,10.365781784,190.068252563
22.566736221,8.669870377,144.207962036
20.146371841,8.112591743,227.585556030
20.409095764,8.594611168,256.067291260
20.912179947,8.832069397,259.346710205
20.191076279,10.041221619,210.163314819
19.614795685,9.409744263,214.704193115
20.146734238,9.701004982,230.678894043
21.937936783,8.673538208,198.649963379
20.993707657,9.155429840,255.914245605
19.753252029,9.217424393,229.198471069
20.841794968,9.389507294,253.045608521
20.354276657,9.070828438,258.909667969
19.405063629,8.618522644,203.596679688
21.108638763,9.869110107,221.513290405
20.130359650,9.081350327,251.574951172
20.780729294,9.178116798,259.802001953
21.093448639,7.158558846,152.056900024
20.503351212,9.215670586,259.039062500
19.552345276,10.650622368,138.054977417
20.714235306,10.540040970,175.325592041
19.762151718,8.069336891,207.370956421
20.776927948,7.297948360,169.961639404
20.767641068,9.073855400,261.550994873
21.568340302,9.677678108,210.501358032
20.135198593,7.879139900,211.938644409
22.264980316,8.184521675,156.901840210
19.507150650,7.891780376,181.517349243
21.669981003,8.457736015,213.446975708
19.798971176,9.114326477,233.891510010
20.345729828,8.298541069,243.331253052
21.306667328,10.041952133,202.149826050
21.537992477,9.743556023,208.952041626
20.955301285,7.200748444,158.727874756
22.221925735,9.278625488,173.863891602
21.160831451,10.091598511,204.135772705
21.986026764,9.395034790,191.096084595
20.988222122,8.377412796,244.937896729
20.585765839,8.122475624,236.403549194
19.832735062,8.083062172,212.029022217
20.396652222,10.025730133,216.117736816
23.723649979,9.166135788,58.627510071
19.204261780,10.241620064,145.401977539
20.251892090,8.316027641,241.815460205
20.762525558,7.736011982,207.877014160
20.775138855,8.888260841,262.087860107
20.651052475,9.358053207,255.757736206
20.620166779,8.992974281,262.862152100
20.836990356,9.392037392,253.029998779
19.521192551,7.546645164,159.863891602
20.491037369,7.543900967,192.229660034
20.640207291,9.915383339,226.148025513
21.159786224,7.928466320,213.085510254
19.692413330,9.304938316,223.116180420
20.151376724,8.659981728,250.379287720
21.149581909,7.989349842,217.639907837
20.151439667,8.176553726,231.433853149
19.509546280,8.119558334,194.082122803
21.230136871,9.028456688,248.474273682
19.673515320,8.745534897,225.727905273
18.913867950,8.243323326,152.683013916
22.702249527,8.886392593,134.172561646
21.284334183,8.911148071,246.046112061
20.900844574,9.639894485,240.722045898
19.448059082,8.945700645,209.989883423
22.131540298,8.181136131,167.454269409
19.986234665,8.668945312,243.250915527
20.821699142,9.501554489,248.840774536
21.820087433,9.476135254,201.604431152
20.490621567,10.235803604,200.924072266
21.256786346,7.480957031,174.801712036
23.079044342,10.746558189,60.145549774
20.384460449,9.354546547,253.200088501
21.877033234,8.804435730,205.456039429
21.283027649,10.081214905,200.321365356
19.537849426,8.374304771,206.958312988
21.474082947,9.437451363,226.527908325
21.476470947,8.844068527,234.788879395
20.263669968,6.977997303,139.585296631
19.406675339,9.023702621,206.359405518
21.377231598,9.507815361,229.311538696
20.424432755,8.704865456,258.915222168
20.769855499,9.054847717,261.721343994
21.957220078,9.123077393,198.722686768
19.071428299,7.704078674,141.153457642
22.071434021,7.805476189,152.990051270
21.317173004,8.708263397,242.137573242
20.382917404,8.842503548,259.956115723
21.774059296,8.783794403,213.332519531
20.519355774,7.445833206,183.861129761
20.759365082,9.507678986,249.296554565
20.791820526,10.374532700,189.196350098
20.607847214,9.275613785,258.255737305
22.201179504,7.426622391,121.813095093
20.096849442,10.402795792,179.122222900
21.488803864,9.655016899,216.395736694
21.385326385,9.303702354,235.848541260
22.184272766,9.354395866,175.541397095
20.792541504,9.135595322,260.418701172
20.745538712,7.819619179,214.638076782
21.323348999,8.846197128,243.667343140
22.374589920,8.900985718,163.211105347
20.973592758,9.223238945,255.114761353
19.927118301,9.968773842,205.082519531
22.457738876,8.961859703,155.872985840
20.252197266,8.621607780,252.960235596
18.660312653,8.798823357,140.921463013
20.803672791,10.031394958,216.821945190
21.512722015,8.560137749,227.218261719
20.275852203,10.100542068,208.042755127
20.379211426,8.466607094,251.325942993
21.945194244,10.014222145,167.076141357
20.571466446,8.382859230,250.225784302
18.540794373,9.566340446,122.781570435
19.656305313,7.013904572,126.234169006
22.137495041,9.624604225,171.236724854
19.413667679,7.762235165,167.649398804
21.423637390,8.098666191,212.035705566
21.848825455,9.593095779,195.066665649
21.089271545,9.381332397,246.978408813
20.744125366,9.857148170,229.741500854
20.098594666,9.062588692,250.454315186
21.304622650,9.539626122,231.664260864
19.357688904,8.476226807,196.482315063
20.805479050,8.568621635,256.062286377
22.327333450,8.583483696,163.709091187
20.390457153,9.746067047,234.818267822
20.883207321,8.831361771,259.968933105
19.796182632,9.278150558,230.517639160
21.591772079,9.455731392,218.478240967
19.774492264,10.713411331,142.791458130
19.106098175,7.393950939,125.439033508
21.513233185,9.202477455,230.518081665
20.003175735,7.878066063,207.062744141
22.873474121,9.093727112,119.266502380
21.086875916,9.294521332,249.771652222
20.987483978,9.516731262,244.757751465
21.285099030,8.601413727,241.328811646
20.261034012,7.235613823,162.310684204
19.772371292,9.247749329,229.759246826
21.597698212,9.575675964,213.364715576
20.211982727,7.713463783,201.737319946
17.775316238,10.128370285,58.149272919
19.963445663,8.528171539,238.564224243
20.684249878,7.571076393,194.744522095
20.202892303,11.000108719,131.218032837
21.058061600,9.335886002,249.532882690
18.970180511,11.220238686,76.352516174
19.129880905,10.898961067,101.355201721
18.437618256,10.382001877,88.695533752
22.170728683,8.152227402,163.108978271
20.975255966,9.524117470,244.747787476
19.738880157,7.527519226,169.674285889
19.234958649,9.517644882,182.105331421
20.467559814,8.412335396,250.613800049
21.519443512,9.484704971,222.022842407
19.797212601,7.775434971,190.605148315
21.075937271,8.439053535,244.781555176
20.651880264,10.552935600,174.368087769
21.055004120,8.114369392,228.928268433
20.713336945,8.023991585,229.737289429
22.161197662,8.415058136,173.645080566
20.759946823,9.284369469,257.481689453
20.711925507,7.018087864,145.206588745
19.106254578,8.524286270,176.753570557
20.872106552,8.838857651,260.258239746
19.595527649,7.628212452,169.691421509
20.151117325,8.508160591,246.224212646
21.065511703,8.650318146,251.906448364
21.155382156,8.381986618,239.418518066
20.296716690,8.628590584,254.417541504
19.770307541,9.601755142,217.370239258
19.739078522,8.454995155,223.400009155
20.479555130,7.679256916,203.517196655
20.227739334,8.265330315,238.621047974
20.164520264,8.916708946,253.809173584
19.752761841,8.756561279,231.178680420
21.861343384,8.950838089,207.475708008
21.697937012,9.323130608,215.235565186
21.326835632,8.202178001,222.881332397
20.657583237,9.110549927,261.753021240
19.940050125,8.153808594,221.405334473
19.062410355,10.472776413,123.015678406
19.580272675,10.322857857,162.934570312
20.085182190,8.114143372,225.452209473
21.175193787,8.345444679,236.975799561
21.121133804,8.643824577,249.709655762
21.033100128,8.008450508,222.788467407
21.384025574,9.464609146,230.664978027
19.633024216,11.619572639,73.935577393
21.092798233,11.267103195,108.072372437
22.152942657,8.787801743,182.067611694
20.140403748,8.573177338,247.803695679
18.722646713,8.280801773,137.778198242
20.799440384,10.502593994,178.016723633
19.779903412,9.858693123,204.438491821
19.300081253,8.390316963,189.338333130
20.095035553,9.348447800,244.199905396
21.009984970,9.938978195,219.689651489
21.323513031,9.219804764,241.200546265
20.943040848,10.565167427,170.617431641
20.041749954,9.751364708,223.684631348
18.744531631,9.387970924,143.889022827
20.069425583,8.979207993,249.760406494
21.592761993,9.141280174,226.265487671
21.437862396,10.450401306,165.401260376
20.941768646,10.147677422,205.723709106
20.226114273,8.968426704,255.973495483
20.030056000,10.019614220,206.070251465
20.966766357,8.469402313,249.330673218
20.707344055,10.018204689,218.573577881
20.513406754,8.027704239,229.941848755
20.684587479,6.996070862,143.367675781
21.321445465,8.555309296,238.152526855
20.083364487,9.852332115,219.304336548
19.187511444,10.923735619,102.528450012
20.072433472,8.453385353,241.167129517
21.573900223,9.685332298,209.776763916
23.003904343,8.765430450,108.278923035
20.432268143,7.497320652,187.711700439
20.220573425,8.255205154,237.889083862
20.103908539,7.232449055,158.705520630
22.213283539,7.560033321,129.042388916
17.750473022,7.788212299,57.322418213
19.948835373,7.827082634,201.240646362
21.650978088,8.838797569,223.023910522
20.578060150,9.587028503,245.882598877
20.838687897,9.955204010,221.951629639
19.443197250,8.429118156,201.774765015
21.218643188,6.442081928,90.563247681
19.177490234,9.477628708,178.662292480
20.072425842,9.912744522,214.988265991
21.361856461,7.778543949,193.867202759
20.959331512,10.178334236,202.941665649
20.700109482,7.999171734,228.133773804
21.432065964,9.612061501,221.697113037
21.095285416,9.692575455,232.653121948
17.558061600,9.857574463,51.707962036
22.360807419,9.413274765,158.961349487
20.745403290,9.673075676,241.053283691
20.890901566,9.628417969,241.523803711
20.554145813,8.209931374,241.436340332
19.548353195,7.978445053,189.200241089
19.179632187,7.908894539,159.734313965
22.313941956,9.730731964,152.842697144
19.927648544,8.586243629,238.326797485
20.665233612,8.321091652,247.394836426
20.620191574,9.754240990,236.684066772
20.516931534,9.312652588,256.591949463
21.439167023,8.704504967,235.200607300
20.837465286,8.667259216,258.195556641
20.524147034,8.651906013,259.090789795
20.023805618,9.150348663,245.833755493
21.119220734,9.122941017,252.210342407
21.051403046,8.238704681,236.198516846
19.348939896,9.393680573,195.141525269
21.240556717,9.026494026,247.998764038
21.900711060,9.884335518,177.443084717
23.233245850,8.775828362,90.718338013
19.553827286,8.236499786,202.593215942
19.987176895,9.452668190,235.577850342
18.394607544,10.295187950,89.282608032
20.313379288,8.729843140,256.950012207
19.473331451,8.862411499,211.880722046
20.565914154,8.854691505,262.496795654
20.891735077,8.387004852,247.733566284
-16.164855957,29.727149963,221.557525635
-15.170372963,29.376003265,253.780990601
-14.210012436,28.156257629,178.302719116
-16.124280930,30.436042786,186.590972900
-16.751922607,27.869409561,141.908706665
-14.451178551,29.417022705,224.793411255
-15.163807869,29.087163925,254.101135254
-15.237772942,29.086709976,254.896469116
-13.913597107,28.780673981,182.204635620
-15.430413246,30.973272324,161.008407593
-15.241530418,31.410839081,123.923828125
-15.374019623,30.546237946,196.284637451
-16.924385071,29.332466125,172.612075806
-16.853513718,30.023277283,162.669876099
-16.481908798,29.462593079,207.017837524
-15.551236153,28.020620346,204.243545532
-16.888401031,28.667781830,167.994247437
-13.528410912,28.885337830,152.089691162
-14.351819038,29.121780396,219.810256958
-14.392313004,27.351911545,131.997375488
-15.672228813,30.128227234,222.291046143
-15.432294846,29.092367172,254.983078003
-15.699501991,30.328201294,208.682662964
-14.971526146,29.222845078,250.604949951
-14.625985146,29.767047882,225.364868164
-15.056452751,30.725854874,179.142837524
-15.329327583,29.456903458,253.690261841
-15.911993027,29.328937531,242.759155273
-13.681278229,28.535564423,157.006164551
-16.402633667,30.175582886,187.411972046
-15.417806625,29.274826050,255.552505493
-15.314153671,29.257944107,255.834945679
-14.418509483,28.339698792,200.619537354
-16.280815125,29.263790131,222.839660645
-16.875480652,27.805768967,130.539962769
-13.402357101,29.936290741,130.962280273
-15.279096603,30.416830063,205.950759888
-16.309638977,28.863220215,216.687835693
-14.645586967,30.069494247,212.075363159
-14.756123543,26.637584686,87.476806641
-16.237121582,29.655891418,219.485153198
-15.624991417,31.719055176,98.960060120
-14.342481613,29.736904144,209.830169678
-16.385990143,29.143526077,215.526336670
-15.027835846,30.306606293,210.478393555
-14.387908936,30.211811066,190.359527588
-16.192951202,30.590974808,172.735809326
-16.649471283,28.642908096,186.083724976
-14.838269234,29.028930664,244.975036621
-16.275077820,28.357273102,199.270950317
-16.817295074,29.710796356,175.680206299
-14.008471489,29.078428268,194.122497559
-15.669388771,27.706499100,177.332550049
-14.355837822,31.390127182,106.700714111
-17.066495895,28.115388870,133.492767334
-15.948633194,28.614503860,228.408355713
-15.041694641,30.793071747,173.381454468
-14.260442734,29.706420898,205.282012939
-15.992968559,28.059194565,194.910842896
-16.065814972,30.726888657,168.067413330
-15.330783844,28.731987000,247.020370483
-15.452795982,30.003440857,232.796325684
-16.581890106,30.593696594,152.008987427
-15.112564087,28.962478638,251.518325806
-14.826193810,29.397220612,244.330413818
-15.613236427,28.926111221,249.686660767
-16.137903214,29.835212708,219.083602905
-15.801033974,28.222564697,212.770202637
-15.103177071,30.507963181,197.188491821
-15.317384720,28.570720673,240.279586792
-14.865143776,31.115535736,143.068572998
-16.720945358,29.561025620,186.818328857
-15.063953400,30.340356827,208.861816406
-14.278130531,28.992113113,213.588882446
-16.953557968,29.985385895,156.272537231
-16.104232788,28.232082367,201.276123047
-14.120689392,28.267972946,178.603225708
-13.866195679,29.514667511,179.769515991
-14.949921608,29.486087799,247.096511841
-16.907463074,27.402433395,105.189804077
-15.053486824,29.746829987,242.013427734
-15.186429024,28.357288361,228.130630493
-15.250118256,29.096788406,255.082473755
-16.226198196,30.192794800,196.732910156
-16.999315262,29.767564774,159.271118164
-14.884716988,30.188533783,214.465255737
-16.274351120,29.280229568,223.209121704
-13.097875595,29.840896606,109.746223450
-15.168458939,29.717983246,245.182174683
-15.182863235,31.369720459,126.915863037
-14.285404205,29.093208313,215.086608887
-15.016708374,28.788024902,245.120086670
-14.059189796,27.772718430,146.080917358
-16.873779297,30.637537003,131.505569458
-13.115920067,29.647127151,114.986488342
-15.156302452,29.836090088,240.153778076
-15.916093826,29.350065231,242.399383545
-15.230131149,29.805387497,242.375320435
-16.827037811,28.671787262,173.064239502
-14.424044609,28.503229141,208.866851807
-16.262401581,31.220893860,123.370246887
-15.230921745,28.599905014,241.263839722
-16.961410522,29.908168793,158.269042969
-14.569904327,28.880062103,229.855255127
-16.371271133,29.154273987,216.610122681
-16.104896545,28.236728668,201.525863647
-15.372252464,28.127431870,213.634536743
-15.022391319,29.786815643,239.677078247
-16.108673096,27.810577393,172.191986084
-13.707760811,28.238552094,148.079589844
-15.928982735,29.391839981,241.383865356
-14.669671059,28.922506332,235.895812988
-14.808245659,28.777835846,238.253799438
-16.240211487,30.605138779,169.543487549
-12.780598640,30.874792099,59.583759308
-15.127233505,31.012258530,156.337768555
-14.913336754,28.701536179,239.322372437
-14.802660942,29.084430695,244.193725586
-16.252159119,28.280500412,196.400115967
-14.466988564,27.332290649,133.156066895
-14.664903641,27.549238205,156.787078857
-17.390216827,27.339975357,77.520317078
-13.302276611,28.982587814,133.969039917
-15.182456970,30.598077774,191.223098755
-14.334860802,27.787317276,161.589279175
-14.400033951,29.363004684,222.240646362
-15.610717773,29.203113556,252.992965698
-13.989228249,28.292856216,170.841308594
-14.868154526,29.169164658,247.207153320
-17.066204071,28.376569748,144.244949341
-15.075826645,30.476163864,199.143173218
-14.267708778,29.776035309,203.430175781
-16.084316254,30.980035782,147.907562256
-15.053799629,28.172456741,214.434295654
-15.451945305,30.075071335,228.730361938
-15.261422157,30.065687180,229.335693359
-14.165346146,29.579353333,201.976394653
-16.126743317,29.314277649,232.060867310
-15.223874092,31.038169861,155.071990967
-16.895362854,29.044000626,174.548645020
-15.853134155,29.513927460,242.483016968
-17.706604004,30.293746948,89.753097534
-15.255291939,27.334121704,148.541366577
-15.630153656,29.787784576,240.628250122
-16.860488892,29.182044983,178.317749023
-16.326513290,28.622837067,208.169052124
-15.242301941,29.362272263,254.712966919
-15.739782333,29.451618195,247.617126465
-14.451062202,28.899908066,223.412094116
-13.837471962,30.641036987,130.788650513
-15.697742462,28.540981293,233.917648315
-16.933212280,29.052253723,171.402694702
-15.632477760,29.957874298,232.699783325
-16.778701782,28.901432037,182.363143921
-14.300295830,28.448465347,198.906387329
-16.031402588,27.731882095,169.217361450
-12.648466110,28.431348801,77.316299438
-16.569387436,28.374971390,181.251449585
-16.043334961,28.909433365,233.409667969
-14.443668365,28.880498886,222.556304932
-16.191864014,27.727483749,162.453735352
-15.247182846,29.221361160,255.592330933
-13.738107681,29.271270752,171.786865234
-15.368048668,28.128168106,213.700439453
-15.574993134,28.740348816,245.079513550
-15.639204025,28.219566345,216.783355713
-14.730710983,29.036376953,240.599838257
-15.469393730,27.464776993,159.397750854
-14.775396347,29.665838242,235.932449341
-16.108169556,30.168943405,204.172393799
-16.633798599,29.156951904,196.924453735
-15.540247917,27.861648560,192.046340942
-15.079337120,30.881393433,166.679992676
-15.201405525,28.715801239,245.776931763
-14.822015762,29.284542084,245.283996582
-15.241277695,28.753280640,247.458923340
-13.847064972,29.635185242,175.648132324
-15.797710419,29.070817947,246.835113525
-16.009906769,28.570531845,223.730926514
-15.909766197,28.044511795,197.018859863
-14.491763115,28.887781143,225.600143433
-14.714912415,28.508697510,223.839141846
-15.329402924,28.467781067,235.101425171
-14.549371719,28.930402756,229.759231567
-15.999914169,27.537118912,154.862777710
-14.993373871,28.470438004,231.202972412
-15.284819603,28.687091827,245.240386963
-14.314850807,29.722967148,208.463073730
-14.821827888,28.562702179,230.541900635
-14.802749634,30.893653870,159.565719604
-16.101226807,29.351161957,233.213043213
-16.918256760,30.577384949,131.929153442
-15.666952133,29.961400986,231.764450073
-16.992267609,30.976362228,105.561790466
-15.625911713,29.724479675,243.182037354
-15.118222237,28.923351288,250.812942505
-13.583248138,27.530776978,104.830741882
-14.970326424,30.089468002,223.029602051
-15.298895836,29.060651779,254.944122314
-15.411727905,27.951187134,200.305953979
-15.230913162,29.691539764,246.850357056
-15.200441360,28.906545639,251.554336548
-15.758765221,28.899526596,245.151062012
-14.011296272,27.092187881,99.039482117
-15.228968620,28.851068497,250.407485962
-13.813232422,29.234313965,178.298507690
-13.784114838,27.054933548,87.686752319
-14.809454918,29.458881378,242.657165527
-13.878505707,27.537473679,121.340286255
-15.424076080,29.244882584,255.609970093
-15.764835358,30.395401001,202.376586914
-15.607722282,31.213584900,139.463821411
-14.214861870,30.129655838,184.180267334
-14.709741592,28.115127563,200.855514526
-15.700136185,29.751573563,240.386764526
-14.591483116,30.486005783,183.046218872
-15.736480713,28.318668365,220.709457397
-14.409935951,28.369195938,201.663665771
-14.395728111,30.378559113,180.581466675
-14.812887192,28.821243286,239.713668823
-15.227957726,29.772289276,243.741287231
-15.258854866,31.377119064,126.780555725
-16.259710312,28.176153183,189.871398926
-16.245935440,28.589242935,211.851974487
-17.447971344,28.549171448,119.439918518
-15.922325134,29.257337570,242.676788330
-14.851239204,27.938606262,192.913574219
-14.368986130,30.981065750,136.891220093
-15.477325439,30.753192902,179.234146118
-15.070050240,31.167554855,142.526321411
-14.151756287,27.614917755,140.558212280
-15.250412941,30.233146667,218.746078491
-15.238493919,29.141939163,255.326232910
-13.999275208,28.468969345,179.146392822
-15.251524925,29.502449036,252.451416016
-15.602830887,29.158693314,253.029785156
-14.494016647,29.611660004,223.233337402
-16.077756882,28.074699402,192.389297485
-16.058141708,29.180070877,236.055465698
-15.428979874,28.346864700,227.839782715
-15.867190361,27.658782959,168.739044189
-14.851186752,29.138803482,246.462844849
-16.528827667,29.207443237,205.237976074
-13.926418304,28.438886642,172.581817627
-13.953902245,28.855365753,186.954345703
-15.071211815,29.276573181,252.926986694
-13.867516518,29.337257385,182.255157471
-16.410942078,27.867853165,161.766372681
-16.801961899,27.466852188,114.513679504
-15.222905159,28.220447540,219.781112671
-15.349851608,28.474964142,235.468811035
-16.039823532,28.697977066,227.410324097
-14.565454483,30.107967377,205.998489380
-14.897867203,28.188999176,211.981857300
-14.625409126,29.867719650,221.170791626
-14.994393349,28.575202942,236.352493286
-14.560180664,29.601640701,227.314056396
-18.385896683,29.823274612,56.666248322
-17.182783127,29.842384338,142.168045044
-15.423112869,30.372434616,209.272613525
-15.367201805,28.292207718,224.760314941
-15.416394234,30.238628387,218.633285522
-15.242793083,29.064487457,254.696578979
-14.525486946,29.389181137,229.670120239
-15.274967194,30.544881821,196.165740967
-13.713926315,29.792148590,160.498306274
-15.554999352,30.675733566,184.867828369
-14.085920334,29.897720337,185.874542236
-16.485116959,29.319494247,208.261779785
-16.012712479,29.019809723,236.983398438
-15.028983116,29.278982162,251.954055786
-15.744215012,30.451776505,198.825042725
-16.965171814,29.909006119,157.938583374
-17.126523972,29.561420441,152.803085327
-16.155944824,30.057126999,207.882202148
-15.182587624,29.426528931,253.213500977
-16.287319183,28.524251938,206.595245361
-15.061822891,29.762392044,241.581161499
-12.339943886,29.401679993,63.506992340
-14.293003082,27.621889114,147.845077515
-16.598932266,28.823328018,195.039703369
-16.466466904,30.665222168,153.930038452
-15.679259300,30.561004639,192.024841309
-13.782258034,29.221601486,175.715454102
-14.767240524,29.122722626,243.002929688
-14.730603218,29.662164688,234.099761963
-15.392689705,29.683792114,247.553848267
-13.545343399,29.891838074,143.758377075
-14.943240166,29.303592682,249.433227539
-16.281713486,28.151525497,187.164672852
-14.945683479,27.809431076,185.199081421
-16.035367966,30.460334778,188.731185913
-13.354810715,27.512866974,91.314064026
-13.642390251,28.967384338,162.746658325
-15.284045219,29.065410614,254.947174072
-14.188495636,27.571146011,139.330718994
-14.812876701,28.233951569,212.285705566
-14.698251724,30.721618652,169.834365845
-15.269457817,29.552978516,251.367675781
-14.859488487,28.379228592,222.501876831
-13.757400513,30.885290146,111.905303955
-14.567256927,29.252107620,233.216491699
-15.730934143,28.552331924,233.541671753
-13.558203697,30.593236923,115.450279236
-15.332701683,27.598892212,171.527999878
-18.101051331,28.095396042,64.390586853
-15.399660110,30.579511642,193.628448486
-15.920696259,29.683637619,235.165420532
-13.965859413,29.307359695,190.584701538
-15.411487579,27.870059967,193.893112183
-16.471515656,29.594923019,205.294555664
-15.469947815,29.301353455,254.978393555
-15.316317558,29.842966080,241.203811646
-16.053728104,28.843242645,231.264465332
-13.372858047,28.379035950,127.886314392
-15.550615311,28.589435577,239.357452393
-14.824258804,30.201215744,211.635452271
-15.767251968,28.747407913,240.434432983
-15.548021317,29.708656311,245.190261841
-16.008436203,28.802862167,232.404083252
-17.641233444,27.797077179,82.456832886
-15.381484032,30.076686859,228.959442139
-14.973964691,28.080053329,206.379211426
-16.669296265,29.353502274,193.730453491
-16.921844482,30.244749069,148.185104370
-15.205143929,27.571502686,168.856643677
-16.234994888,28.454511642,206.497467041
-16.042232513,27.688890457,165.472229004
-16.143703461,28.494421005,213.494567871
-15.980325699,30.306779861,201.331130981
-15.164212227,28.185565948,216.906845093
-15.603661537,28.299264908,222.622360229
-15.569046974,30.054330826,228.602432251
-15.016769409,31.464424133,117.453018188
-14.893113136,28.265228271,216.750732422
-14.459299088,30.258754730,191.552871704
-14.174873352,28.084581375,172.043090820
-15.416677475,30.310634613,213.701278687
-16.953769684,28.679405212,162.977172852
-16.695978165,28.246252060,166.200241089
-16.281497955,30.429391861,179.339920044
-15.503578186,28.315467834,225.194168091
-16.304645538,29.320489883,221.010589600
-15.280176163,30.522897720,197.906051636
-14.769023895,27.747024536,175.740493774
-15.898020744,30.248895645,208.177658081
-15.890122414,30.913394928,159.083435059
-16.367328644,29.751436234,208.204467773
-16.130254745,28.669227600,221.621292114
-14.170458794,29.051755905,206.449752808
-14.455588341,29.652112961,219.749359131
-14.515174866,28.290634155,203.100784302
-15.490614891,29.603075027,249.390502930
-16.118112564,30.808322906,159.909942627
-16.046268463,28.878818512,232.550048828
-16.275598526,27.035514832,106.955596924
-13.472121239,28.974483490,148.291549683
-15.716955185,28.980108261,248.126251221
-13.849176407,28.213716507,157.223159790
-14.589471817,28.755033493,227.568786621
-15.865711212,29.745880127,235.219833374
-14.280799866,28.664918900,206.157623291
-16.037889481,28.009727478,189.621871948
-14.165535927,28.603567123,196.143600464
-17.118171692,30.588775635,118.212112427
-16.638898849,29.958282471,181.446243286
-15.085611343,29.466737747,250.911010742
-15.853415489,29.544414520,241.790802002
-14.150337219,78.942634583,163.585540771
-10.925547600,79.238624573,154.322174072
-14.502098083,77.370391846,125.294090271
-12.670352936,78.841537476,251.078872681
-12.589210510,77.861389160,253.789535522
-11.887257576,79.518753052,197.180999756
-12.714851379,79.083526611,238.421218872
-15.061608315,77.417091370,86.431404114
-12.803816795,77.866035461,251.153625488
-12.149759293,79.368347168,216.573959351
-11.975888252,77.732376099,236.824707031
-14.005326271,78.911567688,176.572036743
-14.320734024,79.007637024,147.276504517
-12.671007156,77.178764343,212.489700317
-12.195300102,78.351722717,258.351196289
-12.519155502,78.270378113,262.699554443
-12.063034058,79.279037476,220.318725586
-11.985942841,79.366729736,211.788192749
-12.526697159,79.973060608,170.414306641
-11.911447525,77.810905457,237.317398071
-13.576453209,78.560394287,219.374465942
-13.789079666,77.381225586,178.757888794
-12.243470192,77.746711731,245.963211060
-13.415873528,78.320121765,232.462295532
-12.409879684,78.148765564,260.946777344
-12.860104561,79.209243774,227.820449829
-12.140130043,78.131172180,255.174148560
-10.018236160,78.548431396,95.954643250
-11.350552559,77.793617249,201.911163330
-13.845499039,77.562843323,183.557022095
-12.750567436,77.857994080,251.883712769
-11.146171570,78.234558105,194.353073120
-12.021088600,78.308120728,252.521713257
-12.916111946,78.392593384,256.493255615
-10.768506050,77.586654663,147.558883667
-11.715567589,77.328590393,202.125503540
-12.942184448,78.358184814,255.804412842
-12.156182289,79.837730408,179.169036865
-12.532640457,77.510986328,236.430053711
-11.832515717,77.990432739,239.278930664
-12.243876457,78.238380432,259.239227295
-14.426014900,78.862899780,142.843414307
-11.899189949,79.281204224,214.209808350
-10.682094574,77.159500122,123.291519165
-11.966050148,78.763893127,242.905120850
-12.901639938,78.751708984,249.688308716
-11.982911110,77.135917664,200.112976074
-12.236334801,77.436614990,228.585952759
-13.134414673,76.579856873,153.038650513
-12.955918312,78.151031494,254.197662354
-11.932701111,78.355499268,248.698822021
-14.024846077,79.216751099,162.314010620
-12.601144791,78.842971802,251.647003174
-11.516621590,79.777206421,161.121490479
-10.521330833,78.282363892,138.941741943
-12.171433449,77.276237488,216.098312378
-11.420957565,77.169715881,175.049743652
-14.287809372,79.184989929,143.248367310
-13.004254341,79.132209778,228.313400269
-12.074482918,76.724594116,169.079803467
-15.202237129,77.257995605,73.680625916
-12.466066360,77.132820129,209.362884521
-13.135318756,76.895660400,179.452224731
-12.312680244,78.445426941,260.399414062
-12.963950157,79.751663208,183.752014160
-10.984842300,78.919868469,171.220565796
-14.282328606,77.249908447,136.649063110
-12.075427055,77.726043701,240.283569336
-12.969649315,79.253570557,221.825408936
-11.971682549,79.668754578,188.548522949
-12.911767006,79.729827881,186.924255371
-13.036688805,79.854095459,172.991378784
-12.376723289,77.494087219,234.512313843
-14.113777161,78.053131104,176.173019409
-12.738790512,79.212265015,230.105636597
-12.593148232,77.922164917,255.913970947
-11.405520439,78.129776001,214.295410156
-13.058799744,78.929206848,237.031173706
-12.972386360,79.013404846,236.049774170
-13.079474449,78.131637573,249.188812256
-12.330380440,77.980476379,256.286712646
-12.496008873,79.170074463,234.639160156
-12.071955681,78.835571289,244.378479004
-13.117988586,79.207427979,219.380722046
-11.812994957,79.359016418,205.352035522
-13.208923340,78.182144165,243.744735718
-11.849023819,77.745788574,231.662170410
-12.708680153,80.280403137,141.606124878
-10.530797005,79.594543457,109.226554871
-11.543972969,77.335350037,192.944625854
-11.969995499,77.995483398,245.976181030
-13.541130066,77.845596313,216.269012451
-12.366892815,77.807243347,250.745483398
-13.033357620,79.146644592,226.411270142
-12.338451385,78.588058472,258.601165771
-12.370685577,77.678894043,244.878372192
-13.853129387,78.665161133,196.070220947
-12.989594460,76.343818665,136.202117920
-12.875124931,77.262382507,215.530059814
-11.783907890,78.876228333,230.039550781
-11.985664368,77.689559937,235.235717773
-11.751006126,78.674247742,234.803817749
-12.892412186,77.901260376,250.198623657
-11.589849472,77.880996704,221.734832764
-12.178901672,79.388557434,215.802169800
-10.573215485,80.018470764,92.277702332
-11.581734657,76.848686218,161.178451538
-13.171606064,77.806510925,236.198547363
-10.829407692,77.655281067,154.975982666
-12.096391678,78.455467224,254.708374023
-13.417684555,78.736427307,225.853729248
-12.084261894,77.098823547,200.412979126
-11.259680748,76.268089294,103.807884216
-13.073314667,79.326568604,213.293426514
-13.675815582,78.704864502,208.917572021
-13.778918266,78.261573792,206.040283203
-14.796330452,77.512031555,107.641059875
-14.025479317,77.952835083,181.927185059
-12.897789001,77.680938721,240.866943359
-11.684644699,77.467720032,208.929016113
-11.848171234,79.983879089,158.637329102
-12.343493462,77.496932983,234.272933960
-13.731896400,77.644813538,195.389633179
-11.777915001,78.510192871,239.529357910
-11.545762062,79.124931335,204.701324463
-12.341747284,78.828086853,251.254913330
-10.627311707,79.770256042,107.663536072
-12.785304070,79.344276428,220.205535889
-11.896706581,79.490989685,199.594833374
-11.810940742,77.380432129,210.173049927
-14.102242470,78.927230835,168.086120605
-10.579939842,77.578933716,131.740371704
-12.670647621,77.318855286,222.946655273
-11.304728508,76.049430847,90.842529297
-14.746217728,78.729621887,118.950645447
-12.564901352,77.874977112,254.383056641
-12.783652306,78.891586304,247.095840454
-12.896361351,77.257675171,214.687240601
-13.409920692,79.242942810,202.778793335
-13.007299423,76.969322205,189.372543335
-12.380379677,78.859596252,250.442459106
-11.153596878,78.572502136,193.576171875
-13.142269135,78.828605652,237.724472046
-11.755382538,78.315696716,239.431289673
-12.527156830,78.614730835,259.384765625
-12.552413940,78.604713440,259.583801270
-13.504470825,77.204162598,185.967407227
-13.318669319,78.996810913,221.395141602
-12.223760605,79.394836426,216.286651611
-12.669248581,77.210960388,214.983230591
-11.338004112,78.335830688,210.459915161
-11.199102402,78.952545166,187.541091919
-10.293938637,78.134826660,118.364738464
-11.581833839,79.245964050,200.302230835
-13.037684441,78.182121277,251.576950073
-13.944295883,76.805801392,134.161468506
-12.355988503,79.147605896,235.120346069
-11.844533920,78.694625854,239.324142456
-11.619540215,77.764900208,219.510299683
-12.755090714,79.092124939,237.267440796
-12.049439430,78.144409180,252.258483887
-11.161763191,77.062599182,151.751861572
-13.001235962,78.071205139,251.236129761
-11.666023254,78.356987000,233.987854004
-13.744049072,78.868606567,198.674453735
-11.395011902,79.093902588,196.213973999
-11.863402367,76.480285645,142.448959351
-13.382444382,78.836677551,224.608062744
-12.537446022,78.877159119,250.432617188
-13.748900414,78.293106079,208.489578247
-13.872338295,76.400924683,110.903648376
-12.186779022,79.197189331,229.028076172
-12.236941338,78.321601868,259.416168213
-14.044571877,79.360710144,153.566299438
-12.526602745,80.314163208,139.687500000
-11.540243149,76.349472046,120.908676147
-11.727507591,76.958061218,176.312896729
-13.242053032,78.103843689,240.940017700
-12.576620102,78.752166748,255.242660522
-13.505413055,77.203910828,185.898986816
-11.881952286,78.341346741,246.276809692
-12.308184624,76.160919189,123.586395264
-12.659694672,77.463867188,232.877716064
-13.403183937,79.276535034,201.091369629
-13.578228951,77.261703491,185.421279907
-12.813568115,78.804885864,250.062301636
-13.366572380,79.588745117,181.481750488
-11.032710075,77.473152161,164.380218506
-12.727639198,77.575927734,238.848587036
-14.167940140,78.657608032,169.751281738
-11.748963356,80.366462708,124.060722351
-13.379967690,79.690834045,173.087509155
-11.140204430,78.552452087,192.723175049
-11.880393982,79.227874756,216.775833130
-10.508458138,78.832405090,132.695404053
-12.542695999,77.488433838,235.026397705
-12.177236557,79.378761292,216.474395752
-12.237947464,77.574676514,237.024795532
-12.393481255,78.225448608,261.676574707
-12.217819214,76.692749023,169.227310181
-11.931769371,78.950019836,234.038085938
-12.037704468,78.350837708,253.178359985
-14.288494110,78.335273743,162.578659058
-11.421842575,77.494468689,194.091171265
-14.471827507,76.814041138,102.957695007
-12.168532372,78.727478027,251.232299805
-11.596264839,78.299339294,229.409454346
-13.982886314,77.536094666,172.034774780
-11.663718224,78.495094299,232.892181396
-11.832728386,78.789390564,235.798110962
-12.687518120,78.180595398,260.900512695
-10.625455856,78.769271851,144.073226929
-12.611145020,78.810020447,252.908691406
-12.259652138,76.197242737,126.219429016
-11.832472801,80.175537109,142.153152466
-13.262837410,79.808639526,168.892486572
-12.739427567,78.648071289,256.661254883
-11.412198067,77.634597778,200.142471313
-11.240063667,77.140380859,161.669158936
-13.357712746,77.761077881,224.677841187
-11.820552826,78.013725281,239.229949951
-14.002532005,78.138069153,186.728897095
-13.266778946,79.085891724,219.584991455
-12.825793266,78.425376892,258.762725830
-12.888030052,78.788536072,248.766723633
-12.666148186,78.679801941,256.837249756
-15.075945854,78.451850891,95.857666016
-12.068644524,78.155319214,253.129882812
-11.813165665,79.093208313,221.418701172
-11.178343773,78.459411621,196.914855957
-14.396358490,76.069099426,69.146705627
-14.084398270,78.316696167,180.526580811
-12.639863014,78.630836487,258.439941406
-13.107803345,77.618110657,230.463760376
-11.927510262,79.010520935,230.959381104
-12.739208221,78.316123962,260.979949951
-12.078243256,78.858940125,243.657043457
-13.626538277,77.635025024,202.370559692
-13.713104248,77.847694397,204.113006592
-11.670224190,78.900871277,222.623397827
-13.580656052,78.866867065,210.593139648
-12.396714211,77.860671997,253.205566406
-13.889017105,78.179779053,196.627609253
-11.802614212,76.191505432,117.025611877
-12.878681183,80.608886719,111.200218201
-11.809921265,78.614433289,239.471969604
-13.219742775,77.676269531,228.309753418
-12.565846443,79.957466125,171.707397461
-12.016968727,77.482444763,225.169723511
-11.305770874,78.062004089,205.468475342
-10.785211563,77.787994385,155.210998535
-13.485823631,78.529228210,226.189834595
-11.500230789,79.392044067,186.650756836
-12.323366165,77.366500854,225.445327759
-12.987898827,76.336318970,135.589782715
-13.395679474,78.176139832,233.002944946
-12.093555450,78.015144348,251.260543823
-12.539536476,77.958412170,257.214630127
-11.731532097,77.455490112,210.762817383
-11.645009995,80.315483093,124.869560242
-12.009768486,77.827507019,242.166824341
-13.018827438,79.564437866,197.502273560
-13.609147072,77.400794983,191.763488770
-13.647006035,77.076087952,169.347198486
-13.527374268,79.144508362,201.365219116
-11.380274773,77.657524109,198.858428955
-12.275223732,79.113754272,235.963226318
-12.381993294,77.399658203,228.447998047
-13.952959061,79.365028381,159.986129761
-11.986378670,78.931556702,237.145492554
-13.590204239,78.589576721,217.850692749
-11.853558540,78.668632507,240.475418091
-13.227581024,79.366859436,204.084762573
-14.010190010,79.283340454,160.122344971
-11.401501656,79.926933289,144.344558716
-12.825050354,77.355171204,223.192001343
-11.688677788,77.655387878,218.956405640
-12.438562393,78.037139893,259.021087646
-13.384629250,78.675598145,229.642761230
-13.874573708,78.946807861,185.727752686
-13.449488640,76.622871399,145.653427124
-12.532665253,78.786231995,254.132385254
-11.905623436,79.172950745,221.172698975
-14.836197853,77.349456787,100.110481262
-12.375905037,79.873603821,178.919219971
-11.698813438,80.255943298,131.382431030
-13.007496834,78.629020691,249.738372803
-13.582528114,77.950248718,216.439254761
-13.217853546,77.720611572,230.419570923
-12.876007080,78.357315063,257.831939697
-12.460345268,78.898056030,249.376174927
-12.342569351,78.010551453,257.291870117
-13.005136490,78.047470093,250.589599609
-12.931594849,78.845573425,245.233703613
-11.617033005,79.628646851,177.038146973
-13.280260086,78.823974609,230.952423096
-13.877237320,78.727775574,192.599014282
-11.399885178,78.205009460,214.715866089
-11.409921646,77.216033936,177.313095093
-13.371203423,78.218788147,234.904037476
-11.460347176,77.937171936,214.440460205
-12.936110497,77.362968445,221.063949585
-12.279676437,79.601295471,201.178222656
-11.781877518,79.051254272,222.024002075
-12.689532280,77.791290283,250.119369507
-11.805312157,78.322692871,242.259628296
-12.656166077,79.252838135,228.495132446
-12.680345535,77.516822815,235.970092773
-11.573369026,78.435317993,227.521621704
-13.519587517,77.241691589,187.566452026
-12.387145996,80.692008972,107.196632385
-12.875378609,78.018325806,254.093811035
-10.958786964,78.297317505,178.282989502
-13.931024551,76.781806946,133.367431641
-11.255893707,79.020957947,189.281188965
-11.656432152,78.296844482,233.351242065
-13.209269524,78.137435913,243.169342041
-12.346526146,77.516288757,235.501678467
-11.921108246,77.095001221,194.782730103
-12.815316200,78.150588989,258.195800781
-13.173577309,76.149093628,116.116302490
-12.034687996,77.598846436,232.484848022
-11.156849861,78.012619019,192.388809204
-13.023917198,78.446121216,252.279663086
-11.429118156,77.791191101,207.615280151
-11.467820168,79.794906616,157.335968018
-11.492235184,79.981033325,144.720687866
-11.189911842,79.869483948,136.925231934
-10.878231049,78.562667847,169.764053345
-12.911781311,76.092353821,116.196289062
-13.805291176,77.906318665,198.726135254
-12.864293098,78.201805115,257.591827393
-13.483318329,76.758819580,154.793212891
-12.612780571,78.165184021,261.449401855
-13.290111542,77.612449646,221.675537109
-13.422714233,77.958076477,227.293579102
-13.338860512,79.614479065,180.874237061
-12.241560936,77.382278442,225.095199585
-12.763005257,77.174316406,211.031951904
-11.470389366,79.738784790,161.520996094
-11.230555534,77.209907532,165.201202393
-12.573824883,77.953025818,256.975921631
-11.920544624,77.346687317,212.816223145
-13.158449173,77.941383362,241.407119751
-12.329269409,79.048728943,240.541564941
-12.811285019,79.018562317,240.262115479
-11.660481453,78.141387939,232.308776855
-13.728216171,77.183410645,171.364318848
-11.890830994,77.878372192,238.827301025
-14.195186615,78.967552185,159.022140503
-12.353003502,76.948631287,193.321609497
-11.303137779,79.191238403,185.009048462
-12.343812943,77.080284119,204.142990112
-13.884888649,78.047531128,195.338973999
-14.196473122,78.759681702,165.048492432
-13.893381119,78.519515991,195.386886597
-12.770689011,79.066383362,238.460906982
-13.420505524,78.628326416,228.565826416
-13.877397537,79.150146484,176.679885864
-12.597519875,78.850448608,251.357223511
-13.803083420,78.853683472,194.680404663
-12.176354408,78.718299866,251.736053467
-12.169923782,78.161132812,256.508331299
-11.241258621,78.198699951,202.047424316
-13.221727371,78.295875549,243.791381836
-13.433075905,77.890602112,224.729095459
-12.659804344,77.975044250,257.023376465
-12.283160210,80.300361633,140.073165894
93.303504944,-22.239395142,199.759292603
92.228843689,-23.898712158,233.936370850
92.354377747,-22.458806992,227.932662964
90.584434509,-24.344860077,109.770210266
92.834884644,-23.535789490,249.424179077
94.700279236,-22.864013672,124.830543518
92.070358276,-24.889303207,163.217971802
92.391990662,-24.614915848,192.527893066
93.199302673,-23.150588989,239.540512085
93.052581787,-21.232519150,132.156509399
91.825088501,-23.504100800,228.465606689
91.520034790,-23.392293930,210.097076416
94.325828552,-22.742973328,152.903244019
92.618064880,-23.060066223,252.054382324
91.521697998,-23.705429077,204.326278687
92.817802429,-23.212274551,251.889022827
91.201934814,-22.984073639,184.262023926
93.011749268,-23.688747406,241.561187744
92.736724854,-24.795186996,179.758575439
91.252754211,-23.177009583,190.069747925
92.064826965,-23.323251724,242.261077881
93.572044373,-23.485626221,218.214874268
89.921882629,-23.462348938,80.516082764
92.251510620,-23.546390533,246.027999878
93.632286072,-24.890226364,147.261535645
92.976509094,-21.741392136,174.818466187
92.106605530,-22.839368820,237.605773926
93.698860168,-23.101465225,209.413864136
92.047454834,-24.021217346,221.775283813
93.476348877,-22.719547272,214.710342407
91.946083069,-24.488168716,189.057083130
91.451744080,-21.650043488,140.855850220
92.664604187,-20.951467514,114.167320251
93.288101196,-22.872173309,229.938888550
93.038825989,-22.312545776,214.252853394
91.766487122,-21.151683807,117.782760620
92.632247925,-24.015096664,234.169769287
93.035110474,-22.219356537,208.439987183
91.724998474,-22.744827271,216.162551880
92.016105652,-23.817970276,229.458053589
92.243072510,-22.548154831,230.247970581
91.623481750,-23.119079590,217.458816528
92.389137268,-24.158906937,224.131866455
91.519027710,-24.514585495,165.427032471
91.098754883,-22.415529251,160.517486572
92.490898132,-23.153043747,252.754974365
93.910743713,-24.531812668,155.076339722
91.791007996,-23.056980133,227.286407471
90.908470154,-23.890405655,150.724700928
91.807655334,-22.982173920,227.050796509
92.306739807,-21.303546906,141.366134644
93.670440674,-24.164934158,190.103866577
92.345237732,-23.659280777,245.582153320
96.039123535,-24.821895599,29.232667923
92.936088562,-25.396127701,127.926246643
92.725616455,-21.401805878,150.560485840
92.324096680,-22.207141876,212.084335327
92.666435242,-23.734195709,246.049346924
92.480895996,-23.898599625,238.992706299
92.106491089,-24.641891479,183.708770752
94.239349365,-23.704772949,163.439910889
93.026329041,-24.188228607,218.872222900
93.849540710,-23.585252762,196.957153320
92.641517639,-25.140672684,151.000869751
93.128524780,-21.500190735,151.860870361
91.863471985,-23.769926071,223.746597290
91.594230652,-23.182533264,215.873565674
92.796577454,-22.606615067,235.932128906
93.284027100,-24.124212265,213.132965088
92.957496643,-23.639997482,244.421829224
91.641517639,-23.438552856,218.053390503
96.534210205,-20.996524811,11.714121819
92.872375488,-21.572839737,163.100723267
92.687171936,-23.364833832,253.323989868
90.782981873,-24.271800995,127.173637390
91.949050903,-23.204177856,237.041244507
92.746536255,-23.890638351,239.511047363
92.143737793,-23.477849960,243.793960571
91.351142883,-23.924335480,184.589706421
92.351264954,-24.560646057,196.009307861
92.402313232,-24.146503448,225.084747314
93.967933655,-23.555500031,188.178665161
92.543006897,-22.883668900,247.955444336
93.289520264,-25.047937393,148.749725342
92.355766296,-24.220727921,219.761291504
92.587379456,-23.848028183,241.862792969
92.889617920,-24.292156219,215.534667969
92.164787292,-23.902856827,231.742172241
93.815139771,-22.943693161,198.270126343
93.101440430,-23.598014832,240.858200073
92.347831726,-22.750694275,241.306472778
93.509986877,-23.296548843,223.386901855
93.874198914,-22.037540436,156.160064697
91.067855835,-22.881317139,171.606384277
92.689949036,-22.923406601,248.839141846
93.848526001,-24.232234955,175.163650513
91.112281799,-22.205505371,152.420562744
91.734069824,-23.997915268,207.223693848
92.937171936,-23.997798920,231.437103271
91.140342712,-23.277505875,180.842666626
91.951065063,-22.713836670,226.987060547
92.226478577,-24.000143051,229.091995239
92.522552490,-22.259542465,217.685440063
93.640457153,-24.404922485,178.828598022
95.532257080,-23.637472153,66.564704895
91.580139160,-22.423463821,194.335418701
92.370880127,-21.157976151,130.095779419
93.579963684,-23.510416031,217.370269775
94.307861328,-22.462581635,145.697067261
91.503654480,-22.423301697,189.499221802
92.216064453,-23.395023346,247.235794067
92.863609314,-24.190792084,222.323379517
91.399208069,-22.943912506,199.103576660
91.344322205,-25.886898041,68.497772217
91.896446228,-22.980604172,231.812911987
92.462669373,-22.044565201,202.383239746
92.916305542,-24.078006744,227.767150879
92.292968750,-24.748237610,180.227844238
93.818351746,-24.692796707,150.882766724
91.812141418,-23.471982956,228.234268188
92.734909058,-24.814346313,178.197967529
91.827018738,-23.046655655,229.193588257
93.862274170,-22.962692261,195.085418701
92.706741333,-24.874105453,173.380386353
92.115211487,-22.790201187,236.362945557
93.813499451,-22.422319412,180.467498779
92.870620728,-22.107095718,204.690704346
95.614013672,-23.905557632,59.493057251
91.969436646,-21.793212891,173.110412598
92.968017578,-23.199388504,248.419265747
93.124923706,-23.966182709,227.381851196
91.697753906,-24.088844299,200.681396484
93.978500366,-24.748336792,138.174102783
93.231208801,-23.869382858,227.241348267
92.379188538,-22.568744659,234.017654419
93.576538086,-22.968719482,215.621688843
90.859436035,-21.740732193,112.580665588
94.042747498,-23.220258713,183.752288818
92.742813110,-21.510246277,159.453674316
93.679779053,-23.340990067,211.918090820
92.440216064,-23.505233765,250.747711182
93.909782410,-22.271703720,166.571517944
91.119125366,-22.847053528,175.165466309
93.596672058,-24.818159103,154.015197754
92.729583740,-25.088739395,155.256942749
92.862045288,-25.394929886,128.764221191
92.050804138,-23.922761917,226.592956543
92.023704529,-21.860168457,179.875091553
93.268066406,-23.711265564,230.928482056
91.799476624,-23.550472260,226.136245728
91.703437805,-22.338615417,197.213745117
94.729316711,-22.258497238,107.339179993
93.064239502,-23.477325439,244.353652954
92.327445984,-21.566411972,163.285614014
92.156616211,-21.750597000,175.085433960
91.601013184,-23.607927322,212.333557129
91.018493652,-23.152462006,170.427108765
91.468826294,-21.646646500,141.475021362
93.144821167,-22.774299622,233.226623535
93.015228271,-24.404237747,205.358596802
92.856674194,-21.474615097,155.233947754
92.741104126,-24.328712463,214.981338501
90.880210876,-24.025022507,144.048645020
90.970321655,-22.481178284,153.065902710
93.513717651,-24.187377930,198.250106812
93.346534729,-23.888151169,221.056015015
92.686935425,-22.939741135,249.279327393
92.288589478,-22.893493652,244.658462524
91.046821594,-23.194221497,172.961639404
92.697601318,-25.358089447,132.655181885
90.922859192,-25.171220779,91.564125061
93.146858215,-23.187736511,242.110107422
93.006507874,-24.638074875,188.552978516
93.871528625,-22.328855515,172.024765015
91.965591431,-22.135635376,197.280792236
92.481628418,-25.087902069,154.747787476
91.099861145,-22.577972412,166.460174561
92.628501892,-22.430471420,228.239578247
92.644180298,-23.044025421,251.723388672
94.856079102,-21.914846420,87.182655334
92.299728394,-22.936727524,246.032394409
93.226997375,-22.550304413,220.375808716
92.803558350,-23.805227280,242.301589966
92.728927612,-23.791982651,243.639175415
94.415916443,-22.070970535,121.910591125
92.528938293,-22.883403778,247.879516602
92.567092896,-22.118455887,208.169876099
93.781433105,-22.743085861,195.435165405
93.603813171,-22.651124954,204.278320312
93.906616211,-22.780565262,187.302368164
92.884452820,-23.888921738,237.566787720
91.160804749,-23.339544296,182.298690796
91.991493225,-23.251688004,239.172225952
93.873039246,-23.138872147,196.790390015
92.317550659,-24.164825439,222.377777100
91.302413940,-21.978891373,153.153076172
90.955863953,-24.246479034,141.221267700
90.419349670,-23.627838135,116.244720459
92.390266418,-23.715990067,244.732208252
92.669425964,-24.132961273,227.653564453
91.818893433,-21.493869781,145.232116699
92.398490906,-22.404037476,225.511047363
91.895782471,-21.698966980,163.490997314
94.246734619,-23.080677032,165.647537231
91.633018494,-23.224695206,218.630981445
92.779853821,-23.072072983,251.006072998
91.754333496,-24.834695816,155.527923584
92.894912720,-23.321987152,250.508392334
92.734626770,-22.284894943,218.695022583
91.257392883,-22.301002502,167.128067017
91.989326477,-23.706918716,232.086990356
91.906776428,-23.222076416,234.971023560
90.826736450,-23.879781723,144.333679199
92.216796875,-22.047765732,198.895065308
92.883247375,-22.616178513,234.797149658
92.738487244,-24.360595703,212.831878662
93.639755249,-24.157136917,192.397491455
92.206306458,-23.129596710,246.835311890
93.678092957,-23.513080597,210.641662598
94.243080139,-23.883174896,158.902069092
93.398139954,-23.308080673,230.103775024
94.279220581,-23.097290039,163.074493408
90.855239868,-22.223361969,134.590087891
92.651000977,-23.864757538,241.177368164
93.955520630,-23.643005371,187.698455811
93.332542419,-24.080080032,213.171173096
91.896423340,-21.501113892,148.350616455
91.945518494,-23.896467209,223.048690796
91.024230957,-21.681713104,119.339164734
93.130554199,-23.073917389,241.479400635
93.707687378,-24.641033173,160.363311768
92.191505432,-23.403133392,246.380859375
91.184082031,-22.000268936,146.867645264
92.714126587,-23.634984970,248.723068237
92.968780518,-24.064277649,227.300308228
92.777664185,-19.884157181,46.065582275
93.337234497,-21.643384933,156.434997559
92.377471924,-24.063264847,229.360015869
93.042259216,-24.653400421,186.557022095
90.425598145,-22.580102921,112.821975708
93.373893738,-22.477844238,209.822616577
92.760719299,-21.333324432,144.590179443
92.645225525,-23.865661621,241.151351929
89.726051331,-23.358861923,68.212196350
93.564430237,-23.304834366,219.874816895
93.856773376,-21.016815186,92.399436951
92.559204102,-22.080442429,205.432998657
91.146697998,-22.280376434,158.327194214
92.796043396,-23.533086777,250.094299316
92.569152832,-23.468000412,252.429183960
92.423751831,-23.113023758,251.554779053
92.558258057,-24.467489243,205.395416260
93.149604797,-23.919563293,228.532409668
93.780540466,-23.345523834,204.550888062
92.859573364,-25.360927582,131.586257935
91.475868225,-22.372081757,185.276473999
91.998733521,-23.844133377,227.669616699
92.454612732,-21.947954178,195.088714600
93.106689453,-22.001432419,191.190383911
92.464805603,-23.098520279,251.886993408
91.529312134,-22.133665085,175.830123901
92.841201782,-23.267566681,251.655853271
93.070869446,-21.864904404,182.096206665
92.518058777,-21.648656845,171.565658569
91.881027222,-22.889511108,229.007690430
94.741767883,-23.801511765,120.329833984
92.977806091,-22.434190750,223.160034180
92.594650269,-24.812049866,178.542007446
91.676589966,-22.730764389,212.782913208
93.624069214,-22.527141571,197.787445068
93.878982544,-23.239711761,196.973953247
92.940788269,-24.830564499,174.629257202
93.049880981,-22.699014664,233.841003418
92.149337769,-22.667694092,232.958160400
90.916664124,-22.560596466,151.390060425
93.032836914,-21.201087952,130.029006958
94.145637512,-21.804716110,126.103569031
93.549949646,-22.665081024,208.213226318
91.550918579,-23.646787643,207.943283081
94.559280396,-24.767860413,101.454864502
92.282272339,-24.730930328,181.389328003
94.183502197,-23.877477646,163.858779907
94.277084351,-23.725458145,159.898712158
92.228416443,-22.033166885,198.102233887
93.671386719,-26.027976990,68.980743408
93.183692932,-22.711528778,229.285491943
92.942359924,-23.969354630,232.688262939
92.760963440,-23.709756851,246.133361816
92.943878174,-23.514089584,247.446258545
92.110626221,-23.147926331,243.717910767
93.534988403,-23.022689819,219.355361938
92.178909302,-22.975442886,243.566940308
93.802345276,-21.716291428,140.390594482
93.940101624,-22.774316788,184.562225342
91.723426819,-24.677249908,165.533935547
92.530174255,-24.720880508,185.660552979
91.947769165,-23.481819153,235.348068237
92.248344421,-23.639614105,243.734024048
91.404548645,-23.080228806,201.382904053
93.729057312,-23.859832764,198.877517700
93.458305359,-20.648969650,80.959320068
92.640739441,-22.660486221,239.845489502
92.929321289,-22.342073441,218.998535156
91.013900757,-24.368652344,139.893585205
92.876014709,-22.424734116,225.036315918
92.863075256,-24.976268768,163.710861206
91.908935547,-24.106401443,211.164627075
93.121543884,-24.073734283,222.242019653
92.051742554,-22.226947784,206.305618286
94.067871094,-23.724971771,177.040039062
93.157455444,-25.193180084,140.681747437
92.930877686,-22.121717453,204.498550415
93.259330750,-23.210636139,237.210723877
92.343910217,-23.958488464,234.061386108
92.553466797,-24.863138199,174.145889282
94.343009949,-22.747486115,151.613616943
92.630111694,-23.931501389,238.257812500
92.662216187,-22.513900757,232.678436279
93.744003296,-24.215387344,182.909317017
91.759025574,-21.233467102,123.609001160
93.869148254,-22.603176117,184.184326172
92.593902588,-22.387676239,225.808578491
91.459320068,-21.779928207,149.860122681
92.696777344,-22.520833969,232.815216064
93.378768921,-23.443267822,230.441970825
92.557182312,-22.090112686,206.127914429
93.759048462,-25.083927155,127.854629517
91.040145874,-24.257917404,147.020858765
91.839004517,-24.430221558,188.197692871
93.004661560,-23.775400162,239.019485474
93.938674927,-21.858818054,141.670944214
92.703865051,-21.628238678,169.527389526
92.756767273,-23.746486664,244.981109619
92.797340393,-22.366836548,223.014404297
91.118087769,-23.520296097,176.811584473
93.029960632,-22.948612213,242.644607544
92.364112854,-22.822910309,244.116363525
93.024673462,-23.903604507,233.460586548
94.914154053,-22.872146606,108.125946045
92.401367188,-23.883415222,238.571319580
93.761962891,-23.209636688,205.763214111
95.280662537,-23.747619629,81.427070618
91.489944458,-23.339395523,208.302139282
92.907623291,-25.430147171,125.460655212
92.423385620,-23.680110931,246.387268066
92.363784790,-23.941921234,235.246276855
91.389358521,-22.553657532,187.287979126
92.148712158,-24.335397720,207.019027710
91.972618103,-23.784019470,228.738281250
92.841201782,-22.643356323,236.871353149
91.779373169,-23.790992737,218.318481445
91.387046814,-26.703996658,32.798748016
92.888343811,-21.791692734,180.543289185
93.254638672,-23.818756104,228.086502075
92.829032898,-24.486516953,203.000579834
92.610260010,-23.739404678,245.965332031
91.879837036,-22.906044006,229.351135254
95.332420349,-21.646245956,53.950115204
92.660476685,-22.427581787,227.946533203
93.595260620,-23.959234238,204.067810059
93.376457214,-24.752687454,168.322494507
91.927253723,-23.072942734,234.854782104
92.317764282,-21.555217743,162.242584229
93.380592346,-23.693735123,225.689682007
92.261970520,-23.124725342,248.381912231
91.677017212,-22.716083527,212.319290161
91.357246399,-22.688686371,189.679504395
92.567955017,-22.897083282,248.417953491
57.332420349,6.023969173,212.191986084
60.757354736,5.321767330,104.486206055
58.662406921,7.284550667,174.476318359
59.106712341,6.210869312,226.149307251
57.331317902,4.501395702,169.576400757
58.398441315,5.315748215,245.054748535
58.325950623,5.984640598,250.257736206
57.668579102,6.273087025,224.534942627
60.203563690,4.769642830,131.615478516
57.875461578,5.729373455,243.138229370
59.485466003,4.592601776,170.202728271
57.279857635,3.615322828,105.527091980
57.904644012,6.459129810,225.997619629
59.410232544,6.136137486,210.840194702
57.744049072,6.485455513,218.773345947
58.549327850,3.858278275,143.910705566
57.116912842,7.290849209,138.373214722
58.667213440,4.404189587,187.861068726
59.164958954,6.840418816,192.417617798
57.909973145,6.436666012,227.258010864
54.604907990,6.752560616,26.099594116
59.520164490,4.654281139,171.942916870
58.627094269,5.440863609,246.353759766
58.242477417,5.354103565,245.654342651
57.012710571,7.669387817,108.846298218
58.034698486,5.883738995,247.358123779
57.335605621,4.742116928,184.472824097
58.757606506,6.305376053,235.985763550
59.222930908,6.882758141,187.023269653
58.134799957,5.334780693,243.617813110
59.091819763,5.141544819,220.716781616
59.216766357,6.153484344,222.080902100
59.500034332,6.449375629,194.515853882
57.290561676,4.913350105,190.881134033
59.077491760,7.686039925,132.915267944
57.022197723,5.802195549,192.365905762
58.626682281,4.253206253,176.310394287
58.823131561,5.685861111,244.998672485
56.248451233,7.400712013,84.582153320
57.481800079,4.496480465,176.537902832
58.765148163,6.336470604,234.518264771
59.081420898,5.392980576,229.843841553
58.334095001,5.048177242,233.717361450
57.034809113,6.858114719,159.723403931
58.242244720,5.596669674,250.792236328
56.345741272,5.600612640,136.902206421
57.502513885,5.604370117,224.745391846
58.125762939,5.332519054,243.388748169
59.283847809,6.226037979,216.148880005
59.472160339,4.454156399,162.048965454
57.696052551,5.738703251,235.643966675
57.938369751,5.699726105,245.196609497
57.162902832,5.062806129,189.297576904
56.703453064,4.888958454,149.702377319
59.039184570,5.564776897,235.297973633
59.850761414,5.183450222,173.517135620
58.464076996,4.565731525,202.662338257
60.945678711,5.600363255,92.850448608
59.174636841,6.192368984,223.258071899
57.761127472,4.448082447,184.021804810
58.501152039,5.222194195,241.086486816
58.189502716,6.430285931,233.977752686
58.423248291,6.156100273,246.178741455
58.495052338,4.311734676,182.520935059
59.741069794,6.954836369,153.414306641
57.208843231,6.284284592,197.156738281
57.682983398,5.032067776,217.326538086
58.340164185,7.526652336,156.143692017
59.402965546,6.384205341,203.358428955
57.194400787,8.333433151,74.225669861
59.218738556,3.430146456,97.538513184
58.744480133,5.290289402,239.324035645
58.754989624,6.179624081,240.526794434
57.426486969,7.604869843,130.350250244
58.544792175,6.720331669,217.960983276
59.696430206,5.040826321,179.857696533
57.433238983,6.900891304,180.282119751
59.737846375,4.401965618,143.746276855
60.356250763,5.543480873,139.339721680
59.036792755,6.343372345,224.624252319
57.373664856,4.914935589,195.845230103
56.261413574,4.627833843,108.295974731
56.862529755,5.819174290,179.718627930
59.714408875,5.751839161,193.479766846
58.683860779,6.556987286,225.666168213
59.024715424,5.393152237,232.481658936
56.881664276,5.349178314,177.374511719
58.407966614,4.907338619,225.948287964
58.706970215,5.486271858,245.680282593
58.966827393,4.975744247,218.152114868
57.423038483,7.553040504,134.024810791
58.373764038,6.331947803,239.804367065
57.246585846,5.401719570,205.363952637
59.027175903,7.344599724,161.280685425
57.620521545,4.976066589,211.763442993
58.322338104,4.254588604,178.295730591
58.314872742,5.714255333,252.216873169
59.069755554,7.193593502,171.475753784
58.914852142,6.520534992,221.247940063
58.397285461,5.419239521,248.099121094
56.349029541,4.892763138,123.578697205
58.562274933,4.133390427,167.111923218
58.587898254,5.378149033,245.364059448
57.323448181,5.308959484,208.187255859
59.073787689,6.664484978,207.149200439
56.407985687,5.629499912,142.178970337
59.258892059,5.521089077,223.076538086
58.453823090,4.283573151,180.469039917
57.864974976,7.607759476,143.362289429
57.556938171,4.338351727,168.585021973
58.494480133,6.567613125,227.662628174
59.538818359,5.261261463,198.831512451
58.567481995,6.323338985,238.987533569
58.994216919,5.231781006,228.662628174
60.057731628,5.091686726,154.521804810
59.052879333,5.757072926,236.022186279
57.757789612,5.136132717,225.179107666
57.758659363,5.332112789,232.283401489
57.326122284,6.476393700,197.374252319
57.641490936,5.163963318,221.195587158
58.833698273,5.671021938,244.566772461
56.923103333,4.842974663,163.516632080
58.148448944,5.203996181,239.153167725
59.095489502,5.014582157,214.704925537
57.377880096,4.768437862,188.293090820
58.751663208,6.262455463,237.787918091
56.672561646,6.401059151,153.524810791
59.205982208,4.087985992,147.649490356
57.654575348,7.207876205,168.615631104
59.351108551,5.803776741,219.309814453
58.846256256,7.891003609,121.860717773
58.847805023,4.558175087,195.520004272
59.709945679,4.908045292,173.168136597
59.338909149,6.435254574,205.153945923
59.234519958,7.319916725,155.775177002
56.879093170,5.709395409,181.229675293
60.291057587,6.755365849,124.662071228
58.522167206,4.755810738,215.671371460
58.451728821,4.867102623,223.347534180
56.876640320,6.355462551,170.691711426
58.410312653,5.005471230,231.478240967
58.739955902,5.275094032,238.908020020
60.124565125,5.748411655,159.893493652
59.922096252,4.966181755,160.381378174
58.958354950,7.622684002,141.049713135
58.616100311,6.915431499,203.733901978
56.606674194,6.486118793,145.683563232
58.375392914,6.543985844,229.378860474
59.212673187,3.522733927,104.368614197
57.901405334,5.108960629,229.182128906
58.497173309,3.838450670,142.617370605
57.254497528,6.780904770,177.594177246
58.521900177,4.690969467,211.250198364
58.091789246,6.877256870,205.365493774
56.505439758,5.567555428,149.894012451
58.115345001,5.965963364,248.075042725
58.848785400,7.689326286,138.041336060
58.898788452,5.191502571,230.812225342
59.602958679,4.920315742,181.004867554
58.781196594,7.350447178,167.087127686
59.422321320,6.590073586,193.017410278
56.113468170,5.677981377,118.339080811
57.757633209,7.103852272,180.020202637
59.185657501,6.040090084,226.440933228
59.139450073,5.129367352,217.900711060
58.979293823,5.873986721,238.840850830
56.661800385,6.123030186,159.713653564
59.052165985,6.972398758,188.242843628
58.872394562,6.785687923,207.040115356
56.612678528,5.405571938,156.861343384
58.202495575,5.449241638,247.745269775
58.255966187,5.201587677,240.350585938
59.081172943,4.787778378,202.726257324
58.470180511,5.852136612,251.759933472
58.488945007,4.831259727,220.868072510
59.744235992,5.552860260,189.909179688
56.906154633,6.580285072,164.459411621
58.341674805,5.682042599,252.179840088
58.249137878,6.174420834,245.006820679
58.291763306,5.005484581,231.324432373
56.925823212,6.082436085,181.583206177
56.826801300,6.898691654,143.996368408
57.391147614,4.929369926,197.556304932
57.363109589,4.415906429,165.504714966
57.572410583,5.495358467,227.180923462
56.017402649,3.333756447,46.307010651
57.629142761,6.662380695,204.287384033
57.044567108,5.702644825,194.174301147
59.775566101,4.455575466,144.715148926
57.906650543,5.035831451,225.879455566
59.236976624,6.242856503,218.291549683
58.962669373,8.275401115,91.107940674
59.974483490,5.679939270,172.335159302
58.143016815,4.330158234,183.285461426
56.630844116,5.729342461,160.932785034
57.045612335,6.404339314,181.497467041
57.553287506,5.196040630,218.011596680
56.792327881,7.889137268,86.307014465
59.103836060,5.069053650,216.933685303
58.496154785,7.102075100,190.820419312
57.417182922,7.685582638,124.105079651
57.312831879,5.601622581,212.885162354
56.694629669,3.240472794,64.198524475
59.355098724,5.864686012,218.745300293
56.611145020,4.138382912,107.955039978
59.490367889,5.628388882,209.509918213
59.776451111,6.415570736,176.373214722
58.278446198,5.811314106,251.916687012
57.789932251,5.876770020,239.206634521
58.284023285,6.616500854,224.858901978
58.181591034,6.602539539,224.628509521
59.265640259,5.959746361,223.247146606
57.032039642,5.618507385,192.838729858
56.438934326,4.572362423,118.089515686
59.075424194,6.273876667,225.524017334
58.341796875,5.476550579,249.414077759
57.605606079,5.266171932,223.141921997
59.310260773,6.255663395,213.645965576
56.973793030,5.977836609,187.054138184
58.484970093,7.427657604,164.306793213
56.587455750,4.995854378,144.831893921
59.318634033,4.668051720,183.986801147
60.730628967,4.600039959,89.046302795
58.374130249,6.338531494,239.524261475
59.226043701,6.494192600,208.810272217
57.882930756,6.692191124,212.396682739
57.590354919,5.244006634,221.627090454
58.801651001,7.288560867,171.670166016
58.116836548,4.888642311,222.806945801
59.554779053,4.514183998,161.359741211
60.183189392,4.794901371,134.125305176
58.985954285,6.705675125,208.238586426
59.130043030,6.005986691,230.017425537
58.394538879,4.125803471,167.500534058
57.564186096,6.503628731,209.557418823
59.008377075,4.741102695,202.755828857
58.691986084,6.031014919,245.952636719
60.095928192,5.360582829,158.426864624
57.825149536,4.855540752,213.446395874
57.345729828,6.153932095,210.132461548
57.640666962,6.853687763,193.066757202
57.717708588,7.312979698,162.787185669
58.762733459,6.037367344,244.042648315
57.194580078,6.108098030,201.070068359
58.390529633,6.411066532,236.241806030
57.834159851,4.325354099,176.892852783
58.620227814,5.918771267,249.266448975
58.588901520,6.784634113,213.222366333
57.405368805,3.397233725,94.226928711
58.820034027,6.184896469,238.489059448
57.867950439,5.949582100,241.365997314
57.297225952,3.672786713,110.096687317
56.652095795,5.821344852,162.494720459
59.727718353,5.389465332,188.423995972
59.158946991,5.184651852,219.176666260
58.289569855,6.575544834,227.284500122
58.478187561,5.237305641,241.869644165
57.479705811,5.686455727,223.960876465
59.527111053,4.208329201,142.513504028
59.204338074,6.062631130,224.956207275
57.375896454,5.760610104,217.640777588
58.140972137,4.831243515,219.686248779
57.805572510,4.522696495,190.873229980
56.273483276,5.930220604,130.473724365
59.389495850,7.412333012,142.507202148
57.233627319,7.926349163,100.817687988
59.871315002,7.202458858,131.080993652
57.559341431,5.216732502,219.076721191
56.406650543,5.970143318,141.015106201
57.951404572,5.940774441,244.315063477
57.510490417,6.451854229,209.169448853
58.688194275,4.634860992,204.852340698
58.299118042,6.063668251,248.477844238
60.353450775,5.874764919,140.170883179
57.404598236,5.462720871,216.873687744
58.313785553,5.645388603,251.819320679
56.503536224,5.447407246,148.518112183
57.651699066,5.518470764,231.654800415
60.465969086,4.946693420,118.448432922
59.782947540,6.939601898,151.581466675
59.028507233,5.782094479,237.139099121
58.999401093,5.329064369,231.759613037
57.798549652,5.031122208,221.969909668
58.618907928,5.569213390,248.965454102
58.105422974,7.199212551,181.207504272
57.640258789,6.514348984,212.746322632
57.823078156,4.186789036,165.677627563
56.919055939,5.287431717,178.858551025
58.974620819,6.420770168,223.884796143
58.104320526,6.397405624,234.127502441
58.421272278,5.517493725,250.198654175
59.199737549,6.966877937,182.529891968
59.361034393,5.472111225,215.968276978
58.912715912,3.649738312,121.264602661
58.540073395,6.139986515,245.820251465
58.496982574,5.556711197,250.399291992
59.649780273,5.685746193,198.277313232
58.205471039,5.538047314,249.538833618
59.379112244,5.486524105,215.084838867
57.510658264,5.670225620,225.696884155
60.052722931,5.478297710,163.981796265
58.960781097,5.500873089,237.668060303
58.068260193,5.218142509,238.227691650
57.128704071,5.669202328,200.381164551
59.063465118,7.355176926,159.300216675
58.786876678,4.962122917,223.359237671
59.090511322,6.233013153,226.218185425
59.743370056,7.868594170,96.376152039
59.559616089,5.386225700,200.754379272
58.185779572,6.936924458,202.497726440
57.837314606,5.638500690,241.284866333
58.979347229,6.849589825,199.313323975
58.567916870,2.886464119,70.031265259
58.684371948,5.466934681,245.791976929
57.369087219,5.803113937,217.086120605
59.465473175,4.649106503,174.804031372
59.934928894,6.757714272,150.486160278
59.279170990,4.964275360,202.912521362
58.093765259,5.396149158,244.627593994
58.345348358,5.716779232,252.335891724
58.027660370,5.601056576,247.018890381
58.133388519,6.046467781,246.853668213
56.693191528,6.265562534,159.026672363
60.042278290,6.851484776,138.485488892
57.399108887,6.823592186,183.287231445
60.634635925,5.536427498,116.408462524
59.066040039,8.078364372,103.306709290
59.375301361,7.329704762,149.081222534
57.249782562,6.014605045,206.796539307
58.736976624,6.343271255,234.955932617
59.134513855,5.935159206,230.853027344
57.032611847,6.845256329,160.279327393
58.723869324,4.600367546,201.644882202
59.104003906,6.331964016,221.996246338
58.882041931,5.492148876,240.538619995
59.979412079,6.350210667,162.891296387
57.555053711,4.236226082,160.959106445
57.577674866,3.409360647,99.177879333
58.084445953,5.907940865,248.260559082
57.137340546,5.233540535,193.462356567
59.898288727,5.886275291,178.309463501
59.880352020,5.594032764,179.504837036
58.168224335,3.579729795,120.952423096
59.074295044,6.879542351,193.727859497
58.002639771,5.468679905,244.214904785
59.158042908,5.042686939,213.075012207
57.562683105,6.096082211,224.502731323
57.738758087,6.390041828,223.003494263
57.424697876,7.288492680,153.384002686
59.001472473,5.844835281,238.096481323
57.471378326,4.721230030,190.435180664
57.447769165,4.346780777,164.629623413
59.685436249,6.121058941,191.761428833
59.415634155,7.518048763,133.761108398
59.651615143,6.228600979,191.619277954
57.933956146,6.528283596,223.368133545
58.556144714,5.518332958,249.105957031
57.829811096,6.858200550,199.952865601
59.822471619,5.503875256,183.097610474
57.908000946,6.477153778,225.211593628
57.709831238,6.382660866,222.067932129
60.081935883,5.361149311,159.588333130
58.369522095,7.768677235,135.862304688
57.971839905,5.920020580,245.217117310
57.403190613,5.076149464,204.960632324
56.966171265,8.704233170,49.918735504
58.916759491,5.733108521,241.850738525
57.287944794,3.954290867,129.711776733
13.850650787,84.974174500,250.620864868
14.110904694,85.811653137,226.156234741
14.621187210,85.077148438,219.793014526
14.230922699,84.711791992,235.565216064
12.757465363,84.781143188,219.786895752
14.377880096,85.725822449,219.824249268
13.596299171,85.441757202,247.071990967
15.216420174,83.316917419,108.074569702
12.353844643,85.106292725,194.483108521
14.309269905,84.904052734,235.919021606
14.512001038,82.111892700,59.258209229
11.278445244,84.551521301,102.174263000
16.276233673,85.119262695,88.736724854
11.367463112,84.759300232,111.911575317
14.226406097,86.081550598,207.332168579
14.079461098,84.883522034,244.495605469
14.287701607,86.272949219,192.672164917
13.054179192,84.995727539,238.089813232
13.472814560,83.413787842,165.555038452
12.351816177,82.800704956,88.737251282
13.693249702,84.821655273,249.818176270
13.269879341,85.084922791,246.274719238
14.128181458,84.446746826,230.008636475
14.782523155,83.527099609,144.303649902
13.595263481,85.020980835,251.957824707
14.458788872,84.624343872,222.229400635
14.677642822,84.885459900,214.754241943
13.507106781,84.970252991,250.867706299
14.307008743,85.972473145,210.758590698
13.004171371,83.710433960,178.487365723
12.627810478,85.284507751,212.877273560
13.592266083,85.260261536,250.767700195
12.883740425,85.915069580,206.788696289
13.432474136,83.485893250,171.089996338
13.764262199,85.666755676,239.184082031
13.752672195,85.249549866,250.892425537
13.836084366,84.065597534,215.383468628
15.140665054,84.792831421,178.731597900
15.075757027,84.565200806,178.724334717
14.575587273,85.359504700,220.218948364
13.709226608,84.180534363,223.585021973
14.814730644,85.538299561,200.505325317
13.518662453,86.326705933,199.048461914
13.697492599,87.329132080,118.455604553
14.625589371,84.788619995,216.547973633
14.967293739,85.180183411,194.917617798
15.614803314,85.200988770,141.124847412
13.529703140,85.213294983,250.816955566
14.008419037,86.668640137,170.104446411
13.901768684,85.012611389,250.060119629
13.115451813,85.905006409,217.232116699
13.054567337,83.950500488,197.204071045
12.666666031,84.654403687,211.235229492
13.484477997,86.172500610,209.698684692
13.031668663,86.316459656,188.435592651
11.971205711,87.753929138,56.580795288
12.022488594,85.317413330,166.466781616
13.391332626,84.334014893,229.692871094
14.285321236,86.176544189,199.201782227
13.436726570,86.328712463,197.920806885
13.672969818,84.055549622,215.744583130
13.529725075,84.591835022,242.894592285
14.069127083,84.720161438,241.484878540
13.534729004,84.033973694,213.800735474
14.678268433,84.763702393,212.632339478
12.539435387,87.750801086,71.841438293
12.195938110,85.626754761,174.030197144
11.445246696,85.427848816,118.015716553
13.797025681,84.866950989,249.990493774
12.245368004,84.260795593,168.259063721
12.802350998,83.945205688,186.055938721
12.660866737,86.554450989,156.138122559
14.000121117,86.450157166,187.475723267
12.620070457,84.688026428,209.065612793
11.871862411,83.928871155,126.966621399
13.317798615,84.698722839,242.464233398
15.386265755,85.227371216,160.369003296
13.343811989,85.578788757,238.993881226
13.635790825,84.033622742,214.269439697
12.982024193,86.518287659,172.113204956
14.912699699,85.376564026,196.944702148
14.628396988,86.762138367,144.129562378
13.167186737,85.303642273,240.944396973
13.830002785,84.292510986,229.084335327
14.055343628,83.975646973,205.292160034
13.711172104,84.850410461,250.287368774
14.038459778,83.764465332,190.455307007
13.087812424,87.002494812,137.783081055
13.474065781,85.187469482,250.353469849
12.939340591,85.164695740,232.528930664
13.988683701,84.643760681,241.429885864
13.359416008,84.952865601,248.106246948
13.904649734,86.249847412,203.860565186
12.939586639,85.925308228,208.895706177
14.413517952,85.374160767,229.051834106
14.690564156,85.218399048,214.725097656
13.716728210,84.945777893,251.548171997
13.338548660,84.908828735,247.141342163
11.748090744,85.719604492,136.443344116
13.286655426,83.650459290,181.950088501
14.579234123,84.143783569,194.452758789
14.468404770,84.377769470,212.278991699
14.567799568,87.018249512,127.633544922
12.013849258,84.864364624,165.991180420
14.565720558,85.399017334,220.052566528
13.890608788,86.034927368,218.449478149
12.820052147,83.836280823,179.787002563
12.895102501,86.452880859,173.555511475
12.845005989,83.584365845,163.099136353
14.765693665,84.607147217,202.775527954
13.159903526,83.725456238,184.600280762
14.139301300,85.687294006,230.947311401
13.058456421,83.925598145,195.670928955
11.716812134,85.687385559,134.803451538
16.205408096,85.523651123,91.588356018
14.217234612,85.265892029,239.839614868
13.958488464,84.886314392,247.717559814
13.903100967,84.318321228,229.407699585
12.368219376,85.230567932,194.906448364
13.707074165,83.944908142,208.080017090
13.057480812,84.769256592,235.179626465
14.324695587,85.277992249,235.030990601
13.441302299,83.527114868,174.569122314
13.879323006,85.648529053,238.716537476
15.807024956,85.565658569,121.339027405
14.533022881,86.052986145,195.868545532
11.796210289,84.994712830,148.787017822
13.439267159,84.659355164,243.901947021
14.465446472,86.746047974,151.673309326
12.684442520,84.963333130,217.631576538
14.033909798,84.339775085,227.710815430
11.492376328,84.904266357,123.174667358
12.504821777,83.180870056,119.657318115
14.510808945,86.754806519,149.339553833
14.137838364,85.535293579,236.620422363
14.042995453,85.041717529,246.941299438
14.058081627,84.988029480,246.249649048
12.857976913,86.396980286,175.937927246
14.357673645,87.776603699,79.313682556
12.790305138,83.674179077,167.243392944
14.950675011,85.014137268,196.217514038
14.965699196,87.133338928,104.390701294
12.236282349,84.261901855,167.645263672
11.927623749,84.968727112,159.666641235
12.887847900,83.178443909,133.869033813
13.708817482,86.401161194,194.164199829
12.638833046,86.364707947,167.708877563
14.305783272,85.054779053,237.201660156
12.551072121,84.650108337,203.470779419
15.737307549,84.730087280,128.117965698
14.178524971,84.845031738,240.509948730
12.510495186,85.809051514,190.171539307
15.258160591,86.184463501,143.636260986
15.217957497,85.262344360,174.212539673
13.606354713,85.647010803,240.127334595
13.386290550,84.627845764,241.927658081
12.015072823,86.137702942,141.491210938
13.658596992,83.517478943,175.015060425
11.790501595,86.890983582,91.219558716
14.684515953,85.502731323,210.220367432
12.141914368,84.854545593,176.367736816
12.576832771,84.754890442,207.636978149
13.392038345,84.394042969,232.667495728
12.215143204,85.858032227,167.608291626
13.858259201,85.667877197,238.211868286
14.743810654,86.222274780,174.621398926
15.272142410,86.045196533,148.891723633
14.068028450,84.706985474,241.167633057
12.319180489,85.709587097,180.646972656
13.316851616,87.116950989,133.038421631
13.104359627,85.399406433,236.626098633
13.893576622,83.646095276,183.862472534
12.843814850,83.132667542,128.959396362
13.883416176,85.306007385,248.601150513
14.352675438,84.394142151,218.746978760
12.549386978,84.797363281,206.533370972
14.022168159,84.036331177,210.176330566
13.990760803,85.609580994,238.150802612
14.429228783,84.761863708,227.467864990
13.696049690,86.347831726,198.226181030
12.908944130,85.081085205,231.242614746
15.614938736,85.423377991,139.183731079
14.552186012,85.419807434,220.416534424
14.615845680,85.604011536,211.553344727
13.389492035,84.879043579,247.903015137
13.380492210,85.777114868,231.396163940
13.633284569,85.102592468,252.201766968
13.689357758,85.393829346,248.490051270
15.172160149,84.192749023,157.780746460
14.687483788,84.693107605,210.396377563
13.273859978,84.971038818,246.011581421
12.254327774,84.484481812,177.129760742
13.473040581,84.522560120,239.621826172
14.905993462,84.295181274,181.455871582
13.441659927,84.515296936,238.860626221
14.860204697,83.776458740,156.405487061
14.024163246,86.316200256,197.023712158
15.016615868,85.296211243,190.120880127
15.337244034,84.167640686,144.405029297
13.057335854,84.580207825,229.924057007
13.866183281,83.005393982,131.168701172
14.557445526,86.350601196,176.201995850
13.320725441,86.377525330,192.269241333
14.182668686,84.142456055,212.257736206
12.917882919,84.612037659,224.461822510
13.937664986,86.059913635,216.151275635
14.280919075,84.499053955,226.423950195
13.721761703,84.506126404,240.164459229
15.191183090,84.734886169,173.587600708
13.541537285,84.835914612,249.512649536
12.409394264,85.040290833,198.694442749
14.430785179,84.948577881,230.350692749
11.957881927,84.910705566,161.790893555
12.897965431,85.171676636,230.321914673
14.574272156,84.419120789,208.213165283
13.453404427,85.165687561,250.196014404
12.181237221,85.472259521,176.719223022
13.314753532,84.163017273,218.570037842
12.263138771,85.076828003,187.438125610
14.429414749,85.610321045,221.755020142
12.430870056,84.778251648,197.704986572
14.067592621,86.312133789,196.372680664
15.116527557,85.335258484,181.707733154
14.685112953,83.719970703,162.418106079
14.117534637,86.711753845,164.527587891
13.567469597,86.495269775,186.515731812
14.964516640,85.744651794,183.325012207
15.284414291,84.829132080,167.449645996
13.379917145,86.643974304,172.578048706
13.998106956,83.876380920,199.618515015
13.636011124,88.099304199,64.629730225
11.240108490,86.441520691,79.299026489
13.100236893,85.647766113,228.684082031
14.434128761,83.770896912,177.875793457
12.050787926,84.249465942,153.401824951
13.511074066,83.436828613,167.790649414
14.265172005,85.711563110,225.343078613
13.907247543,85.344108582,247.503005981
12.290034294,84.803421021,187.444885254
13.650589943,85.892845154,228.354156494
13.739893913,86.786483765,163.072845459
14.233359337,85.173889160,240.092910767
14.061311722,86.734123230,163.869338989
12.482070923,84.759246826,201.081542969
13.259221077,84.448570251,231.981445312
12.652332306,85.717269897,202.956558228
13.152137756,85.730422974,227.162643433
13.148458481,83.857307434,193.914489746
14.806959152,86.917739868,125.506278992
13.833591461,85.642410278,239.567367554
15.345679283,85.627983093,157.465545654
14.773951530,85.832450867,192.926376343
14.928889275,85.430435181,194.753784180
13.907844543,85.727996826,234.846588135
12.259366035,84.246009827,168.650924683
14.969954491,86.539985657,142.334716797
14.039286613,84.167335510,218.017608643
14.811679840,85.199256897,206.450576782
12.438651085,85.738868713,188.091354370
14.501400948,85.995445251,200.671615601
13.299331665,84.599723816,238.952667236
12.302040100,86.638923645,132.359069824
13.821773529,86.685829163,170.964096069
13.350007057,86.830818176,156.904205322
11.788096428,85.282821655,147.414245605
12.795795441,84.513969421,214.610229492
12.281388283,84.475158691,178.868438721
15.517795563,84.555786133,142.806701660
14.691384315,83.167419434,123.083106995
16.050128937,85.102043152,105.652458191
14.521194458,86.358985901,177.315689087
13.035544395,85.544219971,229.702209473
13.337652206,84.435760498,233.441131592
12.071475029,85.017951965,171.831741333
14.355577469,86.048507690,204.388824463
13.838330269,85.533737183,243.508605957
13.918636322,84.381874084,232.348846436
12.071991920,84.557075500,165.044128418
12.009401321,85.943717957,149.173538208
16.100399017,86.131179810,86.969589233
13.327673912,85.136032104,247.729965210
14.762831688,84.518409729,200.119140625
13.741849899,82.949356079,127.323455811
12.492353439,84.549957275,196.553512573
14.245179176,84.351676941,221.364166260
14.227391243,85.302490234,238.905349731
15.468263626,84.043815613,129.559783936
11.589692116,82.681861877,54.662464142
13.460349083,86.270477295,202.498733521
13.794235229,85.777786255,233.905487061
13.559375763,85.356727600,248.852157593
12.097332001,87.051696777,97.474594116
14.091334343,83.803543091,192.104675293
11.645297050,85.652397156,129.995574951
13.499588966,84.836143494,249.054290771
15.042655945,84.550712585,180.856582642
12.759065628,85.843772888,203.794509888
14.214810371,83.829071045,190.354034424
14.398344994,87.080238342,128.267639160
13.273372650,84.511718750,235.005599976
12.881669998,85.970733643,203.726425171
14.497328758,84.008003235,190.747848511
14.746756554,86.394874573,163.780441284
13.903512001,82.933647156,124.948303223
14.401289940,83.494285583,158.764755249
14.348742485,86.133598328,199.497009277
14.567120552,82.503959656,81.257812500
12.880781174,85.861824036,209.337051392
13.526768684,83.594429016,180.842956543
13.170733452,85.113937378,242.939407349
11.896827698,86.824913025,100.036796570
14.420102119,85.268692017,230.419158936
12.873456955,84.806358337,226.910018921
12.955495834,84.128105164,204.328170776
13.757878304,86.222648621,207.177551270
13.418863297,84.707061768,244.909866333
13.787532806,85.901008606,227.497970581
13.084271431,83.738227844,183.263977051
14.554388046,83.757637024,171.502319336
14.143899918,85.023368835,243.684097290
12.712505341,86.506507874,161.852783203
14.606305122,85.695793152,208.876358032
14.048913002,85.594795227,237.256164551
12.625334740,84.557334900,205.736160278
11.967908859,85.411613464,160.681579590
15.042016983,84.735618591,185.553558350
13.846405029,84.586570740,242.158248901
13.137732506,84.779243469,238.660095215
12.145706177,86.257926941,144.582260132
13.603887558,86.090911865,216.182235718
13.911252975,84.313095093,228.994598389
13.291999817,83.532463074,172.692230225
14.397599220,85.256553650,231.734771729
12.823731422,83.612754822,164.290420532
13.032502174,84.012039185,200.403594971
13.744194984,84.066551208,216.240966797
15.661205292,86.104637146,118.144325256
13.236072540,83.633094788,179.482269287
13.497250557,83.159713745,144.475372314
14.669613838,85.910629272,195.819503784
15.057557106,84.562675476,180.062347412
14.414476395,86.503372192,171.627166748
13.173247337,84.385482788,226.453582764
14.957025528,85.264801025,195.077819824
14.034210205,85.031288147,247.149627686
12.360438347,86.223922729,160.161773682
11.579525948,86.117301941,111.740356445
13.329673767,84.931694031,247.182159424
13.076371193,85.646179199,227.791290283
14.017657280,86.730827332,164.914413452
13.424839973,84.937263489,249.313537598
13.255117416,85.223258972,245.007431030
13.159932137,86.274597168,195.632003784
14.979311943,83.196945190,112.535705566
12.320051193,84.100547791,166.251403809
14.270528793,84.227287292,213.889022827
14.160801888,86.490653992,180.802902222
14.379797935,84.074508667,200.367263794
12.409008026,82.451263428,69.957130432
14.098924637,83.864288330,196.341064453
13.651306152,85.350112915,249.446975708
12.299138069,86.062721252,164.514587402
12.572945595,84.525169373,201.248535156
12.426636696,85.168365479,199.759307861
12.944268227,87.389389038,104.965812683
12.965317726,85.305702209,232.235733032
13.328597069,86.005989075,217.755065918
13.612821579,83.657554626,186.333465576
-85.593910217,-82.134162903,250.901550293
-87.071922302,-83.616935730,167.057449341
-86.448394775,-82.316986084,243.496002197
-86.149597168,-84.826385498,111.007759094
-86.553062439,-81.438987732,200.843322754
-85.160110474,-81.920280457,227.249618530
-85.848854065,-80.401145935,128.855895996
-85.861518860,-82.805458069,256.219940186
-86.265136719,-82.972824097,243.860137939
-85.010505676,-84.658142090,115.985771179
-86.978004456,-81.173362732,161.407455444
-86.568550110,-83.701721191,190.392639160
-85.960037231,-83.322441101,233.929550171
-85.499916077,-83.770469666,200.316375732
-84.293685913,-83.885070801,136.185531616
-85.876731873,-82.518318176,259.475372314
-85.546394348,-82.634750366,255.610137939
-85.798568726,-82.644142151,258.857879639
-84.487106323,-82.699539185,194.494842529
-84.829238892,-83.306404114,202.268478394
-85.795204163,-82.704307556,258.104461670
-84.792320251,-83.160743713,206.277389526
-86.484512329,-82.730216980,241.097503662
-85.813995361,-84.676490784,125.779251099
-86.651268005,-81.463966370,197.944610596
-86.047363281,-82.815765381,254.141921997
-85.222541809,-82.033607483,234.884948730
-84.053512573,-81.942893982,148.108093262
-86.233070374,-82.519104004,253.284545898
-85.018684387,-81.612472534,203.710693359
-86.695411682,-81.904357910,218.902267456
-84.025657654,-82.747558594,154.750839233
-85.781478882,-83.499603271,223.346160889
-86.854660034,-82.562606812,220.415374756
-85.004699707,-82.872886658,228.833435059
-84.687133789,-81.666336060,186.195449829
-86.158935547,-81.844047546,238.191635132
-85.922126770,-82.481193542,259.198120117
-84.718933105,-80.135452271,85.496467590
-87.189002991,-82.904472351,189.240737915
-84.632530212,-82.818382263,204.508743286
-86.222152710,-80.906448364,169.755691528
-85.853622437,-81.786842346,238.536956787
-86.102127075,-84.132774353,170.401565552
-86.303886414,-81.890373230,236.360809326
-85.599807739,-83.372001648,229.999603271
-83.728919983,-82.456245422,129.368530273
-86.788146973,-81.274627686,178.506851196
-84.876182556,-83.134071350,212.732864380
-85.138610840,-81.783592224,219.569107056
-85.330444336,-82.444282532,248.872528076
-87.560867310,-82.897521973,157.786392212
-85.845703125,-83.157501221,243.539916992
-86.149032593,-81.872634888,239.807754517
-86.291488647,-84.270309448,154.734054565
-86.418617249,-83.109725952,232.433578491
-85.954681396,-83.800903320,200.134597778
-86.103424072,-83.451004028,223.672882080
-85.013244629,-82.767677307,231.430206299
-85.245216370,-82.297325134,243.327804565
-87.077362061,-82.616500854,203.195678711
-84.122901917,-84.184989929,109.170753479
-84.844940186,-82.475494385,222.141189575
-87.303451538,-82.000724792,178.473419189
-84.789337158,-82.635131836,218.198257446
-85.485626221,-80.751747131,155.160125732
-86.398208618,-80.746124268,152.465896606
-84.151000977,-83.899436951,126.278594971
-85.669250488,-82.507209778,258.340087891
-84.499374390,-81.405059814,158.800537109
-84.282630920,-84.193466187,117.557891846
-84.415634155,-82.006225586,180.039596558
-87.631462097,-81.261054993,124.172477722
-86.899879456,-81.801177979,201.787765503
-86.378868103,-82.779975891,244.999084473
-85.349182129,-82.783836365,247.517715454
-87.244964600,-82.268333435,188.620193481
-86.945304871,-82.029785156,207.049514771
-87.045059204,-82.434806824,206.233291626
-85.428581238,-80.560424805,137.685333252
-87.730384827,-82.257980347,146.349334717
-87.053123474,-82.095527649,200.843917847
-85.905036926,-81.804962158,239.448654175
-84.376602173,-82.911605835,182.396224976
-85.806159973,-81.669998169,231.603668213
-86.321929932,-82.170974731,245.820693970
-84.953926086,-83.650329590,189.627151489
-87.317764282,-82.398429871,183.544570923
-84.916061401,-84.079109192,157.279739380
-85.301696777,-82.939529419,241.785949707
-85.964393616,-81.542480469,223.116226196
-85.652282715,-83.429222107,227.130996704
-85.805046082,-82.807762146,256.177581787
-86.073936462,-81.394805908,211.507797241
-86.447479248,-83.367256165,217.839553833
-85.542335510,-81.935226440,242.161804199
-85.926628113,-83.805694580,199.989318848
-85.684043884,-80.149887085,107.394607544
-85.226478577,-84.236358643,155.840087891
-86.744430542,-82.480636597,228.091262817
-85.250961304,-83.269813538,225.997268677
-83.628616333,-82.036285400,115.434150696
-85.460144043,-81.317192078,201.365631104
-85.547172546,-84.539604187,136.218292236
-86.187011719,-83.213424683,235.693695068
-86.130096436,-82.460113525,256.002685547
-85.100280762,-83.347900391,215.178604126
-86.558013916,-82.651779175,238.397399902
-85.217117310,-82.023109436,234.238113403
-85.192497253,-81.464584351,202.721710205
-86.153770447,-81.454010010,214.499938965
-85.458244324,-82.416244507,253.146209717
-83.991340637,-82.892883301,150.117095947
-86.559051514,-81.108985901,176.771621704
-85.837646484,-81.468841553,218.239715576
-85.394309998,-84.326560974,152.179824829
-85.511764526,-81.949531555,242.031433105
-85.865333557,-81.950790405,246.651412964
-84.600616455,-81.102607727,146.334167480
-85.000816345,-83.418899536,206.234222412
-85.668640137,-83.288040161,235.842254639
-86.253211975,-83.049819946,241.312789917
-85.846183777,-82.352256775,258.379638672
-83.708892822,-82.326622009,126.618774414
-84.010040283,-82.587631226,154.072402954
-85.024818420,-82.929634094,228.550384521
-85.756576538,-83.290786743,236.376174927
-85.100044250,-83.353271484,214.873428345
-86.090209961,-82.353805542,255.956405640
-85.357803345,-82.049240112,241.153579712
-86.266578674,-83.933456421,183.588150024
-88.052764893,-83.467620850,101.608528137
-86.449501038,-83.267127991,223.377822876
-86.634445190,-82.113517761,229.568481445
-86.067687988,-82.711296082,255.856399536
-86.579071045,-80.942359924,163.019821167
-86.068817139,-84.925292969,104.142814636
-86.570022583,-83.902519226,175.408477783
-87.193984985,-82.111450195,190.114364624
-83.411102295,-83.783126831,83.445785522
-86.211654663,-83.359458923,226.805618286
-87.957336426,-81.429557800,107.910278320
-86.743293762,-81.810020447,212.035324097
-84.473297119,-82.694465637,193.407440186
-86.847099304,-85.333068848,63.183906555
-85.133033752,-80.430732727,119.671035767
-86.243667603,-82.109031677,246.689346313
-86.180534363,-83.180877686,237.525634766
-84.256233215,-82.402984619,174.771743774
-85.779228210,-82.445617676,259.143493652
-85.669006348,-84.186828613,167.803405762
-85.962692261,-80.855346680,168.197082520
-84.997512817,-83.136329651,219.890609741
-85.598838806,-81.313835144,204.177459717
-85.460166931,-80.078147888,99.373847961
-85.457916260,-82.330055237,252.051849365
-86.874259949,-84.245353699,135.540527344
-84.763336182,-82.969696045,210.729202271
-86.557571411,-82.010139465,230.468200684
-86.406715393,-81.868499756,231.585784912
-85.551719666,-83.199401855,238.744369507
-85.535194397,-84.050636292,178.074615479
-85.353157043,-83.087547302,238.380981445
-85.829696655,-81.340072632,208.628829956
-85.761695862,-83.228759766,239.807586670
-84.806358337,-82.619697571,219.485168457
-84.589508057,-83.319999695,185.622940063
-86.090637207,-83.556373596,216.738357544
-87.114616394,-82.410781860,200.589080811
-86.417755127,-83.315849304,222.078460693
-85.656562805,-83.633590698,213.026992798
-85.873764038,-83.098686218,246.201705933
-83.954521179,-83.410209656,133.945968628
-87.151947021,-83.127632141,185.204010010
-85.638053894,-83.452003479,225.484024048
-86.347312927,-83.850028992,187.888900757
-86.640060425,-82.234649658,232.079116821
-84.906005859,-82.177139282,221.589630127
-84.829826355,-82.653869629,220.925079346
-85.147949219,-82.169471741,235.625183105
-85.814071655,-85.012275696,98.796623230
-85.958496094,-81.651786804,230.287796021
-86.598274231,-80.756484985,147.525894165
-84.966209412,-81.055625916,162.515396118
-84.029335022,-84.674819946,78.297943115
-84.835479736,-82.326263428,219.926788330
-84.610214233,-81.595619202,177.124816895
-86.365951538,-83.558586121,208.867141724
-86.786972046,-82.404830933,224.999343872
-86.724502563,-83.528503418,194.068984985
-86.405395508,-82.247665405,244.242141724
-86.594360352,-81.525596619,204.562408447
-86.574363708,-81.206657410,183.542572021
-86.814216614,-82.775054932,220.632171631
-85.690238953,-83.537750244,220.226394653
-86.527420044,-82.327255249,239.760147095
-86.258949280,-83.141403198,237.099441528
-86.209564209,-82.391334534,253.443069458
-86.632202148,-80.910720825,158.574188232
-87.676437378,-82.535072327,152.004898071
-85.941574097,-82.930313110,252.288177490
-87.194160461,-81.954246521,185.946090698
-87.464355469,-82.052131653,166.250930786
-85.895530701,-83.113136292,245.446258545
-87.071174622,-83.295463562,184.252532959
-88.144096375,-81.956970215,107.541221619
-85.654693604,-82.061599731,249.544769287
-86.993911743,-83.170555115,195.442764282
-85.197654724,-82.340232849,241.791992188
-84.692153931,-82.149406433,205.852493286
-85.455543518,-82.435203552,253.225357056
-84.386848450,-83.052490234,179.886901855
-86.437705994,-82.560989380,245.188369751
-85.830261230,-82.817756653,255.969680786
-84.913383484,-82.186874390,222.320571899
-86.297042847,-80.416435242,126.993751526
-86.362075806,-81.985153198,238.290313721
-86.644699097,-83.114761353,220.739364624
-86.144050598,-80.714935303,154.509140015
-85.685661316,-82.386016846,257.782653809
-87.231567383,-82.346290588,190.541885376
-86.822959900,-83.250335693,203.620513916
-85.348793030,-83.045295715,239.911117554
-84.279350281,-81.282066345,136.705825806
-85.607734680,-82.501701355,257.325866699
-85.973754883,-82.250328064,255.933654785
-85.322746277,-82.828468323,245.570129395
-86.957008362,-82.317413330,212.135559082
-85.615913391,-83.248260498,237.341079712
-85.847190857,-83.390899658,230.479232788
-85.190124512,-82.416969299,242.365875244
-85.607955933,-81.849517822,239.449325562
-83.601150513,-82.534614563,118.963989258
-85.204261780,-81.487899780,204.810409546
-85.886131287,-81.676719666,232.129013062
-84.538185120,-82.561721802,199.228912354
-82.951019287,-84.321388245,45.397815704
-86.565498352,-83.739013672,187.844299316
-84.643898010,-82.295730591,205.361572266
-86.541618347,-81.775375366,221.173706055
-86.084388733,-79.944084167,92.047897339
-86.296882629,-81.485054016,213.233627319
-86.799819946,-82.035140991,217.164306641
-86.242691040,-83.874771118,188.982376099
-87.842811584,-82.859375000,134.045013428
-84.810920715,-82.534934998,219.956130981
-87.208946228,-81.163520813,147.036956787
-85.368034363,-81.791915894,229.850646973
-85.345672607,-80.037223816,94.541259766
-85.612266541,-83.374755859,230.021575928
-84.712966919,-84.757003784,99.700897217
-85.504478455,-82.952873230,247.963958740
-84.509803772,-82.527786255,196.889633179
-86.548034668,-82.434974670,239.641921997
-87.100959778,-80.726722717,124.490394592
-86.022689819,-81.885192871,242.589782715
-86.422004700,-82.134521484,240.835662842
-85.876434326,-80.647583008,150.158294678
-87.264526367,-82.987442017,180.790557861
-86.301757812,-83.805191040,192.833557129
-85.921356201,-81.720504761,234.650268555
-86.520538330,-82.586769104,240.971801758
-85.338378906,-82.024330139,239.477035522
-86.310768127,-84.986503601,96.342575073
-86.239776611,-80.504661560,135.232681274
-86.732215881,-83.626266479,187.335662842
-85.589088440,-82.567008972,256.929534912
-86.479835510,-82.589721680,243.014282227
-85.957534790,-82.201652527,254.951187134
-85.351005554,-83.657096863,205.207153320
-85.097084045,-82.794227600,235.723953247
-86.431213379,-81.529090881,211.697357178
-85.820320129,-82.934104919,252.674179077
-86.055725098,-82.045372009,248.900558472
-85.609870911,-81.897308350,241.844284058
-87.619132996,-81.443756104,133.305892944
-85.877014160,-82.019454956,249.491500854
-84.395431519,-81.204292297,139.997634888
-87.165863037,-81.559020996,171.998901367
-85.528068542,-81.542617798,219.389572144
-87.371246338,-83.564903259,148.708694458
-85.536064148,-83.473770142,222.434020996
-86.179565430,-81.164367676,191.947738647
-83.562812805,-82.763755798,115.394760132
-84.840324402,-82.403930664,221.267166138
-84.852905273,-82.041976929,213.993850708
-87.031562805,-81.284706116,165.432022095
-86.650993347,-83.874938965,173.875747681
-84.594604492,-82.910789490,199.802124023
-84.950843811,-82.030769348,219.933502197
-86.755775452,-84.175094604,146.243347168
-84.035453796,-81.880546570,144.688552856
-84.327308655,-82.753875732,180.677581787
-84.549034119,-80.861572266,127.180549622
-86.041793823,-82.842781067,253.560134888
-85.699752808,-82.611701965,258.430572510
-88.452812195,-83.525054932,73.009613037
-85.512145996,-82.280456543,252.712203979
-85.536056519,-82.875564575,251.048843384
-87.826072693,-82.451095581,138.893188477
-85.579063416,-83.481674194,222.678878784
-85.440093994,-82.317779541,251.289321899
-86.333564758,-82.697814941,248.323226929
-84.955764771,-82.281051636,227.131790161
-86.724159241,-81.006980896,162.270660400
-84.631240845,-83.390899658,185.228134155
-86.511001587,-83.207519531,223.574310303
-85.207145691,-81.896049500,228.418960571
-85.203758240,-81.861778259,226.643081665
-87.077682495,-83.135070801,190.645248413
-87.704208374,-81.736251831,137.647598267
-84.777069092,-81.478828430,181.452804565
-86.192871094,-82.239784241,251.583358765
-85.406463623,-81.057472229,179.187835693
-87.705253601,-81.831718445,140.407608032
-86.131027222,-82.925125122,249.339477539
-85.162414551,-82.143058777,235.614944458
-86.642494202,-82.052001953,227.286514282
-85.388183594,-80.923881531,167.558609009
-85.543563843,-81.789978027,234.945022583
-87.275207520,-83.028686523,178.678634644
-86.765060425,-82.625076294,226.126205444
-84.085334778,-84.299560547,100.859588623
-86.101791382,-82.619522095,256.289306641
-86.298606873,-81.186981201,191.158264160
-84.672019958,-81.561714172,179.501739502
-86.096527100,-82.679550171,255.744110107
-85.269020081,-82.431167603,246.187622070
-86.611534119,-81.828308105,220.233795166
-87.903152466,-81.501319885,114.365974426
-84.061500549,-82.214836121,155.299697876
-84.916206360,-82.602378845,227.030029297
-86.830192566,-81.224609375,172.907318115
-86.672599792,-80.359321594,114.044403076
-86.146324158,-82.510658264,255.721511841
-85.786338806,-82.163894653,254.240463257
-86.370460510,-82.902374268,242.212631226
-84.580421448,-84.005554199,145.890869141
-86.475181580,-83.460601807,210.923233032
-85.899360657,-82.506813049,259.379455566
-86.000282288,-82.282920837,256.287841797
-84.839309692,-81.776275635,201.950866699
-85.962928772,-82.345458984,257.718536377
-86.662887573,-81.251922607,183.022064209
-85.611282349,-85.013549805,98.299926758
-86.140197754,-83.481124878,220.880203247
-84.804634094,-83.168540955,206.778152466
-86.470481873,-83.079605103,231.366607666
-87.548812866,-84.037467957,111.302688599
-85.260475159,-83.374168396,220.638015747
-84.624458313,-83.618904114,172.646469116
-85.729217529,-82.909820557,253.057556152
-86.940437317,-82.431159973,214.239700317
-86.441062927,-82.566917419,245.005813599
-85.356864929,-83.461990356,218.654327393
-83.327392578,-83.160697937,92.783470154
-85.005302429,-82.651359558,232.345748901
-85.702125549,-82.400009155,258.129730225
-86.507736206,-82.617591858,241.397079468
-85.768814087,-82.406715393,258.778778076
-86.174819946,-82.606750488,254.621215820
-87.074440002,-82.863868713,199.433593750
-86.387481689,-82.531082153,247.526519775
-85.417839050,-82.562019348,252.361618042
-84.029304504,-83.925186157,117.157379150
-84.604637146,-82.082626343,197.348602295
-85.791854858,-84.465499878,143.862976074
-85.339134216,-82.946479797,243.011032104
-95.725059509,65.110275269,190.011444092
-96.540374756,66.417526245,235.787811279
-94.580116272,66.098854065,193.229309082
-97.863899231,66.806709290,139.003372192
-94.461067200,66.226371765,185.989837646
-96.702430725,66.846412659,221.475799561
-97.364585876,66.670013428,180.793228149
-96.111198425,66.266220093,248.419479370
-96.164085388,65.849235535,235.432632446
-96.472496033,65.781204224,223.054916382
-95.690216064,66.593528748,249.016799927
-96.442359924,67.048461914,225.735946655
-95.483253479,68.286315918,142.548995972
-95.057205200,66.505538940,227.439178467
-97.006729126,66.779136658,204.870834351
-97.143409729,67.183326721,182.033752441
-96.269966125,67.741668701,187.019729614
-97.043785095,66.472427368,206.228118896
-95.750190735,65.897445679,240.044876099
-94.564155579,69.349739075,52.120243073
-94.922760010,65.715324402,203.602233887
-97.046447754,66.213302612,204.466629028
-96.119583130,66.063629150,244.073867798
-97.290458679,67.039421082,177.419784546
-96.446266174,66.827255249,233.830764771
-93.503326416,64.650337219,68.166114807
-96.024429321,66.581199646,249.694900513
-95.951896667,66.458610535,251.216995239
-95.722480774,65.384765625,210.797943115
-95.966720581,66.003028870,244.091842651
-97.045539856,66.177764893,203.969177246
-97.801727295,63.925045013,53.183868408
-95.758102417,66.039787292,245.143051147
-95.749290466,67.278953552,223.304473877
-94.596900940,67.220039368,177.717468262
-95.274116516,66.512756348,238.021682739
-94.611557007,65.692474365,183.120086670
-96.364295959,65.193168640,189.744522095
-95.603721619,65.986083984,241.348663330
-95.562873840,66.810485840,241.913940430
-93.913787842,65.604507446,128.828933716
-95.841651917,66.386543274,251.374755859
-94.590789795,66.262329102,196.263504028
-97.242561340,64.869308472,128.881759644
-95.919090271,67.794273376,186.924575806
-96.099594116,67.319221497,219.922592163
-96.028396606,65.781547546,234.436737061
-94.730667114,64.318580627,103.138061523
-96.486961365,66.692184448,235.541198730
-96.925163269,66.833625793,208.838592529
-95.016212463,66.360580444,225.357101440
-96.277206421,66.120536804,241.910964966
-96.620384216,66.407684326,231.937789917
-96.372726440,66.313346863,242.048767090
-93.344520569,65.706871033,90.408134460
-95.726623535,66.659255981,248.404037476
-93.941009521,65.540374756,128.711380005
-95.996162415,65.813980103,236.305648804
-95.704414368,67.534019470,205.894592285
-96.703315735,66.296829224,226.936798096
-95.113853455,66.521125793,230.366241455
-95.899002075,65.732810974,232.858657837
-94.444816589,66.094764709,182.888244629
-96.237808228,66.225318909,245.084960938
-94.984954834,67.689903259,173.063186646
-96.140823364,66.530555725,248.480865479
-95.449775696,66.719749451,241.305328369
-95.171104431,67.623222351,185.709579468
-96.594482422,66.298156738,232.575469971
-96.008209229,66.032936096,244.702270508
-98.202308655,65.725456238,106.305595398
-96.765716553,66.764396667,220.170791626
-95.518623352,66.826133728,240.362792969
-95.679512024,65.611656189,225.064056396
-97.419967651,67.325080872,156.787811279
-97.433914185,68.484252930,90.882308960
-95.664321899,66.638870239,247.933700562
-95.567024231,66.062118530,242.940963745
-95.234298706,66.390594482,236.624130249
-96.794265747,66.968055725,212.435424805
-93.232749939,65.408142090,77.007202148
-96.184074402,67.855682373,179.603454590
-96.448463440,67.883018494,171.546722412
-94.871551514,66.539588928,216.016036987
-96.129745483,67.464256287,209.972747803
-96.733787537,67.284866333,201.135803223
-94.554565430,67.755622864,145.986633301
-94.955162048,65.545921326,196.912933350
-95.278366089,66.454505920,238.504730225
-97.013679504,66.383850098,208.270187378
-97.389816284,66.344886780,180.187118530
-96.079360962,67.062164307,234.352966309
-94.890838623,65.122650146,167.207519531
-97.283927917,64.477653503,101.411216736
-95.117790222,65.837036133,219.102401733
-96.518333435,66.479682922,236.694976807
-95.961059570,67.208152771,227.854934692
-98.116592407,66.326606750,121.753273010
-97.188850403,68.215805054,118.300544739
-95.425033569,66.875938416,236.035827637
-93.784225464,66.377761841,131.127899170
-95.060127258,65.062767029,170.279449463
-95.754905701,68.798622131,104.245567322
-95.458312988,65.772117615,229.243682861
-96.931915283,64.950103760,149.700241089
-95.512680054,67.385017395,212.796966553
-95.829216003,65.712623596,231.796798706
-95.714500427,65.837226868,237.145935059
-94.735588074,66.113098145,204.631942749
-96.839088440,65.978340149,212.494293213
-95.569519043,65.293479919,202.282638550
-95.289291382,66.252708435,238.015167236
-95.874504089,66.394004822,251.437423706
-93.692260742,66.354461670,123.629554749
-95.111091614,68.977195740,83.815879822
-95.530570984,68.371566772,136.287246704
-95.858863831,67.320678711,221.312850952
-96.545028687,65.411788940,199.169738770
-96.925094604,66.499816895,214.129302979
-95.670585632,65.407066345,211.838760376
-97.334678650,64.647239685,110.015167236
-93.829612732,66.631561279,133.566574097
-98.101585388,66.514877319,123.023429871
-96.115592957,65.146797180,191.457366943
-94.797012329,66.066604614,207.815567017
-95.915023804,66.239654541,250.048690796
-95.909934998,67.541503906,206.327636719
-95.350646973,66.072082520,236.913711548
-94.380828857,68.064163208,117.567741394
-97.419525146,65.409416199,150.105163574
-96.567481995,68.049057007,154.937393188
-96.139030457,65.952049255,240.073211670
-95.990310669,66.299827576,250.363433838
-96.112297058,65.454330444,214.170303345
-96.749481201,66.256805420,223.909896851
-94.574745178,67.813133240,143.598373413
-95.040634155,66.887298584,218.846160889
-98.568199158,68.304336548,50.516448975
-94.838310242,66.154647827,212.269592285
-96.604705811,66.710044861,229.858306885
-95.911613464,65.831298828,237.612854004
-94.462341309,65.868919373,178.804153442
-95.706451416,65.319717407,205.986770630
-96.211608887,67.606231689,198.436294556
-95.913749695,65.937057495,242.017944336
-97.904495239,66.182975769,137.440948486
-96.310974121,67.257316589,219.259521484
-94.634101868,65.305397034,165.100433350
-95.154632568,65.555229187,206.996948242
-94.806983948,66.087173462,208.923736572
-95.399040222,68.072799683,158.353775024
-97.659988403,66.670829773,157.313919067
-94.378929138,67.303092957,158.681274414
-93.790382385,66.027717590,129.073425293
-94.871109009,67.242408752,194.130676270
-95.905731201,65.511650085,219.902740479
-95.732589722,68.457725525,131.200790405
-94.706436157,67.012382507,193.778182983
-96.450241089,65.116455078,181.322143555
-96.155349731,65.614982605,223.550247192
-96.312232971,67.626594543,194.744750977
-94.731079102,67.611145020,165.042190552
-95.412162781,65.994171143,236.745788574
-95.517318726,64.797264099,161.639343262
-94.852272034,65.424629211,184.545486450
-94.622184753,65.890426636,191.073486328
-93.723205566,66.260108948,125.866622925
-96.072021484,67.286369324,222.300582886
-97.298187256,66.742568970,184.724548340
-96.961601257,67.200820923,192.812118530
-95.456565857,66.748298645,240.823364258
-94.720138550,66.667465210,204.107116699
-98.151084900,65.770751953,111.060874939
-96.915901184,67.187355042,196.177978516
-96.158683777,65.880943298,236.898208618
-96.769775391,66.182350159,221.606750488
-95.534477234,67.413475037,211.431472778
-95.918815613,66.081092834,246.697799683
-95.917068481,65.312866211,206.048553467
-96.414245605,67.952583313,166.974166870
-94.884117126,68.760429382,92.794692993
-96.689521790,69.124214172,73.496513367
-96.463172913,65.870819092,227.360931396
-95.659324646,67.015274048,236.105758667
-95.762077332,66.446395874,250.970504761
-93.894493103,65.326026917,117.468353271
-97.052871704,66.736808777,202.635864258
-96.053627014,66.574882507,249.430831909
-93.638435364,68.195648193,72.169784546
-95.313049316,65.758102417,223.936279297
-95.701217651,64.782142639,162.399139404
-96.805160522,67.273719788,198.057022095
-96.895797729,65.909912109,206.792175293
-95.732101440,63.586505890,68.904510498
-95.743690491,66.837493896,244.022323608
-95.388496399,68.206626892,147.241668701
-96.472610474,66.318115234,238.261291504
-96.742263794,65.903083801,215.455413818
-96.678627014,65.804634094,214.833236694
-97.917190552,65.382263184,115.109832764
-95.160446167,66.183784485,231.214065552
-96.448471069,66.089004517,235.275100708
-95.642532349,65.196807861,196.051757812
-95.045700073,64.444480896,122.104629517
-94.938529968,66.950645447,210.846740723
-98.015403748,66.610534668,129.315368652
-95.556350708,65.329795837,204.688751221
-96.021919250,65.007232666,181.229721069
-95.088447571,67.228004456,206.595245361
-95.970481873,63.972633362,95.349655151
-96.015426636,66.345703125,250.505554199
-96.628448486,65.066230774,171.261810303
-96.797851562,66.031539917,216.502014160
-96.061782837,67.182678223,228.411163330
-95.328559875,66.726676941,236.938415527
-96.984939575,66.723831177,207.489822388
-95.299140930,67.214447021,216.457305908
-94.997367859,64.201904297,102.617057800
-97.399475098,66.130867004,176.983932495
-95.172492981,67.367080688,202.557876587
-96.583816528,68.604171753,111.220954895
-97.818672180,66.198783875,144.499359131
-95.264457703,66.059501648,233.220840454
-96.895240784,67.736305237,164.961349487
-96.086883545,66.736274719,246.036041260
-94.755035400,65.724540710,193.906829834
-95.753448486,66.108650208,246.994628906
-97.154701233,67.592102051,160.095916748
-95.417335510,66.808586121,237.936614990
-95.873771667,67.930168152,175.872161865
-98.536682129,66.235969543,90.331443787
-97.410469055,66.766380310,175.668212891
-94.732521057,65.672737122,190.227828979
-94.429733276,66.893417358,177.452911377
-95.174583435,67.331558228,204.769439697
-95.561080933,65.587677002,221.774078369
-96.681037903,66.491165161,228.686447144
-96.427932739,67.087738037,224.461654663
-98.224250793,66.866622925,110.244644165
-96.054290771,66.283721924,249.496765137
-96.052627563,64.329582214,123.234329224
-95.262046814,66.553092957,237.147750854
-93.503288269,67.242759705,96.714546204
-95.742927551,65.436515808,214.544692993
-96.843666077,65.583663940,195.246963501
-94.034202576,65.697273254,140.830841064
-97.478683472,67.445991516,147.159957886
-95.083358765,66.423416138,229.180007935
-95.015861511,66.798904419,220.115661621
-97.229843140,68.630966187,89.898895264
-98.171279907,66.181678772,116.521453857
-94.489486694,68.494262695,96.424003601
-96.881416321,66.517898560,216.835449219
-96.944610596,68.012741089,143.308975220
-95.675910950,66.175056458,247.583587646
-95.402069092,64.981727600,174.709365845
-97.213851929,66.795471191,189.944274902
-94.666091919,66.277427673,201.940139771
-95.613838196,65.493537903,216.858093262
-94.191375732,67.371528625,142.169586182
-94.621643066,68.198699951,120.990852356
-96.193199158,66.168266296,245.139846802
-97.988815308,66.081130981,129.435882568
-95.284873962,67.608329773,190.945083618
-95.679855347,66.408424377,250.046676636
-94.967948914,66.935264587,213.117706299
-96.583328247,66.377914429,233.674957275
-95.683387756,65.425025940,213.218719482
-98.713584900,67.280105591,70.318069458
-96.939086914,67.434814453,181.770965576
-95.295906067,66.395034790,239.278015137
-94.128311157,67.199928284,144.285934448
-96.308273315,68.145492554,153.684448242
-97.044586182,63.996833801,79.004035950
-96.313453674,67.471946716,205.671600342
-95.519439697,66.252243042,245.715011597
-95.256950378,65.745948792,221.230026245
-97.142692566,65.965599060,192.244674683
-96.692298889,65.498779297,198.213378906
-96.120208740,67.775016785,186.965118408
-96.273574829,65.603027344,220.163253784
-96.494140625,66.299613953,237.182388306
-95.398979187,67.302803040,214.826400757
-94.189758301,65.959159851,160.018676758
-95.448966980,66.336212158,244.543731689
-96.959411621,66.525985718,211.732742310
-98.165382385,66.131996155,116.451904297
-96.045616150,66.247161865,249.139221191
-96.694610596,67.002136230,216.511306763
-96.483444214,65.667449951,216.913879395
-95.967811584,66.182998657,248.817153931
-95.034286499,66.978790283,215.233444214
-94.845809937,65.669921875,197.062805176
-96.490554810,66.365242004,237.827850342
-95.577659607,68.146530151,155.579818726
-98.361831665,65.557243347,91.239776611
-95.250549316,66.740844727,233.394973755
-97.810226440,65.211883545,114.862953186
-97.121643066,65.986526489,194.325531006
-96.451461792,67.134574890,221.342254639
-94.491249084,66.807312012,184.375366211
-95.952911377,66.063812256,246.056686401
-96.664062500,66.361976624,229.533874512
-96.327392578,67.743072510,185.609802246
-94.475677490,65.437095642,162.233566284
-98.021194458,65.611541748,115.998893738
-97.945610046,67.419113159,115.953567505
-95.145355225,67.320343018,204.137786865
-95.193679810,67.193870544,213.267425537
-94.646324158,66.701896667,198.206420898
-95.558311462,66.301605225,247.213775635
-95.214294434,64.118209839,101.119728088
-95.213783264,67.297950745,208.390457153
-94.149307251,65.139305115,125.873504639
-95.768318176,66.333015442,250.723526001
-97.473724365,67.768302917,130.770172119
-95.513839722,67.272453308,219.794631958
-97.792274475,65.427818298,125.454605103
-96.476432800,66.046600342,232.987915039
-98.077713013,65.732414246,115.407974243
-96.125091553,66.134056091,245.795623779
-95.666725159,66.172843933,247.405212402
-97.305099487,66.430946350,187.026306152
-95.586662292,66.131179810,245.101516724
-95.805061340,69.468955994,60.095527649
-94.327499390,66.177551270,174.844802856
-96.975090027,66.658630371,209.267837524
-96.097023010,66.262992859,248.614944458
-95.139274597,66.597724915,230.848739624
-95.358108521,66.673629761,239.194519043
-93.236236572,64.910186768,64.010688782
-94.433311462,64.138954163,81.699783325
-95.039611816,65.439270020,194.969543457
-95.772781372,68.372772217,138.447418213
-95.557373047,67.415931702,211.755096436
-94.724822998,66.500556946,206.372253418
-96.704521179,66.672767639,225.437423706
-95.518173218,66.907623291,237.584518433
-94.407188416,65.797386169,172.431869507
-94.981124878,65.239181519,179.379440308
-93.852134705,66.751228333,133.871047974
-97.085487366,66.242637634,202.132293701
-96.695739746,63.939647675,83.694122314
-97.132965088,67.495170593,166.991821289
-97.196342468,67.202537537,177.641021729
-95.175720215,67.454978943,197.209686279
-95.725517273,65.571784973,223.157150269
-97.013259888,66.534072876,208.051147461
-94.665512085,67.367401123,175.040954590
-96.987731934,65.142250061,160.339218140
-96.013389587,66.933769226,240.655029297
-95.233467102,66.362030029,236.505874634
-96.069114685,65.163429260,193.393234253
-94.260337830,66.422050476,170.660995483
-94.870574951,66.330909729,216.339752197
-95.443283081,66.726638794,240.943054199
-95.174461365,65.928375244,225.224304199
-95.762413025,66.277847290,250.158966064
-96.251609802,67.626464844,196.136825562
-95.514411926,65.345451355,204.996612549
-96.090354919,66.148117065,246.703292847
-95.839767456,65.386985779,211.509368896
-94.984024048,66.693916321,220.738143921
-97.106079102,65.966201782,194.823867798
-93.523765564,68.554031372,53.846401215
-95.639099121,67.566024780,202.735153198
-94.559318542,65.137939453,150.744644165
-95.280670166,66.315170288,238.281677246
55.672962189,73.637634277,256.208770752
54.248687744,74.035140991,197.836654663
53.901306152,73.390396118,156.812988281
56.797218323,74.787307739,189.335250854
55.097965240,75.372619629,191.498062134
55.024951935,73.093757629,218.521331787
57.916236877,74.690734863,103.162261963
56.293746948,74.891326904,215.963912964
56.175724030,73.275909424,226.376083374
54.944404602,74.338340759,243.449340820
56.119846344,74.923950195,221.833557129
55.521717072,75.850395203,156.718795776
54.306198120,75.932563782,113.563308716
57.034641266,74.329338074,184.297744751
55.938262939,73.757293701,254.245162964
54.814369202,73.552734375,231.430160522
56.037853241,76.243125916,117.996971130
56.516792297,72.562278748,162.148941040
54.633621216,74.942863464,200.024032593
55.659030914,72.972702026,220.170745850
54.672157288,72.811386108,183.102127075
57.386863708,73.956634521,155.705657959
55.615974426,73.660026550,257.282745361
55.028888702,72.494819641,173.557037354
55.948177338,75.301399231,200.376113892
55.287563324,74.362487793,255.605438232
56.778778076,74.830085754,188.740081787
54.836486816,73.680946350,236.572616577
55.781295776,75.693939209,169.831741333
56.875637054,73.890708923,199.601730347
53.744750977,73.937156677,152.236633301
54.782939911,74.918220520,210.252578735
54.750335693,73.325737000,218.319793701
55.703105927,73.908065796,261.741943359
54.750335693,75.516357422,166.436996460
54.566070557,70.933219910,50.493625641
53.907997131,74.216972351,166.296783447
55.555183411,72.349937439,168.890823364
53.772243500,74.008872986,154.895187378
57.074871063,74.441215515,178.645446777
54.801837921,74.448059082,232.707122803
54.801586151,71.717811584,104.007934570
55.938064575,74.240928650,255.876296997
56.562694550,74.740722656,207.989639282
55.603965759,74.767280579,242.224197388
54.799621582,72.591575623,173.001281738
53.833072662,73.304267883,148.262069702
56.238250732,74.852615356,220.887298584
54.780448914,74.440795898,231.651443481
56.256195068,74.876373291,218.677322388
56.012035370,73.038978577,218.071136475
55.526020050,72.951942444,218.929260254
54.414031982,75.473442078,151.804107666
56.298408508,74.028167725,241.550552368
54.710208893,73.465003967,221.995895386
55.594303131,74.904029846,234.091934204
56.255645752,73.997413635,243.844116211
56.469699860,73.345863342,214.241638184
57.459957123,74.581329346,142.366607666
53.313568115,73.416572571,107.958831787
55.290973663,75.723625183,165.879867554
55.590984344,74.001853943,263.151855469
56.615074158,75.172889709,180.533126831
53.576293945,74.601501465,129.571914673
54.325538635,73.899093628,203.856506348
55.299659729,74.906471252,231.048980713
58.587749481,72.417671204,44.443733215
56.128444672,75.268096924,197.582641602
55.449325562,73.364524841,244.670211792
57.395553589,73.648910522,151.631011963
55.240886688,74.084350586,258.584045410
55.135303497,74.642532349,240.967651367
54.478069305,73.281814575,198.652618408
55.228862762,74.745086670,238.765182495
56.300788879,75.437217712,177.754821777
55.324787140,74.370338440,256.224029541
56.899505615,74.067878723,198.260299683
56.465919495,72.886779785,187.956619263
56.479007721,74.240997314,228.925964355
55.167762756,72.856674194,206.490890503
55.612598419,74.541145325,252.997436523
55.886219025,73.910850525,258.273559570
56.699829102,75.087646484,180.467697144
54.791942596,73.821456909,236.896865845
55.238918304,74.147521973,258.124725342
55.572643280,74.688896179,246.401870728
54.589580536,74.298767090,222.468292236
58.582145691,72.077362061,37.214462280
55.487991333,72.816055298,208.363693237
55.818016052,74.961891174,228.127090454
55.948799133,75.455772400,187.711212158
56.198413849,75.311981201,191.617980957
55.764648438,73.036140442,223.578338623
55.991115570,74.162704468,255.144058228
55.838523865,74.852066040,234.653411865
54.910381317,74.121368408,244.969482422
54.876857758,74.876754761,217.624710083
54.963180542,74.340766907,244.316589355
54.442218781,73.981704712,213.793029785
55.991447449,75.084815979,215.570526123
56.070434570,74.669746399,237.592178345
55.438396454,73.957290649,262.242248535
55.173751831,74.271133423,254.427886963
56.172763824,74.562797546,237.841323853
56.094772339,75.300239563,196.255767822
55.400440216,75.714607239,168.131256104
55.879776001,73.263748169,235.859115601
55.961780548,73.944625854,256.346008301
55.600769043,74.943725586,231.511505127
55.032867432,73.022071838,214.101501465
55.838371277,73.347404480,241.363403320
55.763366699,74.792449951,239.440505981
54.262447357,74.940475464,174.216491699
56.116081238,74.245765686,249.153747559
54.200645447,72.935150146,160.993423462
54.874263763,73.527420044,233.801925659
55.712120056,75.298110962,204.577133179
56.161434174,73.577796936,240.497177124
55.030605316,75.379417419,188.757858276
56.045360565,75.030189514,217.669754028
54.806488037,74.259536743,237.470169067
54.921661377,73.850425720,244.577728271
55.008460999,73.862335205,248.955963135
55.437046051,72.634315491,193.152908325
54.467357635,74.433250427,210.285781860
55.765258789,73.190757751,233.758605957
55.103073120,74.465232849,246.843063354
56.944587708,74.835601807,176.015975952
55.429458618,74.095741272,262.274932861
54.621376038,74.419479370,221.922912598
56.064559937,73.802368164,250.712203979
55.149425507,74.055107117,255.795837402
56.221782684,74.421920776,240.218399048
57.069404602,73.793266296,182.124252319
55.771900177,74.847976685,236.079132080
55.473663330,74.793838501,240.367721558
56.191661835,74.625022888,234.418457031
54.981838226,75.608200073,168.197235107
54.174835205,73.843185425,190.470993042
56.576622009,72.851493835,179.444030762
56.817584991,73.079231262,177.696014404
54.144527435,75.291137695,146.126556396
55.127368927,73.073074341,220.728775024
57.042766571,72.697624207,140.875396729
55.105388641,74.149925232,253.671173096
54.992488861,73.547966003,240.330383301
57.232032776,75.900535583,97.803672791
56.926574707,73.325378418,181.158569336
55.597038269,74.044868469,263.196228027
55.690715790,74.114959717,262.367248535
55.803504944,74.234802246,259.354644775
56.638488770,75.164314270,179.649703979
57.705162048,72.450691223,87.462669373
56.210643768,72.472290039,167.936294556
54.690093994,75.550193787,160.959671021
55.472461700,73.488304138,250.708892822
55.470592499,74.591003418,250.563400269
56.381301880,72.920448303,194.645050049
55.918109894,73.159805298,228.674865723
55.184707642,73.285827637,235.392196655
57.146537781,73.639373779,172.818969727
54.336112976,74.225746155,203.930114746
56.333644867,75.302230835,186.621627808
55.412761688,73.646499634,255.993362427
56.563758850,72.829460144,178.704132080
56.501247406,74.353958130,225.379501343
56.166088104,74.586769104,237.196975708
54.726902008,74.206848145,233.316589355
54.501987457,75.075057983,183.710662842
55.049060822,75.240249634,200.333419800
55.920719147,72.997848511,217.792404175
54.598819733,73.101356506,197.327423096
55.116470337,74.420280457,248.770767212
53.582515717,73.012687683,117.722206116
55.293056488,75.506256104,185.000274658
55.373142242,73.847831726,260.133148193
53.975524902,73.908874512,173.219055176
54.541267395,74.780441284,202.559494019
57.800304413,74.589912415,114.236541748
54.529907227,74.650054932,207.565200806
54.766742706,73.683273315,232.544891357
55.769260406,75.249755859,207.835693359
55.736511230,74.601089478,249.452178955
55.697872162,74.621017456,249.018417358
55.528598785,75.230613708,210.515609741
54.197429657,73.241043091,175.781356812
54.518440247,73.309135437,202.727188110
54.652065277,74.496810913,221.703079224
54.980346680,73.966018677,248.610549927
55.096282959,73.245498657,230.310012817
55.731544495,72.694175720,197.714706421
54.542236328,72.338409424,141.986465454
54.931068420,73.926506042,245.906295776
56.791259766,73.165924072,184.013320923
57.213455200,73.875251770,170.505187988
56.065006256,74.171836853,252.275314331
56.203815460,75.832321167,148.768417358
57.050003052,73.024803162,158.226638794
55.211784363,74.432144165,251.587921143
54.568023682,74.393615723,218.819625854
55.556564331,73.003067017,222.701202393
55.975753784,74.976112366,223.454452515
54.688262939,75.605026245,156.585235596
55.868965149,73.874237061,258.281585693
56.023674011,71.409538269,86.769813538
56.406642914,74.267349243,233.205215454
55.174591064,74.339584351,252.987335205
56.036285400,72.941482544,210.478073120
55.725044250,72.410133362,173.445037842
57.445156097,73.898971558,150.310821533
55.326110840,72.597724915,188.843338013
55.265598297,73.905151367,258.630401611
55.906486511,72.443542480,173.768142700
55.262561798,74.748992920,239.425247192
55.959304810,74.152526855,256.306243896
56.302627563,73.604408264,234.239837646
54.831245422,73.448638916,228.400024414
56.344661713,74.893127441,213.223953247
55.635852814,73.017036438,223.506500244
55.453071594,74.926239014,232.107162476
56.345893860,72.981178284,200.489074707
55.863647461,73.847511292,258.026336670
55.231357574,71.344039917,83.813682556
54.627922058,75.391716003,169.809524536
55.559997559,74.141319275,262.804931641
55.534587860,74.405548096,257.717590332
56.259498596,74.570426941,233.288955688
56.813331604,74.461135864,199.734375000
57.335124969,75.513053894,113.511077881
55.650165558,72.789215088,206.142715454
54.471809387,73.006385803,183.720733643
55.813365936,72.744232178,200.703933716
55.620445251,75.222808838,211.158035278
56.251430511,73.799026489,241.915084839
55.571571350,72.890266418,214.327713013
56.001228333,74.245414734,253.720092773
54.175662994,74.207023621,190.454421997
55.867649078,73.793769836,256.975769043
54.812747955,73.730361938,236.404800415
55.085494995,72.711036682,192.862258911
56.872642517,75.497764587,143.451232910
55.409923553,74.511329651,253.133361816
54.083614349,73.268318176,167.788848877
55.569564819,73.085731506,228.470306396
57.379646301,74.613784790,148.304229736
55.755821228,72.236961365,157.862152100
54.818195343,73.775756836,237.655822754
55.388034821,73.043769836,224.477279663
55.271526337,73.823760986,257.647918701
53.776390076,74.485252380,149.882141113
55.393936157,73.778945923,259.200622559
54.838539124,73.993629456,241.238784790
55.517513275,72.841125488,210.456115723
56.189323425,72.806015015,195.067321777
56.907451630,73.459579468,187.616775513
54.863742828,71.964408875,124.789054871
54.793933868,75.810119629,144.567108154
56.303901672,73.588050842,233.638473511
55.650409698,74.627845764,249.097610474
55.349319458,74.877304077,233.824478149
55.115047455,72.912567139,209.157684326
55.758922577,73.862899780,260.400115967
54.073837280,74.427345276,177.706024170
55.470577240,75.317665100,203.174087524
54.865123749,73.860488892,241.685211182
54.487075806,74.544372559,208.386901855
55.570983887,74.014007568,263.206848145
55.205326080,73.133094788,226.874389648
55.963455200,73.779197693,253.926971436
55.817268372,74.077987671,260.545776367
56.112606049,74.082984924,250.861587524
55.443172455,72.691238403,197.957336426
55.542625427,75.515197754,186.738815308
56.205059052,73.461425781,233.966094971
55.732528687,74.996978760,227.036819458
55.650062561,74.258102417,261.001556396
54.920173645,75.106269836,204.989974976
56.381225586,73.312248230,217.863143921
55.015235901,73.126945496,220.239913940
57.014747620,72.538169861,132.989425659
54.340774536,72.865440369,166.675674438
53.815013885,71.943122864,81.258308411
54.054000854,73.821517944,179.553115845
58.264350891,73.128578186,75.759208679
56.093997955,74.574150085,240.818801880
55.054496765,73.624298096,245.587661743
55.443908691,74.199150085,261.517883301
55.993503571,72.214576721,152.184188843
56.754634857,76.233917236,98.159881592
55.372146606,74.422134399,255.614486694
55.996070862,73.504142761,244.314086914
56.484722137,74.672294617,216.078292847
57.088840485,74.189147949,181.421325684
58.637401581,74.073570251,61.740509033
55.415855408,74.031753540,262.239196777
55.542362213,74.126823425,262.889587402
55.695884705,73.772933960,259.627136230
54.582572937,74.171966553,223.802124023
55.148963928,73.719375610,251.823928833
54.384052277,74.130744934,208.817962646
56.079235077,73.304885864,231.910049438
55.796836853,73.666145325,255.363082886
55.465621948,73.327590942,242.865493774
54.970634460,72.716682434,189.513092041
55.851810455,72.552253723,184.088302612
55.597702026,74.821800232,239.124526978
54.853996277,75.299522400,187.952774048
55.101490021,73.715179443,250.006744385
55.545017242,74.336349487,259.604675293
55.931858063,74.940422058,226.992095947
55.164134979,75.950874329,143.430755615
55.322605133,71.975173950,134.574844360
55.861579895,74.151252747,259.098999023
58.924045563,73.500053406,45.938217163
56.568180084,74.424804688,219.065490723
54.416736603,73.639076233,206.923156738
54.614974976,74.818580627,205.621307373
52.989284515,73.002838135,75.319122314
54.947052002,72.623809814,181.356765747
55.514686584,73.501502991,251.517868042
56.936279297,72.832366943,155.759292603
56.058685303,73.515556335,242.513229370
54.691383362,74.196098328,231.119506836
55.500885010,75.638839722,175.665573120
54.384033203,74.457977295,203.097442627
56.418838501,75.057312012,199.290969849
57.034244537,73.662117004,182.819503784
54.865108490,74.793487549,221.657806396
55.063266754,72.315994263,159.444641113
57.426456451,73.485351562,145.531005859
57.016708374,73.514869690,180.552780151
56.585174561,73.589691162,216.007217407
56.885917664,74.983566284,173.342208862
58.196552277,74.487930298,86.464591980
53.999385834,72.019668579,94.186828613
56.350975037,74.333106995,235.350738525
55.243362427,75.616798401,174.460784912
53.868457794,73.703193665,161.250610352
55.349746704,73.511093140,250.133590698
55.737560272,74.613471985,248.890258789
56.079578400,74.813476562,229.868881226
55.580856323,72.970642090,220.339904785
56.213684082,74.846931458,222.358245850
55.246410370,72.647346497,191.650741577
56.262039185,74.319541931,240.656112671
55.640892029,74.859260559,236.731323242
57.433334351,73.007186890,129.053558350
58.843196869,73.836326599,51.048706055
57.407985687,73.668342590,150.900833130
55.402816772,73.921340942,261.506286621
53.904193878,74.445892334,162.197570801
54.926589966,74.534919739,236.576919556
56.090190887,74.609336853,239.516082764
54.514472961,73.581901550,212.751998901
55.223125458,74.918342590,228.479507446
55.651134491,73.036476135,224.789672852
55.628211975,72.893150330,214.398056030
56.830745697,73.085494995,177.102905273
55.306251526,73.346969604,241.661895752
56.671649933,73.155586243,191.732788086
55.611240387,75.050750732,224.135787964
57.016136169,74.290100098,186.501815796
55.985595703,74.501045227,247.607879639
55.388137817,73.865165710,260.625061035
56.154815674,72.736824036,191.090057373
56.112026215,77.005554199,62.049854279
55.480079651,73.278038025,240.226181030
55.670139313,73.882614136,261.773803711
96.544517517,58.824214935,196.908920288
95.055877686,59.880016327,244.326599121
95.898704529,60.040027618,256.074584961
93.804611206,60.808364868,128.903656006
97.614990234,60.259056091,143.261352539
94.395072937,59.684780121,200.752563477
94.367393494,59.464748383,195.071899414
95.915626526,61.214706421,187.740661621
94.658859253,59.560863495,218.595535278
98.484695435,60.432163239,75.142021179
97.034835815,60.808315277,168.404983521
95.605010986,59.386821747,251.332092285
94.625801086,59.405361176,212.613937378
95.449645996,59.724845886,257.073486328
96.811981201,56.850341797,51.849498749
94.569068909,59.796894073,214.646850586
95.988868713,59.428401947,249.482894897
94.882591248,60.862682343,197.149230957
96.127273560,59.996284485,250.992996216
95.224586487,60.658767700,224.358978271
92.597465515,60.106193542,59.669353485
96.533798218,60.589874268,211.743667603
95.005538940,58.450843811,178.137664795
95.216011047,59.915592194,250.783920288
94.838325500,60.444042206,218.538970947
95.561058044,60.099460602,256.000885010
94.311019897,59.387470245,188.731826782
94.461166382,61.335006714,141.808181763
96.334693909,59.368320465,235.260604858
95.462326050,61.702468872,144.240783691
96.399871826,59.442901611,234.504470825
94.682975769,57.407176971,87.305892944
96.178909302,59.411800385,243.246322632
97.732414246,60.470642090,128.736724854
95.409004211,59.778560638,256.599487305
95.615539551,58.937477112,228.044326782
95.451667786,61.006130219,204.866516113
95.208457947,58.326503754,174.185348511
94.326408386,59.780551910,195.798690796
95.682426453,59.596271515,257.447906494
94.447990417,60.009162903,204.359603882
95.524818420,60.701534271,228.162246704
96.138732910,58.644924164,200.385177612
94.457046509,61.418266296,135.678863525
95.784767151,59.654617310,258.061218262
95.138237000,59.393177032,240.597915649
95.741264343,61.163173676,193.541488647
97.307746887,59.508049011,171.122924805
98.064788818,59.218154907,103.584243774
96.648590088,59.607933044,223.708862305
96.614791870,59.976867676,226.932540894
95.968482971,60.209323883,250.582244873
97.753364563,60.464118958,127.246826172
96.082611084,60.281398773,245.217742920
95.417823792,60.941120148,209.418609619
96.210952759,59.527862549,245.361160278
94.266349792,58.911190033,166.973129272
96.406333923,59.476238251,235.117980957
96.116409302,59.450637817,246.640701294
94.017288208,59.671459198,169.168411255
94.106697083,60.447975159,166.393432617
98.130256653,60.146915436,103.412117004
96.984458923,60.162715912,197.328491211
94.423446655,60.384487152,193.341964722
94.959106445,58.228637695,158.623703003
96.006271362,60.020137787,254.183837891
94.618415833,59.806087494,218.223114014
94.261901855,62.138645172,78.843627930
95.825080872,59.242931366,244.842498779
95.675437927,60.592205048,235.960159302
96.436271667,58.702831268,193.898483276
96.112434387,59.614128113,250.719940186
97.216072083,59.711322784,181.439575195
95.322814941,59.331825256,244.540130615
94.814399719,58.396865845,166.284729004
94.477264404,60.322296143,199.465148926
95.265182495,58.069271088,153.383239746
94.438789368,60.018634796,203.524780273
97.391731262,61.317447662,116.463630676
94.414382935,59.431575775,197.922012329
95.033409119,59.546527863,240.284149170
96.284835815,59.609264374,243.963211060
95.826255798,58.468463898,191.730209351
95.173164368,60.773571014,215.263931274
96.140380859,61.390518188,168.437957764
95.261238098,59.479656219,247.730697632
96.416038513,58.485752106,178.608917236
94.326889038,58.579406738,152.679351807
96.916664124,58.973865509,183.024429321
95.969650269,61.016605377,203.385375977
94.056053162,60.153614044,169.997238159
95.866256714,60.719516754,226.823379517
97.108062744,57.768180847,96.351806641
96.141799927,58.153709412,159.681167603
98.589271545,59.156196594,67.479003906
94.509696960,58.108169556,130.930679321
95.712112427,58.548267365,198.973388672
96.384582520,59.716007233,240.595642090
96.024375916,58.869846344,219.694869995
96.402511597,60.242378235,233.575942993
96.492828369,57.971363068,134.606872559
95.463401794,59.176231384,240.509338379
96.538795471,58.727233887,190.779251099
95.697822571,59.147018433,240.760330200
96.466697693,59.924488068,236.343780518
93.912834167,61.295948029,112.451599121
97.833404541,60.343013763,123.678573608
96.645141602,59.035602570,203.692337036
95.879455566,61.458202362,166.666397095
97.407646179,59.729934692,165.184875488
95.696670532,59.275615692,247.070510864
95.388725281,60.262275696,248.414413452
95.408813477,60.364048004,244.842712402
96.204528809,60.468383789,233.142410278
96.914543152,61.050090790,161.771179199
95.636489868,59.964881897,258.843658447
95.776931763,58.537231445,197.817962646
95.096572876,60.864921570,206.222076416
96.564826965,58.712890625,188.501251221
96.634300232,62.295207977,83.460762024
97.029144287,59.323863983,189.243255615
96.363830566,57.736808777,119.465293884
94.187767029,57.698772430,89.651954651
94.502250671,59.780620575,209.630935669
95.096717834,60.740249634,214.677780151
93.953529358,59.958824158,163.718841553
95.926200867,60.051097870,255.388427734
95.581718445,60.302970886,249.874420166
94.602035522,60.066604614,214.974121094
95.989738464,59.953834534,255.456741333
95.689712524,59.419799805,252.729583740
95.963279724,60.276752472,248.401733398
95.869285583,60.010089874,257.024291992
94.844108582,59.914630890,232.772003174
95.945739746,59.571853638,254.304550171
97.020759583,58.180965424,127.619323730
96.335174561,59.506397247,239.436325073
95.835372925,60.579639435,235.931106567
96.180839539,59.932476044,249.784530640
97.162025452,58.431522369,135.843322754
93.768951416,59.072856903,135.497665405
95.843093872,60.568122864,236.516098022
95.057800293,59.779602051,244.446456909
95.865684509,58.630889893,204.652114868
95.709541321,60.003993988,258.403961182
96.742172241,60.194267273,214.434539795
95.504386902,60.517055511,239.008819580
96.734634399,59.903751373,219.465850830
95.191894531,59.571224213,247.561935425
95.506240845,60.817806244,219.930755615
96.043640137,59.792392731,254.661590576
97.237892151,57.958301544,102.410820007
94.867362976,60.571132660,213.971405029
96.645668030,58.942619324,198.558166504
95.177040100,60.392478943,236.858993530
96.540946960,59.597057343,230.291732788
97.159255981,59.284893036,177.801834106
95.848434448,59.203437805,242.677917480
95.472419739,59.872272491,257.843231201
96.220359802,60.550975800,228.293060303
95.211486816,60.110397339,247.658111572
98.051383972,61.564178467,68.696548462
95.588165283,60.772415161,223.937530518
97.502174377,61.896862030,78.682731628
96.898658752,59.896179199,207.455154419
96.058189392,59.555778503,251.209609985
94.819801331,59.905506134,231.356994629
97.438186646,59.826766968,162.825607300
95.265586853,60.725643158,221.344970703
94.162712097,61.031475067,143.309799194
94.366554260,60.046489716,197.460769653
96.327819824,59.349010468,234.880462646
96.149978638,60.189765930,246.055908203
97.819267273,59.552371979,128.493240356
94.101707458,59.561412811,175.126953125
96.726257324,60.532890320,203.138122559
95.895919800,59.654327393,256.706909180
96.502769470,60.695312500,207.482482910
94.718765259,60.464035034,210.519973755
94.959846497,60.139636993,235.787399292
95.394866943,60.226341248,249.778976440
96.602157593,59.701045990,227.917541504
98.818649292,58.417057037,42.872497559
96.056808472,60.983623505,204.236984253
95.595306396,59.137569427,239.972167969
95.838378906,59.804271698,258.791259766
93.994277954,62.162990570,68.213066101
97.377922058,58.068485260,101.935562134
93.782119751,58.640975952,119.508239746
95.718818665,60.253955841,252.088500977
95.757865906,61.353027344,176.879196167
95.547065735,60.056114197,256.767913818
96.451934814,59.947643280,236.976409912
94.308181763,60.148281097,191.003677368
96.601989746,58.675609589,184.060058594
96.280929565,61.332130432,169.692520142
94.872505188,59.237762451,221.925750732
94.530036926,60.513694763,195.851730347
95.692337036,59.803066254,259.703308105
96.612564087,60.833587646,193.169387817
95.581146240,60.087394714,256.453369141
96.488891602,59.994846344,234.379577637
95.473808289,58.330860138,179.356140137
92.796333313,60.492454529,67.352882385
95.856414795,60.425437927,243.898544312
95.836212158,58.187957764,167.319076538
97.257820129,61.960289001,85.159774780
94.644050598,59.543716431,217.247192383
93.432197571,59.007259369,107.651245117
96.130279541,60.446430206,236.758926392
95.204353333,59.099143982,229.954269409
96.184837341,59.404911041,242.797164917
94.539321899,59.722000122,212.122604370
94.557380676,61.164573669,159.057937622
94.230842590,59.593482971,186.397979736
94.452529907,58.762077332,171.613998413
96.421287537,60.224254608,233.168899536
96.967597961,59.474990845,198.106933594
96.986763000,59.929943085,200.402633667
95.144966125,58.536060333,189.563278198
96.542564392,60.296390533,224.122299194
96.929901123,59.756198883,205.002273560
95.947059631,59.853679657,257.024810791
95.497428894,60.632266998,232.231704712
95.982002258,59.845130920,256.277252197
94.767036438,60.442493439,214.429458618
95.395378113,59.299072266,244.962860107
96.081703186,61.503128052,159.788619995
97.146743774,59.265365601,178.166885376
94.997848511,60.395187378,229.078338623
95.288040161,59.727161407,253.102630615
93.402397156,59.617618561,116.401954651
96.267074585,59.294258118,235.411788940
95.343391418,60.097187042,252.083526611
95.578239441,60.221786499,252.760147095
95.580741882,59.817596436,259.286468506
95.182373047,60.747051239,217.340805054
96.491783142,59.933345795,234.845901489
96.533111572,59.832168579,232.821060181
95.496948242,61.113430023,196.696746826
95.650169373,60.901348114,214.813446045
96.515686035,60.171421051,229.441207886
96.357185364,59.519023895,238.690185547
96.089347839,60.154479980,249.018753052
95.589691162,60.134250641,255.407150269
94.063003540,60.012985229,172.660400391
95.408317566,58.824344635,217.895553589
94.975242615,58.115032196,149.856903076
95.566459656,60.693607330,229.100204468
94.728057861,58.673496246,182.152709961
97.041297913,58.208412170,128.391204834
95.903564453,60.517570496,238.529159546
95.783966064,59.227832794,244.496414185
96.772583008,57.574546814,95.742309570
95.665237427,59.717826843,259.195465088
95.809226990,59.062839508,235.478027344
94.469535828,58.341423035,145.422485352
95.853164673,59.924396515,258.245330811
95.204849243,59.046985626,227.051788330
94.719375610,59.760963440,225.039672852
94.186668396,58.950561523,163.019714355
94.819473267,60.535739899,213.140289307
96.922729492,61.669384003,118.244354248
97.050498962,59.658897400,194.661712646
95.598617554,58.305522919,178.123367310
93.913314819,60.229251862,156.388442993
97.473075867,61.555591583,98.576858521
94.395469666,60.022544861,200.083984375
94.868621826,59.975334167,233.665435791
95.392837524,59.966423035,255.531250000
95.125473022,58.928096771,217.087814331
96.568519592,59.233287811,217.636566162
95.326507568,59.633850098,253.092895508
94.467124939,59.393196106,200.890975952
95.051116943,59.267795563,232.112503052
95.769706726,57.924709320,144.379226685
96.182510376,59.335559845,240.370040894
96.256538391,60.107593536,244.052017212
96.790267944,59.642005920,214.438919067
94.651084900,60.768077850,190.489837646
96.832138062,59.470745087,208.171844482
95.119247437,60.562526703,226.212158203
95.434104919,60.753181458,223.388183594
96.917335510,59.973731995,205.476715088
96.713973999,60.856567383,186.027313232
96.505653381,58.316127777,161.731002808
95.603195190,59.567108154,256.576690674
95.245513916,58.573909760,195.400894165
94.835708618,60.715114594,204.168945312
96.091766357,59.486160278,248.456878662
95.615318298,60.667976379,231.094940186
94.911804199,58.994052887,211.807968140
97.038955688,59.467189789,192.346817017
97.717239380,61.416591644,92.441543579
93.619003296,57.278594971,48.687740326
94.481002808,60.033699036,206.563690186
95.418334961,58.636127472,203.962524414
94.145767212,60.681625366,160.133560181
96.051261902,59.830043793,254.507064819
95.688102722,59.342460632,249.889114380
97.654167175,59.569068909,142.553756714
96.549598694,59.188446045,216.766632080
94.894683838,59.628978729,234.555648804
95.465805054,59.902526855,257.577026367
96.721511841,60.091793060,218.125534058
96.648735046,61.307788849,157.563110352
93.844413757,59.049182892,140.654571533
94.321464539,58.376426697,139.571990967
94.571334839,59.928260803,214.451156616
96.015945435,60.718433380,224.299667358
95.836891174,59.802230835,258.804290771
96.001922607,60.802146912,218.907043457
94.292404175,58.429477692,141.263885498
95.529045105,59.296215057,247.069152832
96.327941895,58.416000366,176.365020752
94.751350403,60.862995148,190.352493286
97.177543640,60.065422058,183.468994141
97.031692505,60.593482971,179.257324219
96.315834045,58.595550537,190.885086060
94.815261841,59.068492889,210.773452759
94.921630859,58.455291748,175.271499634
94.173439026,59.665317535,182.430923462
96.483558655,59.544166565,232.599197388
95.382835388,59.393646240,248.345657349
95.866081238,59.532196045,254.751678467
93.623146057,62.237426758,52.169723511
96.061889648,60.194953918,248.685409546
96.036972046,60.256069183,247.395996094
95.906471252,60.236068726,250.902359009
98.266006470,59.452568054,92.576293945
95.574096680,58.997013092,231.618118286
94.949394226,61.046676636,187.015228271
96.484283447,60.148818970,231.799728394
95.556449890,59.954757690,258.385711670
95.189659119,59.769386292,249.999145508
96.223045349,59.220451355,233.943588257
95.951644897,58.568416595,198.455459595
94.646369934,60.192459106,215.357604980
95.466003418,60.613559723,232.911010742
95.247314453,61.137157440,190.034194946
96.407981873,60.284481049,231.902877808
93.276466370,60.467864990,99.875183105
95.131385803,59.690967560,247.062057495
94.605018616,59.560470581,214.840774536
96.058990479,60.735992432,222.119018555
93.534652710,59.441474915,125.244941711
94.507812500,58.363624573,148.992355347
95.448860168,60.706760406,226.751434326
94.715324402,59.366928101,217.381774902
95.537071228,57.742767334,128.307861328
95.163581848,58.483032227,185.889953613
95.359497070,61.011112213,202.836395264
95.923385620,61.518245697,160.819564819
94.648437500,60.412868500,208.161651611
96.026039124,59.236766815,240.969985962
97.107101440,60.157802582,187.680831909
94.219139099,59.219848633,176.352767944
95.922348022,60.926322937,211.207290649
96.706466675,59.763652802,221.453582764
94.677940369,58.084728241,136.547576904
95.127792358,59.438201904,241.631866455
96.505653381,59.963291168,233.770675659
97.060241699,61.045455933,153.062332153
96.156654358,60.607200623,227.348022461
96.926864624,59.339607239,197.509414673
98.743339539,60.434169769,59.966609955
95.951400757,60.358627319,245.394088745
95.572021484,59.572826385,256.461578369
-8.228661537,56.377548218,252.235855103
-8.591614723,55.209369659,209.252090454
-7.900994301,56.197032928,261.842254639
-8.591430664,54.237651825,137.277908325
-7.780225754,55.325237274,237.875610352
-7.223883152,56.137870789,248.758331299
-8.410834312,55.642681122,239.212493896
-8.877671242,56.650360107,208.021545410
-9.005837440,56.475811005,203.579376221
-7.789129734,55.382133484,241.173217773
-8.450587273,56.356792450,243.218246460
-9.828818321,57.778205872,85.495117188
-8.421115875,55.571006775,236.021072388
-7.346531868,55.866294861,251.381210327
-5.711801529,56.304039001,132.005050659
-9.167154312,55.600505829,187.034927368
-6.839075565,54.799255371,172.369033813
-8.356943130,57.807235718,156.918731689
-7.483929157,54.488231659,170.131210327
-8.289943695,56.452011108,248.171356201
-5.911610126,55.239971161,133.165634155
-7.684703827,55.858554840,259.207946777
-8.687143326,54.859817505,181.269882202
-9.105316162,53.765449524,85.441169739
-8.493377686,55.917957306,242.017517090
-7.728235722,54.868400574,205.224182129
-7.259634495,57.552330017,179.760681152
-8.332201004,56.172599792,251.013809204
-7.018211842,57.958541870,138.100204468
-6.122436523,56.200222015,168.428833008
-8.370923042,56.771881104,232.435623169
-7.172088623,55.055027008,206.203720093
-8.233046532,54.126842499,137.397003174
-7.797778130,55.552127838,249.729904175
-7.546365738,56.477272034,254.261444092
-7.250486851,57.242050171,203.943908691
-7.291371822,56.180442810,251.530151367
-6.231201172,56.053646088,178.028671265
-8.037528992,55.880863190,258.116058350
-8.222056389,55.059200287,214.365386963
-6.719261646,56.006389618,217.581359863
-5.962258816,57.237182617,126.530624390
-6.141060352,55.045627594,142.288330078
-6.037197113,54.626853943,113.904899597
-9.609897614,56.461109161,151.572326660
-8.448851585,56.236511230,245.084747314
-6.775390625,55.996582031,221.582153320
-7.346196651,56.167888641,253.722595215
-6.769998074,54.784095764,167.633773804
-7.892912388,56.650836945,250.264251709
-6.509514332,56.221382141,201.288223267
-7.719795704,56.187652588,261.962646484
-7.391310215,55.588256836,244.445404053
-8.653458595,55.604915619,224.781616211
-7.345932961,55.414169312,234.829421997
-6.995520115,57.317497253,187.827392578
-8.288098335,56.003509521,252.523178101
-8.107289314,56.028266907,258.488281250
-7.815753460,56.662956238,250.049545288
-7.050505638,56.223350525,239.410247803
-8.930723190,56.390422821,211.347732544
-8.038321495,55.202362061,228.304870605
-7.322520733,56.053756714,252.796432495
-6.345098019,56.346031189,186.349029541
-8.214468002,57.509822845,186.348983765
-6.694226265,55.637630463,208.463958740
-7.894442558,56.333404541,260.140197754
-7.374456882,57.419769287,193.906265259
-7.349602699,57.781517029,162.555572510
-8.164023399,56.202705383,256.870513916
-6.802919388,55.492900848,210.709274292
-7.143368721,57.862892151,150.059448242
-7.019147873,55.918956757,236.595214844
-8.114424706,54.661460876,185.523117065
-7.756386280,58.350856781,116.940536499
-7.524265766,56.860698700,237.039321899
-6.518522739,56.390171051,199.965255737
-8.114868164,56.542270660,250.945999146
-6.445037842,55.799411774,193.287033081
-6.999341488,56.586421967,228.623428345
-7.876695633,55.049446106,219.310714722
-6.683287621,57.032611847,188.306533813
-7.514952183,55.723632812,252.796859741
-9.185873985,57.343788147,150.497482300
-9.280375481,55.223728180,163.562637329
-5.980855942,55.540355682,148.320327759
-7.770153999,54.937648773,210.896896362
-8.366972923,56.878082275,226.969070435
-7.443404675,58.308132172,118.474487305
-8.472944260,56.109207153,244.494659424
-7.821453571,55.192150116,229.497604370
-7.377374649,55.961730957,254.013137817
-8.926544189,56.989318848,189.037200928
-8.362971306,55.881031036,247.782394409
-8.517713547,54.982112885,198.051528931
-8.769660950,56.567745209,218.498947144
-8.454521179,56.453571320,240.780364990
-7.438556671,56.933670044,230.718200684
-8.991108894,56.424659729,205.918472290
-8.560385704,56.887229919,217.284790039
-7.088671684,56.763404846,226.280044556
-7.524423599,53.827457428,114.067634583
-9.103613853,56.869556427,181.992401123
-8.306365967,57.163181305,210.903610229
-8.945839882,56.950267792,189.756652832
-7.285029888,56.646682739,240.315902710
-7.561442375,55.112655640,221.826904297
-8.083598137,56.701232910,245.200424194
-8.595266342,57.360736847,184.341094971
-6.633186817,57.473953247,157.577529907
-6.950085640,54.744045258,173.797256470
-7.489237785,56.872505188,235.591629028
-8.276274681,55.173229218,220.509033203
-9.050446510,55.047481537,171.470275879
-7.395907879,56.232139587,255.013580322
-6.229472637,56.125701904,177.976928711
-7.857467651,56.648559570,250.567749023
-8.602370262,57.178668976,197.048004150
-6.782926559,55.059852600,186.700927734
-7.464242935,55.865848541,255.163467407
-7.502601147,57.201210022,213.995010376
-8.468273163,55.046752930,204.712265015
-6.733150482,53.381286621,67.981269836
-7.677784443,56.136970520,261.797149658
-7.882836819,56.525333405,255.184616089
-8.572516441,56.580539703,230.480560303
-8.201820374,55.492652893,240.995727539
-8.603435516,55.410697937,219.505859375
-7.449269772,58.568618774,97.486305237
-6.416104794,57.472187042,144.679519653
-9.788268089,57.160373688,115.509452820
-8.362573624,56.807506561,230.975280762
-9.188337326,56.807670593,177.957397461
-8.440830231,54.970466614,200.491806030
-6.900701046,58.052974701,126.484054565
-7.422312260,56.722183228,241.697204590
-6.014018536,54.346153259,97.495124817
-7.798156261,54.570213318,180.272445679
-8.186191559,55.824436188,253.244781494
-5.791186333,56.284805298,138.950454712
-7.434288502,55.630207062,247.421051025
-7.762372017,56.716236115,247.533584595
-7.857892513,55.798679352,258.339111328
-7.700985432,54.923313141,209.420547485
-9.548749924,54.788845062,122.554420471
-7.556193352,55.451866150,242.443771362
-8.070212364,55.528575897,245.998916626
-8.289197922,55.813419342,249.427322388
-9.552658081,55.956901550,159.559951782
-8.455399513,55.390533447,226.116867065
-6.626286030,56.729007721,198.675323486
-9.400965691,55.254135132,155.317733765
-8.626652718,57.029159546,205.454421997
-8.099131584,56.815769196,239.068649292
-7.747061729,55.456195831,244.996246338
-8.022665024,54.233745575,149.553787231
-7.632000446,56.397041321,257.891845703
-7.982475758,56.710788727,246.581710815
-7.033518314,56.834232330,219.957046509
-6.368198395,55.233085632,168.005599976
-7.886175632,55.829185486,258.939910889
-7.165578842,54.863643646,192.064163208
-8.353061676,55.211666107,220.244293213
-7.602659702,56.053737640,260.635162354
-8.314731598,53.126091003,63.214359283
-8.393364906,53.898918152,115.552093506
-8.136917114,55.428356171,239.598098755
-7.537872791,55.968391418,258.646636963
-8.480756760,56.508213043,237.869491577
-9.542589188,55.372058868,148.115982056
-9.714607239,55.236911774,129.301849365
-7.753654003,54.761600494,196.566833496
-7.643893719,54.337001801,158.940048218
-8.544431686,55.094303131,204.433258057
-5.800597191,54.821437836,108.134567261
-8.194016457,56.864006042,233.905929565
-6.556911945,54.736980438,152.349777222
-7.096046448,55.575740814,231.463500977
-8.313582420,57.168247223,210.288940430
-7.744277477,55.829414368,259.023193359
-6.126568317,56.369518280,167.253417969
-6.437086582,57.290584564,157.083938599
-7.103646755,56.768596649,226.791076660
-8.667248726,56.040653229,232.916259766
-7.307590485,57.330566406,199.117507935
-9.300788879,55.189682007,160.422210693
-5.647233486,56.286254883,126.680007935
-7.770836830,56.077480316,262.411773682
-7.219322681,56.923137665,223.908477783
-6.808821678,55.343318939,204.256988525
-6.266533375,57.303272247,144.778900146
-8.369006157,56.596969604,240.179718018
-7.267948627,58.589462280,93.637954712
-6.453252792,55.240612030,174.653930664
-8.856510162,53.574069977,81.148208618
-7.027326584,55.282287598,213.714279175
-7.705782413,55.813179016,258.370391846
-9.417463303,56.383346558,170.186233521
-8.172539711,55.084598541,217.476760864
-7.393019676,55.551464081,242.953704834
-8.231832504,56.199268341,254.719375610
-7.648763657,56.289794922,260.169006348
-6.629692078,55.296943665,190.009368896
-7.686418533,55.050460815,218.986099243
-7.650402069,56.997840881,230.636108398
-7.847810745,56.648723602,250.597579956
-5.088946819,57.014759064,73.741386414
-8.374235153,56.252132416,248.504638672
-8.121877670,55.798660278,254.424743652
-7.433809280,56.111980438,256.782867432
-7.745540142,57.357883453,204.471572876
-8.289464951,56.124202728,252.910034180
-8.092379570,57.207450867,213.499084473
-5.816705227,55.455799103,132.533447266
-6.253071785,56.306457520,178.980346680
-7.596602440,56.516838074,253.968948364
-7.484000683,55.149990082,222.841583252
-7.777038097,55.885780334,260.341918945
-7.899715424,55.717002869,255.733276367
-7.853353977,56.312324524,260.744354248
-8.194849014,57.443885803,192.358016968
-6.670778751,55.713390350,208.948272705
-7.427939415,56.055835724,256.468627930
-7.425783634,55.884952545,254.408111572
-7.296518326,54.418998718,160.077301025
-8.836426735,55.656635284,214.360824585
-9.332687378,56.031082153,179.924255371
-8.694145203,55.603725433,222.204605103
-7.721027851,56.767581940,244.783187866
-7.182190418,56.176925659,246.661407471
-7.807459354,55.981651306,261.805999756
-7.199055195,57.852367401,152.591690063
-8.642602921,55.900817871,233.078765869
-9.144973755,58.171829224,98.200859070
-8.921773911,57.149524689,180.136474609
-9.340927124,55.274662018,160.992492676
-7.665734291,54.673061371,188.527252197
-6.053905964,56.010128021,162.331390381
-5.481258869,56.413516998,111.931816101
-9.428449631,54.410636902,109.690216064
-7.425824642,57.044136047,223.342285156
-8.578230858,54.959625244,193.682327271
-8.349896431,55.284961700,224.812683105
-6.560498238,57.518413544,150.366760254
-7.423707962,54.423583984,163.390090942
-8.128363609,56.766368866,240.966430664
-7.737266064,56.067398071,262.229858398
-8.515784264,56.280017853,241.030136108
-6.226290226,55.886547089,176.258407593
-8.265579224,55.223308563,224.068786621
-8.938378334,57.241226196,173.338073730
-6.850438595,56.767787933,212.409576416
-7.510084629,57.357822418,201.930847168
-6.250092030,54.618144989,126.453956604
-8.232755661,55.544471741,242.374847412
-7.244708061,56.567321777,241.674560547
-8.545682907,53.701080322,97.309478760
-9.198582649,53.901107788,90.257209778
-8.414597511,55.419330597,229.442794800
-7.216941833,57.076168060,214.307785034
-7.684962273,56.136394501,261.872985840
-5.578088284,56.488376617,118.807220459
-7.602351189,57.349605560,204.017761230
-7.619939804,56.131858826,261.045959473
-8.100433350,56.312950134,257.235961914
-8.192387581,55.988979340,255.761550903
-8.632789612,57.211959839,193.188308716
-7.949545860,56.042289734,261.469757080
-9.033193588,55.843029022,203.738128662
-6.220085144,56.691120148,168.071289062
-8.383372307,55.697547913,242.303985596
-8.046658516,55.574775696,248.490478516
-7.956707001,57.345214844,204.738418579
-8.320293427,55.231449127,222.695022583
-8.846009254,55.526973724,209.208129883
-5.350353241,57.444995880,77.884757996
-6.995491982,57.119167328,201.450424194
-8.344424248,55.630611420,241.689498901
-6.455789089,56.064613342,197.162643433
-8.053552628,57.392784119,199.517227173
-9.030318260,57.198459625,169.906005859
-7.320772171,55.414970398,233.987014771
-7.776271343,56.578784943,253.483306885
-8.168645859,56.921005249,231.283950806
-8.449137688,56.464378357,240.755996704
-9.026628494,55.569587708,197.346984863
-7.648453712,55.595188141,250.549179077
-9.124344826,57.271774292,159.054672241
-6.959839821,55.460514069,219.061843872
-7.230775833,55.071384430,209.661193848
-5.924730301,55.358802795,138.315505981
-5.937385082,57.133396149,129.221923828
-7.651923180,54.131866455,140.954833984
-8.815531731,55.781227112,219.168182373
-8.054731369,55.734756470,254.169952393
-9.605886459,58.165050507,77.752822876
-7.535563469,56.148612976,259.414001465
-9.058625221,56.633274078,194.823211670
-8.520750999,55.472671509,226.888198853
-7.721902370,57.643436432,179.856460571
-6.120092869,54.598503113,117.439315796
-7.637551308,56.483795166,255.633880615
-6.801969528,56.123710632,223.960876465
-7.810188770,57.055610657,227.549667358
-6.558554173,57.282058716,165.545227051
-8.541991234,55.599342346,231.026260376
-8.204662323,56.180057526,255.761169434
-7.161729813,56.777820587,229.142166138
-7.308599472,56.298755646,251.031265259
-7.745810032,56.688140869,248.788436890
-7.296626568,57.040275574,219.626983643
-6.088441372,55.702766418,161.295654297
-8.245607376,56.476516724,249.115417480
-8.118464470,57.330337524,203.381881714
-9.465361595,56.127918243,168.020706177
-7.607761383,55.171489716,226.621353149
-9.734654427,55.469673157,134.820556641
-8.123639107,56.817440033,238.396621704
-7.093487740,55.841407776,239.388763428
-7.282933712,54.995086670,206.127258301
-8.354205132,55.950176239,249.227203369
-5.856397629,54.648242950,103.794609070
-7.249677658,56.641983032,239.072402954
-9.536584854,56.148735046,161.468063354
-7.136826992,55.724605560,238.702987671
-7.545521736,55.362628937,237.439178467
-10.004486084,53.087955475,30.359758377
-8.123380661,56.473186493,252.952301025
-8.082080841,56.475505829,253.881561279
-6.937379360,57.238182068,190.538162231
-7.532758713,58.097866058,137.661346436
-6.667014599,56.903095245,193.937881470
-9.238947868,55.881797791,186.961212158
-8.425292015,57.344955444,192.928619385
-8.229247093,56.473068237,249.782150269
-7.991513729,56.214141846,260.652343750
-8.064652443,56.177112579,259.567138672
-6.724167347,56.768260956,204.028259277
-9.485913277,55.020992279,138.372787476
-7.153701305,55.689167023,238.445602417
-6.091467381,55.900909424,164.728668213
-8.725236893,56.451351166,224.860656738
-8.235864639,55.368129730,233.568817139
-8.122994423,56.957962036,230.172241211
-7.422173023,56.950901031,229.223312378
-8.732132912,57.081356049,196.210556030
-7.767096996,55.488807678,246.707992554
-9.095552444,57.293247223,159.708251953
-7.567386150,56.551853180,252.251907349
-8.965273857,56.144462585,211.372940063
-8.668364525,56.520347595,226.665328979
-7.879349232,53.530418396,92.445129395
-9.358152390,56.070907593,177.746047974
-7.659231663,55.703937531,254.730606079
-8.422137260,56.026409149,246.808624268
-8.723496437,56.152442932,229.258697510
-6.667226791,55.690242767,208.054275513
-8.326622009,56.342212677,249.222061157
-5.669291019,54.790328979,98.259971619
-6.301371574,56.838165283,169.520614624
-6.470632553,57.471748352,148.074111938
-7.784968853,56.638732910,251.091705322
-7.792296410,54.274917603,154.167205811
-8.247582436,56.729759216,239.229812622
-6.879304409,55.569282532,218.687484741
-8.945681572,56.849662781,194.737731934
-6.578310966,56.267833710,206.411041260
-7.486980915,56.011314392,257.856903076
-77.115653992,27.718950272,229.989791870
-75.948669434,26.959720612,214.838500977
-74.858070374,27.824686050,178.412094116
-78.867164612,28.823053360,87.274620056
-77.576835632,27.027963638,180.505935669
-77.003250122,27.778802872,235.868438721
-76.258644104,26.437438965,183.049499512
-76.361824036,28.081724167,248.704696655
-77.967620850,27.331018448,163.359893799
-75.234733582,28.162302017,204.286865234
-74.932563782,28.650119781,168.516799927
-75.562934875,25.922464371,127.722999573
-75.482322693,27.596345901,220.037460327
-76.510391235,27.998414993,249.117507935
-76.297554016,28.865083694,214.995452881
-76.252044678,29.969562531,126.860450745
-76.137580872,28.033439636,247.326309204
-74.539978027,27.453483582,148.144790649
-77.528816223,30.308309555,83.128120422
-76.714508057,27.948589325,245.967132568
-74.624328613,27.962289810,159.442626953
-77.428031921,26.407503128,152.421844482
-76.486038208,29.331991196,180.121719360
-76.498611450,26.811346054,210.645950317
-77.059593201,27.760078430,233.145385742
-75.991111755,27.868890762,245.014190674
-77.271652222,28.152729034,219.755859375
-76.992851257,27.420366287,229.293182373
-76.240127563,27.900032043,249.696655273
-76.851226807,26.746532440,199.597244263
-77.575325012,27.742361069,201.512344360
-76.392677307,28.331258774,242.406707764
-77.135856628,28.067182541,228.575225830
-77.310363770,27.088851929,199.857116699
-75.588989258,28.477924347,216.221008301
-76.704780579,28.909872055,208.928848267
-75.162307739,26.873306274,172.804489136
-75.731117249,29.372432709,166.717758179
-76.596916199,27.227813721,233.387054443
-77.280334473,28.923437119,187.613922119
-75.799064636,28.944578171,199.898330688
-77.293968201,27.486082077,215.746948242
-76.747810364,28.576250076,227.412277222
-76.336059570,27.097883224,228.605072021
-76.296012878,27.806056976,250.012847900
-76.065048218,27.013435364,220.761459351
-74.956336975,27.376478195,179.032135010
-76.569381714,29.917184830,130.842590332
-77.236495972,28.002981186,223.801895142
-75.043571472,29.356073380,138.006820679
-75.797317505,26.934625626,208.544311523
-78.516006470,29.303449631,93.760307312
-77.247810364,26.583053589,173.144439697
-74.300964355,25.960886002,75.100334167
-76.353179932,26.362447739,177.382904053
-75.902214050,28.031539917,241.339218140
-75.431533813,27.938577652,219.519805908
-76.316299438,27.427589417,242.900863647
-76.505325317,28.773647308,220.475677490
-78.688705444,27.090507507,100.912612915
-76.977577209,29.471593857,160.423004150
-77.080642700,28.002729416,232.052001953
-76.054054260,29.793037415,139.714660645
-77.562362671,26.509153366,152.055404663
-76.872772217,30.019458771,118.908447266
-75.887123108,28.037311554,240.756988525
-76.156944275,27.171579361,230.825241089
-77.426162720,28.668319702,193.329467773
-74.928031921,28.427932739,175.900833130
-76.422088623,26.892669678,216.444534302
-76.782569885,29.658214569,149.725082397
-79.269264221,29.666734695,45.288372040
-76.492225647,27.616344452,247.439193726
-76.207740784,27.764097214,248.938262939
-78.846542358,27.380382538,95.608848572
-75.618759155,29.190467834,176.356170654
-77.382965088,27.738346100,214.690567017
-77.734771729,27.905572891,190.191223145
-75.365600586,27.777070999,215.195632935
-76.839843750,26.311681747,167.483261108
-76.130111694,27.311893463,236.664169312
-76.561965942,27.083887100,226.681732178
-77.592895508,27.807020187,200.680465698
-77.004188538,29.181999207,181.718444824
-77.938850403,27.191690445,161.192596436
-76.967262268,26.324443817,165.003417969
-75.910072327,25.410367966,97.383293152
-76.969970703,28.320428848,230.528747559
-75.271530151,26.498931885,156.768829346
-76.639762878,27.673019409,246.342376709
-75.065528870,29.435171127,134.101013184
-77.253883362,27.109148026,203.968124390
-76.990501404,25.419454575,95.083351135
-76.101364136,28.557682037,230.394119263
-75.242378235,27.236633301,194.661468506
-74.249778748,26.640232086,101.076309204
-77.642517090,29.143815994,154.720504761
-77.295494080,27.985702515,220.472167969
-76.162414551,28.172668457,245.295272827
-75.947517395,27.319623947,232.690887451
-76.478446960,25.142652512,81.483383179
-75.927017212,25.207767487,83.577011108
-76.079307556,28.211763382,242.840881348
-74.943962097,29.539714813,121.315750122
-75.502235413,28.887102127,191.287872314
-76.023887634,27.384510040,237.172744751
-77.369354248,27.368400574,207.701065063
-74.652404785,28.252958298,158.644790649
-76.744613647,27.683629990,244.072998047
-76.123474121,27.763715744,247.638305664
-75.654838562,26.567205429,179.047439575
-77.160301208,25.993724823,133.305328369
-75.902717590,28.654884338,220.569824219
-75.626586914,27.686927795,229.335403442
-75.234237671,27.166503906,191.336853027
-76.920600891,29.181961060,184.316497803
-78.973266602,29.570943832,60.284179688
-74.929008484,28.751373291,164.030364990
-76.179275513,28.799276352,218.170242310
-77.972846985,28.284523010,167.266311646
-75.011436462,28.813501358,166.745956421
-76.830009460,28.146030426,240.123641968
-76.930091858,27.287475586,226.996109009
-77.492164612,28.703834534,187.659622192
-77.284683228,26.735681534,181.394546509
-75.367858887,27.009235382,192.285339355
-77.264572144,28.139469147,220.405227661
-77.685913086,29.041234970,158.115432739
-76.422981262,29.688034058,150.697463989
-76.619033813,27.673955917,246.742004395
-78.100006104,28.403350830,154.543441772
-75.062522888,27.454538345,188.983322144
-75.315658569,28.136974335,210.121215820
-77.203155518,28.450269699,215.160507202
-76.074058533,27.226865768,231.956405640
-74.636535645,28.243556976,157.538223267
-76.072380066,28.014713287,246.261764526
-75.690795898,28.701845169,210.372497559
-76.617614746,29.148836136,193.285140991
-76.533737183,28.639039993,227.943862915
-75.596626282,29.543819427,149.120925903
-77.606002808,27.353788376,191.394577026
-75.712997437,28.275419235,229.006057739
-77.176376343,27.775114059,227.314651489
-77.050239563,26.427045822,170.082580566
-74.605033875,26.809499741,132.084060669
-76.717613220,27.620407104,243.734100342
-75.859870911,26.316291809,166.904693604
-76.754356384,28.471666336,232.045211792
-76.413627625,27.749322891,249.789245605
-76.162277222,29.009550095,203.867462158
-76.740348816,26.907459259,213.071792603
-76.798210144,27.479528427,238.170013428
-76.836051941,27.600841522,239.926635742
-78.170616150,26.881961823,131.850112915
-75.988189697,27.759832382,244.467620850
-78.133636475,28.966426849,132.590240479
-77.747657776,28.805545807,166.346343994
-75.958137512,26.798105240,204.892059326
-77.550399780,27.830865860,203.855194092
-74.513641357,28.799631119,132.562316895
-77.417533875,28.822633743,186.066955566
-78.445098877,28.227886200,129.938354492
-76.380027771,28.777465820,220.768905640
-75.234069824,30.481683731,72.430877686
-79.183311462,26.923692703,65.115982056
-75.286209106,28.942764282,176.705993652
-75.520355225,25.461175919,93.411987305
-74.777862549,27.781518936,171.782287598
-74.314231873,27.920442581,134.089416504
-75.812683105,28.949220657,200.042526245
-76.701278687,25.740043640,123.944145203
-75.772979736,27.942140579,237.200820923
-75.511734009,27.854724884,224.362655640
-76.126914978,28.346750259,239.688171387
-76.685203552,26.630447388,195.320846558
-77.640327454,28.756582260,175.757553101
-76.409957886,26.744127274,206.463348389
-74.662322998,29.124361038,128.574203491
-77.871009827,28.800130844,158.151184082
-77.541038513,26.433612823,148.335800171
-76.948516846,27.375869751,229.624511719
-77.416618347,27.864740372,213.159408569
-76.331085205,26.987743378,222.354064941
-76.462387085,27.440259933,243.152069092
-78.044670105,27.983341217,165.070953369
-77.343002319,28.343816757,210.883850098
-77.047744751,27.451757431,227.829086304
-77.105171204,26.660999298,184.744949341
-76.879165649,25.819774628,127.290100098
-75.938392639,26.343671799,170.954711914
-76.693908691,29.145128250,192.382308960
-76.054702759,27.837274551,246.595230103
-77.879821777,28.269824982,174.903762817
-76.331687927,25.807008743,131.566879272
-75.340538025,28.858858109,184.504302979
-75.229354858,27.893463135,206.422424316
-74.869789124,28.490989685,169.644607544
-77.064308167,27.626615524,231.186386108
-76.454002380,27.526338577,245.688354492
-74.654052734,27.632982254,160.349533081
-76.692848206,27.982587814,246.245285034
-74.743980408,28.796640396,149.141113281
-76.184722900,27.624160767,246.769470215
-76.593841553,27.406837463,240.591857910
-75.515304565,27.494556427,219.659133911
-77.064903259,27.923130035,233.298233032
-76.682571411,26.420631409,179.360656738
-76.955657959,28.501476288,224.324737549
-77.576210022,28.622756958,185.935974121
-76.106475830,29.510694504,163.891204834
-75.762489319,27.304271698,225.542587280
-76.879745483,27.780506134,240.833938599
-77.089042664,28.398950577,222.705657959
-76.337310791,26.940605164,219.506134033
-77.554847717,27.657619476,202.011260986
-77.217697144,29.745298386,131.888473511
-77.316551208,29.519189835,145.286834717
-76.063705444,29.222175598,186.509277344
-75.873229980,29.151832581,187.619293213
-77.625518799,26.406553268,141.997329712
-75.907844543,26.880857468,208.866806030
-75.697540283,28.431575775,223.127258301
-76.491882324,28.763660431,221.188858032
-77.025444031,28.946456909,197.276855469
-77.203834534,29.201704025,172.840225220
-76.055412292,25.386007309,97.306427002
-77.886924744,28.066173553,177.357070923
-74.757789612,27.249263763,160.117080688
-75.616035461,28.911186218,195.027923584
-75.637039185,26.726482391,189.209289551
-75.168090820,26.063823700,122.588890076
-75.640319824,26.890508652,199.639343262
-76.628082275,28.672977448,224.824569702
-75.094848633,28.169025421,194.299728394
-75.918746948,28.002407074,242.198013306
-77.924324036,27.591405869,172.656845093
-75.467185974,27.582252502,218.882293701
-75.876045227,26.482597351,180.145599365
-75.975425720,27.074472427,222.053726196
-75.614891052,27.203365326,214.731262207
-75.774070740,27.285987854,225.289108276
-74.476806641,28.037832260,146.961868286
-73.610893250,28.980737686,68.164932251
-77.718399048,28.512132645,180.400939941
-77.939765930,28.495687485,164.523025513
-76.354423523,26.072597504,153.530029297
-75.765525818,26.660461426,189.665679932
-77.259819031,27.400255203,215.272460938
-76.491989136,28.896709442,212.689163208
-76.466468811,28.614505768,229.799819946
-76.780006409,29.027311325,199.231857300
-76.691268921,29.056735992,198.962142944
-75.407432556,27.350376129,209.128967285
-78.131401062,27.148534775,144.831527710
-75.881919861,26.610029221,189.741058350
-76.496368408,28.443298340,237.655700684
-77.098579407,27.180032730,215.174057007
-76.524971008,27.704828262,248.528289795
-74.995460510,28.895988464,161.639312744
-75.716674805,27.866069794,234.907623291
-75.822326660,27.177062988,222.393402100
-77.787887573,27.459102631,180.784912109
-76.816322327,27.551322937,239.484359741
-76.407623291,28.254335403,244.801116943
-77.584640503,29.966154099,103.480384827
-75.756156921,28.692455292,213.504089355
-76.209686279,27.549983978,245.513549805
-75.510063171,26.446161270,164.529479980
-74.143608093,26.692190170,96.168273926
-74.694740295,28.421291351,158.311965942
-77.037353516,26.151466370,149.392700195
-76.462677002,28.003108978,249.460281372
-76.452209473,26.218906403,165.483261108
-75.773765564,27.150957108,219.308883667
-76.037361145,27.439027786,239.316574097
-75.801895142,28.927312851,201.125381470
-76.111984253,28.443758011,235.717468262
-75.739738464,27.460041046,229.882949829
-75.681716919,27.470518112,227.569824219
-75.975570679,30.579166412,78.932441711
-78.195693970,29.357881546,110.245384216
-76.642349243,26.261627197,167.247772217
-76.018188477,26.995155334,218.681838989
-74.390159607,28.513486862,132.321121216
-75.701904297,28.193973541,230.579544067
-76.658927917,27.995241165,246.877380371
-77.181968689,28.618103027,209.071685791
-74.172576904,26.674596786,97.398559570
-75.787445068,27.181528091,221.287353516
-76.347602844,28.704317093,225.096084595
-75.152290344,28.211326599,197.634689331
-76.351348877,25.616535187,116.306686401
-76.585357666,27.412164688,240.903701782
-75.510490417,28.178068161,221.189117432
-75.663101196,27.870321274,232.384994507
-76.245887756,28.616514206,229.390350342
-78.188484192,27.737071991,152.618530273
-75.483451843,28.620933533,204.566146851
-75.691192627,28.538608551,218.415130615
-76.662864685,27.219871521,231.845306396
-75.755035400,28.775516510,208.820541382
-75.587379456,28.762794495,202.483123779
-77.389152527,27.320838928,204.852645874
-74.843818665,27.975042343,177.174026489
-75.589096069,28.881757736,195.656433105
-77.318733215,27.756511688,218.908798218
-75.347717285,27.650745392,212.693725586
-77.153945923,27.632474899,226.788497925
-73.996253967,28.669641495,99.544830322
-76.038696289,27.545034409,242.296829224
-73.715438843,28.222702026,87.101455688
-77.277481079,27.844009399,221.882980347
-77.217124939,28.691974640,203.683837891
-76.658813477,27.890943527,247.438247681
-75.699089050,27.527246475,229.855743408
-74.622863770,28.232875824,156.620773315
-76.939895630,27.411758423,231.177185059
-77.637916565,28.336061478,191.555130005
-76.621955872,28.158691406,245.063171387
-75.573532104,27.668682098,226.323364258
-76.946311951,27.906312943,238.574661255
-75.690361023,26.457323074,172.427688599
-77.215003967,27.767623901,225.121963501
-75.196716309,28.588569641,188.999801636
-77.087158203,27.939546585,232.156585693
-77.728813171,28.581514359,177.154220581
-77.546836853,27.514947891,199.948425293
-75.245422363,28.468585968,196.776336670
-75.952621460,28.501941681,229.498580933
-74.213386536,29.763957977,73.366348267
-74.542793274,28.524477005,143.761138916
-74.695869446,26.784376144,137.268447876
-77.483497620,26.629781723,164.097366333
-75.293983459,27.617815018,208.656463623
-76.411727905,26.271602631,169.947830200
-76.501426697,26.299074173,171.781387329
-78.005332947,26.648645401,132.637176514
-76.561592102,29.343074799,178.657546997
-77.120086670,27.387029648,222.331207275
-77.858543396,28.600175858,167.113067627
-77.369163513,28.424182892,206.715332031
-76.638931274,29.366603851,175.878234863
-75.438774109,29.728181839,129.697280884
-77.147438049,28.771013260,202.813140869
-76.344657898,28.428901672,238.715179443
-74.971420288,27.652223587,185.873916626
-74.654731750,27.172754288,149.747619629
-74.638092041,28.343753815,155.718170166
-76.461723328,28.630601883,228.975555420
-73.793571472,27.076547623,84.309844971
-76.522895813,25.788442612,129.574508667
-78.343276978,28.417663574,134.891662598
-77.097099304,26.973743439,204.692474365
-77.097953796,27.725339890,230.949478149
-77.582313538,27.914314270,201.624908447
-76.123863220,28.397018433,237.791458130
-75.800277710,27.628261566,236.336898804
-76.146118164,27.282819748,235.732467651
-77.022628784,27.516765594,230.749343872
-75.327529907,27.041885376,191.536605835
-77.809608459,28.996126175,152.826400757
-76.883018494,30.363250732,92.855728149
-77.121734619,27.735530853,229.854171753
-78.080383301,27.935178757,162.257858276
-75.962821960,28.720420837,218.667663574
-75.568778992,27.831409454,227.475967407
-75.096549988,28.208202362,193.707138062
-70.714302063,89.063346863,241.502487183
-71.233261108,88.791671753,253.679046631
-70.716003418,89.769439697,220.409088135
-70.555122375,89.110008240,233.305938721
-71.158973694,88.608016968,249.239212036
-70.782226562,87.387802124,166.524154663
-72.839805603,88.593315125,174.871109009
-70.227355957,89.759071350,195.087783813
-71.557060242,88.503662109,244.601715088
-71.398231506,89.734016418,233.192657471
-69.900115967,89.368324280,183.644790649
-72.771415710,89.094467163,183.141220093
-71.005767822,89.074920654,251.272232056
-71.193580627,88.511489868,246.617355347
-72.414077759,90.736091614,130.768585205
-72.696052551,90.511672974,131.257247925
-71.342529297,89.252853394,251.945770264
-70.484313965,90.097976685,191.125198364
-72.045578003,89.327667236,229.499160767
-71.651298523,87.209800720,156.579254150
-72.514381409,88.666374207,201.513076782
-70.148933411,87.960540771,176.297668457
-71.176307678,88.420623779,243.045318604
-70.747543335,88.754135132,241.274276733
-71.713623047,89.402488708,241.327957153
-71.637374878,89.579826355,236.725845337
-73.317466736,87.199607849,86.090057373
-71.288772583,87.678024292,198.016571045
-70.133369446,88.653068542,202.331573486
-72.434799194,87.934364319,179.265121460
-69.956153870,89.458663940,186.056610107
-70.142646790,88.072448730,181.783615112
-71.583946228,88.453819275,242.300643921
-73.226310730,89.137466431,144.869598389
-71.301963806,87.016853333,142.595520020
-72.320159912,89.112129211,216.894836426
-70.829811096,88.570213318,240.236007690
-71.374366760,90.603958130,170.609497070
-71.430664062,89.977325439,218.255966187
-72.199035645,87.770576477,182.255401611
-71.146179199,89.579513550,240.473251343
-71.128677368,90.510200500,178.186157227
-69.894508362,89.420539856,182.073471069
-71.229537964,89.146003723,253.714141846
-71.397941589,88.707420349,252.155700684
-70.977699280,89.708038330,231.620391846
-71.698097229,87.409881592,172.468856812
-72.837928772,89.211509705,176.382919312
-71.696144104,89.056617737,248.733718872
-72.223983765,88.358886719,212.397232056
-71.384582520,89.064430237,254.469604492
-70.888648987,91.351242065,106.722854614
-72.300743103,88.414665222,209.732498169
-71.848197937,90.251594543,189.513046265
-71.225143433,90.180160522,204.678619385
-71.408386230,89.552452087,241.860122681
-70.042892456,88.118576050,177.103820801
-70.837638855,87.827003479,201.779281616
-71.236579895,88.752655029,253.104171753
-71.799125671,89.283843994,241.712371826
-70.999923706,89.128570557,250.631225586
-70.432670593,90.871894836,133.263610840
-72.248847961,89.659881592,206.189682007
-70.463058472,88.419204712,217.651947021
-71.153625488,88.109893799,227.157012939
-71.223686218,88.796318054,253.681640625
-72.615524292,89.518692017,186.689376831
-69.464721680,87.251708984,94.346702576
-72.312744141,90.314559937,164.952575684
-72.572937012,87.320693970,132.722152710
-72.068237305,91.158042908,112.593170166
-71.744773865,87.185707092,152.882369995
-71.554275513,88.134460449,227.596405029
-70.683303833,89.110389709,239.751373291
-72.973068237,88.922729492,167.055557251
-72.776985168,88.653343201,180.981475830
-70.067611694,88.698204041,198.186569214
-73.016639709,89.745971680,148.177688599
-72.956573486,89.696472168,154.559432983
-71.187927246,87.942703247,216.854675293
-70.433044434,90.423370361,166.634246826
-72.081268311,88.819763184,231.835342407
-71.569084167,90.765541077,155.052047729
-70.358283997,86.794830322,107.049781799
-72.467475891,88.180343628,189.587051392
-72.564338684,87.949913025,171.925338745
-70.542411804,89.673141479,217.272018433
-72.230422974,88.815391541,223.003448486
-72.848724365,89.957191467,151.924102783
-70.836372375,88.335464478,231.656997681
-72.184005737,87.940933228,193.791870117
-70.471252441,89.790435791,208.028945923
-71.009513855,88.690696716,248.657730103
-71.076423645,88.454566956,242.974349976
-72.815834045,90.389312744,131.525329590
-69.998710632,90.133804321,161.233520508
-72.584991455,89.405998230,192.304672241
-70.590766907,88.554893494,229.244842529
-71.803092957,89.905990601,214.463027954
-72.248291016,89.597023010,208.885025024
-71.462837219,87.367416382,172.136734009
-73.077995300,87.811187744,129.917114258
-70.530792236,88.845687866,231.782730103
-71.547172546,89.301376343,248.449508667
-73.493019104,90.510620117,85.309272766
-71.296051025,88.318664551,239.272796631
-70.588943481,89.659866333,220.157531738
-72.160789490,89.589637756,214.332717896
-71.632118225,87.548255920,184.963073730
-71.245376587,88.042358398,223.788146973
-72.897369385,88.300971985,162.797866821
-71.448669434,89.217033386,251.853881836
-71.120231628,89.010284424,253.740051270
-70.258598328,90.065093994,181.189208984
-70.705833435,90.112243652,199.396850586
-72.765678406,88.443260193,177.324844360
-71.204513550,89.324951172,249.982040405
-71.119392395,87.434692383,177.139419556
-70.788040161,87.762702942,195.617385864
-70.110610962,89.632896423,192.253143311
-70.060661316,89.032211304,200.306915283
-71.226814270,90.536163330,176.525314331
-70.999557495,88.002059937,217.885086060
-72.607070923,90.506721497,136.494812012
-70.603187561,86.188117981,71.925003052
-69.060333252,88.528770447,111.150558472
-69.548477173,90.835472107,95.390563965
-71.651199341,88.729415894,248.328979492
-71.180366516,87.474403381,181.030426025
-72.831085205,88.066749573,158.995529175
-71.116722107,90.268890381,197.298248291
-69.698066711,90.564224243,118.369155884
-71.767433167,87.568695068,183.690505981
-72.780517578,89.965385437,156.363800049
-70.515052795,87.324264526,152.482101440
-70.596282959,88.552581787,229.459274292
-70.752120972,87.891395569,203.357650757
-73.056663513,88.876930237,159.926193237
-70.103683472,90.534606934,142.981597900
-70.908691406,88.361312866,235.134338379
-71.594688416,89.504226685,240.893264771
-71.592193604,88.161933899,228.468093872
-71.457084656,90.115829468,208.397338867
-70.856864929,90.394454956,183.243652344
-71.280189514,89.343376160,249.779220581
-71.859840393,90.234497070,190.372665405
-73.024620056,88.558113098,159.105056763
-70.980941772,87.315284729,165.133728027
-71.521446228,89.004631042,253.151748657
-68.893615723,89.905464172,90.683898926
-72.262306213,91.798988342,65.826362610
-73.121391296,89.478713989,147.943161011
-68.879890442,88.950866699,100.656990051
-72.725433350,89.525085449,178.162780762
-70.538520813,88.723663330,230.496170044
-70.238510132,89.844711304,191.796768188
-71.223991394,89.861137390,226.285186768
-70.436325073,89.471588135,219.167449951
-72.019706726,87.745933533,188.611343384
-71.823532104,90.110847473,200.393630981
-70.271080017,89.444824219,209.536895752
-70.810539246,90.295333862,189.628952026
-71.543167114,89.382637024,246.241668701
-69.864639282,88.550231934,178.814682007
-70.601699829,90.127738953,194.377929688
-71.117080688,87.920875549,214.563247681
-71.894660950,89.064346313,241.299179077
-71.055435181,89.675086975,234.779418945
-71.267776489,88.466911316,245.480163574
-68.780227661,90.032943726,80.067382812
-70.639030457,89.608581543,224.719085693
-71.823303223,87.133628845,146.873504639
-71.533645630,88.937316895,252.972122192
-71.335075378,89.995048523,217.745590210
-72.791984558,89.365379333,177.249526978
-71.952140808,90.174263000,191.283767700
-71.158897400,90.920684814,143.942871094
-71.218040466,90.143440247,207.354751587
-71.786674500,89.856964111,217.955444336
-70.003822327,87.980613708,167.573104858
-72.007469177,89.267883301,232.896041870
-72.084274292,88.545402527,226.506362915
-71.955917358,87.627365112,182.455047607
-71.367835999,89.077354431,254.466995239
-72.118415833,88.835281372,229.892349243
-72.782211304,87.985916138,158.873199463
-72.198921204,88.628265381,222.044219971
-71.934486389,89.158607483,238.440246582
-72.367813110,89.705604553,196.746185303
-71.809349060,90.768531799,150.038223267
-71.438110352,89.388259888,247.642639160
-71.230636597,88.475479126,245.618057251
-72.186386108,88.159378052,205.714492798
-70.620552063,88.952255249,237.240356445
-71.433425903,88.698928833,251.688766479
-71.580245972,87.971031189,217.077377319
-70.835937500,91.066833496,128.334106445
-70.345451355,87.124504089,130.647384644
-71.286987305,89.450653076,246.367538452
-71.362266541,90.231895447,200.620513916
-71.531455994,88.100555420,225.975036621
-69.595741272,89.124435425,160.961700439
-71.507156372,87.848754883,209.760681152
-70.357078552,90.365257263,167.240539551
-71.574417114,88.310531616,236.438873291
-71.725341797,87.575263977,185.218231201
-70.006736755,88.937225342,195.945053101
-71.329536438,90.467491150,182.116744995
-72.102424622,88.532531738,225.160354614
-71.444702148,89.945335388,220.197601318
-69.816108704,89.850852966,161.989608765
-70.600448608,89.485816956,227.565948486
-74.132575989,88.537727356,74.560676575
-72.042488098,90.234619141,183.332351685
-71.882209778,91.004684448,129.236907959
-71.695251465,88.036155701,218.765762329
-69.884407043,89.106727600,185.747528076
-71.046653748,90.024650574,214.080093384
-71.530693054,88.253097534,234.391128540
-70.526069641,88.591621399,226.808181763
-71.801834106,88.241523743,227.068695068
-71.376014709,88.314201355,238.939834595
-70.459815979,88.786903381,226.948089600
-71.001251221,87.570739746,186.462814331
-70.521507263,89.594444275,219.519454956
-70.550491333,90.441101074,170.152893066
-70.949768066,89.585716248,236.715286255
-70.977340698,88.450042725,240.667388916
-71.465087891,88.798812866,252.991180420
-70.324005127,88.079460144,193.787399292
-73.124107361,89.916694641,133.670822144
-70.526565552,88.466384888,222.949035645
-72.743576050,87.813789368,152.861923218
-70.442146301,89.010063171,227.261627197
-70.106216431,88.268150330,188.238632202
-71.670616150,88.429130554,239.341201782
-71.001770020,90.076171875,209.817077637
-70.582809448,90.724838257,149.573806763
-71.401878357,90.181465149,204.142990112
-71.258201599,87.086006165,148.435317993
-69.363426208,88.692710876,138.821899414
-71.487144470,89.459243774,244.603057861
-73.241012573,89.868591309,126.857238770
-70.483398438,89.052246094,229.618011475
-70.826431274,88.735504150,244.062728882
-70.563804626,89.841125488,210.037460327
-71.131950378,90.307632446,194.443283081
-72.318672180,87.944679260,186.711975098
-73.806327820,89.704040527,90.890518188
-71.415466309,88.076118469,225.754013062
-70.690170288,88.686584473,237.469223022
-71.095962524,89.804595947,228.502273560
-70.655487061,90.561050415,164.672561646
-70.577644348,88.145439148,211.306991577
-72.137565613,87.560180664,170.368469238
-71.733940125,89.961845398,213.178649902
-72.848121643,88.449981689,171.007308960
-70.714271545,89.755401611,221.064727783
-71.202682495,89.509033203,243.889282227
-69.223106384,89.828269958,116.844932556
-72.116493225,87.536560059,169.512619019
-71.002021790,89.728439331,231.085479736
-71.745361328,89.645057678,230.617034912
-71.369880676,87.229324341,160.811264038
-70.745590210,87.926193237,205.428054810
-70.604156494,89.880500793,209.719329834
-70.822608948,90.578735352,167.835205078
-70.816230774,89.259796143,243.041915894
-70.812820435,89.095756531,245.286331177
-69.415069580,89.618995667,137.732818604
-68.657882690,87.672203064,64.160888672
-71.265968323,88.321533203,239.331436157
-70.622909546,88.784713745,235.967224121
-71.007888794,88.591110229,246.128097534
-70.983619690,88.465499878,241.408523560
-71.037452698,89.398834229,245.635833740
-71.204368591,89.493713379,244.494415283
-70.650718689,88.529228210,231.441375732
-70.660095215,89.427604675,232.291656494
-70.108406067,89.037467957,203.999404907
-70.631774902,88.264190674,219.941909790
-72.620254517,89.128646851,194.842269897
-71.135116577,88.258956909,235.156692505
-73.326377869,91.339553833,58.025863647
-70.709266663,89.311080933,237.650222778
-69.776840210,87.468254089,124.234870911
-70.964851379,88.918258667,250.499176025
-70.130783081,88.515968323,198.737426758
-73.024505615,89.754859924,147.255996704
-73.103012085,87.874336243,130.971252441
-70.600891113,90.092971802,196.636322021
-71.047790527,88.539268494,245.415267944
-73.314689636,88.491439819,134.091659546
-72.268928528,88.613464355,217.385406494
-72.251655579,88.404022217,212.405120850
-69.665863037,86.407318115,60.781051636
-73.598388672,89.455474854,110.668663025
-71.709053040,87.861068726,206.908859253
-72.628425598,89.113533020,194.361984253
-71.061416626,89.703971863,233.430053711
-70.009826660,88.507926941,189.316375732
-71.236114502,88.832916260,254.194747925
-71.382141113,88.691696167,251.936248779
-72.565216064,89.152595520,198.796081543
-71.081909180,89.024909973,253.087463379
-70.393707275,89.598022461,212.198638916
-73.128189087,87.956245422,132.599761963
-70.322471619,88.492523193,211.462203979
-71.066268921,88.639953613,248.666427612
-70.089485168,89.086822510,202.350006104
-71.237403870,87.439178467,178.470687866
-72.971755981,88.541297913,163.117218018
-70.391281128,88.158264160,201.903686523
-69.898719788,88.336471558,175.206726074
-70.913963318,88.437088013,238.428619385
-70.874176025,90.330726624,188.559585571
-70.369010925,90.603271484,150.833419800
-72.054397583,87.798095703,190.759063721
-72.562454224,88.706665039,198.564178467
-72.614837646,88.001976013,171.239654541
-72.090019226,92.154281616,50.074691772
-71.108398438,88.870872498,253.211837769
-71.959228516,87.860572815,198.862564087
-71.328285217,87.916061401,215.623443604
-72.903671265,87.298355103,113.717544556
-69.625030518,88.272010803,151.079101562
-72.989257812,88.600395203,162.775939941
-70.651580811,88.923316956,238.682357788
-72.461662292,88.843345642,207.490631104
-71.917251587,89.961395264,206.790679932
-69.867172241,89.179023743,183.754928589
-73.186233521,88.726257324,148.044769287
-71.236885071,88.390342712,242.277191162
-71.830940247,89.319602966,239.604293823
-70.740486145,90.092422485,201.930480957
-72.076858521,88.690322876,230.276748657
-71.460403442,89.200538635,252.012664795
-70.803367615,89.045906067,245.258651733
-71.862625122,89.774581909,219.847595215
-70.280471802,90.548751831,150.798110962
-70.397499084,86.662536621,98.888946533
-72.067565918,88.981109619,233.183776855
-71.143653870,87.627967834,193.133300781
-72.035766602,88.754592896,233.503295898
-70.825485229,88.307479858,229.991851807
-71.357627869,88.218284607,234.180511475
-70.841499329,88.849441528,246.183563232
-69.555549622,88.490386963,151.529617310
-72.411415100,88.421073914,202.697235107
-71.775367737,90.823799133,146.346588135
-69.991966248,89.237747192,193.241119385
-71.442222595,86.722290039,117.607200623
-72.095321655,88.945945740,231.676986694
-71.884704590,90.789329529,146.374176025
-70.411384583,89.169021606,224.290069580
-70.470886230,87.758605957,182.311218262
-69.705131531,91.210861206,82.335227966
-71.509826660,89.492858887,242.989273071
-71.528617859,88.388381958,240.699295044
-70.753387451,90.099021912,201.915359497
-69.642127991,90.813247681,101.457275391
-72.521652222,88.588249207,199.455490112
-71.421951294,88.963592529,254.533477783
-73.563415527,88.920936584,117.965957642
-69.548339844,87.163978577,94.428009033
-71.495101929,88.637527466,249.562881470
-70.930892944,88.655326843,245.809600830
-72.095085144,89.521888733,220.652023315
4.342813015,-15.818424225,196.534286499
4.966572762,-16.262252808,219.330535889
5.594751835,-18.733093262,134.921707153
5.115519524,-16.890893936,237.299499512
3.340170383,-17.372312546,213.564285278
3.534857750,-17.615734100,219.613449097
4.142122746,-17.459609985,249.499816895
6.123428345,-17.522497177,161.207092285
4.167249680,-17.863391876,232.570297241
5.124686718,-16.519292831,225.887115479
3.765664101,-18.141843796,203.211761475
4.135690689,-17.798879623,235.529067993
4.972811699,-18.976696014,138.534835815
3.905194998,-15.254911423,142.103698730
4.942371368,-18.198343277,203.097076416
4.157030106,-16.153425217,219.651931763
5.398590565,-18.001266479,194.874710083
5.338248253,-17.514436722,220.114471436
3.054135084,-16.101146698,164.541336060
4.239071846,-17.208608627,255.725906372
4.091868877,-16.874126434,250.965896606
4.648713589,-18.150329590,213.824096680
3.752427101,-17.973905563,213.442672729
5.994612217,-17.891502380,159.445541382
5.027109146,-15.733710289,180.102188110
3.630042791,-17.032238007,234.097061157
3.411599398,-17.175745010,220.688232422
3.844283819,-16.227611542,215.779922485
3.749325514,-17.202898026,240.289947510
6.227545261,-18.065750122,134.572097778
5.690342426,-17.080251694,201.674575806
4.926648140,-17.194637299,247.035751343
4.857707977,-16.510181427,235.961349487
3.914897442,-17.674879074,235.375228882
3.302233458,-17.569917679,206.101715088
3.883935928,-17.159534454,246.472732544
3.407304287,-17.071142197,220.464370728
4.293770790,-16.974285126,255.968734741
5.597794533,-17.085468292,208.635375977
3.897619486,-16.846197128,244.252716064
5.816524982,-16.637012482,185.697402954
5.437397480,-18.691705704,145.402221680
3.182378531,-18.173959732,170.102584839
5.558992386,-18.408609390,159.720336914
5.120416641,-16.853151321,236.395706177
4.686534882,-15.815342903,194.602630615
5.334103107,-14.937259674,107.949691772
3.606434345,-15.272050858,135.115356445
4.021045685,-17.453557968,246.651580811
4.652183056,-18.158098221,213.201446533
4.617642403,-17.368593216,252.926834106
4.818267822,-16.112453461,214.233749390
5.826486111,-17.715579987,179.163986206
3.998313665,-16.050790787,208.959396362
5.570583820,-15.987514496,173.316101074
3.975515842,-17.169601440,249.774154663
1.996541619,-17.420021057,103.570236206
3.298469067,-16.512228012,200.787155151
2.660597324,-17.754810333,150.486816406
4.432028294,-17.026773453,257.014862061
4.806540966,-18.015016556,219.823638916
5.669794559,-15.908840179,162.708068848
4.868521690,-16.839502335,246.632080078
3.759470701,-18.891817093,143.821197510
4.325562000,-14.619435310,95.381721497
5.302675724,-17.220762253,228.031677246
4.412740707,-15.654543877,183.065872192
5.501461506,-17.951499939,191.375823975
3.905548096,-16.227451324,217.963714600
4.233592033,-16.312471390,230.969818115
5.364642143,-18.630054474,153.380111694
4.033657074,-16.809337616,247.992446899
4.971941471,-16.889188766,243.752700806
5.096571445,-16.018754959,198.783020020
4.007557392,-16.393163681,230.789932251
3.891008615,-17.301071167,245.431076050
4.776771069,-16.783693314,248.076995850
5.143465042,-16.654184341,230.060989380
4.237651825,-15.985038757,208.750030518
3.552164078,-15.619010925,160.382522583
5.455041885,-17.303424835,217.231811523
2.710716963,-15.949748039,132.968566895
5.440655231,-17.450607300,215.299987793
4.171546936,-18.466421127,189.055328369
4.305799961,-17.182407379,256.641754150
3.986544371,-17.953311920,223.094345093
3.539984941,-15.614558220,159.523956299
2.718500853,-19.633039474,58.882759094
3.244437695,-16.720355988,203.747802734
5.347760677,-17.859111786,205.535980225
6.317458153,-16.709524155,146.953720093
4.481478214,-17.348081589,254.781265259
4.830687046,-16.465250015,234.661834717
3.836101055,-17.013364792,244.179473877
2.603178263,-17.118419647,155.973434448
6.364753723,-15.500326157,99.185462952
5.804989815,-17.658489227,182.807281494
3.161592722,-17.742853165,190.011611938
3.601311922,-16.826990128,229.632858276
3.504973888,-18.702867508,150.306747437
6.157648563,-16.689994812,159.711029053
5.940110207,-18.514234543,130.538894653
5.212170124,-18.269008636,187.299179077
4.022723198,-17.833650589,231.021240234
3.735037565,-15.411613464,150.583557129
3.746314049,-16.576854706,229.493301392
5.214452744,-18.048959732,201.949447632
2.923852921,-16.433881760,170.243606567
3.813521624,-17.574180603,235.343917847
4.479871273,-17.577751160,248.159286499
3.174840450,-16.323501587,184.102050781
4.455376148,-17.016014099,256.884643555
5.517996311,-16.287124634,193.193222046
4.911642551,-15.848770142,192.492324829
6.446605206,-19.553886414,51.435501099
3.947292328,-16.057638168,207.999313354
3.617033243,-16.986595154,233.003646851
4.931285381,-17.480344772,241.583084106
4.502191544,-17.591459274,247.500274658
3.987006187,-17.004428864,249.803146362
4.628203392,-18.109619141,217.059646606
3.883295536,-17.028886795,246.245391846
3.950841188,-17.053562164,248.914993286
3.370960951,-17.886594772,197.887298584
4.591509342,-17.610025406,245.856521606
2.823894739,-17.502220154,170.708663940
4.795212269,-17.307310104,250.118484497
2.744448900,-16.736520767,164.383941650
2.007519722,-16.815587997,104.723281860
4.142147541,-16.737903595,248.735778809
5.318840027,-17.070497513,227.572052002
4.765541553,-17.448484421,247.841674805
3.648123264,-16.105577469,199.739089966
3.406645775,-17.510967255,214.927398682
5.667844296,-17.016975403,203.222320557
5.689886093,-17.081394196,201.709945679
2.211063623,-17.352727890,121.351776123
5.439024448,-17.555406570,212.451492310
5.427098274,-17.578187943,212.491683960
3.786664009,-15.241429329,138.059692383
3.111914635,-14.629210472,73.960388184
3.078848362,-18.322820663,154.575683594
3.298793316,-16.711736679,207.413162231
6.639940739,-15.439650536,81.857589722
5.296806812,-16.648200989,221.610519409
5.069349766,-16.791118622,237.524688721
4.429755688,-17.339595795,255.116851807
4.347997665,-18.149387360,215.703536987
4.659466743,-17.863466263,232.396026611
3.815351725,-17.008848190,243.237915039
4.577024937,-15.428893089,163.028228760
5.326011658,-17.182090759,226.894607544
4.778038502,-16.755056381,247.271636963
4.325292587,-18.515432358,186.271133423
2.916777611,-18.117416382,155.164657593
3.292781830,-18.049402237,184.303237915
5.375411510,-14.893635750,103.639678955
4.199041367,-17.464954376,250.389175415
3.559057474,-17.379375458,227.626159668
6.108261585,-16.603982925,161.829254150
3.977223158,-17.624965668,239.540878296
3.056874275,-17.117664337,194.333450317
4.037782192,-16.428077698,233.467956543
4.482083797,-15.448758125,165.193450928
5.967178345,-16.294473648,162.629745483
4.500351429,-18.391172409,196.635086060
3.897439718,-17.366210938,244.538635254
3.929916143,-16.164752960,214.761001587
5.138206482,-16.144569397,205.361129761
6.053944588,-15.625803947,123.309272766
1.856549859,-16.658988953,91.680900574
4.435234547,-17.399698257,253.821029663
6.116342545,-16.694194794,163.170333862
4.096835136,-18.669397354,170.565307617
5.071560383,-16.607200623,231.822113037
6.738020897,-16.569368362,111.234024048
4.007162571,-18.807842255,156.916397095
3.209179640,-17.080045700,206.230499268
4.292551994,-15.804695129,195.085113525
4.605192184,-18.127576828,216.096984863
2.919296265,-16.870731354,181.292022705
3.995082378,-17.752836227,234.404647827
6.171045780,-16.574518204,156.059066772
5.118020535,-14.883553505,109.163803101
4.452707291,-17.740871429,241.138916016
5.391235828,-17.636289597,212.738327026
5.212107182,-19.041643143,126.519409180
5.068565845,-17.036325455,241.123001099
6.101762295,-15.996814728,139.799011230
3.302639246,-17.284368515,212.199676514
6.141091347,-17.302118301,163.590759277
6.856177807,-16.826185226,105.403915405
6.109142303,-16.640823364,162.622436523
3.682105780,-15.948348999,190.531738281
6.631559372,-17.184402466,123.593238831
4.837349415,-15.766963959,187.891159058
7.270019054,-15.552970886,55.132083893
3.222610950,-18.312765121,164.044113159
3.781665564,-16.486333847,227.208297729
6.495051384,-17.118299484,135.051864624
4.770778179,-16.279401779,226.119583130
3.753630400,-18.332351685,189.036895752
4.133346081,-18.640359879,173.641860962
4.316488743,-17.582080841,247.842788696
4.609165192,-17.951000214,227.946380615
4.661602020,-16.814727783,251.448806763
5.722170353,-16.887321472,197.933624268
3.410958767,-17.249708176,220.123168945
7.426765919,-15.550821304,48.416370392
3.357054472,-17.239549637,216.520004272
4.777577400,-16.892198563,250.399612427
4.722522259,-17.336885452,251.503906250
3.564666510,-17.021568298,230.250137329
4.289804459,-15.995430946,210.067977905
3.266765118,-17.671724319,200.210968018
7.826843262,-17.552265167,43.997295380
3.679511786,-15.990155220,193.372604370
4.510852337,-17.530853271,249.649627686
4.546643257,-16.238883972,227.166107178
3.583095312,-17.951028824,206.715545654
5.267793655,-17.409412384,227.103195190
4.807282925,-17.886945724,227.691452026
5.142834187,-16.715921402,232.001495361
6.733870506,-18.456340790,84.534126282
3.987067699,-16.403409958,230.729949951
3.519746304,-16.258575439,202.433227539
4.280934811,-17.833362579,235.752410889
4.779065132,-17.326557159,250.245071411
4.298622608,-17.367076874,254.076965332
4.517120838,-17.094160080,256.901062012
5.980381966,-17.948905945,158.050765991
4.394654751,-17.381837845,254.241806030
2.861900091,-17.569414139,172.263626099
5.386238575,-17.085977554,223.332122803
4.731253624,-16.270067215,226.425109863
5.581809998,-17.718296051,196.933975220
4.724522591,-16.819185257,250.247833252
4.090698242,-16.481733322,237.489257812
6.671199799,-15.792997360,94.031143188
5.406045437,-16.290163040,200.090667725
5.472550869,-17.174423218,217.339874268
4.566668034,-16.874357224,254.153137207
3.974417925,-15.909226418,197.839645386
5.775661945,-14.945679665,94.423675537
2.533814669,-18.276147842,120.281303406
3.044749975,-16.647062302,186.672119141
5.473390579,-16.158292770,189.032257080
5.844954967,-17.896345139,170.434234619
5.386589527,-17.764856339,207.734863281
2.888642550,-17.808473587,166.815979004
3.751034737,-16.530630112,227.801345825
4.087454796,-17.211912155,252.769973755
3.577327967,-17.682424545,219.501190186
4.306447029,-16.948968887,255.767227173
4.707005024,-18.467025757,187.924530029
4.954046249,-16.884075165,244.380783081
3.000347137,-16.409486771,175.152603149
2.115994692,-17.777336121,106.671539307
4.070319653,-17.842029572,231.778244019
3.654594660,-14.319787979,67.735267639
3.923244953,-17.607009888,238.432373047
4.874509335,-17.036710739,249.063751221
5.158982277,-16.242290497,210.338867188
4.248030186,-16.231807709,226.168701172
3.816639423,-17.690891266,230.881607056
4.487749100,-17.655368805,244.960464478
4.726925850,-16.459238052,236.977462769
2.681367636,-16.766235352,159.631195068
3.433500767,-16.379734039,203.734756470
3.858319283,-15.682237625,176.565643311
4.654359341,-16.634616852,246.040466309
4.494682312,-17.967065811,228.075317383
4.604888439,-18.270862579,205.347900391
2.650282145,-16.474412918,149.912582397
3.391771317,-16.802305222,216.043838501
4.876364708,-16.538690567,236.633087158
3.527215958,-16.676237106,221.321319580
3.203233957,-15.569541931,140.225418091
2.066794872,-15.856005669,86.246688843
4.125759602,-18.272869110,203.992904663
4.077930927,-17.006008148,252.468032837
3.681341410,-16.436180115,220.173034668
4.584409237,-17.532772064,248.826141357
4.460999489,-17.755373001,240.385040283
6.958426476,-14.798789978,45.281044006
6.010634422,-16.359571457,161.924819946
2.716311693,-18.670883179,111.612838745
5.399308681,-17.214496613,221.979415894
5.077594280,-16.292537689,216.782638550
3.819344282,-17.262872696,242.970397949
6.576567173,-17.441387177,125.447753906
5.724093437,-17.248725891,198.252258301
4.509014606,-17.179084778,256.768096924
5.381112576,-17.761188507,208.234649658
4.648427486,-19.122312546,131.471191406
3.798755884,-17.373847961,240.274642944
4.053977966,-17.957319260,224.634735107
2.046520472,-16.587850571,104.618637085
4.411376953,-16.988920212,256.702362061
5.200761795,-18.731983185,152.014175415
2.243999958,-15.772348404,94.077636719
3.393031836,-16.923973083,218.276290894
3.658620596,-18.215625763,193.607833862
3.224401474,-17.869535446,189.045257568
5.904812813,-14.896883965,86.807151794
5.135444641,-15.505525589,158.417343140
4.545291901,-18.417928696,194.103408813
6.161413193,-16.351528168,150.179977417
4.175807953,-17.520240784,248.288436890
4.653178692,-18.326864243,200.262161255
4.732695580,-16.718593597,247.329177856
4.862788677,-17.951271057,222.241073608
3.083472729,-16.439727783,182.572540283
4.899538517,-18.508989334,180.134811401
4.086138248,-17.601404190,243.501571655
3.831992149,-16.859504700,241.856613159
5.349662304,-14.789835930,96.920463562
5.582426071,-16.503335953,198.433654785
4.405112743,-18.146539688,216.022994995
4.482185364,-17.282911301,255.890991211
6.145589828,-16.083526611,140.751815796
4.292945862,-16.399660110,236.590148926
3.358133554,-18.591646194,152.115341187
4.530590057,-16.209722519,225.413619995
2.674623251,-15.846127510,125.310867310
4.249928951,-16.164049149,221.731048584
4.139466286,-15.261881828,146.873367310
4.383112431,-17.871400833,234.152801514
4.814925194,-16.942762375,250.105407715
3.839472771,-17.912746429,220.566925049
5.519903660,-17.179025650,214.008255005
5.387955189,-16.887784958,221.667846680
4.442218304,-17.140180588,257.248626709
4.978337765,-16.417142868,227.387802124
4.330781937,-16.422252655,238.098403931
5.888890266,-18.414731979,139.698394775
4.681523800,-17.763494492,237.381378174
3.480696678,-18.888479233,134.784164429
4.759346008,-17.359188080,250.149703979
4.298462868,-16.571619034,244.991607666
4.894249916,-16.942754745,247.508117676
6.655122280,-17.444915771,119.111305237
3.959668636,-16.806497574,245.598800659
3.237736225,-17.879474640,189.492050171
4.294159889,-16.242855072,227.351943970
4.103829384,-17.598464966,244.028274536
3.771551847,-16.496212006,227.212570190
4.513925552,-17.089128494,256.918060303
2.851630449,-18.983100891,100.275344849
5.357372284,-17.305074692,223.617691040
5.699948788,-16.920886993,200.029830933
4.154621124,-16.389034271,234.072097778
3.640455961,-17.321884155,233.293350220
4.823606968,-17.154323578,250.820709229
3.139777422,-18.216648102,164.848739624
5.344909191,-17.230009079,225.332916260
1.666870952,-16.046205521,67.888092041
2.748294830,-16.633567810,162.385070801
5.717775822,-18.360305786,153.635437012
4.691685200,-17.724578857,239.097793579
6.011577606,-16.903301239,174.935241699
4.356435776,-18.900922775,152.318710327
3.435061693,-18.008228302,195.277938843
3.446077108,-16.417179108,206.272933960
4.474133015,-15.840797424,198.514190674
4.148722172,-17.306020737,253.026748657
3.168147087,-17.599229813,195.507858276
4.544886589,-16.378255844,235.481704712
-46.854282379,55.307376862,239.757614136
-47.691455841,54.040370941,223.208953857
-47.658214569,53.014450073,151.495880127
-47.547748566,54.402847290,242.474243164
-45.707527161,54.130096436,168.836868286
-48.409420013,56.545360565,126.587425232
-48.049926758,55.587036133,205.799514771
-46.492000580,52.845340729,132.975387573
-45.581302643,54.807796478,169.949188232
-46.595195770,54.477954865,236.112609863
-47.476451874,56.070507050,196.312179565
-46.762672424,55.746623993,215.601531982
-44.898799896,56.117092133,86.853866577
-44.893722534,55.062416077,111.004844666
-48.655277252,52.638935089,89.815696716
-47.020347595,53.288635254,178.847290039
-48.092559814,53.476501465,171.285430908
-46.919460297,53.932983398,223.520355225
-45.992767334,54.649436951,202.402282715
-47.964805603,54.322574615,223.022766113
-46.678569794,54.991691589,242.107818604
-47.834014893,55.080093384,234.928024292
-45.910652161,54.988018036,195.829940796
-48.525024414,54.486957550,189.440261841
-47.980022430,52.547180176,107.340820312
-47.061904907,54.343196869,244.769241333
-48.544944763,56.627777100,114.561798096
-48.419895172,52.959758759,120.171241760
-47.313175201,55.573867798,231.185989380
-46.332927704,56.317569733,160.520309448
-47.136409760,54.296230316,243.604507446
-48.297992706,55.944011688,171.706604004
-46.909053802,54.944335938,249.610549927
-46.487369537,53.272026062,165.524505615
-49.469299316,55.071025848,111.626129150
-46.674453735,52.777263641,132.050552368
-47.019893646,53.968193054,227.073089600
-47.315254211,55.133827209,248.692672729
-47.214641571,54.318687439,244.509185791
-47.729038239,53.944847107,216.737289429
-46.400558472,54.559638977,228.103775024
-45.024066925,57.378868103,45.817562103
-47.212375641,55.216991425,246.975753784
-45.691959381,54.559474945,177.671752930
-47.606418610,54.994270325,245.366348267
-47.011840820,55.852294922,213.740890503
-45.650981903,54.294929504,169.256301880
-47.134304047,53.892005920,223.451858521
-48.830650330,55.398376465,157.967926025
-45.639461517,56.076736450,137.138336182
-47.054401398,55.651775360,226.791320801
-46.930221558,53.404945374,187.030868530
-46.285026550,54.385044098,217.522766113
-48.645202637,54.603290558,181.464416504
-46.243064880,54.531066895,218.206146240
-48.041271210,54.508480072,223.604690552
-46.936840057,55.209842682,244.799392700
-45.416236877,54.161796570,146.826400757
-45.455162048,55.222484589,155.032684326
-48.203819275,54.717491150,215.932525635
-46.504375458,57.557525635,76.065093994
-46.893398285,56.854637146,132.995101929
-47.402538300,53.350124359,183.171447754
-47.571655273,54.297645569,238.352508545
-46.222076416,54.404201508,214.110809326
-47.435897827,54.836074829,251.018539429
-46.943031311,55.834968567,213.956573486
-45.582336426,55.873405457,143.200958252
-48.787384033,53.621570587,138.128082275
-47.142623901,55.474796295,236.735076904
-49.198883057,54.938896179,134.972106934
-45.077983856,54.983592987,126.565956116
-46.822250366,55.372703552,236.428878784
-47.603046417,54.721298218,246.568405151
-49.073490143,54.209133148,138.550445557
-46.905826569,53.501873016,194.086151123
-45.293617249,54.151412964,136.736053467
-47.533462524,54.561641693,246.632522583
-47.771022797,54.235111237,229.057647705
-47.130966187,53.745021820,213.939407349
-46.419162750,54.463222504,227.194030762
-47.218727112,54.377056122,246.473083496
-45.649307251,54.875099182,175.520721436
-46.654228210,55.749546051,211.997009277
-48.363441467,54.038150787,187.434844971
-46.873710632,55.953662872,204.572021484
-46.020557404,53.745529175,173.764877319
-47.299751282,55.878391266,212.493804932
-47.066841125,55.042358398,250.677246094
-47.119709015,55.828624725,216.180145264
-48.067741394,54.386276245,219.123580933
-46.371505737,52.656700134,115.470352173
-47.140987396,54.887096405,253.055099487
-45.843513489,55.430320740,180.583984375
-45.665290833,55.810825348,152.007705688
-46.799671173,55.074890137,244.821624756
-46.899982452,54.182296753,235.965835571
-47.455169678,54.381313324,243.984512329
-47.215435028,54.318805695,244.511215210
-47.371002197,55.420913696,238.052047729
-48.078353882,53.243701935,155.460144043
-46.552627563,54.782535553,237.984619141
-47.687927246,54.448604584,239.280426025
-47.577365875,55.729682922,217.453414917
-48.008064270,51.249572754,35.338493347
-48.197776794,54.564167023,214.724456787
-47.008693695,56.852844238,134.201934814
-46.550704956,54.147796631,223.011642456
-47.723148346,55.525093079,224.098159790
-48.816452026,54.949817657,167.563018799
-48.210678101,54.004154205,195.843444824
-47.295810699,53.611289978,204.224472046
-47.745658875,54.955062866,240.768264771
-46.284439087,55.112346649,220.129119873
-48.217269897,54.074134827,198.623062134
-47.356681824,54.022865295,230.119750977
-47.828636169,55.188762665,232.621566772
-46.414516449,55.923892975,191.366363525
-48.244884491,54.447929382,209.322128296
-47.323581696,52.293041229,98.875991821
-47.524154663,54.110191345,231.607315063
-46.398067474,56.588352203,142.791595459
-47.985000610,55.947086334,188.305801392
-45.533943176,55.567188263,151.991165161
-46.794418335,54.322971344,238.861160278
-48.329559326,55.037796021,205.511749268
-47.602108002,54.738849640,246.694213867
-46.797592163,54.669235229,246.761672974
-47.532375336,53.233745575,171.827804565
-47.972003937,56.969047546,113.256538391
-46.496444702,54.688674927,234.794616699
-48.598258972,54.741516113,186.290084839
-46.594223022,56.151187897,182.719650269
-47.617511749,55.376117706,234.427993774
-47.154716492,52.732513428,133.533264160
-48.752716064,55.036926270,172.051788330
-47.016651154,56.471626282,166.015487671
-47.248569489,55.755840302,220.925186157
-47.043144226,54.699424744,252.136306763
-48.353885651,56.076087952,160.328216553
-49.315162659,55.650421143,112.222526550
-48.596786499,54.544517517,184.661956787
-47.622798920,54.843921661,246.128570557
-46.128463745,55.867500305,179.754913330
-48.865470886,55.159309387,160.719467163
-47.608852386,54.143215179,230.890701294
-48.648284912,53.875549316,160.036773682
-47.898376465,54.547477722,232.196228027
-46.985073090,55.336677551,241.273635864
-47.575492859,54.419643402,242.188049316
-47.209278107,54.846775055,253.326156616
-47.799507141,53.689620972,198.407012939
-45.830425262,53.936908722,170.473800659
-46.628269196,53.949989319,216.333740234
-47.837646484,55.979766846,192.468978882
-47.337646484,54.895305634,252.245956421
-46.098033905,56.566165924,132.471679688
-45.950012207,55.251773834,193.940612793
-46.369110107,54.837192535,228.337310791
-48.873966217,55.127475739,160.547271729
-46.777530670,54.431858063,241.715576172
-47.603324890,57.183788300,105.063629150
-47.990737915,54.803474426,229.501815796
-46.459457397,53.625240326,189.635070801
-47.436923981,55.340869904,240.338256836
-47.931648254,53.754711151,197.129638672
-45.955711365,55.391323090,190.198989868
-49.087741852,54.333072662,140.168792725
-45.521896362,53.361450195,121.578636169
-45.919128418,55.018142700,196.129638672
-47.238677979,53.129981995,166.451538086
-46.881130219,54.563190460,247.504058838
-46.407859802,55.026641846,228.877777100
-47.412296295,56.075309753,196.981796265
-47.338359833,55.341899872,241.767227173
-45.805343628,54.631431580,187.682373047
-48.654418945,55.910987854,150.436416626
-47.535453796,55.472541809,232.503173828
-47.540721893,54.150924683,233.123321533
-47.489822388,54.102863312,232.027969360
-48.103984833,55.075183868,220.186172485
-47.608882904,56.620609283,149.713821411
-48.069694519,56.512641907,144.147430420
-48.354442596,55.008682251,204.092910767
-46.517433167,55.668140411,211.294448853
-47.804073334,54.109916687,222.291320801
-47.641613007,54.418609619,240.100540161
-48.435935974,55.077716827,196.949569702
-48.269340515,54.649658203,210.881317139
-47.773353577,54.968982697,239.435302734
-47.598648071,55.885570526,206.834808350
-47.092174530,53.901195526,223.793518066
-47.036743164,55.787387848,218.297241211
-45.666473389,55.551925659,162.800460815
-47.137428284,54.849807739,253.221466064
-47.171718597,55.208847046,247.232955933
-45.938182831,53.605609894,160.865783691
-46.487262726,52.978633881,143.096954346
-47.383686066,54.300765991,242.475112915
-48.415981293,54.861343384,200.697341919
-47.006866455,56.033954620,200.777923584
-47.066253662,55.404472351,239.474639893
-47.772441864,54.463874817,236.310684204
-47.106079102,54.540809631,250.478668213
-48.242214203,55.140487671,209.807998657
-48.219310760,53.310516357,153.692840576
-45.982089996,53.130825043,133.787322998
-46.926166534,58.338287354,39.182346344
-46.263599396,54.212974548,210.674880981
-47.691291809,55.093967438,240.669616699
-47.000022888,55.201675415,246.099182129
-46.400356293,54.876667023,229.976455688
-47.155288696,54.214004517,240.373596191
-47.262798309,54.020923615,230.819030762
-46.893890381,54.630367279,248.847381592
-46.031787872,54.089389801,190.962295532
-48.618671417,55.200511932,180.221755981
-46.748153687,56.177715302,185.213485718
-46.338775635,53.649562836,185.754547119
-46.704639435,54.957386017,243.507156372
-46.155620575,56.090129852,167.681549072
-46.039947510,54.132308960,193.214920044
-46.689506531,53.654251099,199.993759155
-48.727748871,55.475032806,163.765869141
-47.411022186,57.078456879,115.395004272
-48.092128754,57.445678711,77.735229492
-46.362651825,56.684963226,134.255294800
-46.022331238,55.476528168,191.851547241
-48.885524750,55.049377441,160.688293457
-47.720359802,52.777557373,131.146362305
-47.411670685,54.149532318,235.731246948
-47.174247742,54.093223572,234.788909912
-46.696315765,53.327404022,176.195358276
-47.382682800,55.202960968,245.985870361
-48.052005768,54.534744263,223.470245361
-50.110870361,53.592460632,53.508659363
-46.783027649,54.833629608,246.977005005
-47.101108551,54.807952881,253.096145630
-48.185649872,55.403209686,205.715423584
-47.755535126,55.235164642,234.468048096
-45.128520966,54.266269684,126.135711670
-46.235805511,54.517429352,217.494354248
-47.870021820,55.395439148,223.677108765
-47.304519653,55.344154358,242.015625000
-45.273960114,54.763610840,143.732192993
-47.296520233,55.329158783,242.667129517
-46.885295868,55.104282379,246.459625244
-48.296939850,53.864536285,183.496322632
-47.890144348,55.989315033,189.689743042
-46.296600342,56.077899933,175.676239014
-48.657752991,55.551506042,166.423629761
-46.803722382,57.056606293,115.767105103
-46.031810760,54.814632416,206.014724731
-47.217250824,55.205802917,247.304550171
-48.459171295,53.418636322,147.821289062
-47.349914551,55.499794006,234.622329712
-46.670467377,55.140407562,238.993591309
-47.244560242,55.784519196,219.101699829
-47.224872589,54.029659271,231.439468384
-48.328952789,54.373497009,201.636169434
-48.255973816,54.005435944,193.056823730
-48.491619110,55.883846283,162.903289795
-47.957740784,54.314113617,223.121139526
-46.533355713,53.381893158,175.332717896
-48.172550201,56.726825714,124.297332764
-47.951011658,55.357471466,221.112152100
-45.138656616,55.468357086,123.705543518
-46.669826508,57.076534271,112.179237366
-47.909698486,53.047630310,147.137405396
-47.731178284,54.094100952,224.448867798
-47.099143982,54.224834442,240.572433472
-46.174190521,55.480018616,201.796676636
-48.399929047,55.668067932,180.087646484
-47.198562622,52.386741638,106.197387695
-46.392471313,53.193382263,156.185943604
-45.634361267,54.814968109,174.409255981
-47.325519562,55.654609680,226.546020508
-46.984489441,55.890930176,210.770095825
-46.515300751,54.487525940,232.668045044
-45.445018768,52.534034729,74.754516602
-47.723133087,53.837623596,210.645980835
-47.412750244,55.006683350,249.927963257
-47.081279755,56.142524719,193.137969971
-46.975044250,55.661968231,225.249069214
-47.784244537,54.107017517,222.980148315
-46.853389740,54.831459045,248.984039307
-45.950973511,54.351139069,193.962982178
-46.415287018,54.962467194,230.126510620
-45.763568878,54.799339294,185.108551025
-47.013957977,55.959403992,206.301300049
-48.434360504,55.412528992,188.298965454
-47.406250000,54.184356689,237.401626587
-46.149803162,54.496425629,211.427749634
-46.566413879,56.548591614,151.221817017
-45.897148132,57.375339508,73.133247375
-48.071647644,53.095207214,144.830001831
-46.763011932,56.036148071,196.147567749
-46.809494019,52.331619263,100.088821411
-46.842700958,54.821910858,248.718170166
-46.227802277,53.434211731,166.205505371
-46.089492798,53.388179779,156.164764404
-48.311077118,52.250843048,78.713775635
-45.325237274,52.461803436,66.768882751
-46.225120544,54.670642853,218.905380249
-47.419586182,56.161293030,190.270675659
-46.573940277,55.429824829,225.375427246
-44.694080353,56.177200317,72.817077637
-44.334899902,53.712829590,60.834011078
-48.878627777,54.927268982,162.426956177
-46.836627960,55.095870972,245.428588867
-46.425788879,55.101127625,228.532531738
-47.265846252,55.392803192,240.297256470
-47.256469727,55.490226746,235.883346558
-45.860198975,52.547199249,91.307609558
-47.381580353,55.491130829,234.634231567
-48.095630646,56.530254364,141.788909912
-46.095745087,55.319656372,202.415496826
-48.232139587,54.103076935,198.919906616
-47.344890594,55.791210175,217.917114258
-46.297744751,56.481361389,147.057723999
-47.219104767,53.817802429,218.841445923
-47.080337524,53.513607025,196.981719971
-45.910865784,53.896732330,174.264770508
-46.413440704,55.853458405,195.751419067
-47.913261414,53.798374176,200.646347046
-48.998043060,54.896526337,152.360565186
-46.845981598,54.939750671,248.140670776
-46.914157867,54.552680969,248.048553467
-48.933013916,54.190280914,149.477401733
-48.463672638,54.551681519,195.281600952
-47.680042267,53.847045898,212.667297363
-48.134174347,54.023311615,201.373474121
-48.396030426,55.298690796,194.799331665
-45.929973602,54.319480896,191.557876587
-46.674465179,55.827419281,207.849304199
-45.304122925,53.832206726,127.538543701
-46.517658234,54.248683929,225.622558594
-46.585914612,54.785453796,239.510543823
-46.326427460,53.524108887,176.954437256
-47.523487091,55.452384949,233.736343384
-47.138729095,54.468360901,249.008224487
-48.590766907,54.909538269,186.650451660
-46.462352753,55.680137634,208.144943237
-46.774829865,54.889209747,246.487609863
-49.048881531,56.352096558,102.276184082
-49.066890717,54.260971069,140.336380005
-46.404735565,55.458206177,216.097579956
-48.390781403,55.100746155,199.954040527
-46.176094055,55.288524628,208.755447388
-45.805236816,54.950733185,187.864135742
-45.874847412,54.291809082,186.654785156
-47.587429047,55.475986481,230.943664551
-46.720291138,55.962451935,200.232330322
-45.536540985,52.526237488,77.922729492
-46.500541687,53.172378540,158.418182373
-48.469680786,53.698097229,163.498199463
-47.542972565,54.553455353,246.230087280
-48.182682037,56.093803406,168.723815918
-46.940570831,53.454196930,190.993301392
-47.921993256,54.580074310,231.525146484
-45.583168030,54.039855957,156.147811890
-48.177467346,57.238338470,88.686813354
-47.493114471,54.369663239,242.809631348
-47.245330811,54.189189911,239.222732544
-46.801742554,54.843185425,247.521087646
-47.194763184,54.995559692,252.023437500
-46.728340149,52.355083466,100.796951294
-48.589065552,55.261775970,181.112457275
-7.949692726,12.188306808,166.256408691
-7.519234657,12.762825012,176.413803101
-9.738853455,13.012086868,209.639495850
-9.732450485,13.778767586,220.996307373
-6.981112003,13.368414879,150.651687622
-10.331561089,14.467637062,159.467117310
-8.842456818,14.410458565,228.573638916
-9.618021965,14.119997025,220.016510010
-9.488363266,13.179464340,229.012008667
-9.485442162,13.879052162,233.147079468
-10.592516899,12.145112038,111.567214966
-9.230835915,13.227098465,240.639663696
-8.559150696,11.635130882,137.686859131
-7.250410080,14.513791084,151.495162964
-9.164873123,14.934250832,190.005859375
-7.407506943,11.589035988,100.539283752
-8.433202744,15.036575317,179.894790649
-8.884859085,13.576096535,252.420303345
-9.415230751,14.156334877,228.401702881
-8.673534393,13.473575592,251.303344727
-7.374279499,13.214308739,180.566055298
-9.629338264,15.562808037,129.578033447
-8.904850006,13.326352119,249.426910400
-8.276057243,13.903307915,238.097152710
-10.105545044,14.865133286,155.224182129
-8.602906227,13.640918732,250.856948853
-8.473962784,12.831988335,226.941223145
-9.043278694,14.117696762,240.707733154
-8.171799660,13.053020477,226.928131104
-8.654463768,13.583113670,251.661666870
-7.874354362,14.033851624,213.941390991
-8.447570801,14.357153893,226.336257935
-8.400408745,12.393653870,196.947158813
-6.681774139,13.370419502,125.933883667
-8.869566917,13.645436287,252.439697266
-10.187440872,13.093750954,181.321411133
-8.324220657,13.537177086,243.458328247
-8.938668251,14.074197769,243.590866089
-9.628842354,13.109891891,219.526153564
-7.054736137,12.987173080,149.652694702
-9.048459053,12.660717010,218.555084229
-7.457414627,13.963652611,186.402954102
-8.055562973,13.414111137,230.360534668
-8.827083588,13.623910904,252.610595703
-9.543400764,11.931300163,150.935455322
-7.447700977,14.578624725,162.472106934
-7.465803623,12.323473930,149.749160767
-8.734536171,14.015393257,245.761367798
-8.153954506,15.031754494,171.791763306
-8.792702675,15.350696564,159.013702393
-10.692773819,14.198812485,139.984954834
-9.795112610,14.324026108,202.057601929
-7.176893711,13.045845985,160.938674927
-7.348216534,13.752603531,181.207824707
-6.907388687,14.365521431,131.325775146
-9.210879326,13.826287270,244.766906738
-9.472991943,14.420608521,214.056747437
-9.499078751,13.308582306,231.811965942
-11.585389137,12.824069977,71.124938965
-9.603247643,14.909035683,178.494766235
-7.928734303,14.037786484,217.119171143
-8.534014702,14.603412628,213.714019775
-8.763282776,15.259693146,166.446685791
-8.369579315,13.195437431,239.276916504
-7.925399780,13.706870079,223.443908691
-7.704508305,15.084960938,147.593185425
-10.375528336,13.709643364,173.527893066
-7.928839207,12.104971886,159.256439209
-9.078717232,12.902811050,231.799865723
-7.945599079,12.708516121,199.814010620
-8.899041176,12.520645142,210.843643188
-7.512017727,14.078005791,187.590881348
-8.952585220,12.147985458,181.794158936
-8.701803207,14.387467384,229.261047363
-8.740349770,13.886041641,249.247970581
-8.517288208,11.872293472,157.255020142
-9.951609612,12.694900513,181.962387085
-8.160294533,13.888459206,233.411285400
-9.446204185,12.327872276,184.689712524
-8.034929276,13.487448692,229.956298828
-11.458708763,12.403164864,69.379890442
-6.818865299,13.849004745,136.140853882
-10.172280312,15.096599579,137.723556519
-8.706840515,14.782930374,203.715896606
-9.653275490,15.557051659,129.267913818
-8.878922462,13.380947113,250.622848511
-9.478125572,13.295646667,232.545700073
-9.478842735,15.594518661,131.318496704
-9.329813957,14.685891151,203.584136963
-8.054924965,13.299869537,228.462722778
-9.740989685,13.619205475,221.365783691
-7.636971951,14.339723587,186.904830933
-7.539484024,14.805793762,155.988952637
-9.670412064,13.669831276,225.581665039
-7.231065273,11.689359665,98.777099609
-8.801854134,13.910755157,248.906631470
-7.824425220,14.109713554,208.376083374
-9.945613861,13.481938362,206.924362183
-7.813437939,15.272923470,139.691009521
-7.978649616,13.135955811,220.130569458
-9.441611290,12.989962578,224.266921997
-10.166089058,13.126739502,183.887710571
-8.445256233,15.094398499,175.593811035
-8.849768639,13.938318253,248.205001831
-8.278963089,14.013127327,235.262695312
-7.292444706,14.737524986,143.628967285
-9.272492409,11.104043007,92.791946411
-10.166325569,14.080623627,184.791473389
-8.637522697,14.295990944,233.320938110
-9.410477638,14.757813454,196.172546387
-7.792022705,14.633329391,181.532669067
-9.678393364,12.638920784,194.868576050
-8.903590202,12.726666451,224.345901489
-8.994603157,12.293459892,193.041870117
-7.089059353,12.813506126,146.908401489
-9.201461792,12.412776947,198.393020630
-8.337522507,14.867506981,190.253280640
-6.267134190,12.527519226,80.137557983
-6.284916401,14.986472130,68.904434204
-8.951087952,13.230006218,246.639892578
-8.711590767,14.175395966,239.694488525
-6.859152317,13.276362419,139.518630981
-8.057724953,13.806747437,229.788513184
-8.064666748,13.825071335,229.856658936
-7.576977730,13.512692451,199.957626343
-7.841598511,12.888547897,202.897354126
-9.412255287,14.847274780,189.958389282
-9.824043274,14.443551064,194.883651733
-8.911757469,12.316509247,195.588272095
-5.825328350,12.242772102,50.195110321
-8.856795311,13.212682724,246.827926636
-9.598248482,14.588483810,199.199890137
-8.966272354,13.008986473,238.525909424
-7.652444839,13.918525696,201.996353149
-9.798155785,13.486276627,217.139297485
-10.989168167,13.888576508,121.117820740
-8.720555305,15.024341583,185.348312378
-8.296943665,12.972329140,228.613037109
-9.768282890,14.290507317,205.072357178
-10.595407486,13.926792145,153.130615234
-8.536915779,16.212411880,89.220016479
-10.187480927,13.313245773,186.400909424
-7.145375729,13.892025948,162.666473389
-8.120192528,14.094528198,225.599594116
-8.992947578,12.930309296,234.569427490
-8.861546516,14.774100304,204.945907593
-9.036471367,13.118329048,241.863021851
-9.566776276,12.016445160,156.724685669
-9.630670547,14.005182266,222.768218994
-9.735768318,13.730301857,221.245269775
-9.285029411,12.577073097,207.518814087
-8.600077629,16.628747940,63.505363464
-11.117680550,12.362082481,88.122749329
-9.266206741,13.509389877,244.457672119
-8.786336899,16.240644455,88.983993530
-7.003955841,13.587853432,153.472686768
-8.435839653,15.821254730,116.734298706
-9.260661125,13.803180695,243.563049316
-9.014570236,12.388486862,200.089553833
-10.563582420,13.001819611,148.983108521
-7.955508709,14.004938126,219.662994385
-6.860642433,14.495389938,123.288414001
-7.989637852,13.598155022,227.756072998
-9.028805733,13.756307602,249.944961548
-8.403195381,13.310564995,243.232040405
-8.562438011,13.345317841,247.836029053
-8.631493568,12.901161194,233.325454712
-8.252056122,15.049816132,173.813018799
-9.418323517,14.494027138,212.273757935
-9.100840569,13.960030556,244.690719604
-8.174568176,14.181827545,224.805358887
-8.297353745,12.873421669,223.987121582
-8.366769791,12.840458870,224.549835205
-10.019377708,12.907740593,187.202041626
-9.070057869,14.447460175,224.518630981
-11.373545647,13.918030739,91.618072510
-8.707754135,15.004212379,186.842758179
-9.359965324,14.797505379,195.109603882
-7.721680641,13.397503853,209.531127930
-8.548736572,12.830837250,228.405960083
-8.758375168,12.753122330,226.202346802
-6.823728085,11.560755730,73.493667603
-8.475041389,14.933250427,188.861816406
-10.492240906,14.502917290,146.167938232
-9.825128555,12.624465942,185.915786743
-8.153469086,14.300832748,218.557495117
-8.010046005,14.991564751,168.949966431
-7.222615242,12.585083961,147.489761353
-8.441171646,14.214969635,233.083282471
-6.216245174,13.894553185,88.996032715
-11.062153816,12.193427086,85.454299927
-9.006940842,12.953994751,235.503158569
-6.609262943,12.508444786,101.519180298
-10.091084480,12.938858986,183.331985474
-9.340624809,11.151649475,95.252876282
-7.581968784,12.993073463,190.038253784
-8.686287880,13.110668182,243.013977051
-7.805152416,14.065839767,208.573516846
-9.306860924,12.697861671,214.420837402
-8.841266632,11.713626862,145.582626343
-8.752230644,13.668417931,252.308792114
-8.391575813,13.703102112,245.392608643
-10.080736160,15.422572136,121.965469360
-7.923476219,13.296488762,221.008728027
-9.106786728,14.183556557,236.935226440
-11.560772896,13.290271759,78.538276672
-9.132342339,14.174902916,236.744338989
-8.940201759,12.517699242,210.325942993
-10.596119881,13.263752937,152.169830322
-8.291083336,14.152644157,230.802490234
-8.538899422,13.785325050,248.353729248
-8.296097755,12.952344894,227.693603516
-7.531524658,11.056162834,72.404235840
-10.302005768,12.411450386,143.977081299
-7.223191738,15.324745178,106.469383240
-7.766927242,14.676603317,177.498977661
-8.727471352,13.209661484,246.587020874
-7.640125275,14.357854843,186.310882568
-9.097359657,14.418202400,225.693603516
-9.604689598,13.465806961,228.735107422
-7.939342022,13.576025963,224.812255859
-9.776419640,12.899958611,202.737869263
-8.484254837,12.499586105,206.426879883
-11.455380440,14.870510101,69.250968933
-9.271727562,12.923744202,227.782577515
-9.529865265,11.946187973,152.565124512
-9.126871109,13.357257843,246.549011230
-8.615528107,12.071555138,175.164596558
-9.551601410,14.617059708,199.625869751
-9.203101158,12.212099075,183.075408936
-10.045816422,12.791246414,180.367401123
-7.657996655,13.246359825,202.556732178
-9.026323318,12.385996819,199.744812012
-9.824528694,15.479148865,128.956207275
-8.235486984,13.581191063,240.064834595
-7.515896797,13.559278488,195.421234131
-8.636024475,13.438071251,250.468811035
-9.170534134,13.475365639,247.107192993
-7.596666813,14.195948601,189.899642944
-8.928202629,14.378465652,230.014663696
-8.880160332,13.896612167,249.104232788
-9.038355827,13.465701103,249.967422485
-7.361108780,13.218637466,179.615966797
-10.015415192,12.928297997,188.298767090
-9.314198494,14.985549927,182.802429199
-8.860304832,12.982983589,238.209106445
-10.631752014,15.078178406,111.390487671
-10.820603371,14.753601074,112.919807434
-7.767516613,12.782154083,193.505340576
-9.075329781,13.455302238,249.157089233
-8.896316528,12.856344223,231.776687622
-9.576065063,13.444515228,230.074630737
-10.721943855,12.963137627,135.317626953
-8.322543144,13.812568665,241.661727905
-8.165428162,12.668624878,207.755126953
-9.000058174,14.738669395,206.717010498
-8.548787117,11.582828522,133.189041138
-8.293199539,13.110980034,233.937240601
-9.474024773,12.321135521,183.166549683
-9.688727379,13.800977707,223.404083252
-8.833022118,14.615323067,215.994628906
-11.081568718,11.516517639,58.454978943
-8.135610580,12.085457802,165.648284912
-8.985355377,15.214385033,170.043807983
-9.447214127,15.614222527,130.553924561
-7.983831406,13.421498299,226.492752075
-9.658324242,13.912133217,223.368286133
-9.305135727,13.124711990,234.934112549
-8.195925713,13.997890472,232.250198364
-7.242506981,13.290431023,171.351776123
-8.972924232,15.025996208,185.320724487
-8.363876343,12.631753922,212.345809937
-9.820890427,12.682866096,189.385513306
-10.391344070,12.570653915,145.822280884
-9.313133240,11.998798370,163.279556274
-6.622717857,13.152531624,118.745910645
-9.943173409,13.969640732,203.831787109
-8.073122025,13.331453323,230.019805908
-10.090898514,15.170966148,137.577011108
-7.274755478,13.602413177,176.102447510
-9.920996666,13.954416275,205.706924438
-10.689023018,15.024148941,110.351020813
-7.737653732,14.116160393,202.479415894
-9.867246628,14.809636116,172.238220215
-8.895932198,13.291147232,248.703979492
-8.196821213,12.945420265,223.558731079
-8.744462013,13.512064934,252.175155640
-9.379031181,11.338295937,108.542160034
-9.668825150,14.688174248,189.903152466
-9.387808800,16.901298523,48.581413269
-7.068288326,13.503340721,158.805221558
-8.384849548,16.564855576,65.245231628
-9.104091644,13.313336372,246.186706543
-8.883000374,13.868145943,249.701187134
-9.346081734,13.152636528,234.344116211
-7.331956387,13.727321625,180.129531860
-9.388272285,14.088617325,231.917953491
-8.417387962,13.080966949,236.886718750
-9.334753990,13.779020309,241.235534668
-8.614740372,15.232020378,167.396789551
-9.738070488,13.108325958,213.116928101
-8.414677620,14.138475418,235.533462524
-10.679807663,13.936780930,145.963867188
-9.636627197,14.491970062,202.720687866
-9.584347725,13.438773155,229.557449341
-8.612397194,13.980945587,245.440002441
-8.965579033,13.328788757,248.892654419
-9.720268250,13.058565140,212.479812622
-10.147867203,15.225917816,131.151824951
-8.672468185,12.121848106,179.815933228
-8.152939796,12.112298965,168.314605713
-9.660778046,13.648520470,226.217910767
-9.783614159,13.418282509,217.362640381
-8.295360565,11.833633423,149.917175293
-7.238181114,14.366839409,156.729415894
-9.422521591,15.694875717,124.884338379
-9.865824699,14.739002228,176.553375244
-9.093344688,15.611302376,136.544067383
-8.440935135,13.489475250,246.935913086
-8.929944992,13.584794044,252.103088379
-8.906880379,13.352911949,249.942657471
-9.191665649,13.059172630,236.128265381
-8.778764725,13.936326027,248.228942871
-8.144746780,13.891077995,232.615859985
-8.818132401,13.251065254,247.987213135
-8.580806732,13.839544296,248.274887085
-9.156623840,14.707719803,206.518142700
-8.087552071,12.992202759,220.645446777
-9.539090157,13.109056473,224.249496460
-8.756914139,12.846941948,231.494003296
-8.985512733,14.131958961,240.975997925
-9.036978722,13.860896111,248.177230835
-9.291632652,12.787587166,220.099655151
-8.451992035,11.930838585,161.169189453
-6.328487396,12.675258636,87.720092773
-9.541523933,13.379245758,230.994812012
-9.445504189,13.030144691,225.754119873
-8.464790344,13.530842781,247.844100952
-9.243123055,12.173445702,179.080612183
-9.739220619,13.801568031,220.307556152
-8.636914253,12.268076897,191.342498779
-8.980544090,11.201500893,102.926803589
-8.385014534,13.240839005,241.024932861
-7.741618156,14.110416412,202.938598633
-7.623165131,13.283069611,200.784576416
-8.841705322,12.837560654,231.016845703
-7.894088268,13.799271584,220.439102173
-8.947540283,14.892858505,195.814865112
-10.624559402,14.706955910,128.446685791
-9.591435432,13.749875069,229.549377441
-10.631802559,13.841986656,151.084152222
-9.529668808,12.515699387,194.373062134
-7.366821766,12.310861588,142.943054199
-9.194642067,14.130255699,236.960433960
-8.289842606,12.343054771,190.225570679
-9.149343491,15.408418655,152.490127563
-9.230708122,15.529117584,141.505828857
-8.464200020,14.204712868,234.151428223
-11.033614159,13.253421783,116.332389832
-7.480278492,13.258217812,189.657501221
-9.570625305,13.249204636,226.778442383
-8.249689102,12.728005409,214.467941284
-9.281738281,12.744651794,217.991714478
-9.888358116,15.298658371,138.960388184
-10.044604301,14.393943787,182.980224609
-8.648127556,14.884893417,195.502487183
-8.133580208,13.613974571,235.386413574
-7.794155121,13.269429207,212.346160889
-96.243583679,22.765073776,239.974472046
-96.776412964,23.967613220,231.758270264
-97.566078186,24.969738007,133.487411499
-95.835540771,25.090366364,166.633468628
-96.226425171,23.074625015,252.230545044
-95.166748047,24.730693817,170.305328369
-97.113151550,23.731210709,219.269836426
-95.995140076,23.349615097,256.445953369
-97.392387390,22.288896561,162.295532227
-93.828330994,24.702190399,85.908493042
-94.645256042,21.870391846,124.354965210
-98.573524475,24.866518021,77.101715088
-97.265296936,24.509958267,178.590744019
-95.603492737,24.193513870,224.530441284
-96.345481873,24.556833267,211.181976318
-95.973945618,22.992036819,249.006271362
-96.670440674,22.317613602,202.449462891
-96.439376831,24.037704468,240.264694214
-95.142997742,23.193370819,218.440780640
-96.700874329,22.699024200,224.989624023
-96.505531311,22.807825089,237.168426514
-96.246650696,23.246725082,255.736038208
-94.410690308,23.257310867,160.110855103
-94.648460388,22.923242569,174.635269165
-96.428260803,23.278457642,253.247070312
-96.410438538,22.312217712,209.204879761
-96.689880371,23.908596039,237.552734375
-95.932205200,23.894372940,247.286743164
-96.752868652,22.401016235,205.032516479
-95.789779663,21.207118988,116.503852844
-94.965629578,23.534206390,206.722183228
-95.346725464,23.353799820,233.023391724
-97.076385498,24.727170944,175.624145508
-95.639244080,23.533657074,247.044326782
-96.765563965,24.934410095,173.236129761
-94.690902710,22.924221039,178.126037598
-96.920852661,23.101577759,229.647994995
-97.539924622,23.312131882,188.297531128
-96.043754578,21.713867188,162.243209839
-96.956893921,24.464796066,198.345245361
-96.148628235,21.308763504,127.071601868
-96.028457642,24.446241379,219.358917236
-95.198135376,24.439849854,190.667572021
-96.812225342,22.950141907,230.930923462
-96.630958557,24.409511566,214.982910156
-97.272781372,22.857830048,198.881240845
-95.796607971,23.145269394,249.750808716
-97.775962830,23.860082626,165.176528931
-95.176986694,22.785623550,209.034835815
-96.421913147,23.213718414,252.434387207
-96.208961487,24.398914337,223.066482544
-95.910018921,22.977462769,247.546020508
-96.877288818,24.012357712,225.194747925
-97.627708435,22.510368347,157.298568726
-95.921478271,23.956565857,244.756225586
-97.027801514,23.336437225,226.994400024
-94.820671082,22.132495880,151.105499268
-96.234237671,22.451082230,221.435562134
-95.023818970,22.348295212,176.923171997
-96.609153748,23.404750824,248.740203857
-96.915016174,23.197982788,232.036758423
-96.280944824,24.119272232,238.862686157
-97.939773560,23.277986526,153.372741699
-96.642654419,23.130979538,243.870513916
-94.650695801,22.942083359,175.315460205
-95.302703857,24.024538040,217.829910278
-96.712585449,24.017774582,232.561706543
-96.158325195,23.919670105,248.216110229
-96.827232361,24.593280792,195.880126953
-96.724510193,23.300992966,243.309799194
-95.026168823,23.366975784,211.671630859
-96.340347290,24.062395096,240.906570435
-94.573158264,22.975490570,169.700576782
-96.100074768,23.914646149,248.306503296
-96.566665649,22.978311539,242.201751709
-95.206756592,23.142801285,221.841323853
-94.823272705,22.215375900,156.265350342
-95.948478699,24.140167236,236.782196045
-95.787132263,22.651973724,230.117019653
-97.575332642,22.712322235,170.178176880
-95.189056396,24.802791595,166.497573853
-96.828773499,25.544055939,123.806030273
-96.449111938,24.336536407,224.219955444
-96.248176575,23.309635162,256.489593506
-95.293861389,24.801689148,171.689346313
-95.099311829,23.537847519,216.576110840
-95.917869568,23.889339447,247.213775635
-94.165489197,22.711975098,128.964416504
-96.316383362,22.625110626,231.564804077
-96.296867371,23.076423645,251.567153931
-95.531967163,22.511966705,213.513473511
-94.370208740,24.172536850,143.769973755
-97.713691711,22.765634537,161.076492310
-96.846603394,21.946367264,167.684387207
-94.873664856,22.818315506,189.149581909
-96.778099060,22.413335800,204.786468506
-96.187355042,23.311552048,256.896820068
-96.150779724,24.098278046,240.492309570
-96.768478394,23.242240906,240.503311157
-97.184608459,21.096788406,90.880943298
-96.360198975,22.060352325,190.379714966
-95.248771667,23.723670959,223.910385132
-95.873435974,23.208139420,252.806152344
-97.608909607,24.550090790,153.888946533
-95.918304443,22.411161423,217.603164673
-95.147209167,22.811117172,208.158966064
-95.338706970,24.170665741,213.286926270
-96.357635498,24.582868576,209.159454346
-95.616424561,21.698818207,154.665435791
-95.355651855,25.780136108,100.982231140
-95.252563477,23.621305466,225.967330933
-96.186080933,22.883344650,245.775314331
-96.761466980,23.415746689,242.328887939
-96.837448120,23.557649612,238.107009888
-94.202384949,22.594768524,128.288238525
-95.042060852,23.376535416,212.874267578
-96.313659668,23.406887054,256.311279297
-94.558395386,23.145196915,171.653884888
-95.199829102,24.766670227,169.560928345
-97.342910767,23.863058090,200.074676514
-95.883674622,23.835927963,248.329925537
-97.020019531,23.773979187,224.384124756
-96.296783447,22.341302872,213.094970703
-97.013786316,22.888393402,217.423431396
-95.681800842,25.289615631,146.995819092
-96.308425903,22.218372345,203.705261230
-96.873100281,23.488918304,236.585693359
-96.859428406,23.906044006,229.876953125
-96.456001282,22.356338501,211.453353882
-94.940200806,24.236621857,184.951416016
-96.245620728,23.672929764,254.807586670
-96.200988770,23.749422073,253.411087036
-97.374458313,24.895219803,148.900405884
-95.195808411,21.989406586,162.368606567
-97.941879272,24.678821564,124.707962036
-96.524932861,23.400228500,251.568572998
-96.224494934,24.142372131,238.095764160
-93.317382812,23.582149506,72.974197388
-96.650489807,23.118881226,243.271957397
-96.330360413,22.843618393,242.638214111
-96.101730347,23.456964493,257.452484131
-96.790939331,22.782957077,225.125610352
-96.164009094,22.940586090,248.130310059
-98.224311829,22.989849091,124.526458740
-96.346229553,22.299007416,209.322296143
-95.350227356,24.332157135,205.287796021
-95.451782227,23.696027756,236.157180786
-95.431663513,23.213191986,236.347900391
-97.316230774,24.397476196,181.408630371
-95.197105408,22.220520020,178.756622314
-96.571121216,23.623838425,248.828872681
-94.617179871,24.535623550,147.232452393
-95.479469299,22.838983536,228.064010620
-96.279563904,23.343372345,256.453735352
-96.841865540,22.877500534,226.689376831
-94.381629944,23.225936890,157.309936523
-95.454238892,23.860067368,232.036727905
-96.201103210,22.588027954,230.469650269
-95.037048340,23.366428375,212.474426270
-95.577850342,24.681610107,192.192352295
-96.711143494,24.478197098,207.909622192
-95.896705627,24.159713745,234.872314453
-95.400901794,26.906639099,39.414192200
-96.799980164,21.248683929,113.091514587
-94.973541260,23.359111786,207.678878784
-95.667312622,22.300342560,204.158065796
-93.542472839,24.771812439,66.955116272
-94.218269348,22.288053513,117.911804199
-97.496620178,25.258762360,119.377342224
-98.367370605,23.919889450,114.723892212
-95.533493042,22.683856964,223.260101318
-96.327278137,25.156538010,163.647018433
-96.858161926,24.450986862,203.785644531
-94.189575195,24.349889755,123.469833374
-95.747322083,24.390855789,217.749847412
-96.515129089,24.340761185,222.486526489
-96.616035461,24.015010834,236.298919678
-94.585060120,23.908699036,169.343078613
-97.532028198,25.491182327,103.278106689
-96.300071716,23.371299744,256.370086670
-96.933372498,22.125391006,177.610214233
-95.869338989,22.890151978,243.493438721
-96.872413635,20.901168823,85.822975159
-96.291412354,22.543804169,226.950317383
-95.239593506,23.150859833,224.105697632
-94.935066223,22.300294876,168.486785889
-97.024421692,23.439102173,227.673843384
-96.379173279,21.458745956,138.471878052
-94.928321838,22.985050201,198.473175049
-98.111099243,23.104146957,136.160186768
-94.999229431,21.507162094,118.004524231
-95.083763123,23.861089706,209.449523926
-96.396133423,23.197904587,252.711532593
-95.698921204,24.081983566,233.573425293
-95.437126160,22.535636902,210.813354492
-96.484733582,23.966760635,242.157699585
-95.112876892,25.081089020,142.980590820
-96.221389771,26.636417389,56.708518982
-96.853614807,24.169279099,219.549133301
-95.887123108,22.968393326,246.810058594
-94.881744385,24.384559631,173.601226807
-94.055061340,21.443143845,70.249801636
-96.383132935,23.306320190,254.526718140
-95.896377563,25.299299240,150.107543945
-96.031578064,23.433336258,257.060302734
-96.936027527,22.083259583,174.373321533
-97.673736572,24.874410629,132.535003662
-95.070068359,23.627122879,213.493255615
-98.744834900,24.087167740,84.218788147
-97.983238220,24.203418732,139.522216797
-95.077743530,23.638265610,213.885375977
-95.213722229,22.544858932,199.649383545
-97.787353516,22.704519272,152.865112305
-96.886138916,23.455953598,235.925506592
-94.286788940,23.226022720,149.044418335
-98.422485352,23.111131668,110.326461792
-96.450691223,23.559432983,253.087188721
-95.505264282,23.333265305,241.368881226
-96.220191956,22.907207489,246.562561035
-97.478057861,23.559621811,193.921966553
-96.423583984,22.659149170,231.596389771
-97.481903076,26.243244171,62.370796204
-95.386299133,23.557064056,234.739974976
-96.654449463,25.227767944,152.889526367
-97.354446411,23.617984772,203.354049683
-96.393707275,23.325914383,254.496429443
-97.120063782,23.675851822,219.726013184
-96.350196838,20.828453064,88.037452698
-96.892272949,22.145074844,180.934555054
-94.887123108,23.735351562,197.872299194
-95.226142883,23.166801453,223.534088135
-95.210563660,24.297752380,199.446075439
-97.709762573,24.021200180,166.948394775
-95.748687744,22.790130615,236.162673950
-95.648155212,22.588235855,222.384750366
-95.872230530,23.724845886,251.120086670
-94.184288025,25.351562500,79.503677368
-96.904235840,24.510208130,198.018753052
-94.404731750,21.824411392,107.563819885
-96.269065857,22.801668167,241.507080078
-96.776283264,23.277553558,240.610839844
-95.321296692,24.629005432,185.107086182
-94.840972900,23.055252075,193.410995483
-95.465530396,23.235820770,238.422470093
-95.892211914,20.814123154,87.062156677
-95.910102844,23.108345032,251.434478760
-94.932449341,24.713966370,158.024566650
-95.361366272,23.869022369,226.800323486
-95.844871521,22.996065140,246.868255615
-94.971710205,24.780773163,156.115570068
-96.480499268,24.240991592,229.143936157
-96.937896729,24.600152969,190.670715332
-95.231620789,23.255071640,225.158493042
-93.807792664,23.344394684,109.162467957
-97.420066833,25.056041718,136.163742065
-95.954956055,24.626426697,205.648330688
-95.179634094,24.497051239,186.155761719
-97.784934998,23.153924942,165.251739502
-97.194488525,25.179357529,138.624771118
-96.892707825,25.421077728,131.544921875
-95.482192993,22.037960052,178.218429565
-96.005577087,23.123365402,253.155197144
-96.573738098,23.938304901,240.694625854
-96.710479736,21.991867065,176.266738892
-95.535331726,23.295249939,242.489105225
-97.366081238,25.063909531,138.432769775
-96.425552368,23.052661896,248.573257446
-95.900650024,22.855350494,242.631866455
-95.530113220,23.276576996,242.057113647
-97.297813416,22.154769897,159.948928833
-96.601776123,23.097616196,244.591201782
-95.443901062,23.698789597,235.693084717
-95.456314087,23.251440048,238.157562256
-94.893844604,23.696762085,199.111587524
-95.798019409,22.687978745,232.349609375
-95.790695190,21.968435287,181.232818604
-96.590377808,22.674861908,227.835220337
-94.651237488,23.219669342,180.503295898
-95.993972778,24.285223007,229.297698975
-96.818061829,21.664091110,145.989532471
-95.199821472,21.787200928,147.413528442
-95.019790649,24.060041428,198.160034180
-96.786277771,23.032838821,234.915634155
-97.097152710,23.570756912,222.459213257
-96.814224243,24.137804031,222.888381958
-95.918083191,22.730312347,237.003311157
-96.907402039,22.597183228,209.804077148
-95.724578857,26.227748871,77.662826538
-96.147209167,24.047737122,242.891647339
-96.582633972,21.891584396,171.840332031
-97.422149658,22.518194199,172.916564941
-95.359359741,24.368097305,203.665634155
-95.704063416,22.640148163,227.146102905
-96.937988281,24.424169540,201.704269409
-95.098121643,23.810874939,211.823242188
-95.589958191,25.080917358,161.576400757
-95.301094055,25.225532532,140.343353271
-96.490966797,23.033664703,246.333084106
-95.131660461,23.484544754,219.197067261
-96.505775452,25.858808517,105.258193970
-96.107765198,22.426816940,220.178085327
-96.595191956,22.532129288,219.361434937
-97.485816956,23.201629639,191.403411865
-96.449882507,24.143568039,235.020217896
-94.756767273,22.922334671,183.379196167
-97.895317078,23.945549011,153.386764526
-97.938392639,23.293262482,153.641586304
-96.964851379,23.364564896,231.106323242
-96.672874451,23.537021637,245.954864502
-95.772033691,22.298948288,206.836898804
-98.973037720,23.838174820,71.614967346
-95.757499695,23.271230698,250.742004395
-97.005561829,23.173635483,226.158843994
-95.256675720,25.530687332,115.946434021
-96.099243164,23.872991562,249.782165527
-95.119400024,23.071311951,214.476608276
-97.018028259,24.869153976,168.521881104
-96.166816711,22.016796112,188.442260742
-96.333625793,22.248210907,205.675537109
-96.461662292,23.733356476,249.995422363
-96.008872986,23.742616653,252.931045532
-96.753959656,23.728710175,239.720870972
-96.469909668,22.833370209,239.299514771
-97.415321350,23.249691010,197.822509766
-97.843681335,24.617700577,134.274093628
-97.402336121,24.653347015,161.947143555
-97.244613647,23.554204941,212.180023193
-96.499938965,23.988586426,240.897003174
-96.401023865,23.711114883,251.845718384
-96.931892395,23.539640427,233.032272339
-96.704597473,22.723587036,226.094741821
-96.457435608,22.160123825,196.666152954
-96.585464478,23.819255829,244.185852051
-97.379119873,25.485908508,109.949562073
-95.383819580,24.861377716,171.307495117
-96.393981934,23.397951126,254.904937744
-96.877761841,22.387454987,198.553024292
-95.435806274,22.281181335,194.373550415
-97.146728516,22.284549713,177.415969849
-98.353576660,23.030044556,114.646881104
-97.115394592,24.684951782,176.437347412
-95.235054016,24.023984909,213.813232422
-95.875427246,24.182760239,233.221496582
-96.629547119,22.978223801,239.959167480
-96.325691223,25.552028656,130.658767700
-97.309753418,23.889949799,201.859603882
-95.917396545,22.339553833,212.517227173
-95.973258972,22.441833496,220.400756836
-95.486984253,23.120475769,237.425231934
-95.032539368,23.353439331,212.092926025
-96.601715088,22.871978760,236.929656982
-95.920318604,23.914848328,246.336608887
-96.775192261,22.998907089,234.395965576
-95.033576965,22.223810196,169.821701050
-95.479232788,23.419183731,240.368728638
-95.796440125,24.662113190,200.054138184
-96.400947571,22.885614395,243.167541504
-96.846687317,24.497367859,201.374389648
-95.485687256,24.629339218,192.448898315
-95.282119751,23.909564972,220.876541138
-96.493347168,25.508798599,132.730514526
-96.413017273,26.056327820,91.693229675
-96.314697266,24.379968643,223.564071655
-96.458824158,22.334764481,209.839538574
-95.455879211,23.350612640,239.004837036
-95.710792542,22.893318176,239.466720581
-95.732727051,22.843105316,238.073226929
-95.663742065,25.131694794,159.489334106
23.232337952,22.669418335,215.504043579
22.041051865,24.710620880,192.270050049
21.907875061,23.396934509,249.090148926
22.141611099,22.820745468,242.123931885
23.487077713,23.568618774,216.975616455
22.440193176,23.659833908,256.412658691
23.356464386,22.820951462,215.238235474
19.437225342,22.655504227,62.074947357
21.779870987,23.699827194,240.361663818
23.804435730,21.664241791,120.793907166
22.241260529,23.095020294,253.845443726
25.015159607,21.315036774,47.277355194
21.853277206,23.251857758,245.872436523
21.720806122,23.421745300,240.764984131
23.544776917,21.909725189,150.765167236
21.882781982,23.146451950,245.279373169
21.242387772,23.506374359,210.266906738
22.174320221,23.911430359,246.374435425
24.251995087,22.002433777,114.690757751
22.408117294,23.333143234,258.930114746
22.354812622,23.566398621,257.895111084
21.437480927,23.704429626,221.159027100
22.238908768,24.372144699,221.546325684
21.255828857,23.452936172,211.478485107
22.559249878,24.524433136,210.835113525
21.960569382,25.003873825,165.693969727
21.556943893,23.461450577,231.632537842
20.342081070,24.355426788,118.140136719
22.658655167,24.186563492,232.634872437
21.705400467,22.927646637,230.846237183
23.495548248,24.155448914,198.318878174
23.461786270,22.220214844,176.507003784
22.400049210,23.678253174,256.012176514
21.672946930,22.360322952,198.581466675
23.550949097,22.745502472,199.578109741
22.902004242,23.830341339,242.881683350
22.169410706,24.107984543,236.956253052
21.440061569,23.239356995,223.196838379
23.004093170,23.773908615,240.643890381
20.719701767,22.457393646,143.833694458
22.014484406,23.426282883,252.779022217
20.153459549,24.247863770,108.053794861
21.889802933,22.463396072,214.448181152
21.620796204,23.773778915,230.472045898
22.406621933,22.784994125,243.485504150
20.827407837,22.746316910,164.250671387
21.570278168,23.737014771,228.570434570
20.457319260,23.847749710,141.783386230
23.218452454,22.118148804,181.280212402
20.346433640,23.868148804,132.331542969
24.627647400,23.253978729,122.525009155
22.297203064,24.125720978,237.662475586
21.128314972,22.723829269,186.199325562
22.488113403,21.495632172,143.980514526
22.409584045,25.623086929,116.929283142
22.127096176,22.956361771,247.427688599
23.037233353,23.703420639,241.037841797
22.151439667,24.136434555,235.063568115
20.823759079,24.998802185,117.283042908
21.162950516,23.120965958,201.504760742
20.765939713,23.711830139,169.918457031
22.647167206,21.592342377,151.845474243
23.405454636,24.352308273,193.329208374
21.145910263,24.216341019,182.968215942
24.163833618,23.841571808,157.838928223
23.322252274,23.385847092,229.067382812
22.527433395,23.449569702,258.621429443
21.655332565,23.505241394,237.011032104
21.775148392,22.693393707,223.611297607
21.782207489,23.462577820,243.650650024
22.086164474,22.572975159,227.387573242
23.077949524,23.427309036,242.703308105
21.622856140,23.578485489,234.499679565
24.058345795,24.943634033,117.943542480
22.146604538,23.834363937,248.739730835
20.558233261,23.655483246,153.237121582
22.982204437,22.568635941,221.211166382
23.170152664,23.926511765,227.573562622
22.537956238,21.814140320,172.086013794
23.565465927,23.226854324,211.370361328
20.828296661,24.527055740,144.988647461
22.472642899,24.058082581,241.693756104
22.193433762,23.597290039,255.632568359
23.679233551,22.544408798,181.632369995
22.849258423,23.444847107,251.977554321
22.310617447,23.665155411,255.869308472
22.234785080,24.512763977,211.240371704
21.431632996,22.052730560,164.726486206
22.212064743,24.519811630,210.420669556
21.914611816,23.337490082,249.135375977
21.427967072,22.370630264,186.620742798
23.033735275,23.604034424,243.165756226
23.310665131,24.173151016,208.705963135
20.914052963,22.925901413,177.134307861
21.503213882,22.340427399,188.786483765
21.935001373,24.849180222,178.230865479
23.369129181,23.532512665,225.392318726
22.345846176,23.886274338,249.387664795
22.429660797,22.466588974,224.725433350
20.620571136,21.508920670,86.668212891
22.557661057,23.186908722,256.473022461
21.762016296,24.757322311,180.408767700
22.379749298,22.775217056,242.925354004
22.531404495,25.150157928,157.960662842
23.564180374,23.401319504,212.414291382
22.832582474,24.480991364,209.310226440
21.660440445,23.537937164,237.012619019
23.225889206,23.717668533,231.053054810
23.232160568,22.954277039,227.289749146
22.019462585,24.099229813,234.001434326
22.978746414,24.627565384,194.043838501
20.908782959,22.621408463,165.429214478
22.860139847,21.997493744,183.561416626
22.671785355,21.845399857,173.819641113
24.613584518,24.016082764,116.752738953
21.555936813,23.635486603,229.810623169
21.960102081,22.400032043,212.464477539
22.781843185,22.313791275,210.109222412
20.784627914,23.682161331,171.932296753
22.635419846,23.129337311,254.275924683
21.064197540,22.775243759,183.591644287
23.179355621,25.334875107,130.510360718
23.409519196,23.113773346,220.572036743
21.426633835,24.440938950,187.923126221
22.707208633,22.195573807,202.518310547
23.229124069,23.240013123,233.770843506
21.294822693,23.623689651,212.873718262
21.370771408,24.940374374,149.770782471
24.154062271,25.106838226,103.332687378
22.840702057,22.847652435,240.231781006
23.183425903,21.898155212,165.798217773
23.207195282,23.248403549,235.112716675
22.626989365,24.660007477,199.434051514
21.118886948,23.842742920,195.296295166
21.260536194,20.847570419,71.789268494
22.301025391,23.278593063,257.908691406
22.963819504,23.350702286,247.746673584
23.145317078,25.595752716,110.794906616
22.622989655,24.571670532,206.506271362
22.493852615,23.036127090,253.332000732
21.410163879,23.823360443,216.403213501
22.646383286,22.181129456,202.228286743
22.522178650,24.257999420,229.893096924
20.981384277,24.779569626,140.044464111
21.302640915,23.516656876,214.576065063
21.405029297,23.446460724,222.004837036
20.925090790,23.170778275,183.565155029
22.367860794,24.313957214,226.522415161
21.934698105,23.154958725,247.439849854
23.079111099,21.671621323,150.775802612
23.189809799,23.398746490,236.919464111
23.322654724,23.200094223,227.641220093
22.485660553,24.231075287,231.804489136
22.370544434,23.954118729,246.681976318
22.123071671,23.236928940,254.491653442
22.016670227,22.147356033,195.023910522
23.985477448,22.356374741,150.613052368
20.772460938,22.505792618,149.980743408
21.314168930,22.922821045,207.124282837
20.897058487,23.620326996,182.073272705
25.199491501,23.440788269,79.091880798
23.332736969,22.417762756,196.103591919
22.309545517,23.582693100,257.357452393
24.172048569,24.945837021,111.119796753
23.970085144,24.263622284,159.446182251
20.635097504,23.213588715,159.847564697
21.788995743,23.782461166,238.636642456
24.806909561,23.359905243,108.214126587
22.967006683,22.848892212,235.955093384
24.603467941,22.848735809,119.293777466
21.893720627,23.968606949,236.195785522
21.711242676,24.723796844,181.171768188
23.225185394,21.720985413,150.179077148
21.905672073,24.093521118,230.697494507
23.248895645,22.973628998,226.954498291
22.216985703,22.798812866,242.477890015
21.619901657,22.328355789,193.885223389
21.596384048,23.755760193,229.592376709
21.264863968,23.330144882,211.897811890
23.806489944,24.014236450,181.976165771
23.599779129,23.374065399,209.734466553
23.202095032,21.625667572,143.295028687
20.573913574,22.900358200,148.708358765
21.156352997,22.416107178,172.592559814
22.551836014,23.342090607,258.327850342
21.151849747,23.893999100,196.264495850
22.612901688,22.971101761,250.071334839
21.714639664,24.907728195,166.584808350
23.465507507,23.672489166,216.869491577
22.159296036,23.752973557,251.557647705
22.948667526,21.964603424,178.666381836
21.542387009,24.016399384,217.486572266
22.339027405,24.006887436,244.113708496
21.850225449,23.558610916,245.901687622
22.076906204,22.431388855,217.862442017
22.144165039,24.941778183,174.576766968
22.454011917,22.760349274,242.268676758
22.867776871,23.565856934,250.330001831
20.327180862,24.414073944,114.897171021
22.096723557,24.758913040,189.410217285
22.484834671,23.504884720,258.565948486
22.541221619,23.203849792,256.923919678
22.986719131,24.192159653,223.168594360
24.341035843,22.642787933,135.035812378
22.454025269,21.511844635,145.404006958
20.984735489,22.003917694,136.344345093
22.407495499,22.431953430,222.298004150
22.714490891,21.973167419,184.227569580
21.477481842,22.827394485,214.162063599
23.024065018,24.407964706,208.283813477
22.678216934,24.297418594,225.409057617
22.188034058,22.134979248,197.575790405
21.677608490,23.828901291,231.862182617
23.542629242,24.707113266,162.829956055
23.052429199,23.933115005,233.023056030
22.683416367,22.823642731,242.996002197
22.718124390,23.719650269,251.576919556
21.984888077,22.538400650,222.456985474
20.639451981,23.466304779,161.436019897
23.137756348,22.771091461,225.128479004
22.533933640,23.470678329,258.465850830
22.166727066,26.270559311,68.105781555
23.263631821,21.440557480,126.598724365
23.185028076,22.897138596,227.883850098
20.654319763,23.038450241,158.636459351
23.255462646,24.554393768,188.249786377
23.200662613,22.863054276,225.780349731
22.441169739,24.030075073,243.193313599
22.694831848,22.041795731,190.257019043
22.498611450,22.942184448,250.129531860
22.830297470,21.265342712,121.773048401
21.627780914,24.014331818,222.239639282
22.255865097,23.704454422,254.389373779
23.744791031,25.300384521,111.827392578
22.064018250,23.208183289,252.562454224
23.097858429,23.625949860,239.757080078
23.436382294,21.533603668,127.840423584
22.765960693,21.919473648,178.877639771
22.149421692,22.679100037,235.043563843
21.749359131,21.948755264,170.522613525
19.888347626,24.260423660,89.330558777
23.562545776,24.000888824,200.488403320
22.246427536,23.939231873,246.322891235
21.285335541,23.692819595,211.034759521
22.039821625,24.861766815,179.622024536
23.262805939,25.179561615,140.246200562
22.052057266,23.680889130,250.853408813
23.118791580,23.573308945,239.522293091
22.690605164,22.198963165,203.039382935
22.472648621,23.021364212,252.968948364
20.311294556,22.541763306,116.882560730
23.139411926,24.071565628,222.835006714
20.881113052,23.493919373,181.764511108
20.981365204,23.915391922,182.660568237
23.550115585,23.145803452,211.361557007
23.590291977,23.410964966,210.455581665
22.566623688,24.465543747,215.196914673
22.214975357,24.568941116,206.664031982
23.132547379,23.205289841,238.574554443
23.028850555,22.655719757,224.295501709
23.740468979,22.917749405,191.766433716
22.298500061,21.424695969,137.061203003
22.498392105,22.483074188,225.731475830
21.746347427,22.805414200,227.799453735
23.183034897,22.588500977,213.741699219
21.302049637,23.358983994,214.744430542
23.162817001,23.351869583,238.314270020
20.858369827,19.692514420,18.963249207
22.658407211,25.011077881,169.228225708
22.527000427,24.225713730,231.881927490
21.337886810,22.053304672,159.891036987
22.024101257,23.563241959,252.106750488
20.845029831,23.122650146,176.166061401
21.842172623,23.444704056,246.388290405
24.047639847,24.768907547,128.466934204
22.258659363,23.926422119,247.012878418
22.801521301,22.845436096,241.255203247
22.802412033,23.762870789,248.212463379
23.072179794,24.095077515,224.819320679
24.055274963,22.561218262,154.600921631
22.896179199,24.162208557,228.092056274
23.018907547,22.321788788,203.874099731
22.318548203,22.730417252,240.258697510
21.986093521,23.630460739,249.889144897
22.225664139,23.824167252,250.462966919
22.280857086,23.291038513,257.828338623
21.496786118,23.650959015,225.953491211
22.867834091,24.104764938,232.126861572
22.168413162,23.043893814,251.197067261
25.137748718,23.383655548,83.381790161
20.632759094,23.237649918,159.912246704
20.004724503,25.245286942,63.092788696
23.500783920,23.317663193,216.831039429
22.460357666,23.265333176,258.281494141
23.294784546,24.013139725,217.188766479
22.147727966,25.986740112,87.120468140
22.422256470,22.777481079,243.138092041
23.238595963,23.646612167,231.824050903
20.918050766,23.040094376,180.461334229
21.904577255,24.270154953,220.586898804
23.971998215,24.524677277,146.719726562
22.872676849,23.172609329,249.188110352
21.407812119,23.339244843,221.997940063
20.432786942,23.296987534,143.412475586
23.291292191,24.055191040,215.537963867
23.928556442,22.819316864,173.949081421
22.146938324,24.541305542,207.791656494
23.342464447,25.171377182,137.975387573
21.312572479,24.276721954,190.869644165
23.618244171,23.740543365,204.423904419
24.471176147,23.834794998,132.061920166
19.953620911,24.508052826,86.648841858
20.813570023,22.866691589,167.272613525
22.949056625,25.634456635,111.708236694
21.708341599,23.318723679,239.778457642
23.776340485,21.492425919,110.762138367
23.048387527,22.315631866,202.367080688
20.499055862,23.377273560,149.416046143
22.357913971,23.757843018,253.823699951
23.350879669,23.619182587,225.452072144
24.015968323,24.681087494,135.359542847
21.632621765,23.287118912,235.454177856
22.175893784,21.506963730,143.008499146
24.038158417,22.930717468,168.096679688
23.499427795,22.989088058,211.517791748
23.410482407,22.905767441,214.943893433
23.539905548,23.708366394,210.885238647
23.106029510,24.088064194,223.623336792
22.721916199,22.819881439,242.059204102
21.597255707,25.531639099,112.112899780
23.936954498,23.707294464,179.684997559
23.657499313,22.779457092,193.389205933
22.618537903,21.786758423,169.204254150
21.658634186,23.236011505,236.275512695
22.267631531,23.521297455,257.683288574
21.050718307,23.433933258,195.752716064
22.496603012,23.637470245,256.652160645
23.166688919,22.818349838,225.747467041
20.927581787,23.836853027,180.569519043
22.781927109,23.677509308,250.983566284
23.855211258,23.595706940,188.159927368
23.196819305,23.444355011,236.446960449
22.541156769,22.802986145,243.936981201
22.386648178,23.590736389,257.661651611
22.751653671,24.713926315,193.088684082
23.848297119,25.001033783,126.383941650
22.162506104,23.475971222,256.364105225
23.493780136,23.447971344,217.441406250
23.806444168,21.076602936,83.039581299
24.012781143,22.696012497,163.070571899
22.349655151,23.089521408,254.785430908
23.250263214,23.209066391,232.149353027
24.437629700,23.952413559,132.398269653
22.214002609,24.319738388,224.803100586
23.047206879,23.213031769,242.853332520
23.668424606,24.230747223,183.006271362
23.626367569,22.360891342,175.389083862
22.121742249,22.982437134,248.230331421
23.267692566,24.397340775,198.087585449
23.435907364,23.042825699,217.242019653
21.712732315,23.083881378,236.105224609
23.882673264,25.187051773,112.731719971
22.884265900,23.015214920,244.964355469
22.122032166,23.743991852,251.026092529
19.740732193,23.751737595,87.808723450
22.041370392,22.627742767,229.532104492
22.403974533,22.504680634,227.243576050
23.014333725,23.301528931,245.317001343
89.724639893,34.337596893,117.330879211
89.073616028,34.817234039,176.536254883
88.146011353,37.637374878,195.773132324
88.232528687,37.752689362,189.917144775
90.762504578,37.048191071,131.772659302
89.313888550,34.656230927,156.963150024
88.627548218,37.166313171,241.384338379
91.689834595,35.820060730,64.095848083
89.293647766,36.061233521,249.776458740
88.625968933,37.435165405,223.676757812
88.920768738,35.196357727,210.962554932
87.154754639,37.513923645,142.429351807
90.457054138,34.568305969,99.088333130
88.434646606,36.520893097,260.253845215
88.438125610,36.385223389,260.987152100
88.938629150,37.319587708,231.612472534
88.475112915,39.130302429,81.340095520
89.164337158,35.960613251,251.535095215
89.120979309,36.733226776,256.022216797
87.933174133,36.322059631,236.806488037
89.599723816,36.781524658,232.453201294
88.283454895,37.074649811,237.797210693
88.621711731,36.716396332,260.580535889
88.542228699,35.165203094,207.425827026
88.714431763,36.531429291,264.873687744
90.912521362,38.736152649,55.798530579
89.320365906,35.078155518,192.368850708
86.974143982,34.147197723,70.711769104
91.122093201,36.428943634,109.210060120
89.171310425,35.943012238,250.690338135
87.578926086,37.649036407,164.591064453
88.778495789,36.367053986,265.732299805
88.498405457,37.443298340,221.108322144
88.792648315,36.249027252,264.842102051
90.073341370,37.610733032,161.127670288
87.975898743,36.720897675,235.727508545
88.025390625,38.419326782,127.746948242
89.327888489,34.244617462,121.323043823
88.312446594,36.960548401,244.243865967
88.648658752,36.104076385,261.575775146
88.160270691,37.800128937,183.537490845
87.489936829,38.052864075,132.050079346
88.851150513,37.429740906,224.697738647
89.301681519,36.179836273,252.026519775
89.112670898,36.688560486,257.381408691
86.983184814,35.745151520,147.895645142
89.628570557,36.314174652,235.647415161
88.888435364,35.733116150,247.418212891
87.498191833,35.432033539,176.466537476
87.368255615,38.056556702,124.931533813
89.227920532,36.148288727,254.434677124
88.308708191,38.073894501,165.103912354
88.742935181,35.737361908,248.161087036
89.055892944,37.224555969,235.714355469
89.140312195,37.026161194,244.422454834
88.408081055,36.231285095,259.000885010
88.858619690,36.903575897,254.998077393
90.093734741,36.753078461,196.474334717
87.249267578,34.687519073,115.116569519
89.844375610,35.944583893,213.458587646
90.974388123,37.805622101,90.608062744
88.020515442,35.204929352,193.867263794
88.794487000,36.528263092,265.034393311
88.337585449,35.283977509,212.057342529
88.779846191,36.166141510,263.556823730
88.991416931,35.942329407,255.252853394
91.630355835,36.072425842,70.302314758
88.637664795,37.812408447,193.613815308
90.057586670,39.505558014,45.919116974
90.748695374,37.730739594,108.344047546
88.340629578,34.421035767,138.850814819
88.887947083,36.088451385,261.250030518
88.419372559,36.740818024,255.628707886
88.603988647,36.290386200,264.087982178
88.486351013,35.339435577,219.911300659
88.649864197,37.778747559,196.593368530
89.097038269,36.053485870,256.427520752
88.051254272,36.534496307,243.464477539
89.338577271,36.668659210,249.409454346
87.849349976,35.290313721,190.909698486
89.727241516,35.542430878,204.237274170
87.343650818,35.505634308,168.494537354
87.806587219,36.450443268,228.227355957
89.179679871,37.368751526,223.278488159
88.553550720,35.457912445,229.539794922
87.458724976,35.526096344,178.344573975
87.466255188,35.921512604,194.459579468
89.631668091,38.118335724,148.857788086
87.804267883,36.775947571,222.993789673
87.631652832,36.539627075,214.315322876
88.147697449,36.120162964,246.489288330
90.210449219,36.967239380,180.998641968
89.155456543,37.734512329,196.306396484
87.874649048,36.124485016,230.466415405
89.136291504,37.545406342,211.733352661
89.779968262,36.797012329,219.937683105
89.429550171,36.553943634,246.817749023
89.266403198,37.712951660,195.023391724
87.765335083,35.366992950,190.834655762
89.180923462,37.853992462,185.745758057
89.018028259,35.503360748,232.060684204
90.288406372,36.126708984,180.935333252
88.867835999,34.399085999,140.955352783
88.878166199,37.080207825,246.602767944
88.785827637,37.317501068,232.743041992
87.806289673,35.416931152,196.433410645
89.162162781,37.944812775,178.424163818
88.124511719,36.448017120,248.123962402
87.438804626,37.208507538,179.205398560
87.805992126,36.610549927,226.615829468
88.899757385,35.447441101,229.969619751
89.605705261,34.598796844,142.469726562
89.822402954,35.253215790,180.792327881
91.029174805,37.352733612,102.385124207
89.549278259,35.605762482,218.276779175
89.272850037,35.774803162,240.046829224
88.253669739,36.963222504,241.845123291
87.764472961,36.934764862,215.141632080
87.603340149,36.367847443,212.748947144
89.142738342,36.985710144,246.238189697
89.409294128,37.203678131,224.893112183
88.927841187,35.949501038,256.512207031
88.635261536,37.783893585,196.028091431
89.203857422,37.413032532,219.518859863
88.906936646,38.055702209,172.353225708
88.961364746,36.969669342,251.027450562
87.907630920,37.187477112,213.195190430
89.747695923,37.386138916,195.799621582
89.410888672,35.347812653,209.100708008
88.077468872,35.340061188,206.139160156
89.488578796,36.970500946,232.376144409
89.182342529,36.844779968,250.658325195
88.904464722,36.188369751,263.204284668
88.334213257,35.803920746,243.794464111
88.120964050,37.443752289,208.756454468
89.272750854,37.566642761,206.193084717
91.510162354,37.308898926,71.114013672
89.239364624,36.664588928,253.676910400
88.392616272,37.853549957,186.119155884
89.826614380,37.309803009,195.172744751
90.133293152,35.125247955,152.515197754
87.830131531,37.023277283,216.145660400
89.930778503,36.514522552,213.334640503
89.901641846,37.068149567,201.678680420
88.019332886,35.640209198,221.573730469
89.427947998,36.917636871,237.643875122
87.560134888,36.550350189,208.412460327
88.033889771,34.676284790,152.315551758
89.006141663,37.305809021,231.530120850
87.623146057,36.735767365,210.435394287
88.064735413,37.213741302,220.513946533
89.299644470,37.601371765,202.662322998
89.276321411,36.027050018,249.550949097
90.489845276,36.984886169,156.665435791
88.899269104,36.349533081,264.978027344
87.650581360,37.455547333,181.418960571
89.064270020,36.131275177,259.200622559
87.756866455,36.644184113,222.496902466
87.877044678,36.058307648,229.182327271
87.338554382,36.415218353,190.165069580
88.750556946,36.802219391,258.997711182
89.787437439,35.477436066,196.740753174
88.920547485,36.149322510,262.275573730
88.174415588,35.951732635,243.125381470
89.072738647,35.117614746,202.290252686
88.634498596,37.395732880,226.600296021
86.966918945,36.136268616,154.792068481
88.995223999,36.239303589,262.593109131
89.921424866,35.436042786,185.413269043
87.873252869,35.410926819,200.074844360
89.054618835,37.280078888,232.272964478
89.939537048,36.050140381,208.969284058
88.177619934,36.633331299,248.687896729
89.419151306,34.946449280,178.148880005
88.568580627,37.255962372,235.124572754
89.074996948,36.574298859,260.561431885
89.900703430,36.090896606,212.909484863
89.665718079,36.011074066,227.980438232
89.474304199,36.736007690,241.008117676
88.088813782,35.661464691,226.314453125
88.487861633,34.857780457,180.388290405
88.451278687,37.139804840,239.645645142
89.290374756,35.469242096,222.142669678
88.421798706,36.079692841,256.456970215
89.069496155,37.148769379,239.857894897
89.833000183,35.179718018,175.281585693
89.657562256,37.088294983,217.369964600
88.615676880,36.785060883,258.522003174
89.092292786,37.666362762,203.255233765
88.638031006,37.560199738,214.363952637
88.122238159,36.921054840,237.564849854
86.674461365,36.851512909,125.506111145
88.760818481,34.450912476,145.826644897
87.097053528,35.378055573,143.258377075
88.330696106,36.067096710,253.147293091
88.277191162,36.071990967,251.221908569
88.113006592,37.828140259,179.487274170
88.749717712,37.033748627,249.389892578
89.055297852,36.583992004,260.907989502
89.297286987,36.662963867,251.357025146
88.443588257,37.950687408,178.854568481
88.557273865,35.610515594,239.340545654
91.213851929,37.784751892,76.863357544
87.419769287,34.691154480,124.830444336
88.540672302,36.492755890,263.083770752
88.966186523,35.113147736,203.657730103
87.497886658,36.378509521,204.021469116
88.224571228,34.869697571,175.124252319
90.539558411,37.162075043,146.963790894
88.502914429,36.477813721,262.383880615
87.913551331,35.285034180,194.118362427
87.290260315,36.996967316,175.457611084
88.554504395,36.575016022,262.415863037
88.104331970,37.745426178,185.722625732
89.141082764,38.804153442,105.248443604
89.612838745,36.863033295,229.162200928
89.207160950,36.964553833,245.117248535
90.151939392,35.449344635,169.369430542
89.143539429,36.144271851,257.262573242
87.775115967,35.554519653,202.329666138
88.590034485,36.689403534,260.806182861
87.798133850,35.100929260,174.887359619
86.759040833,36.205112457,136.686599731
88.480972290,35.327823639,218.946121216
88.156631470,38.491935730,125.542106628
89.423797607,36.023822784,242.631256104
87.892066956,36.492626190,233.928802490
88.552139282,37.673202515,204.265625000
88.700454712,35.563430786,238.047027588
86.832496643,34.750682831,94.331047058
89.422050476,36.640525818,245.890487671
87.654830933,37.078155518,201.477584839
88.290649414,35.860004425,244.643569946
86.092468262,36.857921600,79.745765686
88.638397217,35.222724915,213.220809937
89.056198120,36.328941345,262.110168457
88.541839600,35.163295746,207.265090942
90.093887329,36.075839996,196.892532349
89.529075623,36.328300476,241.950759888
88.258117676,35.712989807,236.584945679
89.197235107,36.120624542,254.973922729
89.079948425,36.239276886,260.674835205
89.695297241,36.702823639,228.152221680
88.663749695,36.447742462,265.156402588
89.069343567,35.841598511,249.554565430
88.816406250,37.323970795,232.250320435
87.455184937,34.751876831,130.909210205
88.288597107,36.295391083,255.450576782
88.128623962,35.854633331,237.295471191
87.420005798,35.712066650,183.519500732
89.137039185,36.618930817,258.098602295
89.355346680,35.248371124,204.250885010
90.505439758,37.741016388,124.366142273
88.242851257,36.110057831,250.703796387
88.866569519,37.773147583,197.352050781
88.543449402,35.981437683,256.489166260
88.824020386,35.293952942,219.292785645
89.016296387,36.380031586,263.193542480
87.669517517,36.666061401,215.497940063
87.627487183,36.303691864,214.447860718
89.179840088,37.167095184,235.850479126
89.130981445,35.846294403,248.116928101
88.175094604,35.150714874,196.366043091
89.785568237,35.286693573,185.223159790
87.691436768,35.644603729,201.195999146
89.540802002,36.721572876,237.574951172
89.223022461,37.739654541,194.138259888
88.408287048,35.642417908,237.860473633
90.165725708,35.298328400,160.342529297
88.173744202,36.308597565,250.433090210
88.181938171,37.413234711,213.460403442
88.203613281,36.364097595,252.114517212
88.636138916,36.173847198,262.918884277
89.861839294,36.400257111,219.183380127
88.229354858,35.435340881,219.063232422
89.216941833,36.571750641,256.147338867
88.222755432,34.948188782,181.684967041
89.670608521,35.118942261,180.196823120
89.067314148,37.727184296,198.781723022
88.080200195,35.836681366,234.088348389
88.866439819,36.222423553,264.115570068
89.839904785,34.813491821,148.742294312
89.595321655,37.635429382,187.688751221
89.611152649,35.683753967,218.759826660
87.805931091,35.559818268,204.609436035
90.026107788,34.924751282,146.347885132
89.395675659,36.540084839,248.720596313
89.351844788,35.735157013,234.845672607
88.954856873,35.458629608,230.094741821
86.462882996,35.856052399,106.788208008
88.379325867,36.007793427,253.121643066
90.438476562,37.388923645,146.180541992
90.036437988,34.914203644,145.019500732
89.176536560,37.133064270,237.844696045
89.956489563,38.615036011,99.036247253
87.364311218,36.320266724,192.313659668
89.258010864,36.223468781,254.535110474
86.825515747,36.294490814,143.214309692
89.778694153,35.677707672,207.760757446
90.341728210,35.849067688,169.948989868
89.180931091,37.596580505,206.659255981
89.487800598,36.414707184,244.536376953
89.021492004,36.318161011,262.834197998
88.468269348,36.511135101,261.265930176
89.873710632,35.891098022,209.561279297
89.052818298,36.326190948,262.175750732
89.504806519,36.636749268,241.441909790
89.555831909,35.372577667,203.859802246
87.403472900,37.759372711,146.151031494
88.353309631,36.229167938,257.172271729
88.935745239,36.235767365,263.532745361
90.068786621,34.971340179,146.884887695
90.402084351,34.906974792,121.806205750
88.946693420,37.151428223,241.945663452
87.162391663,37.143039703,159.457839966
89.475334167,37.274547577,217.635345459
87.703804016,36.495174408,220.337265015
88.801918030,35.802276611,251.357604980
89.381118774,35.559288025,224.020492554
88.017173767,36.911342621,232.273086548
87.624809265,37.124626160,197.206253052
90.680259705,35.464218140,128.451248169
87.835029602,37.137798309,211.198669434
87.994018555,36.355480194,240.769851685
89.359825134,37.434455872,212.534637451
88.761909485,38.105949402,168.275878906
87.893035889,36.215476990,233.184295654
91.335983276,36.593757629,92.014511108
89.241790771,36.148315430,253.904022217
90.520446777,37.807640076,119.937797546
89.058479309,36.746158600,257.315734863
89.532470703,37.192955017,219.334564209
90.015090942,36.896160126,199.201965332
90.353210449,36.419643402,177.299377441
87.968811035,35.887165070,229.782409668
88.810523987,35.895496368,255.408630371
88.789794922,35.566043854,238.388153076
88.551582336,36.726280212,259.212463379
88.737190247,36.365982056,265.679229736
86.880592346,35.697879791,137.732498169
90.009994507,36.756660461,203.301483154
87.802459717,37.289962769,201.046447754
88.050674438,35.768333435,229.559432983
89.555534363,36.343605042,240.428527832
87.989074707,35.492599487,211.579971313
88.671058655,36.581752777,263.910980225
88.654350281,35.740333557,247.798767090
89.642448425,36.384807587,234.995223999
87.944572449,35.203399658,190.031051636
86.551002502,36.938411713,113.482284546
88.374877930,35.377552032,219.954757690
89.352157593,34.738018036,162.915298462
89.173751831,34.787868500,171.967864990
88.226470947,35.127246857,196.394638062
90.073249817,36.101169586,199.118927002
89.650222778,35.775749207,220.609954834
89.681182861,36.754180908,227.909561157
89.110977173,35.460376740,227.178054810
89.402816772,35.840328217,237.237030029
88.311912537,37.605266571,204.154418945
86.941848755,37.453689575,128.966827393
88.164520264,37.363449097,216.052459717
89.729011536,38.116744995,144.876571655
88.586837769,36.443050385,264.205261230
88.148765564,37.006454468,235.266555786
87.377815247,37.181808472,175.578659058
88.882980347,35.652400970,243.074752808
88.012413025,36.383388519,241.935867310
61.193202972,56.299293518,1.001267552
-19.218173981,-7.880199909,2.154165983
-85.281822205,-13.847311974,1.095085979
-9.824980736,42.035018921,1.005831599
86.785789490,67.705200195,1.338046908
-31.436037064,54.353305817,2.026899815
69.775306702,-85.501121521,1.546707630
-43.598526001,33.108314514,1.028746009
85.662132263,51.815891266,1.562054515
-54.882312775,-31.473564148,1.131713986
-26.254568100,-4.351180553,1.000494003
-14.976978302,-29.646245956,1.268342614
15.436018944,97.921684265,1.002421260
32.148929596,-23.531986237,2.257485628
41.779170990,16.840641022,1.165457606
82.070755005,71.141250610,1.121652365
-58.296508789,-7.306809902,1.042910814
-19.229740143,-7.867850780,2.152697325
-91.089439392,-17.786270142,1.747723937
-80.194831848,56.892601013,1.613591790
84.280052185,45.762935638,1.197724462
30.512092590,60.957637787,1.040711999
-1.248171091,-28.455148697,1.674100161
-79.264205933,58.326816559,1.526306391
63.451023102,-18.741588593,1.015005350
-40.257778168,-35.405651093,1.000043392
-75.025642395,-37.913383484,1.015890360
99.345909119,-77.125320435,1.000067234
75.021537781,-99.656913757,1.000409126
46.434677124,-15.176579475,1.342288494
-62.111881256,-58.340724945,1.797950029
53.455005646,-42.872615814,1.030804992
49.911235809,60.418380737,1.350893378
-64.373031616,29.081182480,1.059414148
97.811737061,-87.998062134,1.000071168
2.015885115,77.626922607,1.060007453
28.398830414,-44.625221252,1.038486123
-49.962181091,-41.835525513,1.015082002
-91.555404663,-82.357231140,2.336348057
90.321418762,4.854771614,1.003644705
-83.952667236,6.339710236,1.281723142
-38.758262634,58.930240631,1.050566196
-97.080268860,-23.698291779,1.065987825
31.042608261,-17.620595932,1.003883362
38.194442749,14.010699272,1.010972500
10.979039192,-67.586250305,1.848679662
-29.927154541,53.187450409,1.682303786
-85.027397156,61.725849152,1.136815786
-51.731708527,-21.315336227,1.000542045
-6.568699360,-58.564807892,1.288802505
82.768028259,37.687053680,1.592165947
-99.737571716,60.577625275,1.141025662
-61.526386261,-17.829910278,1.942939401
65.609580994,83.325630188,1.339058995
84.951988220,18.814874649,1.000490069
-35.683795929,68.478935242,1.004634380
5.449961662,86.588104248,1.010003805
11.155351639,-56.543735504,1.787060261
23.235004425,6.144202232,25.222072601
48.988708496,-13.523411751,1.145025492
92.253494263,-33.971508026,1.184599161
-94.503791809,56.038925171,1.044041395
-8.317349434,48.204784393,1.539055943
-57.809711456,-32.349414825,1.160627484
-77.511650085,-9.229511261,1.161144972
-92.696151733,29.827005386,1.353831291
16.297086716,15.026784897,1.060756326
-8.021674156,46.505855560,1.524013281
-25.386899948,40.812282562,1.120936275
-78.336669922,-80.748321533,1.019143224
-24.009613037,-29.490196228,0.999978542
98.943603516,74.419395447,1.420616150
-59.175590515,87.895927429,1.032683015
34.653163910,19.807756424,1.708849788
45.733242035,-97.720634460,1.381088734
38.110366821,65.195648193,2.227124691
-95.656036377,6.326905727,1.004587173
72.569335938,86.185958862,1.059000492
-64.221511841,-59.831150055,1.370309591
-51.686138153,59.917118073,1.545591235
44.865169525,-3.428273439,1.393570423
25.783754349,-92.018959045,1.013079882
70.997116089,52.795188904,1.261563778
-88.925445557,-40.708805084,1.000485063
-34.351875305,73.230651855,1.320002198
38.624477386,71.388275146,1.124358296
-69.289451599,20.675827026,1.000670552
-38.457260132,-42.448616028,0.999974728
89.764343262,-0.195906088,1.462777495
-96.528404236,-97.599456787,1.464297771
-9.537952423,69.625587463,1.176572084
-81.625823975,47.158279419,1.004546523
-44.818237305,-19.769412994,1.000015736
70.423706055,-36.150619507,1.076771021
57.702556610,64.374961853,1.001409531
33.605014801,80.823204041,1.000028968
35.291751862,62.056629181,1.029387832
-69.093719482,45.978580475,1.005250931
25.086307526,-98.724464417,1.038665295
98.640174866,-29.999099731,1.001236320
-87.447494507,-66.383094788,1.006437659
-49.627971649,-29.353057861,1.000997305
41.439601898,55.912464142,1.078492045
98.829147339,-65.165496826,1.100347161
-42.616329193,76.711936951,1.034268618
54.461929321,85.176948547,1.007472754
75.841598511,-22.844385147,1.271459341
90.672805786,64.718940735,1.211669803
81.528976440,13.809061050,1.604079962
43.014675140,78.365554810,1.680839300
8.628045082,-72.832794189,1.008764863
56.587791443,5.107874870,148.276016235
-96.558395386,94.808898926,1.042307377
-74.238006592,90.240798950,54.296047211
78.382682800,5.136350632,1.015281796
-96.108253479,-80.706062317,1.042186141
-35.041835785,-4.548234463,1.007370591
78.668815613,-23.973138809,1.128312826
59.416912079,-94.502662659,1.000238061
3.951275826,-78.443115234,1.546070218
80.241447449,14.771337509,1.564866900
-57.343391418,9.244232178,1.000062108
34.462333679,-42.037338257,1.109854341
-12.740822792,-86.453231812,1.763521433
50.393829346,14.019060135,1.353855014
98.003898621,85.996223450,1.029752254
38.776916504,32.998863220,1.154386282
-6.191954136,-51.100799561,1.118110776
-4.097727299,-72.998306274,1.017670631
73.218879700,54.026599884,1.238613129
48.243736267,14.262584686,1.398495555
-44.251663208,81.632995605,1.847448945
94.526603699,-72.746818542,1.587977767
-43.027835846,37.477375031,1.014108181
41.089218140,-4.735934258,1.059479833
-31.413908005,49.293720245,1.027304530
-6.736124039,25.151943207,1.028037071
32.865806580,11.511663437,1.238869071
-20.488288879,-2.227042437,1.010992765
-36.479316711,16.794254303,1.018526793
-56.145420074,92.117370605,1.004917264
-22.441591263,-79.199623108,1.000011325
41.335105896,-94.177963257,1.015114665
-83.242645264,0.219676882,1.070861101
0.591754079,-45.863868713,1.028746843
94.335838318,-81.977493286,1.000003576
30.324651718,22.165723801,1.019429326
92.869346619,42.075611115,1.917165041
-35.936508179,-98.500350952,1.045349598
-22.295087814,87.668663025,1.003882527
33.957023621,-38.905254364,1.109858155
-94.402076721,-96.737899780,1.313607693
52.015640259,45.846656799,1.044934750
-60.613243103,-57.787979126,1.589360595
-70.261535645,87.038383484,120.988433838
49.757591248,48.825366974,1.083261132
80.357666016,96.216430664,1.140451908
31.030303955,13.267764091,1.238561511
6.862649918,-67.117111206,1.023472071
86.224967957,-52.772480011,1.000034928
29.224418640,55.930118561,1.353035450
14.122395515,34.483608246,1.019320011
-68.821945190,-79.096336365,1.003782630
-85.560249329,79.100318909,1.174829364
-29.405334473,-86.125045776,1.672335744
4.615568161,19.420860291,1.000183463
67.614761353,-61.969612122,2.932584286
-93.451370239,89.593879700,1.086256027
33.886203766,-98.669929504,2.156478882
74.365470886,-93.623786926,1.206177473
59.405609131,24.029451370,1.360382795
-30.665542603,-66.186943054,1.004541039
-87.101013184,18.746744156,1.128993988
-90.181785583,88.993911743,1.094349623
-40.079376221,55.387088776,1.134607077
-41.990470886,-59.129947662,1.002113581
83.488967896,68.404724121,1.245323420
16.680913925,28.882671356,1.233747959
41.789710999,78.844360352,1.680795789
-4.701508999,-2.422290325,1.000877738
-18.692235947,-49.596035004,1.056992531
-9.191912651,-51.889019012,1.142646194
79.931556702,-88.448554993,1.001038313
-96.959579468,-5.178231716,1.710259199
18.199924469,93.506187439,1.003006816
-10.867473602,-7.075793743,1.488710403
58.738784790,42.623950958,1.001272321
56.338973999,-51.910282135,1.123708844
8.634899139,7.792478561,1.473216414
13.847408295,59.478511810,1.433386683
-21.198371887,-53.904979706,1.004180193
-2.365681648,-64.425636292,1.000043273
-98.558197021,-99.673713684,1.157030702
-18.524648666,-14.329277992,1.013149142
-56.748043060,19.183820724,1.782092214
-10.502490997,-13.665415764,1.016311407
97.973144531,95.468276978,1.628268957
48.631549835,-57.731815338,1.072321057
69.511169434,22.335802078,1.594121099
57.588989258,16.619184494,1.001299381
-13.552191734,-16.702201843,1.017581105
92.620407104,83.451919556,1.002346277
99.738357544,38.074581146,1.429376960
39.578048706,87.729644775,1.052571774
-51.164535522,-15.536123276,1.000921130
-72.095390320,-99.884597778,1.000403404
-65.151451111,12.037578583,1.001769543
86.251121521,-90.454818726,1.014540792
72.916839600,-77.489585876,1.000031710
-53.940113068,-39.857570648,1.014669418
36.272254944,-9.599651337,1.773243546
-16.735675812,60.988971710,1.016287088
73.075935364,79.314865112,1.668973446
61.670600891,94.441291809,1.000169277
-74.358520508,99.620231628,0.999987900
77.145874023,36.747440338,1.001233578
47.067161560,-46.883441925,1.135371089
11.489173889,-60.901966095,1.441976070
49.593879700,70.106712341,1.073615909
-73.238807678,-72.743675232,1.479903102
7.297646999,32.095176697,1.585289001
65.417160034,22.961713791,1.619791031
52.918853760,-47.181865692,2.012980938
-27.316898346,63.914962769,2.029657364
33.501319885,-61.576683044,1.000021100
85.858352661,98.767448425,1.002860904
11.313656807,56.265232086,1.038680196
90.436767578,47.518192291,1.444714308
23.114303589,-52.828697205,1.095424294
65.980735779,-49.720615387,1.924211264
4.569778919,6.700505257,1.386233091
15.314056396,58.034194946,1.589772105
-39.073982239,78.821479797,1.030458808
58.632358551,-46.005157471,1.089782000
63.026302338,-54.084865570,1.200998664
54.662899017,-54.683975220,1.097095609
-62.859966278,-16.522439957,1.640875459
96.587516785,-45.278862000,1.000011325
-27.791227341,-93.210227966,1.502692580
11.819860458,47.340473175,7.717069626
-97.752105713,-51.470764160,1.007533550
-51.303741455,-65.208961487,1.016299367
-87.137237549,15.690829277,1.129199386
-68.439979553,29.916118622,1.155283213
-10.192329407,96.378242493,0.999970496
81.294624329,8.698698044,1.087902427
-92.356864929,76.226539612,1.009559870
12.373526573,-59.130580902,1.795896292
-68.909767151,8.231533051,1.001712322
12.156063080,-69.746719360,1.789099336
-9.976846695,-44.323883057,1.617728233
-95.510681152,40.519515991,1.000109792
76.487319946,46.916019440,1.302005529
4.475827217,-22.713508606,3.879074574
31.962263107,-72.870796204,1.002426028
-1.986703992,88.005607605,1.330829740
-46.888866425,-98.909690857,1.000112653
-60.993293762,-10.390171051,2.428822279
2.688838482,44.202480316,1.089171171
-24.305744171,-10.495687485,1.009057641
21.939653397,22.196113586,196.722412109
74.545120239,80.684860229,1.528769732
52.790645599,-47.196723938,2.011999607
-77.728179932,-41.604907990,1.317537308
10.808889389,72.229240417,1.262676477
-58.196979523,-98.374053955,0.999999881
29.961347580,5.386056423,1.014068604
-4.049996853,-57.448657990,1.194141746
-64.465431213,1.107114553,1.000014424
-96.651100159,-20.227876663,1.066333055
-40.037544250,6.900247097,1.000002503
71.901664734,-84.296531677,1.277513981
59.455669403,-12.290304184,1.119498968
85.371093750,8.281116486,1.201191425
35.405872345,38.888565063,1.028262377
15.778220177,50.015975952,1.007353663
50.727397919,27.803016663,1.001547337
-35.263118744,-93.744361877,1.090630293
43.935600281,14.903430939,1.345655560
-92.949768066,95.917060852,1.055371046
-50.182678223,89.771919250,1.681665778
72.739425659,-22.240747452,1.420766354
35.872848511,4.295289993,1.914771080
-20.422157288,-72.388771057,1.851056218
-76.698127747,47.069274902,1.004583478
-82.056449890,18.847650528,1.003817320
-0.025582368,-55.125274658,1.008530021
35.224372864,55.996047974,1.730939150
12.265568733,-37.010963440,1.037307143
-28.796491623,37.300457001,1.013550878
-34.275741577,33.618904114,1.499994755
-32.744609833,57.361602783,1.585300326
-93.872917175,-55.144824982,1.005768299
-77.058151245,67.854637146,1.667974949
-26.987768173,16.056344986,1.013023853
34.447326660,-99.953880310,1.916358352
6.780846596,35.743091583,1.477041960
43.374546051,58.721458435,1.075495601
-60.717037201,-28.835245132,1.139266849
-46.675968170,55.627288818,219.764709473
46.213600159,-77.219406128,1.004213333
47.979766846,85.560447693,1.363364816
77.033561707,-93.241149902,1.310389638
84.904266357,79.747482300,1.000287771
92.954292297,11.629785538,1.055851221
-62.666469574,-75.825889587,1.000293493
-1.858330846,8.915165901,1.007294893
-77.483619690,-97.348625183,1.205457687
-65.904632568,-14.188898087,1.367023826
-19.626125336,-72.085311890,1.851049900
-43.290111542,25.213615417,1.841346622
-36.763145447,-87.739799500,1.129130483
-5.686156273,-23.076557159,1.010642409
55.548648834,-99.247703552,1.039583564
-20.358364105,92.279800415,1.003837347
-46.625774384,46.738086700,1.075680733
99.451408386,95.210067749,1.612223148
24.778631210,48.557960510,1.230441689
96.090896606,91.750679016,1.722542167
6.354032040,-52.227722168,1.257472873
29.446388245,75.238311768,1.000829458
70.297340393,48.632431030,1.019379616
-91.306663513,-12.308666229,1.023044586
-66.325286865,-16.397581100,1.398516774
-27.060514450,65.034080505,1.951033115
6.875669003,80.982383728,1.012916446
-65.667388916,76.913597107,1.343852162
-24.431531906,77.256278992,1.034403563
-3.651822090,67.997947693,1.067054272
-22.254192352,-60.502639771,1.951178432
51.312198639,58.755950928,1.412115216
-51.379886627,-8.729705811,1.014610291
-31.651084900,15.968310356,1.759323001
57.696750641,-36.648338318,1.000143051
-24.374641418,57.920078278,1.013046026
-96.986946106,27.983898163,12.547336578
41.895973206,-69.254158020,1.905819416
-15.858352661,56.769649506,1.071229458
-34.723976135,-90.452270508,1.163314819
-76.526382446,-45.416515350,1.031882644
69.865951538,-95.416816711,1.005488157
-61.375381470,-19.647443771,1.547887206
-42.012199402,-6.280039310,1.078718543
99.944496155,5.409583092,0.999998569
-53.929706573,84.821640015,1.000509262
-37.173385620,46.030879974,1.015905857
34.050231934,18.705865860,1.707841516
36.676338196,-98.565193176,1.417185545
4.978250980,-59.095623016,1.009931087
-39.313076019,-73.972808838,0.999977589
-59.653034210,-36.124992371,1.019924164
-63.501979828,21.041778564,1.000574112
-76.959121704,6.687265873,1.281173468
-2.379153490,27.190744400,1.016387343
-35.164161682,61.859729767,1.011813402
-92.493377686,82.510513306,1.216125607
78.604217529,-15.777773857,1.000129461
-12.352379799,-57.647239685,1.002222538
37.539314270,68.116966248,2.671534300
-61.536144257,94.233154297,1.000598550
-94.595054626,-39.043312073,1.000397921
36.424671173,89.550384521,1.181238651
-33.552906036,85.175071716,1.846576452
67.852104187,83.267135620,1.659502864
-58.832672119,50.470260620,1.604447365
-86.116500854,-18.631879807,1.836177230
19.728786469,-81.943382263,1.010273576
88.480613708,-95.058715820,1.895199656
-89.453239441,-72.335861206,1.000268698
48.775680542,-20.161863327,1.940592170
10.726716995,18.135499954,1.600361705
39.960556030,64.594718933,1.685268641
-55.697078705,19.224227905,1.782154679
-4.641899109,-37.316394806,0.999984860
23.789432526,-2.761190891,1.228955030
17.617553711,-7.549489975,1.111055017
1.470191240,-75.950538635,2.440234423
69.175460815,-87.812828064,1.293798089
19.504459381,-20.552801132,1.819895267
-60.311862946,-11.549320221,2.386657238
-13.950078964,12.808177948,5.321139812
-55.072864532,41.589164734,1.000019431
68.278968811,39.531848907,1.765613914
71.396286011,-0.227528065,1.000024199
-99.415382385,18.562986374,1.933003426
97.294563293,-36.046936035,1.001542449
99.182525635,-68.362335205,1.100912452
-89.757690430,-33.563457489,1.242651343
-24.887325287,-16.289062500,1.587906718
6.853394985,-27.612871170,1.003724575
66.015808105,-50.323806763,1.927995324
18.260469437,33.326026917,1.620356798
-25.322378159,-58.769863129,1.426843047
60.064086914,-29.367280960,1.057009816
-48.420028687,52.460941315,88.043518066
-14.276559830,53.481906891,1.145086765
47.881092072,-96.478843689,1.826570630
45.332260132,-58.699600220,1.072484493
29.725469589,-36.041275024,1.077175498
5.666032314,9.110453606,1.570533395
68.751548767,-12.074033737,1.004636407
-98.110092163,48.467273712,1.660457253
17.609182358,56.252880096,1.164910197
-24.135980606,70.861946106,1.000154376
93.921005249,-71.031372070,1.763335824
88.366439819,-9.003430367,0.999996841
52.209014893,-97.401664734,1.059706807
51.407913208,-37.750518799,1.001509666
42.487781525,-68.612609863,1.897907376
60.967929840,-55.866004944,1.193078637
-5.540451050,-92.850952148,1.020122647
36.145011902,-80.882316589,1.058892965
39.923351288,-17.228509903,1.705368757
-8.333880424,-61.230464935,1.105486631
34.574268341,-84.748245239,1.142787218
91.421722412,16.480390549,1.038183928
-67.418571472,26.726320267,1.120510459
-2.946474314,48.194744110,1.132709384
22.641775131,-88.904953003,1.024686575
76.781158447,91.983421326,1.003174663
42.746494293,-99.234786987,1.085742593
-22.656454086,42.356685638,1.550824761
87.759063721,38.973617554,79.369071960
-28.080360413,-42.610870361,0.999925494
-90.220207214,29.401287079,1.250305533
-25.272552490,28.607770920,1.015007377
90.284675598,-31.130601883,1.920694232
-30.715913773,-71.107658386,1.004594088
-87.471954346,-32.492164612,1.242713928
70.054275513,83.630615234,1.404432654
-23.026823044,63.321910858,1.030610800
95.814811707,62.448101044,83.402709961
97.603668213,-94.598846436,0.999990046
-82.523338318,35.425022125,1.012859941
-9.157139778,-6.392004967,1.472661138
0.221358001,97.216117859,1.000887871
0.191906929,90.114669800,1.145879984
-88.105514526,77.928131104,1.184420943
-27.149511337,54.427463531,1.166413546
-30.839092255,19.573680878,1.243556738
-80.515693665,-76.261749268,1.007498503
-71.066596985,32.627895355,1.163608432
22.902326584,-76.213562012,1.465966702
17.744361877,-25.346832275,1.003787756
20.943912506,47.259838104,1.586530805
67.802093506,-39.075435638,1.365834832
-3.329877615,-19.041049957,1.017243505
97.347442627,13.245388985,1.007774234
-82.116386414,54.231956482,1.095316648
38.538558960,-48.244197845,1.092672825
-57.391204834,49.984428406,1.598161101
82.523666382,33.712837219,1.193436027
61.458324432,34.147457123,0.999970078
88.555625916,-65.077323914,1.000315189
-45.431526184,-55.140422821,1.028984189
97.858947754,76.174133301,1.868502378
47.486473083,-17.601644516,1.455409884
-38.985836029,29.285619736,1.028302908
93.098648071,54.167884827,1.642987847
-22.734817505,22.836643219,1.609508395
-92.562438965,52.816387177,1.079575181
-71.827873230,-42.991790771,1.006348372
23.767215729,-16.382806778,1.000810146
43.606647491,-52.757457733,1.010551691
-80.348129272,-8.803616524,1.295996904
-55.283779144,-63.569133759,1.016341209
79.211120605,31.116224289,1.019881010
56.374408722,89.484107971,1.025960803
-99.585716248,-58.215152740,1.325474381
84.147628784,-19.968811035,2.604889631
88.202751160,36.876369476,243.114028931
33.787483215,-22.021177292,1.868208885
-18.315965652,34.182949066,2.332498074
54.080169678,-72.112960815,0.999995410
76.558181763,44.594123840,1.311232209
73.400100708,-19.815439224,1.290419936
-72.573295593,-27.993373871,1.372161508
-74.387420654,0.779229462,1.035935760
-89.093772888,54.531284332,1.065157533
-27.775760651,-57.668380737,1.201803923
48.247013092,-94.874061584,1.679130912
-87.344703674,10.634869576,1.026241183
-87.637123108,6.491616249,1.070794821
93.297897339,-22.631179810,220.795486450
40.595359802,-36.227706909,1.002956033
69.462936401,97.321166992,1.158593893
59.358196259,21.886175156,1.361396074
97.325965881,78.010398865,1.897480130
63.122512817,45.894618988,1.001322627
-86.984367371,85.360511780,1.063560486
-90.242141724,83.865127563,1.276323080
-3.279166222,92.753067017,1.020046473
-87.666999817,-9.966582298,1.034345508
75.028167725,-28.533426285,1.001289845
88.483863831,-94.342315674,1.903673053
-25.726959229,-93.688529968,1.624094248
40.763114929,-19.911266327,1.254827023
-83.322349548,-8.407794952,1.145102024
17.937314987,60.961620331,1.054272056
-29.708217621,64.368919373,1.459276795
59.369621277,73.130729675,27.546117783
31.791507721,-46.401119232,1.041442990
96.761596680,89.789901733,1.525347590
-81.542671204,4.112437725,1.925659060
-86.715682983,39.580200195,1.000478625
33.083930969,-96.595817566,1.411182880
67.407836914,-60.130008698,2.398847342
-88.396659851,-52.045372009,1.000133753
66.007919312,-37.761833191,1.340819120
82.100524902,-31.689207077,0.999964416
22.550230026,47.081108093,1.764187336
94.153900146,67.358116150,1.036994815
67.326530457,-62.042278290,2.996172190
-85.629714966,-17.214502335,1.747103691
3.955512524,-39.805931091,1.426672697
10.429713249,14.728461266,1.538414478
-22.530197144,19.995182037,1.180756927
-18.823883057,-43.158817291,1.166588783
-47.405281067,-51.568786621,1.704051733
-90.230789185,-59.592620850,1.194528818
44.478633881,95.118484497,0.999989510
74.061088562,-34.882556915,1.037090540
80.799705505,42.902309418,1.376388192
4.892079830,-22.564840317,4.083740711
-88.599731445,58.504184723,1.034553170
89.517112732,13.094529152,1.081426620
34.189800262,-77.581222534,1.040368795
-17.079093933,-5.286966801,1.512961388
-68.205375671,36.028884888,1.027075052
81.699058533,1.323800445,1.018553376
72.883125305,25.439714432,1.062390327
-10.370582581,-0.995740950,1.001878858
45.727874756,-92.408248901,1.964092493
-32.813159943,35.007160187,1.417005777
37.788463593,-56.245258331,1.003676057
-60.588306427,65.563484192,1.325438261
18.946186066,-19.777702332,1.817665815
-77.789825439,-2.335735083,1.009238839
45.597858429,-39.558460236,1.012480736
68.896667480,-68.618598938,1.000058055
-67.887664795,-85.202079773,1.000127554
63.167568207,-43.208660126,1.002277017
44.973613739,-5.555602551,1.394957423
52.398578644,6.922019005,2.058007956
-87.137947083,-22.273853302,1.512847424
-12.875299454,-40.587215424,1.067791581
2.831026793,-76.852561951,2.373772383
-35.189102173,86.828666687,1.359884739
98.528907776,-7.340885162,1.602183342
-14.911695480,-5.739289761,1.372838259
2.101031542,-9.947617531,1.577222347
43.082450867,43.301197052,1.000550747
-75.248962402,-65.960639954,1.001717925
7.087360382,33.756343842,1.943833351
-28.121429443,78.505378723,1.034555316
-80.994056702,31.249921799,3.079069853
-66.792732239,65.555747986,1.000226021
7.361558437,5.742835045,1.910580039
21.389724731,41.060726166,1.409609795
90.710144043,49.634902954,1.369011521
-40.346675873,-10.708848000,1.007069945
-27.974678040,25.177330017,1.015285492
-21.565406799,-91.768684387,1.035716534
84.660110474,-18.753005981,2.378682375
88.856437683,44.544898987,1.125829935
83.663993835,64.653511047,1.058115244
29.379341125,-86.412193298,1.002021432
67.763153076,38.564479828,1.765640855
91.598304749,-71.555503845,1.392059565
-82.445289612,3.775996208,2.006685495
-28.013525009,92.054733276,1.802580953
40.754444122,-10.801185608,1.012505293
-61.558250427,-11.423718452,2.447574139
-6.742716789,-98.171485901,1.864290476
-48.556919098,-50.925659180,1.681555390
-23.795713425,-15.192335129,1.596171021
-46.493888855,-77.470748901,1.000003815
-72.264083862,37.640434265,1.017158151
91.177947998,-31.029127121,1.975575924
-71.442718506,-47.988437653,1.004521012
-69.564987183,-61.052070618,1.081596494
32.432102203,-23.014533997,2.460533857
-49.909141541,16.231582642,1.000151992
79.564788818,-95.114196777,1.112074018
19.343755722,34.399196625,1.603047371
-13.366185188,84.070350647,2.548217535
-65.962562561,-97.682838440,1.000041962
68.058700562,-20.844469070,1.615981102
65.979812622,99.074073792,1.034235835
-76.982650757,66.509162903,1.667927146
52.102535248,55.310966492,1.063325405
-12.099564552,21.821462631,1.010583520
-50.471591949,-93.669952393,1.090666890
45.554592133,-72.233390808,1.775608778
-40.072093964,-89.295448303,1.282381058
13.150582314,71.447052002,1.299746275
-85.427406311,-21.573537827,1.643423438
66.511932373,54.930660248,1.005338073
-57.261554718,-49.798126221,1.023240566
26.299602509,-52.173435211,1.095364332
-31.372758865,56.197090149,2.049895525
23.327808380,-78.655548096,1.294143200
-22.980497360,-60.407463074,2.051688910
9.094114304,89.776596069,1.519964933
-0.186653391,66.963615417,1.054693341
35.882457733,-7.823236465,1.904566884
82.840797424,94.559516907,1.184622645
89.380981445,75.703742981,1.000329494
48.096046448,83.419250488,1.359970331
-61.202930450,74.420928955,1.003408551
0.134284154,-70.934562683,1.010595918
-1.350064874,-92.236167908,1.031187415
81.269401550,-48.275333405,1.000366092
-46.604103088,-11.256192207,1.001891136
-62.170024872,85.283569336,1.029948592
37.919853210,35.768966675,1.182574987
83.368453979,-73.565483093,1.006003857
-47.946998596,33.311164856,1.014920950
37.638553619,66.739372253,2.772915840
45.526641846,-91.688194275,1.910554647
24.716323853,57.056991577,1.008404851
73.715896606,74.360229492,1.068641067
-61.194442749,-51.008247375,1.023212671
20.637950897,-6.672372341,1.142553806
-28.055723190,93.053489685,1.809644818
-57.055984497,70.216995239,1.053359866
21.078750610,39.079505920,1.413190365
54.774494171,-5.770606518,1.001508832
94.901329041,-3.916476011,1.016304731
-43.471221924,81.243568420,1.856993914
-3.397773027,85.697624207,1.197451830
6.198494434,-54.694210052,1.269198775
-31.219087601,96.416671753,1.010281444
-57.987667084,-27.509691238,1.138306260
-42.313396454,43.199787140,1.002103090
-53.657402039,66.349388123,1.118599892
91.720344543,-16.701713562,1.339526415
-1.316350818,57.352470398,1.299966455
-11.699592590,-86.092338562,1.763503194
8.739499092,4.439149380,1.539188027
-16.154293060,-42.101608276,1.223298669
-51.134368896,7.013577461,1.000094533
-68.695518494,-74.064727783,1.012043834
-1.903874755,-26.657102585,1.626263618
56.373767853,-21.617547989,1.004025459
81.627037048,-69.094512939,1.023536086
82.593559265,-64.939735413,1.017865181
-53.825740814,-57.006080627,1.000073671
56.730834961,-16.016035080,1.019823432
70.460884094,31.211051941,1.000151873
-78.442024231,-94.856590271,1.205057979
17.955463409,78.821281433,1.029425263
-55.295978546,-10.779195786,1.026571393
-91.043426514,-3.356742382,1.000218153
59.931972504,-4.133062363,1.001537323
-13.208657265,-51.159515381,1.029803514
6.926605225,68.060104370,1.001125455
9.703585625,-41.348022461,1.574052334
57.525806427,-78.047164917,1.000005007
-92.864456177,-60.260555267,1.196272254
6.098829269,-40.679046631,1.369367480
36.518527985,68.318946838,2.335550785
-36.470226288,50.307434082,1.018534303
-51.239318848,64.323089600,1.157512903
84.736579895,-20.019697189,2.626269102
-82.264801025,-19.145986557,1.100197792
-25.391965866,1.888366818,1.000255704
-0.378427297,74.989654541,1.059636354
23.885646820,-84.612091064,1.017157793
31.091747284,57.088562012,1.394662142
-69.035171509,-57.711040497,1.275738716
82.007614136,90.903266907,1.046699286
-80.869422913,85.341690063,1.000202894
99.872215271,-6.628548145,1.599023700
65.976753235,-61.213081360,2.546489716
-4.326529503,-77.718200684,1.661517620
39.832454681,-23.413682938,1.054475546
-70.757369995,-55.615604401,1.195959806
-73.759811401,-29.743196487,1.454590082
68.698677063,-7.156845570,1.004622817
33.823257446,91.118774414,1.128714800
39.262767792,-51.435142517,1.106482148
-83.771377563,64.477943420,1.130811334
-44.150604248,25.410947800,1.841102600
83.535758972,5.261278629,1.104121208
3.075687408,-23.448598862,2.221566439
-2.324682236,35.398105621,1.000020504
23.974885941,73.859680176,1.000846267
97.939743042,-16.149013519,1.956403494
96.018730164,32.942314148,1.009271979
48.161418915,-21.100259781,1.818336844
42.432067871,66.418067932,1.143070102
20.254953384,-76.237434387,1.244825244
16.845624924,-54.553787231,1.175783634
-16.602785110,-10.203825951,1.150905848
40.967483521,-15.906696320,1.564607382
0.786232710,-76.601661682,2.263792038
36.414436340,-87.532890320,2.011862278
-37.476139069,33.015594482,1.125622511
-39.750904083,-98.461898804,1.039521217
-11.327165604,29.954025269,20.441104889
69.346580505,77.900077820,1.032857418
-50.954071045,90.857139587,1.676848650
-25.569616318,-91.177871704,1.406316280
-38.180835724,-64.989257812,1.000034571
-45.711086273,10.963953972,1.000083089
19.105001450,-69.584350586,1.000128150
-21.350963593,24.155841827,1.477787495
4.817022800,11.576512337,1.227369070
82.915733337,43.340618134,1.535358787
-39.672290802,-3.754465342,1.079170465
-79.811798096,-40.419830322,1.299659252
87.579063416,38.695003510,91.983116150
98.275215149,-16.480894089,1.958510637
5.183490753,92.854583740,1.022185802
24.284557343,-8.353345871,1.028764844
46.138092041,24.978738785,1.001558423
93.893646240,91.089874268,1.421224952
59.398387909,-49.232990265,1.112579107
18.539903641,87.698440552,3.142851353
-99.678314209,-78.857131958,1.028185487
-6.389528751,29.285259247,1.045841217
-74.333580017,-33.030261993,1.090499282
-97.396255493,49.632301331,1.660949826
-59.639404297,67.603187561,1.374742746
12.212015152,27.466030121,1.007709026
-64.151451111,-62.931800842,1.122470021
-31.844007492,85.572105408,2.044856548
-75.429565430,4.673377037,1.268833876
-50.141494751,45.992980957,1.057872176
-37.957828522,97.079162598,1.000044465
2.387230158,-8.314956665,1.543704867
61.418483734,-14.750278473,1.127541423
72.264053345,96.085098267,1.124794126
-35.926948547,74.876693726,1.319120646
40.521358490,-31.056463242,1.002596736
96.397903442,79.748878479,1.460808635
-29.517839432,86.081970215,1.843752742
44.828186035,12.252331734,1.207882643
-44.987339020,-40.342044830,1.002539277
-29.406501770,84.412742615,1.754697204
12.878160477,67.674194336,1.045776367
-49.593391418,60.650722504,1.965524912
-99.127319336,9.816329002,1.004589915
75.313766479,-49.174144745,1.000326276
-7.175388336,65.252120972,1.016301274
-94.484001160,-76.413101196,1.010031462
23.223451614,-0.228569508,1.230125546
63.741535187,15.847112656,1.000210166
-88.766815186,97.340438843,1.013039351
-97.710212708,-6.166777134,1.710028172
-8.137296677,72.068122864,1.190828323
44.593402863,-71.666343689,1.860234022
-5.744578838,-77.835098267,1.647170067
91.152397156,-1.450020432,1.470925808
13.999711990,-54.825187683,1.657999992
-82.998710632,-37.642894745,1.019018173
77.231025696,23.629741669,1.007256866
-32.094741821,17.159086227,1.907189012
50.302051544,90.052185059,1.006167173
91.790771484,41.573390961,2.927779198
69.224060059,-21.789857864,1.676422477
66.199653625,24.330436707,1.708198547
2.846281290,-93.678596497,1.012571096
14.866892815,83.174179077,116.148162842
57.761837006,69.815162659,8.440222740
1.886952281,-42.082370758,1.163358212
84.391334534,11.246656418,1.183130264
-45.526199341,88.985855103,1.007665992
-62.807399750,53.112331390,1.007887483
-55.169818878,61.800048828,1.045366764
21.667343140,5.248430252,24.683422089
-3.422911167,-81.998023987,1.020674229
-16.075056076,-47.058841705,1.093024731
99.678413391,40.024234772,1.429331303
45.958274841,48.344062805,1.039015412
12.420345306,45.017021179,43.211910248
-64.663825989,47.979263306,1.006678224
-90.249031067,-16.985050201,1.768806338
12.506318092,-68.068931580,2.086973906
-53.686847687,-92.983276367,1.090569615
-81.446823120,-66.582740784,1.437674403
-82.794326782,-65.201507568,1.443187356
21.589025497,-97.171005249,1.038623333
8.831121445,-87.274131775,0.999990523
26.591112137,-34.669227600,1.074144006
-16.752603531,-99.312866211,1.000026345
85.094848633,53.326747894,1.560575128
-91.699394226,63.840023041,8.105222702
-8.108933449,-45.135169983,1.414881825
9.453657150,93.098007202,1.102009177
-12.389400482,-45.393333435,1.265976787
12.865914345,-56.508693695,2.149493694
-3.806594372,-28.678714752,1.411734581
-21.340478897,43.762825012,1.442382574
-78.619445801,10.157423973,1.037546396
-51.192485809,-35.379463196,1.004044175
11.079198837,16.471542358,1.990709901
-12.217413902,85.865447998,1.600600481
-73.108612061,-70.912902832,1.475990891
-12.547000885,-29.525730133,1.268328786
-10.503306389,31.413145065,4.573171616
62.688056946,-82.701049805,0.999986589
89.290740967,68.131546021,1.292489171
-42.603130341,51.795669556,3.720981598
-67.233383179,78.459724426,1.340899229
29.663959503,67.898780823,1.000017643
-15.033712387,67.149734497,1.000365973
-0.918093085,50.453304291,1.129895210
-99.480918884,-55.970008850,1.331853271
18.570688248,26.992076874,4.736132145
-78.530372620,-51.698081970,1.000037670
46.415279388,-43.948505402,1.146075845
36.440269470,4.578581333,1.914523721
69.430137634,24.033037186,1.690069556
11.330830574,-40.802753448,1.555689573
-59.585319519,-81.527732849,1.000085235
59.421195984,-25.835006714,1.059451938
-14.800271034,86.358856201,1.414465904
-58.947204590,26.958621979,1.000476360
-26.113599777,-99.262092590,1.001139760
36.924678802,-87.811141968,1.964117169
34.097492218,-8.644331932,1.709516764
24.325378418,26.955299377,21.141992569
27.730974197,1.597147226,1.019418955
75.033935547,77.623603821,1.408575892
54.427368164,93.246276855,1.020907402
36.358367920,56.482944489,1.718658686
-42.639934540,-89.141578674,1.230076551
-7.301568031,-98.763633728,1.863169909
52.140735626,-17.748519897,1.040338516
-29.493515015,-87.459083557,1.674351335
