x,y,rho
8.874915123,41.057075500,259.059173584
9.414788246,43.194221497,507.938110352
10.992991447,44.240253448,321.209960938
9.375373840,42.735569000,503.728973389
8.714147568,41.617855072,329.922485352
8.056430817,44.988647461,180.690475464
9.253048897,42.599800110,488.991882324
8.509905815,43.815364838,368.794036865
8.148802757,42.825134277,348.409881592
8.867234230,43.424774170,447.914367676
9.251895905,41.857242584,409.850616455
9.734519005,43.466205597,502.135498047
9.829217911,43.340343475,509.556243896
9.128378868,42.675132751,482.755096436
9.090240479,42.678321838,479.322814941
8.949554443,41.311592102,304.554138184
9.940127373,42.636093140,505.335113525
8.132502556,43.500656128,332.773132324
8.855401993,43.089817047,459.161895752
10.491791725,43.166854858,473.514862061
10.902101517,41.803047180,332.518615723
10.165042877,42.353061676,471.966461182
8.891903877,42.459022522,444.910156250
9.451148033,43.094039917,512.092590332
8.597551346,43.938701630,368.365875244
10.228363037,41.501628876,350.366241455
11.250952721,44.933761597,203.847702026
10.941480637,42.857948303,412.521545410
8.691947937,44.092323303,362.471130371
9.359523773,44.260318756,396.139801025
9.970975876,44.014511108,439.060913086
10.119067192,43.744445801,466.267364502
9.773200989,44.823741913,309.505096436
9.889613152,43.439861298,502.339263916
11.645851135,41.690113068,221.258377075
8.492216110,44.007270813,346.806335449
8.589577675,44.981494904,229.443954468
9.349081993,42.290416718,469.884979248
11.685643196,44.518386841,202.348251343
11.630259514,43.943916321,260.628021240
8.901474953,44.947937012,257.870147705
9.494697571,43.840328217,460.685455322
10.709952354,42.882862091,446.829772949
10.376780510,43.960079193,423.065521240
10.139126778,41.938472748,423.467407227
10.060938835,44.364257812,382.844360352
9.068133354,42.888237000,483.580718994
9.327547073,44.887138367,290.521728516
10.434995651,43.445335388,467.467773438
8.992784500,43.577121735,451.417419434
9.088368416,43.069702148,485.878753662
9.126854897,43.714305878,451.818664551
10.339291573,42.829574585,488.297790527
10.158707619,41.944812775,423.226715088
8.271443367,43.477264404,357.143798828
9.929374695,43.672904968,481.516204834
12.145845413,43.982353210,183.057922363
8.849878311,44.154888153,372.103393555
8.446793556,42.576290131,390.103424072
9.694458961,44.751216888,322.146667480
9.017946243,42.211433411,436.268066406
9.664248466,42.374393463,488.451782227
10.889336586,41.957942963,353.210357666
8.615232468,42.600051880,416.918121338
9.264668465,44.967407227,274.527587891
10.712121964,43.125423431,447.034637451
8.537264824,43.882236481,366.109161377
8.762485504,41.493103027,316.770263672
10.950730324,43.354816437,405.744506836
10.683559418,43.356601715,443.592864990
10.619531631,42.386848450,432.108306885
8.728458405,43.719467163,407.588745117
8.959291458,42.348323822,443.547302246
9.307168007,43.055351257,504.366912842
9.408706665,41.662921906,387.560333252
9.119082451,40.814468384,234.123184204
10.387931824,41.435813904,329.253631592
8.658317566,43.090038300,432.129058838
9.023138046,44.580886841,324.465911865
8.469843864,43.304924011,397.435302734
9.723418236,41.869781494,425.600891113
10.285977364,42.866325378,493.954345703
10.534491539,43.861377716,420.163360596
11.925936699,44.374401093,185.286087036
9.393519402,42.798492432,506.966339111
10.862360001,43.693138123,396.983306885
10.402832031,41.420917511,325.769805908
9.738374710,42.299842834,481.219879150
10.042625427,42.939723969,511.582397461
10.672879219,43.355091095,445.046386719
10.549028397,42.571453094,454.312896729
8.818254471,42.627822876,446.214294434
9.745680809,43.417026520,505.555297852
12.022009850,42.995616913,230.833328247
8.806756020,42.691890717,447.616180420
9.299104691,43.519355774,482.852874756
8.221903801,43.101135254,361.589538574
9.919207573,43.270053864,511.047302246
9.165384293,42.799949646,490.823730469
8.338640213,42.544551849,371.195556641
9.219839096,43.453922272,481.903869629
8.606518745,43.819072723,381.892730713
11.257184982,40.967887878,185.826232910
10.188959122,43.714782715,465.261016846
9.125264168,42.640602112,480.760559082
9.629819870,42.740081787,513.199279785
9.453687668,41.361869812,338.500335693
10.915032387,44.117492676,345.971282959
8.949336052,41.571449280,345.170623779
10.283765793,42.462085724,472.906738281
9.904653549,42.718544006,510.688262939
10.454239845,43.732624054,441.897766113
9.037103653,41.654510498,364.841217041
8.179762840,43.648254395,331.662994385
8.573841095,42.531055450,407.153259277
9.166386604,42.985305786,493.667510986
7.826420784,43.226650238,290.196350098
10.286591530,43.126296997,494.470062256
9.451814651,43.135272980,511.335723877
10.161746979,40.265281677,156.178985596
11.718612671,43.427967072,275.272796631
9.110292435,42.646919250,479.703155518
10.256443024,42.921768188,497.409057617
7.732016087,45.102367401,139.821243286
9.652159691,44.058044434,435.664916992
9.070651054,44.574249268,328.902496338
10.049044609,43.646717072,479.734100342
8.717447281,44.249019623,345.243225098
10.452519417,44.339717865,363.568450928
9.134613037,42.556846619,476.732330322
12.066617012,41.977855682,186.808837891
9.626750946,44.174766541,417.980316162
9.860425949,43.620826721,488.147674561
9.363251686,43.407928467,494.853942871
8.456173897,44.696002960,256.364013672
9.644536972,42.357696533,486.635284424
10.429083824,42.577152252,467.820495605
8.428442001,41.691154480,306.733154297
10.456474304,42.878299713,477.739807129
9.628998756,44.115615845,426.925872803
8.635874748,42.307193756,400.208099365
9.377820969,43.132225037,507.579406738
9.720529556,42.750984192,514.471862793
9.701074600,42.930568695,518.986999512
9.043096542,42.224880219,440.076690674
10.037217140,42.146957397,456.372528076
8.605345726,42.725582123,420.666656494
9.605033875,45.294597626,228.440078735
9.058000565,43.981132507,415.087677002
10.509888649,41.848926544,382.188232422
10.535953522,41.853992462,380.367218018
7.103528500,43.644191742,163.652191162
8.006810188,43.488807678,312.147979736
9.078689575,44.697425842,309.529541016
10.831210136,42.584487915,418.188964844
9.074863434,41.823795319,392.745880127
9.321778297,42.757518768,501.335357666
9.398007393,43.194576263,507.035461426
10.341221809,43.387527466,479.877441406
8.998557091,41.600082397,353.529968262
11.127232552,42.348423004,357.386566162
9.110406876,42.516685486,471.868225098
7.919631004,42.559898376,301.044311523
9.283044815,43.658229828,469.540527344
10.461157799,43.041645050,478.558898926
10.694549561,43.377838135,441.123596191
9.747018814,43.198802948,516.263122559
9.572047234,42.643024445,507.282836914
9.494967461,41.909862518,428.362396240
10.043142319,42.044750214,443.015197754
10.604331970,42.788414001,458.133911133
9.812195778,43.531711578,496.694305420
10.406015396,41.467250824,333.031829834
9.555797577,43.918052673,452.886566162
8.064595222,43.425155640,324.942169189
7.507136345,42.015365601,206.008239746
9.801331520,41.381156921,344.564300537
8.777190208,41.566040039,328.856964111
11.410835266,43.202102661,334.313873291
10.329991341,42.815196991,488.734313965
9.409269333,41.421398163,347.412841797
9.470863342,42.276382446,474.045989990
10.620624542,44.178974152,371.582305908
11.229279518,43.890426636,326.241943359
9.164047241,41.921977997,413.233673096
10.529363632,43.394165039,460.421356201
7.994162560,43.393356323,314.198852539
10.577220917,43.096797943,464.781188965
9.577647209,42.230224609,472.108886719
8.316165924,43.838172913,338.216094971
9.453586578,42.804405212,510.115325928
11.495422363,43.722373962,297.598236084
10.133525848,43.179935455,504.489959717
11.282695770,44.757461548,222.402694702
10.692205429,43.620098114,425.482391357
7.668097496,43.161594391,263.960906982
9.632594109,43.131828308,517.143249512
10.705746651,40.298194885,141.207611084
9.193388939,43.307777405,488.320312500
9.295855522,41.620967865,375.988708496
10.631664276,43.314746857,452.098846436
8.791596413,43.352691650,442.278594971
10.584286690,43.043167114,464.343109131
10.563265800,43.116134644,466.209533691
9.367471695,41.878452301,419.013305664
9.676770210,43.232166290,514.780883789
10.638533592,42.922767639,456.934692383
10.220116615,42.073261261,436.588897705
8.980072021,42.927482605,474.635772705
8.708072662,43.858119965,391.286346436
10.225831032,43.316970825,493.033599854
10.101604462,45.058917999,263.220184326
9.293836594,40.836433411,244.116577148
9.962000847,42.987270355,515.342590332
9.245182037,42.059043884,436.931152344
9.323511124,43.219211578,501.750732422
9.259883881,45.450328827,197.272415161
8.802196503,42.244754791,416.099365234
7.474080563,43.289356232,229.126632690
7.746294022,42.498416901,269.056488037
9.487030029,42.328144073,479.968933105
11.501573563,44.032268524,272.785522461
11.081837654,42.155452728,347.633697510
10.891294479,43.533874512,404.869140625
10.534107208,44.067310333,395.086547852
8.853937149,42.613555908,449.985443115
10.625296593,40.382255554,155.209594727
11.276028633,43.591007233,341.618713379
9.716997147,43.258380890,514.032409668
8.732765198,42.687931061,437.555999756
10.862984657,44.335895538,324.210388184
12.458925247,42.963947296,164.561920166
9.104147911,42.523639679,471.772094727
8.744658470,42.960018158,445.158813477
10.145433426,43.003631592,506.090545654
10.859047890,42.803657532,423.665740967
9.415249825,42.456604004,488.663513184
8.130065918,41.470104218,243.200546265
8.583542824,44.339302063,318.075103760
10.657960892,44.412837982,334.614746094
8.430489540,41.069248199,225.033401489
9.102644920,43.213691711,483.968811035
10.261390686,44.085845947,414.902435303
10.046980858,44.780540466,312.651885986
9.540095329,42.124794006,458.700347900
8.081482887,42.148902893,303.693878174
10.004818916,42.149154663,458.050415039
10.699442863,44.450199127,325.148498535
7.393114090,43.901924133,192.829620361
7.523096561,43.439373016,233.050537109
10.987571716,43.102729797,406.680633545
8.483011246,42.452442169,388.743621826
9.501055717,42.855628967,513.408752441
9.559803963,42.927989960,516.555175781
9.976181030,41.829299927,414.823944092
9.520681381,44.556133270,353.446899414
9.378055573,42.594036102,496.634918213
10.840898514,40.478687286,156.219879150
10.944079399,42.405967712,389.705841064
9.926629066,43.134193420,515.166381836
10.705168724,42.770278931,444.433502197
9.084674835,44.335720062,367.350891113
7.398527145,43.058208466,219.885971069
8.414774895,42.276298523,365.674377441
11.773957253,42.993278503,272.478698730
9.957770348,41.256309509,319.798614502
9.033656120,43.234432220,476.267547607
10.117458344,43.654758453,475.519622803
9.771328926,43.564876556,494.182434082
10.216483116,41.208133698,301.618469238
9.799706459,43.805774689,469.241638184
10.352581024,42.674015045,480.909271240
8.957074165,41.919559479,395.643890381
9.631647110,44.170951843,418.637145996
7.810896873,42.377983093,274.398712158
8.622898102,43.822830200,383.737487793
9.208391190,42.567234039,483.590850830
9.545751572,43.483264923,497.804351807
9.370311737,39.991729736,124.960243225
10.306013107,43.476917267,477.258758545
9.543159485,41.953838348,435.946624756
10.114480972,43.417110443,494.799011230
9.292668343,42.821140289,501.398529053
8.832544327,42.859283447,455.870941162
8.212271690,43.455192566,348.490295410
8.818332672,43.275978088,449.246856689
8.356738091,42.447814941,368.740234375
9.652211189,41.377174377,344.305847168
9.877848625,42.658725739,508.384704590
8.020344734,41.734630585,257.290924072
10.367820740,43.933429718,427.139129639
9.630792618,43.442634583,502.817901611
9.986544609,43.367496490,503.931060791
11.048685074,41.530876160,279.402770996
10.439161301,42.655864716,471.392028809
9.538441658,42.735622406,510.854766846
9.387553215,41.811676025,409.978363037
9.946040154,44.708816528,327.651245117
9.706567764,43.036487579,519.285278320
9.075401306,42.920398712,484.721588135
10.228867531,42.667629242,491.112335205
9.308897018,43.441139221,489.258544922
8.844696045,43.290370941,452.036499023
10.583022118,44.397823334,343.748962402
9.672318459,44.405471802,381.541961670
10.797110558,42.041660309,374.823211670
8.544762611,42.732910156,411.729064941
10.791636467,42.965587616,436.516540527
9.162043571,44.590114594,332.258117676
10.049605370,40.717277527,225.735534668
10.079861641,43.557914734,486.262115479
9.988309860,43.487586975,495.916656494
9.695425034,41.719478607,402.200683594
9.391996384,42.092258453,449.298156738
8.829959869,41.774803162,363.672515869
10.215189934,43.135768890,499.962280273
9.314535141,42.388534546,477.324096680
9.739277840,44.117069244,427.654327393
7.758484840,43.414749146,273.009429932
9.216988564,41.153285980,294.228454590
7.816997528,42.125091553,260.160034180
9.982210159,43.430934906,500.158386230
8.823719025,44.054893494,382.268554688
11.185684204,43.433959961,364.901336670
9.171298027,44.162292480,399.568206787
10.518096924,43.905281067,416.797088623
9.106237411,40.203319550,145.580322266
11.879491806,41.426994324,168.702011108
9.726932526,45.418617249,209.180343628
10.093277931,43.987121582,438.058715820
8.260304451,41.260208130,232.965179443
9.229997635,44.128623962,408.466583252
9.416451454,42.243236542,468.236145020
9.960667610,44.119808197,424.265808105
8.317760468,41.827331543,308.178955078
8.974031448,44.132511139,387.408935547
9.997522354,45.170024872,247.115707397
10.699146271,43.002777100,449.578765869
11.027778625,43.249370575,397.471130371
9.057779312,43.717849731,445.134002686
9.066373825,42.747474670,479.814331055
11.090483665,42.936592102,389.969665527
8.959559441,42.573535919,460.198150635
10.784491539,42.485332489,418.415771484
9.375829697,42.527580261,492.093658447
9.946626663,42.652381897,506.039367676
8.160864830,42.150691986,316.303680420
8.829912186,44.281192780,352.742004395
10.575374603,43.625133514,439.031707764
9.257342339,42.222080231,457.037780762
9.255183220,41.985992432,428.033203125
12.259901047,40.792552948,87.145027161
10.326709747,41.753322601,383.852447510
9.658357620,42.049869537,451.005340576
8.585071564,41.897678375,351.486846924
11.517686844,42.904884338,316.345153809
8.996998787,43.593658447,450.487365723
9.773050308,43.757907867,474.901092529
7.938444138,43.341476440,306.485748291
10.535395622,41.376274109,308.477172852
10.210896492,44.734054565,314.496978760
9.747842789,43.859279633,462.975555420
10.433271408,42.330368042,447.536468506
9.802467346,41.470878601,360.097747803
9.311397552,43.303562164,497.428375244
10.485801697,43.062484741,475.743316650
10.482684135,41.934967041,396.590057373
9.661003113,43.057151794,518.726440430
11.612292290,42.823707581,298.489654541
9.263684273,43.059223175,501.230346680
8.843586922,43.230628967,454.192413330
9.397645950,41.246543884,316.983947754
9.704113960,42.720329285,513.126403809
8.130277634,42.970737457,346.463562012
11.252057076,43.559177399,347.423553467
10.374628067,41.696376801,371.533935547
10.239599228,43.186321259,496.906921387
10.291746140,43.460502625,479.572601318
8.402919769,42.996471405,392.958923340
9.004830360,42.987789154,477.654541016
8.865300179,44.350341797,346.341644287
8.903728485,42.138931274,416.801635742
9.837286949,41.960773468,437.867614746
9.338037491,42.207908630,460.387908936
11.173872948,43.823677063,340.462097168
9.705231667,42.646656036,509.418487549
10.703618050,43.443077087,436.396240234
10.260753632,43.011680603,497.664031982
8.074470520,42.925407410,336.521423340
9.230211258,43.682929993,463.348419189
10.774542809,42.379920959,411.666595459
10.231085777,44.773754120,306.821746826
9.094987869,44.719795227,306.913024902
8.910115242,43.060832977,466.322357178
9.751555443,43.049373627,519.256774902
8.925023079,42.446689606,447.804565430
9.094980240,43.364837646,476.480499268
10.092736244,45.263816833,229.522216797
11.133689880,42.528030396,368.502593994
10.087570190,44.034992218,431.771514893
9.793302536,42.968231201,519.127563477
9.814275742,43.905151367,456.860168457
8.914380074,42.712203979,461.825378418
10.233134270,43.349319458,490.869659424
10.002283096,42.668071747,504.741973877
10.735236168,45.171741486,213.731750488
10.169116020,42.844696045,502.414062500
10.518441200,42.498741150,452.824645996
9.013010025,43.070682526,478.038848877
7.179903984,41.883922577,154.254043579
9.414738655,41.684482574,391.237487793
8.730057716,42.601123810,433.208953857
8.119735718,42.631801605,338.236358643
9.227430344,43.063278198,498.386810303
10.916884422,43.210376740,415.781280518
9.783762932,43.137329102,517.777587891
9.990093231,42.021133423,442.056854248
9.647925377,43.346626282,509.101226807
8.391941071,43.903526306,343.383575439
10.844077110,42.406497955,404.214691162
9.521363258,42.159683228,462.470550537
10.462080956,41.976650238,404.093597412
9.540224075,42.178955078,465.293853760
9.813654900,41.243644714,320.327941895
11.089162827,42.073265076,338.451904297
9.822595596,42.825351715,516.366882324
9.000586510,42.150093079,427.934173584
10.699099541,42.512233734,431.784942627
10.033870697,42.236377716,467.042907715
9.115519524,43.510120392,468.899078369
10.693109512,42.862556458,448.684631348
8.340781212,45.035827637,201.071945190
8.906151772,41.496284485,330.084075928
12.357125282,42.633842468,174.370223999
8.300968170,42.354434967,353.804046631
10.130245209,43.228183746,503.191314697
8.910971642,44.860595703,272.122222900
9.241121292,41.853187561,408.619384766
10.723394394,44.366935730,334.854187012
8.945207596,41.636524200,354.635620117
10.793139458,40.990550995,228.673233032
8.536079407,44.005317688,352.923339844
9.707347870,42.773937225,515.308593750
10.115517616,42.885097504,506.776977539
8.464014053,44.313949585,307.100311279
11.087715149,43.243206024,388.001098633
9.807834625,45.377498627,215.500335693
9.486268044,42.778297424,510.643066406
10.127182007,44.509193420,356.247467041
11.355471611,42.779300690,342.049926758
10.071031570,41.659790039,384.369293213
9.450724602,42.197582245,464.544616699
8.755868912,44.719448090,281.554565430
8.970414162,42.506267548,457.111236572
10.128549576,44.335697174,384.650787354
10.243816376,45.797229767,147.611480713
9.688033104,43.296588898,512.149108887
10.038301468,44.472923279,365.675201416
10.269939423,42.921642303,496.300750732
8.815212250,43.282318115,448.583190918
11.164045334,42.627490997,368.778930664
10.291644096,43.284019470,489.297332764
10.626220703,42.233119965,416.791046143
12.109347343,41.758712769,166.890701294
9.397150040,43.975967407,439.267425537
10.059433937,43.867858887,454.958862305
9.266598701,42.963069916,501.735382080
9.774932861,44.607131958,347.406280518
10.453129768,43.834545135,431.215179443
9.104774475,44.006755829,415.825653076
9.988282204,44.427017212,374.880401611
11.776761055,42.731105804,268.039367676
9.356397629,42.173828125,457.466705322
9.619121552,42.655849457,508.996368408
10.122204781,42.893306732,506.524291992
9.401101112,44.102458954,421.819000244
8.824820518,43.470981598,439.706573486
9.356759071,43.762241364,463.329742432
11.147962570,42.734775543,375.813049316
10.203733444,43.216667175,498.677947998
8.963278770,43.278659821,466.818206787
10.051821709,43.450744629,495.858001709
9.564301491,43.132064819,515.583984375
8.615089417,42.679759979,420.442138672
10.318663597,43.930347443,431.432495117
9.340386391,43.142585754,505.086547852
9.990754128,43.239353180,509.837127686
10.303474426,41.219795227,298.948638916
9.713376999,43.276905060,513.218383789
8.762370110,44.711860657,283.254028320
9.924260139,44.601276398,346.760742188
8.972177505,42.130573273,422.955352783
9.986952782,41.359184265,336.865722656
9.977665901,43.135093689,513.403015137
10.778366089,43.738914490,404.185821533
9.345223427,41.940376282,426.802276611
11.475006104,42.245758057,294.243438721
8.717176437,41.953018188,374.229309082
10.880005836,42.518974304,407.104827881
9.008996010,43.175563812,475.510223389
9.555755615,42.359779358,485.171051025
10.516692162,44.103187561,391.981414795
10.748018265,43.804794312,401.737670898
10.165326118,41.261985779,313.235351562
11.431951523,43.339862823,327.195129395
10.370857239,44.152835846,397.567016602
11.196053505,43.456272125,362.130401611
10.198246956,42.438648224,477.510711670
9.795790672,42.183712006,467.761047363
9.042759895,42.144298553,431.267974854
9.606677055,44.086967468,430.748992920
12.933675766,43.227371216,106.360740662
8.414287567,44.302856445,302.298706055
9.461916924,42.377265930,483.762603760
9.972550392,41.797248840,410.027099609
9.985163689,42.949497223,514.240051270
9.861078262,43.419288635,504.315093994
9.830192566,43.054210663,518.530883789
10.047015190,43.453273773,495.908386230
8.731218338,41.607883453,330.279602051
9.701063156,41.605136871,383.457061768
9.850232124,43.976619720,446.968383789
10.369812012,41.989704132,414.113861084
8.902438164,43.366172791,455.527923584
9.361402512,42.721218109,502.334075928
10.359607697,42.050586700,422.908905029
9.361466408,42.237789154,464.966430664
8.719571114,42.180793762,399.634613037
10.440162659,43.089694977,480.419708252
8.883540154,42.806770325,461.164672852
8.123893738,42.304561615,321.845947266
11.912275314,42.947628021,248.728469849
10.494359970,42.972385406,474.831481934
10.110870361,43.701129913,471.260040283
8.658083916,43.006935120,432.814025879
11.341566086,42.242374420,315.280426025
9.196261406,42.730182648,491.051330566
10.031724930,43.562789917,488.122253418
11.030112267,43.537372589,383.940948486
9.700647354,44.297039032,399.554748535
10.466812134,41.542194366,340.235107422
12.289069176,44.807796478,114.485977173
9.594486237,43.415782928,503.891143799
11.087059975,42.865673065,389.439788818
10.493052483,44.142452240,388.800140381
8.747875214,42.435543060,425.320465088
10.684108734,43.498687744,435.442230225
10.686497688,42.905303955,450.383697510
9.473695755,41.039234161,282.969848633
8.616700172,43.084938049,426.032958984
10.587258339,43.569049835,442.199401855
9.634458542,42.766101837,514.296691895
9.979880333,43.116085052,513.688964844
11.167245865,43.184314728,376.233764648
8.281455040,41.765316010,296.353363037
11.281459808,41.866714478,289.300933838
10.527197838,42.769500732,466.752746582
9.592942238,42.903739929,517.087219238
10.984086037,42.845031738,405.569824219
9.729381561,41.507068634,366.839508057
9.969390869,43.568916321,490.027832031
10.001846313,44.435768127,373.031768799
9.817872047,43.336849213,509.889801025
11.411204338,41.487857819,230.436355591
9.306875229,44.464031219,360.949798584
10.698829651,43.716255188,416.345672607
10.595351219,43.364940643,454.249298096
11.394298553,43.415634155,330.868469238
10.002568245,43.196830750,510.806701660
9.955564499,41.880855560,423.281463623
10.533373833,42.907432556,469.631256104
11.584615707,42.962223053,305.205718994
10.183619499,43.284477234,497.528839111
9.137144089,44.030010223,415.390441895
11.667764664,43.023094177,290.935272217
9.462222099,42.682846069,505.661041260
7.870338917,42.860061646,299.971405029
10.013698578,44.092632294,426.566589355
10.722748756,42.621376038,435.387939453
9.485877991,44.161777496,416.433013916
9.589237213,42.527843475,500.240142822
11.155219078,44.075458527,318.805938721
9.781492233,42.444095612,494.788543701
7.750820637,43.627578735,262.348846436
8.866331100,41.075141907,261.287322998
11.347521782,43.685840607,323.924835205
8.623692513,41.823471069,347.179199219
10.633662224,42.159904480,408.119537354
11.058850288,43.654331207,371.546813965
10.299297333,43.442569733,480.139923096
9.954152107,43.918384552,452.448089600
9.308620453,43.123825073,503.425170898
10.514647484,43.600864410,447.764892578
8.567713737,42.537464142,406.606811523
10.015503883,42.629859924,502.013946533
11.537359238,42.644721985,306.263549805
9.600481987,43.807304382,467.689514160
10.093233109,42.892597198,508.223022461
9.006207466,43.339385986,468.753540039
10.801796913,43.516967773,418.618560791
8.984517097,44.774646759,290.819396973
8.316123009,41.455188751,263.691223145
10.723258018,43.263713837,442.117065430
9.213202477,41.939304352,419.003540039
12.083500862,43.154964447,220.505432129
10.296901703,43.355758667,485.458770752
10.197508812,43.577968597,477.604827881
10.495124817,42.662651062,465.709960938
9.471058846,41.296852112,327.680084229
8.982396126,43.308986664,467.626007080
10.807723999,43.636913300,409.064270020
9.422008514,41.774700165,405.682037354
6.985341549,44.189605713,127.145042419
9.173471451,42.589408875,482.116851807
9.894274712,41.632312775,385.806793213
9.412919044,45.061344147,263.756225586
10.268087387,43.397121429,485.503936768
8.180206299,45.281475067,158.827514648
8.339905739,44.960197449,210.529830933
7.647644997,44.443237305,189.264617920
11.380755424,42.213462830,306.784301758
10.185280800,43.585353851,477.785278320
8.948905945,41.588756561,347.760772705
8.444983482,43.578880310,378.550079346
9.677585602,42.473571777,497.328033447
10.729468346,43.545940399,426.345886230
9.007238388,41.836669922,388.957458496
10.285962105,42.500289917,475.733001709
9.861906052,44.614173889,345.510589600
10.265028954,42.175605774,445.857147217
9.923361778,42.085227966,452.850738525
11.371222496,42.476295471,326.425506592
9.969971657,43.345603943,505.758941650
9.921951294,41.079322815,289.752746582
8.316279411,42.585521698,369.486419678
10.082132339,42.900093079,508.980682373
8.805553436,41.689449310,349.340942383
9.361143112,42.569396973,494.129333496
10.275537491,42.711555481,489.545074463
10.365408897,42.443222046,464.186248779
9.506743431,42.689826965,507.742401123
8.980334282,43.662990570,442.606933594
8.949105263,42.516231537,455.434692383
9.689580917,41.740493774,405.552581787
9.437766075,42.326568604,477.883941650
9.374547005,42.977943420,508.893859863
8.962787628,42.817798615,470.837127686
11.071369171,43.012073517,393.585876465
10.907962799,43.384368896,410.865142822
10.536861420,42.263412476,430.064544678
9.867608070,43.171787262,515.754333496
9.150074959,42.215045929,448.373138428
8.272435188,44.534011841,256.799865723
8.790297508,44.384094238,334.174072266
9.295207977,42.175380707,454.192230225
10.385219574,42.406681061,459.212860107
10.331159592,42.705062866,484.399749756
10.243124962,42.069686890,434.510559082
10.594052315,43.525844574,444.615997314
8.843050003,45.680809021,150.609832764
10.302824020,45.328338623,212.647491455
11.362968445,42.849037170,342.400299072
9.350428581,42.634414673,497.430877686
7.932672024,42.342037201,292.686035156
10.009467125,44.563831329,351.159088135
8.989929199,43.919929504,416.246643066
8.510107040,42.451553345,392.791046143
9.305060387,43.409683228,491.074035645
10.220010757,44.000213623,429.307403564
10.533537865,43.281040192,465.265686035
10.153065681,44.626403809,335.358215332
9.251774788,43.812602997,451.027648926
7.954556942,43.449207306,305.076812744
9.279451370,43.040443420,502.555267334
10.802786827,43.202518463,432.844604492
10.647888184,44.511638641,320.773803711
10.151794434,44.208915710,403.321990967
9.436140060,43.029663086,512.075500488
9.240081787,44.080852509,415.902923584
10.176792145,42.530639648,486.284545898
9.917369843,44.079441071,431.274322510
9.723432541,42.088939667,456.384704590
9.894612312,41.057308197,286.458099365
10.531471252,42.616546631,459.078155518
9.293390274,43.913570404,441.630462646
8.397538185,44.984970093,212.550323486
9.282458305,42.514621735,485.460968018
10.783925056,43.746566772,402.757904053
12.213930130,42.826667786,199.006393433
9.642293930,41.558555603,375.409484863
9.430598259,42.316440582,476.562042236
9.313933372,41.293685913,322.179626465
11.423308372,41.621269226,243.598861694
6.960497856,41.849449158,126.667167664
9.158861160,41.888320923,408.190979004
10.861003876,42.900035858,425.572235107
9.788085938,43.648265839,486.367523193
10.048713684,44.016441345,436.019287109
8.653223038,42.490356445,416.171661377
10.428668022,40.503318787,180.106796265
8.387516022,43.538864136,372.247222900
9.282451630,43.973979950,433.161987305
10.571881294,41.839778900,374.818054199
10.169358253,44.239570618,397.740081787
9.910135269,42.060409546,449.962463379
10.642090797,43.673297882,427.105377197
10.305311203,43.753810883,452.857696533
6.768087864,43.918811798,114.237068176
11.570832253,43.474510193,298.474914551
9.955430031,43.734310150,474.334228516
10.100926399,43.689655304,472.957763672
9.764171600,42.271167755,478.033843994
8.758378029,42.039680481,389.255157471
8.389657974,41.970130920,333.536010742
11.523966789,43.791969299,288.302032471
9.137673378,42.647480011,482.238189697
9.875258446,42.382328033,487.709442139
9.830217361,43.815479279,467.792114258
9.726958275,43.373889923,508.232879639
10.649191856,42.765743256,451.663330078
10.047491074,42.728496552,505.571380615
9.734171867,42.713142395,512.858642578
9.233831406,43.211585999,495.546936035
10.329246521,43.184177399,489.458740234
10.261427879,42.299942017,459.769836426
8.558965683,43.454917908,403.825134277
10.450582504,43.087730408,479.339721680
11.110736847,43.945571899,338.458068848
12.443271637,42.837066650,165.752929688
8.763852119,42.297737122,416.256744385
9.197202682,43.513904572,475.701751709
7.604632378,44.356422424,190.956741333
9.523404121,42.791080475,512.423156738
8.683357239,42.923648834,436.281555176
9.775940895,42.915927887,518.763122559
10.101759911,42.448242188,484.502349854
8.866885185,43.586200714,436.437683105
20.651342392,9.173817635,515.363830566
21.611701965,7.954071999,365.213470459
19.697435379,10.233856201,368.183105469
19.069791794,7.667224407,290.793029785
21.370536804,9.214837074,458.096496582
20.657907486,8.884977341,517.600952148
20.583942413,8.884524345,519.036315918
21.908117294,8.578488350,372.598175049
20.391302109,10.771085739,315.722503662
20.580184937,11.208653450,240.583312988
20.447694778,10.344051361,389.659515381
18.897331238,9.130281448,347.698059082
18.968202591,9.821090698,322.739349365
19.339807510,9.260406494,416.695800781
20.270479202,7.818433285,418.735137939
18.933315277,8.465596199,341.731658936
22.293304443,8.683151245,310.466583252
21.469896317,8.919593811,448.987335205
21.429401398,7.149725437,270.750305176
20.149486542,9.926042557,444.056396484
20.389419556,8.890181541,518.700073242
20.122213364,10.126015663,414.839477539
20.850189209,9.020658493,510.299774170
21.195730209,9.564861298,457.211914062
20.765262604,10.523668289,355.662628174
20.492387772,9.254717827,514.146728516
19.909723282,9.126751900,491.122009277
22.140436172,8.333378792,320.788421631
19.419082642,9.973396301,371.485382080
20.403909683,9.072640419,518.828002930
20.507562637,9.055758476,519.803955078
21.403205872,8.137512207,411.002014160
19.540901184,9.061604500,450.440887451
18.946235657,7.603582859,267.628265381
22.419359207,9.734105110,266.476104736
20.542617798,10.214643478,410.579650879
19.512075424,8.661033630,440.316955566
21.176128387,9.867308617,428.482086182
21.065591812,6.435397625,180.200363159
19.584592819,9.453704834,440.766113281
20.196723938,11.516868591,188.528610229
21.479232788,9.534718513,426.621246338
19.435726166,8.941339493,436.246582031
20.793878555,10.104420662,421.848602295
21.433805466,10.009625435,384.753601074
19.628763199,10.388788223,339.048339844
19.172245026,8.440722466,378.756469727
20.983446121,8.826745033,499.949920654
19.546638489,8.155086517,406.998931885
19.004421234,9.508611679,351.301391602
21.813243866,8.876242638,396.726470947
20.152326584,7.504313469,364.143249512
21.465877533,11.187940598,211.007019043
18.755218506,7.913203716,273.024902344
19.873083115,8.412318230,465.858642578
20.780021667,10.590886116,343.741973877
21.561271667,9.504234314,417.682434082
19.828746796,7.857008457,399.203674316
19.755899429,10.524703026,329.002655029
20.490932465,8.529800415,504.373260498
20.368919373,9.801255226,467.216644287
19.239826202,10.391510963,297.112854004
20.709152222,8.760293007,513.013671875
20.995521545,9.195034027,497.057922363
20.208478928,8.723925591,508.375335693
19.683813095,9.633027077,438.661499023
20.020681381,8.020378113,435.467834473
20.718538284,10.305777550,393.196411133
20.504329681,8.368535042,491.214233398
20.956571579,10.913349152,282.172607422
19.100769043,9.358839035,374.930114746
20.757761002,10.138170242,418.147979736
21.543584824,8.789927483,436.619506836
18.868158340,9.783200264,310.183898926
19.717481613,8.029895782,411.646972656
21.701025009,8.065786362,365.678985596
21.955520630,9.312480927,366.707336426
20.871793747,9.283901215,501.833923340
18.914251328,7.200247765,216.313735962
20.768228531,9.544644356,489.512054443
20.635286331,8.155101776,467.129943848
20.571598053,8.894602776,519.337097168
19.595516205,9.990609169,390.365875244
18.822399139,9.565379143,317.818389893
20.936998367,9.986348152,431.454711914
19.547363281,9.078043938,451.087677002
22.723840714,9.638710976,222.988830566
20.653257370,9.515797615,495.673217773
20.638851166,11.167534828,247.004302979
21.536312103,8.891021729,439.462463379
20.805006027,8.585838318,500.805847168
21.762525558,7.570531845,299.010772705
18.947937012,10.435351372,255.940383911
22.705795288,9.444941521,233.800430298
20.665412903,9.633904457,484.692749023
19.905622482,9.147880554,490.233154297
20.591583252,9.603200912,489.097900391
18.994676590,8.469601631,352.050781250
21.397670746,8.301042557,427.712310791
19.559314728,11.018709183,236.739227295
20.590793610,8.397718430,493.243286133
18.860303879,9.705983162,314.769531250
21.251811981,8.677877426,469.913085938
19.450445175,8.952087402,438.397186279
19.716819763,8.034543037,412.144805908
20.449462891,7.925246239,437.854980469
20.799324036,9.584629059,484.631011963
19.713043213,7.608391285,353.190368652
22.113954544,8.036366463,302.526824951
19.892732620,9.189653397,487.837951660
21.152044296,8.720319748,482.030487061
21.013469696,8.575650215,487.098205566
19.581504822,10.402953148,332.460174561
23.041116714,10.672606468,119.829978943
20.694482803,10.810071945,307.774780273
20.908378601,8.499350548,489.378540039
21.019054413,8.882244110,498.217773438
19.569557190,8.078314781,401.405029297
21.354726791,7.130104542,273.253295898
21.156812668,7.347053051,321.896972656
18.431499481,7.137790203,159.603713989
22.519439697,8.780402184,273.018981934
20.639259338,10.395891190,380.117248535
21.486854553,7.585131168,331.233856201
21.421682358,9.160818100,453.180023193
20.210996628,9.000927925,513.532531738
21.832487106,8.090670586,349.601409912
20.953561783,8.966979027,503.871124268
18.755510330,8.174383163,294.309478760
20.745889664,10.273978233,397.510223389
21.554006577,9.573848724,413.629791260
19.737400055,10.777850151,287.073211670
20.767915726,7.970271111,439.570190430
20.369770050,9.872884750,458.423461914
20.560293198,9.863501549,460.587799072
21.656368256,9.377167702,411.555969238
19.694972992,9.112091064,469.062652588
20.597841263,10.835983276,304.562835693
18.926353455,8.841814041,353.303985596
19.968582153,9.311741829,489.348144531
18.115110397,10.091561317,175.786041260
20.566423416,7.131935596,305.586822510
20.191562653,9.585598946,484.118408203
18.961227417,8.979858398,360.180664062
19.495201111,8.420651436,424.092437744
20.579414368,9.160086632,517.114868164
20.081932068,9.249432564,500.554473877
21.370653152,8.697722435,456.792480469
21.984243393,10.438850403,264.132232666
20.123973846,8.338795662,477.768127441
18.888502121,8.850067139,346.869018555
20.189237595,9.755687714,466.665618896
19.043014526,8.699245453,369.947723389
21.521419525,8.246279716,407.326293945
19.790313721,7.529696465,347.295715332
23.173248291,8.229163170,155.840606689
19.252328873,8.172785759,369.947937012
19.778379440,8.707246780,474.484558105
21.378047943,8.678313255,455.091400146
19.629852295,7.525298119,333.368164062
20.574533463,9.019175529,519.708862305
22.083606720,9.069084167,350.751953125
20.453666687,7.925982952,437.990234375
20.246723175,8.538162231,499.937072754
20.182510376,8.017381668,443.849151611
21.091005325,8.834191322,491.184356689
20.352321625,7.262590408,327.760101318
21.046319962,9.463651657,478.712249756
19.713546753,9.966757774,405.794372559
19.187917709,8.954766273,398.177917480
20.281467438,7.659461975,394.075012207
20.742378235,10.679206848,329.534393311
20.620309830,8.513614655,502.109222412
20.999698639,9.082356453,499.556671143
20.580436707,8.551094055,505.338897705
21.974651337,9.432999611,358.065643311
20.024003983,8.868632317,501.362060547
19.811807632,8.368345261,456.415283203
19.911949158,7.842325211,403.619964600
21.329952240,8.685595512,461.263366699
21.106801987,8.306510925,458.325836182
20.492313385,8.265596390,480.936523438
21.272342682,8.728217125,469.607910156
19.821802139,7.334933281,318.237243652
20.828342438,8.268251419,473.302185059
20.536895752,8.484906197,500.986450195
21.506864548,9.520781517,423.967468262
20.999887466,8.360515594,471.868103027
21.018964767,10.691468239,316.780334473
19.720489502,9.148975372,471.181518555
18.903457642,10.375198364,257.203948975
20.154762268,9.759215355,464.617034912
18.829446793,10.774175644,202.583251953
20.195804596,9.522294044,489.821472168
20.703493118,8.721165657,511.735778809
22.238468170,7.328590393,213.592803955
20.851388931,9.887282372,449.048614502
20.522819519,8.858466148,519.119995117
20.409988403,7.749000072,410.889801025
20.590803146,9.489354134,498.999420166
20.621274948,8.704360962,513.151733398
20.062950134,8.697340012,498.970581055
21.810419083,6.890001774,202.551406860
20.592746735,8.648881912,510.988952637
22.008483887,9.032129288,364.133453369
22.037601471,6.852746487,178.882843018
21.012260437,9.256694794,493.396667480
21.943208694,7.335288048,247.975418091
20.397640228,9.042696953,519.114562988
20.056879044,10.193214417,401.340393066
20.213993073,11.011399269,270.613159180
21.606853485,9.927470207,373.207031250
21.111974716,7.912940979,411.844177246
20.121578217,9.549387932,483.681396484
21.230232239,10.283820152,367.562103271
20.085233688,8.116483688,451.483551025
21.411779404,8.167010307,413.105468750
21.425987244,10.176372528,364.070343018
21.008829117,8.619057655,489.945526123
20.593757629,9.570102692,492.122680664
20.562860489,11.174932480,246.309005737
19.562004089,7.973968029,388.373352051
19.575778961,8.387056351,431.826812744
18.373743057,8.346985817,243.308380127
19.899391174,9.055150986,491.431854248
20.970476151,7.736420155,395.808105469
21.452730179,10.778879166,273.118927002
20.344390869,10.551008224,353.404327393
20.751665115,10.965368271,279.660125732
21.669958115,7.412732124,287.858184814
20.571302414,10.030961990,437.945587158
20.583221436,8.939753532,519.626342773
21.822439194,8.266782761,366.578094482
20.570190430,9.300262451,511.592742920
20.218883514,8.956507683,513.900451660
21.327697754,9.409474373,454.034698486
19.743957520,7.872512817,393.936584473
19.763572693,8.977885246,478.214996338
20.392734528,8.144679070,466.326599121
19.954524994,7.456597328,346.528717041
20.970529556,8.936617851,502.523406982
19.292888641,9.005256653,414.807189941
21.895298004,8.236701012,353.050476074
21.867813110,8.653179169,382.291473389
20.750503540,9.074387550,514.484680176
21.954198837,9.135070801,372.088165283
19.410774231,7.665666103,331.561889648
19.019754410,7.264666557,235.359924316
20.598810196,8.018261909,450.332916260
20.471862793,8.272777557,481.639556885
19.781890869,8.495791435,463.326110840
21.256259918,9.905781746,416.285308838
20.923847198,7.986814022,434.557220459
21.196306229,9.665533066,448.157440186
20.827322006,8.373016357,483.563842773
21.261535645,9.399455070,462.201599121
17.435817719,9.621088982,112.482597351
18.638933182,9.640197754,282.949035645
20.398603439,10.170248032,416.897369385
20.454513550,8.090022087,460.233764648
20.405321121,10.036442757,436.869079590
20.578922272,8.862301826,518.730651855
21.296228409,9.186995506,467.988403320
20.546747208,10.342697144,389.943939209
22.107789993,9.589962959,326.925689697
20.266716003,10.473547935,364.883697510
21.735794067,9.695533752,377.874511719
19.336599350,9.117308617,420.233459473
19.809003830,8.817624092,481.185607910
20.792732239,9.076795578,512.607299805
20.077499390,10.249589920,393.819763184
18.856544495,9.706820488,314.104248047
18.695192337,9.359234810,306.218780518
19.665771484,9.854940414,414.117797852
20.639127731,9.224343300,513.864746094
19.534395218,8.322066307,421.327697754
20.759893417,9.560206413,488.497314453
23.481771469,9.199495316,127.155296326
21.528713226,7.419702530,303.031677246
19.222784042,8.621141434,396.203033447
19.355247498,10.463035583,300.515106201
20.142456055,10.358818054,379.563049316
22.039457321,9.019415855,358.856384277
21.054475784,8.920536995,495.702056885
21.091112137,9.459978104,475.163299561
20.429025650,9.481606483,499.858215332
22.276371002,9.689652443,292.659362793
20.878475189,9.101406097,507.589538574
19.540002823,7.949339867,382.893463135
20.876031876,7.607245445,380.169036865
19.786348343,10.258148193,372.508148193
22.466905594,7.310680389,185.512603760
22.179325104,8.765198708,332.401214600
20.537670135,8.863224983,519.135192871
21.633218765,7.368959904,285.410308838
21.008838654,8.031765938,435.118011475
21.123464584,10.519433022,338.992645264
20.552257538,9.350791931,508.991485596
20.962226868,8.177042961,455.774841309
22.064313889,10.683104515,225.392288208
21.254459381,9.049921989,475.647094727
20.090782166,8.350146294,476.906158447
22.263511658,10.391051292,233.690872192
20.489013672,7.396706104,352.464233398
17.720663071,7.893209934,132.068923950
20.422054291,10.377326012,383.938720703
19.901018143,9.481451988,472.987060547
21.855855942,9.105173111,389.139068604
20.410226822,7.667872906,397.896026611
19.350200653,9.392736435,412.216583252
20.351768494,9.099167824,517.338928223
20.505397797,9.640780449,486.083496094
19.767988205,8.641056061,470.450225830
22.448858261,8.176850319,260.587036133
20.271099091,8.387249947,488.911346436
20.997457504,9.999029160,425.945129395
20.054464340,8.545222282,490.084899902
20.273693085,9.506470680,494.293914795
19.813280106,8.600676537,473.048431396
18.180480957,7.594891548,169.269485474
20.440231323,9.874501228,459.186706543
20.847751617,7.877868176,423.239532471
19.152418137,9.151316643,390.406585693
18.899871826,10.042563438,292.024047852
20.616571426,7.369316578,347.003479004
19.586721420,8.252325058,421.443939209
19.779481888,7.486703396,339.699340820
19.678012848,8.292235374,435.669769287
19.841388702,10.104593277,399.245788574
20.657503128,7.983379364,444.557647705
20.218053818,8.097079277,455.602478027
20.252668381,9.852146149,457.832519531
20.804946899,11.262237549,228.698806763
20.928602219,8.063041687,444.197204590
21.362415314,10.056568146,386.635681152
21.646842957,7.882395744,352.362945557
20.405036926,10.108448982,426.344787598
18.867946625,8.477219582,331.458648682
19.125738144,8.044066429,339.561187744
19.540218353,10.227206230,353.370178223
20.318138123,8.113281250,460.921447754
19.517068863,9.118303299,446.297637939
20.541540146,10.320711136,393.577545166
21.052692413,7.544838905,360.734802246
19.923694611,10.046709061,413.764373779
19.931592941,10.711208344,310.317352295
19.454385757,9.549249649,416.975311279
19.691459656,8.467041016,451.532257080
21.651256561,8.849569321,421.953552246
21.366127014,9.449927330,446.869262695
21.306541443,8.088448524,416.180572510
20.331100464,9.400889397,503.828155518
19.703601837,10.606136322,312.009643555
19.775447845,8.676632881,472.895202637
19.546115875,6.833328724,220.555130005
22.349594116,8.772297859,302.597900391
20.104761124,8.777921677,504.688323975
21.972539902,8.011529922,321.495300293
21.232242584,8.552848816,465.520843506
19.956005096,9.543694496,472.744720459
21.540916443,8.462733269,421.936126709
19.783826828,7.807540894,388.470916748
21.656179428,8.401380539,401.449218750
18.703544617,10.386589050,229.983306885
19.182815552,9.756096840,361.060150146
20.736103058,9.264552116,509.250396729
19.968299866,9.342227936,487.707550049
18.884895325,9.564674377,328.232757568
22.109685898,9.860663414,306.597320557
18.533134460,7.992427826,246.593643188
20.364879608,9.463573456,500.207061768
20.446022034,8.483422279,500.739318848
21.147975922,10.140788078,395.174865723
20.320381165,9.705566406,476.937103271
17.973625183,8.039127350,169.763992310
20.231416702,8.488070488,495.726989746
20.885473251,9.990386963,433.790588379
21.059343338,8.354411125,466.737579346
19.029907227,9.533600807,353.947692871
18.714498520,9.629673958,296.040679932
20.364225388,7.800801754,418.277191162
20.839933395,8.973760605,511.015502930
20.516077042,8.892413139,519.698913574
20.972198486,9.901070595,440.363494873
21.049289703,9.988769531,423.690551758
20.508535385,10.595095634,347.186340332
21.123785019,8.432942390,467.829162598
19.458780289,9.182433128,436.644897461
19.246152878,8.003260612,352.249420166
20.791761398,8.368749619,484.827697754
19.619358063,8.942161560,461.123748779
20.625352859,8.770802498,515.609558105
20.175128937,9.831279755,457.197021484
20.895103455,8.753210068,503.883422852
23.016996384,9.170468330,190.899139404
21.684680939,8.415655136,398.285247803
19.189733505,8.184880257,362.004608154
20.284666061,8.480028152,497.100952148
21.889060974,8.856595039,383.947296143
21.014144897,8.930155754,499.121032715
20.119121552,9.014632225,508.571166992
22.266727448,8.208687782,291.941131592
21.319665909,7.950629234,398.172149658
20.093048096,8.980219841,507.058715820
20.879051208,10.459765434,362.279144287
20.502592087,8.133021355,465.756835938
21.202716827,8.612466812,472.008697510
20.791357040,8.860414505,512.387634277
18.609218597,9.484935760,286.243927002
21.136043549,9.903241158,427.704101562
22.353137970,7.781532764,244.429626465
21.069183350,9.385931969,481.968475342
20.133592606,9.373743057,497.283843994
21.052322388,7.757952690,393.976806641
20.798898697,8.058651924,450.147338867
19.900817871,7.201891899,300.988464355
20.079315186,8.773065567,502.910858154
21.102531433,8.977536201,491.648742676
19.010387421,9.838784218,327.682708740
20.434087753,9.465006828,501.183929443
21.518611908,10.399241447,323.302368164
22.513902664,8.904397964,275.248626709
20.863800049,7.898275375,425.431793213
21.614274979,7.791749001,345.180419922
18.747423172,9.807023048,289.195770264
20.030979156,9.754243851,457.879699707
20.960750580,7.346633911,332.821014404
17.832996368,7.880034924,144.476776123
20.569166183,7.754860401,412.063110352
19.899913788,7.517695904,353.120391846
20.722553253,9.067462921,515.651428223
20.071283340,10.373702049,373.802032471
22.050390244,9.541903496,339.400146484
18.752904892,7.871946335,268.952026367
20.959806442,8.348078728,473.553649902
20.065584183,9.875603676,445.868835449
21.063550949,10.290790558,379.192108154
20.123466492,10.351861954,379.847839355
19.998544693,10.476127625,353.187927246
20.658510208,8.116127014,461.907623291
18.921455383,8.675164223,348.668518066
20.296442032,9.834298134,461.457885742
20.442085266,8.544204712,505.105194092
21.629713058,8.751810074,423.017364502
19.976432800,9.551245689,473.722625732
20.062847137,9.635438919,472.264831543
19.955759048,8.753677368,493.050201416
20.704853058,8.602510452,505.792633057
20.539224625,9.792108536,469.462585449
20.963277817,9.457606316,485.487426758
19.917243958,9.829466820,440.918640137
21.222236633,9.981056213,410.264007568
19.826309204,8.804178238,482.623229980
21.186208725,8.367821693,456.586730957
20.326553345,10.902441978,291.811981201
22.504436493,10.216577530,217.470642090
21.491260529,7.957385540,380.261169434
21.065237045,8.617520332,485.267181396
19.494102478,8.467630386,427.238769531
20.668340683,8.429281235,494.444519043
20.001874924,9.768677711,454.268005371
20.696781158,9.210094452,512.852416992
20.664546967,8.300933838,482.618011475
19.182104111,9.287200928,391.116607666
20.045639038,6.965854168,267.794769287
20.160108566,7.884418488,424.395324707
21.251325607,9.498261452,456.672668457
21.049568176,8.311594963,463.543823242
21.284227371,9.296286583,465.165496826
20.142820358,8.523299217,494.017089844
21.445383072,8.503032684,437.271423340
20.856330872,10.010593414,432.499145508
22.462017059,10.640509605,184.451828003
21.453498840,7.470725060,317.730133057
19.863626480,8.428549767,466.305664062
22.205825806,8.277318954,306.447601318
20.938840866,9.077503204,504.112945557
19.617547989,9.358460426,450.563446045
20.950971603,7.720861912,394.507537842
21.775552750,6.890126705,205.400207520
19.961917877,9.948606491,429.678436279
19.359416962,9.326902390,416.859863281
19.256315231,8.883612633,408.655975342
18.238903046,8.134064674,211.800491333
19.009754181,8.574872971,359.734344482
20.137443542,8.302972794,475.022338867
21.350587845,8.089756966,411.642303467
21.187061310,10.605912209,320.686584473
20.691740036,8.118966103,461.431671143
19.303337097,8.266851425,385.524261475
21.257318497,9.132226944,473.920867920
21.489469528,9.746967316,407.082641602
20.693485260,9.450124741,499.697204590
22.407920837,10.392292976,214.726211548
20.249929428,9.966316223,442.913940430
21.138526917,10.113024712,399.855285645
21.224290848,8.002469063,413.966491699
18.932991028,9.549263954,337.119201660
22.455293655,8.200972557,261.070892334
20.364585876,7.940888882,439.000457764
21.730504990,6.671469688,179.821456909
18.289014816,9.351656914,237.722473145
20.470331192,8.497014046,501.932556152
20.251581192,9.513624191,492.900604248
20.138872147,7.879711628,422.737762451
19.625312805,9.864975929,408.526824951
20.027933121,7.591359138,372.675231934
20.654853821,9.481631279,498.370880127
21.881635666,9.194540024,382.940032959
19.892963409,9.450644493,474.482574463
21.279850006,8.937731743,473.076599121
20.508075714,9.236769676,514.913757324
20.482818604,9.226750374,515.301818848
19.530761719,7.826199055,366.243347168
19.716564178,9.618847847,443.534820557
20.811471939,10.016875267,433.660614014
20.365983963,7.832995415,423.212799072
21.697229385,8.957869530,415.817596436
21.836130142,9.574583054,371.926666260
22.741292953,8.756863594,234.940093994
21.453399658,9.868000984,398.982299805
19.997549057,8.804154396,497.950500488
19.090936661,7.427840233,263.865142822
20.679243088,9.769643784,469.837066650
21.190698624,9.316660881,474.342529297
21.415693283,8.386939049,432.743011475
20.280141830,9.714158058,474.811340332
20.985794067,8.766448021,498.099273682
21.873470306,7.684635162,299.718719482
20.033996582,8.693239212,496.770050049
21.369209290,8.979022026,462.394042969
19.291183472,9.490640640,397.647247314
21.640220642,9.715941429,389.833160400
21.171829224,7.102323055,280.621551514
19.652788162,9.458717346,448.775024414
20.497787476,9.499194145,498.858215332
19.286333084,8.915142059,413.651458740
19.162893295,7.022957802,217.945495605
20.848453522,9.819225311,457.541320801
20.798292160,8.943639755,513.045043945
18.990661621,9.982743263,311.243804932
20.508630753,10.936198235,287.418853760
21.494989395,6.971511364,238.646301270
21.307723999,7.580101490,347.331939697
19.793180466,8.725879669,476.758880615
20.458612442,9.374201775,507.652923584
19.529819489,7.825944424,366.106323242
21.153280258,8.963386536,486.770477295
20.727048874,6.782953262,243.166259766
20.375537872,8.085906982,458.742797852
19.632049561,9.898571014,405.427703857
19.457004547,7.883739948,365.235504150
20.221664429,9.426925659,498.232116699
19.668661118,10.210781097,368.744476318
22.002523422,8.095189095,324.683044434
20.307594299,8.197960854,470.723846436
18.867292404,9.279647827,338.717224121
21.286270142,10.988500595,252.662384033
19.655265808,10.312871933,352.753234863
21.895029068,9.174489975,381.213775635
21.154838562,9.849909782,432.439727783
22.526775360,9.454444885,263.145690918
20.492536545,8.110467911,462.962036133
20.857995987,10.000801086,433.764495850
20.797285080,8.196713448,466.931976318
20.641752243,8.847482681,517.321655273
20.817413330,7.314788342,333.025146484
21.103464127,9.572059631,465.286560059
20.997528076,8.972873688,500.594848633
18.746738434,8.957313538,322.796447754
21.613389969,8.116507530,382.677947998
18.563405991,7.436078548,202.242401123
20.866701126,9.349513054,498.679901123
21.438968658,8.921377182,453.169250488
19.052347183,8.158132553,339.203857422
21.371515274,9.117132187,460.638061523
21.202505112,9.411425591,467.764556885
20.347715378,8.802629471,515.969177246
22.409776688,9.391310692,285.530456543
20.424087524,9.432056427,503.485229492
20.775581360,6.819280148,248.378326416
21.202758789,10.797575951,288.541931152
19.772396088,10.430672646,345.082244873
20.295804977,9.270108223,510.124603271
21.623035431,8.256634712,394.651306152
21.795169830,7.762419224,319.100250244
19.677520752,8.383116722,443.534118652
21.214679718,8.635762215,471.958557129
19.032701492,8.760104179,369.890350342
19.768453598,9.707930565,440.575073242
20.209440231,9.047410965,513.116027832
20.147203445,9.410575867,495.691192627
20.369085312,9.301835060,510.537292480
17.959285736,9.073887825,190.482055664
20.966588974,8.777356148,499.864624023
21.222066879,9.715243340,440.727600098
21.856889725,9.081448555,389.318389893
18.638874054,6.691137314,135.580108643
18.950834274,8.938729286,358.350341797
20.395370483,9.252876282,513.356994629
19.927429199,8.240145683,454.483673096
21.107723236,9.632560730,459.501892090
20.296024323,8.938159943,516.818481445
20.956989288,9.480979919,484.200744629
19.408695221,8.257062912,399.273406982
19.322128296,8.469730377,403.266052246
21.365009308,9.522908211,441.877319336
19.454576492,9.488903046,421.286041260
20.638517380,8.482709885,499.443176270
19.146215439,8.801813126,389.659362793
21.232618332,6.813539028,230.698516846
20.156551361,11.230919838,232.395797729
21.225311279,9.236469269,474.245697021
19.815490723,8.298306465,450.423461914
20.469387054,10.579500198,349.827911377
21.018264771,8.104477882,443.480133057
21.729461670,8.684041977,405.570434570
22.250020981,8.410033226,306.960327148
19.549409866,9.151266098,449.921752930
21.535001755,10.014081001,372.320312500
20.711866379,7.988539696,443.901458740
20.047334671,6.958354950,266.589263916
19.639553070,8.798179626,461.485687256
20.941677094,8.637182236,495.803131104
20.495697021,8.580451012,507.735565186
21.303701401,8.077523232,415.213531494
21.390222549,10.937517166,253.613815308
21.025465012,8.449544907,477.423278809
20.016405106,10.186473846,399.980194092
19.426086426,8.022831917,377.922576904
19.388227463,7.698122978,333.379638672
19.507858276,9.766541481,405.012969971
21.654958725,8.279563904,392.164947510
20.760009766,9.735793114,471.035980225
20.653240204,8.021694183,449.851348877
19.082273483,9.987064362,324.160919189
21.048854828,9.553592682,471.479339600
19.445028305,9.211613655,433.812469482
21.181674957,9.290670395,476.521362305
19.807651520,9.988897324,411.917327881
19.025043488,9.905378342,323.803466797
21.633731842,10.548967361,290.055938721
20.210182190,7.977206707,439.581085205
21.346555710,8.277420998,431.513641357
20.596670151,8.659173965,511.458496094
19.650602341,9.297636032,457.639617920
19.160659790,9.568841934,372.450469971
19.585744858,7.244905472,286.468231201
20.502567291,9.408270836,505.580841064
21.129610062,9.794990540,440.930999756
18.199035645,7.971492290,196.766571045
20.659328461,10.495639801,362.948486328
21.336420059,10.877976418,266.688201904
20.027736664,9.251053810,496.733703613
19.452703476,8.572284698,427.923370361
19.817378998,8.342647552,454.695251465
20.159225464,8.979353905,510.977111816
20.574888229,9.520090103,496.708770752
20.692663193,8.632591248,507.872924805
20.030096054,8.669505119,495.408294678
20.103637695,9.467607498,489.168823242
21.418199539,10.250680923,354.678741455
19.754972458,9.446008682,461.177581787
19.157995224,9.349811554,384.616912842
21.635347366,8.827047348,423.969177246
21.625310898,7.838068962,349.644683838
19.664030075,8.840826988,465.424560547
21.574886322,8.559206963,423.023773193
20.099123001,7.985008240,435.438598633
20.755556107,10.223331451,405.189147949
21.253355026,9.673287392,441.635559082
20.345701218,8.413327217,493.393218994
21.229921341,8.944725990,478.714965820
20.379066467,9.874876976,458.338562012
20.354887009,8.138860703,464.928344727
21.461864471,9.057356834,449.788330078
19.515645981,7.863730907,369.434722900
20.648086548,11.314045906,222.757858276
20.159854889,8.640362740,502.095916748
22.076446533,8.919355392,352.439331055
19.104207993,7.403840065,262.293579102
21.779338837,9.642991066,375.637268066
21.378801346,8.918880463,460.966766357
19.825963974,8.759473801,481.288726807
20.688707352,8.138325691,463.877166748
21.114124298,7.717040539,383.517974854
20.219917297,8.772628784,510.652282715
19.861656189,6.771131039,228.208221436
21.000545502,8.220886230,458.004913330
21.878383636,8.634654045,379.850616455
20.011316299,9.068158150,500.670196533
21.606115341,8.413228989,409.454803467
21.567413330,10.416940689,315.657501221
21.542997360,10.603068352,291.365570068
21.845321655,10.491518974,274.361541748
22.157001495,9.184705734,335.951782227
20.123451233,6.714393139,228.387603760
19.229942322,8.528353691,392.808837891
20.170940399,8.823842049,509.739776611
19.551914215,7.380858898,304.521484375
20.422452927,8.787219048,516.906921387
19.745121002,8.234484673,437.224639893
19.612518311,8.580112457,449.343200684
19.696372986,10.236512184,367.700561523
20.793672562,8.004318237,443.218475342
20.272228241,7.796350956,415.424530029
21.564844131,10.360823631,323.767181396
21.804677963,7.831943989,326.049957275
20.461408615,8.575065613,507.276947021
21.114688873,7.968726635,419.096130371
19.876783371,8.563419342,477.007110596
20.705963135,9.670764923,479.847167969
20.223947525,9.640602112,480.333831787
21.374752045,8.763421059,458.545501709
19.307016373,7.805446148,337.448272705
21.144401550,8.500411987,470.916473389
18.840045929,9.589589119,319.281188965
20.682229996,7.570669651,380.422760010
21.732095718,9.813272476,367.809234619
20.691419601,7.702317238,401.771423340
19.150344849,8.669568062,386.590393066
18.838760376,9.381716728,329.961975098
19.141851425,9.141549110,388.883239746
20.264543533,9.688422203,477.024505615
19.614727020,9.250366211,455.216308594
19.157835007,9.772186279,355.912628174
20.437713623,9.472487450,500.651824951
19.232149124,9.475720406,389.605590820
20.858879089,9.340334892,499.643768311
20.865308762,8.783172607,506.642852783
21.793973923,8.820738792,399.030761719
19.813505173,8.917910576,483.269866943
19.602157593,8.512639999,444.051544189
20.375429153,8.597082138,507.523620605
20.752071381,10.922397614,287.069549561
21.123624802,10.048936844,409.902374268
20.048965454,8.389620781,477.799957275
-15.647217751,30.031711578,446.245147705
-17.417158127,28.145658493,217.556076050
-15.166704178,28.954730988,500.509582520
-13.301310539,29.626504898,264.503143311
-15.931231499,27.601215363,325.892395020
-15.609600067,27.875602722,385.163299561
-14.802289009,29.339929581,484.345092773
-14.949007988,31.257999420,259.092346191
-16.176506042,28.986417770,448.777679443
-16.481555939,29.098224640,410.409484863
-13.675766945,29.747545242,319.771362305
-15.383526802,29.430452347,500.730072021
-16.479896545,28.785089493,400.974761963
-15.183787346,29.278244019,503.874725342
-16.799655914,29.506444931,356.298553467
-14.989843369,28.801771164,487.562377930
-15.264864922,27.695331573,361.955230713
-16.748836517,29.313508987,368.958923340
-15.936763763,29.167266846,476.713989258
-14.429549217,29.004892349,447.586791992
-18.079708099,29.028169632,157.272079468
-15.750083923,28.944128036,487.076110840
-14.369309425,27.600292206,303.220458984
-15.025083542,30.749126434,344.780761719
-15.894983292,29.651149750,464.992065430
-14.302734375,29.389053345,430.242034912
-15.954136848,28.469301224,439.562286377
-14.525239944,29.770971298,436.267700195
-16.055507660,28.002349854,375.868103027
-16.549846649,30.840475082,266.785095215
-15.336985588,31.539051056,220.000961304
-14.713494301,29.618345261,465.054748535
-14.962767601,30.177972794,427.030334473
-16.235103607,31.338836670,222.498245239
-15.369341850,28.475421906,469.042999268
-14.966479301,30.271162033,414.863189697
-16.276594162,29.745691299,419.278778076
-15.985484123,28.672548294,453.663299561
-15.758522987,29.942363739,450.119323730
-16.378112793,29.371438980,423.595916748
-15.612458229,28.331611633,447.164947510
-16.482563019,27.975934982,328.123413086
-16.902835846,30.074989319,306.813446045
-15.510693550,29.337474823,501.003875732
-14.090850830,27.958705902,322.421234131
-16.210586548,29.433538437,443.480224609
-17.093120575,28.600114822,295.770843506
-16.193933487,29.508344650,442.660339355
-15.694855690,31.186971664,271.230621338
-14.331149101,28.325584412,392.083923340
-15.656353951,28.831237793,487.641235352
-11.962466240,27.668622971,64.883644104
-15.065500259,27.094390869,258.735260010
-15.275977135,31.088712692,292.923431396
-15.677495956,30.283376694,413.307037354
-15.335155487,28.756324768,492.339233398
-15.520696640,28.591920853,476.799530029
-15.895098686,27.848628998,366.265655518
-13.762239456,28.785745621,343.373168945
-14.975265503,28.302289963,442.904785156
-14.152050018,28.905267715,407.988769531
-15.360073090,27.349845886,303.819244385
-14.873064041,30.990327835,299.827209473
-16.138116837,28.720594406,441.178222656
-16.407363892,29.307985306,420.745666504
-15.205016136,29.883903503,468.552825928
-14.717566490,28.366306305,434.303802490
-15.044092178,28.850521088,492.450164795
-16.360073090,29.051967621,426.869384766
-11.467379570,31.493993759,23.346366882
-15.129213333,30.917680740,319.713104248
-15.314423561,29.125684738,505.673339844
-17.218612671,28.218717575,251.391784668
-16.052539825,29.286340714,464.749267578
-15.255055428,28.599880219,480.650787354
-15.857852936,29.012668610,481.307159424
-16.650451660,28.566184998,362.921173096
-15.650329590,27.929874420,391.781799316
-15.599278450,28.344015121,449.134155273
-14.033658028,28.935018539,391.347778320
-15.458585739,29.606851578,490.628387451
-14.712071419,27.442581177,303.253997803
-15.645824432,28.269790649,438.368377686
-15.414210320,28.642490387,483.459930420
-15.111970901,28.198364258,434.808227539
-15.836807251,28.587663651,459.639038086
-14.186449051,29.546825409,408.410003662
-14.900151253,28.892503738,487.132263184
-15.653758049,29.739826202,474.300109863
-14.491605759,29.193969727,456.720672607
-14.127391815,30.452978134,318.843414307
-16.933738708,29.609201431,330.797271729
-15.311641693,29.567111969,494.549896240
-14.153063774,28.258283615,363.446472168
-16.889314651,30.285013199,290.230895996
-16.267524719,28.492603302,409.061004639
-15.064418793,28.492721558,466.919281006
-16.861249924,29.213012695,351.327850342
-16.050525665,29.776681900,441.945831299
-15.775116920,28.490377426,455.233154297
-15.479041100,30.230976105,426.852264404
-14.361136436,28.085596085,368.521820068
-12.469332695,28.853046417,145.439468384
-16.421455383,30.067054749,373.983886719
-15.630712509,31.332542419,249.424316406
-14.421631813,28.980102539,446.034301758
-13.693733215,30.027936935,303.488311768
-16.497936249,30.067216873,364.219573975
-15.785527229,29.095497131,488.344024658
-15.137985229,28.299726486,448.062652588
-16.602382660,29.546606064,385.575469971
-16.657274246,26.603620529,138.483032227
-16.105146408,29.509914398,452.654388428
-15.538921356,30.445953369,394.867095947
-15.085287094,28.412513733,459.427337646
-15.708623886,27.742280960,360.334106445
-14.183242798,27.797721863,312.651336670
-16.189447403,29.018535614,448.052886963
-15.266686440,27.676172256,358.817657471
-16.174575806,29.443862915,447.412994385
-14.139316559,29.527826309,402.562469482
-15.294850349,27.616413116,348.988555908
-15.886382103,29.700317383,462.324523926
-14.188093185,30.068199158,369.632598877
-15.130968094,30.383422852,404.625274658
-12.387578964,28.584960938,130.555236816
-16.032155991,30.697305679,332.107391357
-15.033576012,29.291130066,499.001373291
-14.876666069,28.524335861,461.006072998
-16.303834915,28.401674271,396.436309814
-14.023094177,27.742181778,287.835571289
-14.770385742,28.621135712,461.962921143
-15.622406960,29.921773911,459.186035156
-14.425051689,29.521799088,440.671813965
-17.142160416,30.749786377,212.024871826
-13.958843231,29.270259857,382.335845947
-15.258782387,30.980272293,310.962524414
-14.321815491,29.149528503,435.859161377
-15.561378479,28.985284805,498.200073242
-14.091808319,30.218814850,341.617584229
-16.882463455,29.643465042,337.599578857
-14.404918671,27.672359467,316.828887939
-15.272005081,27.401779175,312.782073975
-15.139547348,27.095588684,260.096313477
-15.950785637,28.567756653,448.708587646
-15.977890015,30.630350113,345.925354004
-14.733529091,28.779253006,469.647155762
-16.202117920,28.940046310,444.303863525
-16.298152924,30.151903152,379.799957275
-13.272274017,30.232023239,225.691589355
-14.937349319,29.013193130,493.281799316
-15.674146652,30.924106598,314.882904053
-15.844975471,30.739921570,337.177917480
-16.400579453,28.882591248,416.458770752
-16.983097076,29.338056564,330.061676025
-16.532768250,30.843872070,268.016967773
-14.856767654,29.716218948,469.069885254
-14.986361504,28.086282730,415.675720215
-15.144922256,31.015903473,303.640319824
-15.260485649,28.161806107,432.284332275
-17.121383667,28.465496063,283.368774414
-17.031269073,30.009340286,292.575866699
-14.487873077,28.303140640,406.844238281
-14.655058861,28.602367401,450.977691650
-15.314654350,29.550777435,495.473571777
-15.713000298,29.597026825,481.110687256
-16.954769135,29.296297073,335.294128418
-15.303992271,27.132429123,267.257019043
-17.078729630,27.319299698,183.896560669
-14.854733467,29.302782059,488.901489258
-14.995082855,27.852443695,381.732910156
-14.130065918,30.161663055,352.611877441
-16.036003113,30.354883194,380.668731689
-15.519962311,27.402618408,310.617675781
-16.901735306,29.912546158,319.151306152
-15.373088837,30.060047150,450.010498047
-15.357413292,29.446493149,500.329132080
-13.145513535,30.575672150,182.781112671
-15.701867104,29.553791046,484.211639404
-14.774594307,29.940214157,443.258178711
-15.198031425,28.685291290,486.689941406
-15.272663116,28.698535919,488.432739258
-13.585672379,30.419548035,253.362075806
-15.472655296,29.607114792,490.298004150
-15.434499741,30.372064590,407.837036133
-14.220159531,29.747432709,401.321289062
-14.397775650,29.839393616,416.546539307
-14.094978333,29.709953308,386.409149170
-15.117139816,28.601596832,478.383880615
-16.840791702,29.150974274,354.594726562
-16.010095596,29.238832474,469.577545166
-14.128551483,29.351646423,406.835906982
-15.684041977,28.325693130,443.134521484
-16.699174881,30.511627197,291.114837646
-17.045730591,28.244039536,278.890380859
-17.582242966,28.862680435,227.090713501
-15.611324310,28.774528503,486.637695312
-15.332170486,28.357557297,456.652008057
-16.182695389,30.996648788,276.250366211
-15.603102684,30.086481094,441.658691406
-16.105812073,30.791551590,312.618377686
-13.754858017,29.409841537,346.687957764
-16.368572235,29.265823364,426.620056152
-15.221735954,29.418445587,500.899291992
-16.247261047,27.655822754,309.840179443
-15.106677055,29.168531418,502.675140381
-15.266964912,30.205623627,431.638793945
-16.744199753,30.189516068,319.368896484
-16.012268066,28.783599854,458.128570557
-16.094820023,29.268442154,460.454284668
-17.174858093,28.610736847,283.172180176
-15.784796715,30.442752838,385.536682129
-15.118342400,29.874340057,467.562011719
-15.263101578,28.129922867,427.991973877
-14.361835480,28.333381653,396.413940430
-15.795283318,29.360921860,485.942321777
-14.323501587,28.977437973,433.648956299
-13.758515358,28.607343674,334.098022461
-14.603450775,29.182439804,468.776947021
-13.722368240,29.393228531,341.724853516
-17.146352768,30.267158508,255.747222900
-15.350588799,28.625761032,482.839355469
-14.046075821,28.847513199,390.339996338
-14.669053078,28.410438538,434.953399658
-16.105171204,30.989404678,282.699157715
-16.056072235,28.594051361,440.910308838
-16.977361679,30.808805466,224.855667114
-14.871042252,29.416603088,486.895538330
-14.293901443,27.849485397,331.128692627
-15.810087204,29.087385178,486.458404541
-16.817510605,30.490249634,278.832641602
-15.287468910,28.855533600,497.910858154
-15.032814980,28.426240921,459.074340820
-15.223927498,32.606361389,87.592971802
-14.664358139,30.847133636,311.765533447
-15.624123573,28.427253723,457.197204590
-14.959336281,27.837118149,378.022369385
-17.575998306,29.910415649,215.550292969
-14.627701759,30.012674332,423.711273193
-15.240870476,31.157196045,281.290100098
-15.356368065,28.624856949,482.723754883
-18.275539398,29.131656647,133.254516602
-14.437162399,29.185684204,450.376190186
-14.144818306,31.473703384,185.442474365
-15.442390442,30.410076141,402.141693115
-16.854892731,30.210142136,302.021759033
-15.205549240,28.957431793,501.327850342
-15.432438850,29.022520065,502.870880127
-15.577842712,29.377494812,497.596282959
-15.443332672,28.023029327,411.744873047
-14.851985931,28.570955276,463.577392578
-14.221053123,29.144994736,422.161834717
-15.142016411,27.129590988,265.778045654
-16.525720596,30.118436813,355.624694824
-16.002857208,28.646385193,450.132873535
-15.546979904,30.542564392,379.957427979
-14.894902229,30.489088058,380.209564209
-15.536787987,29.391998291,498.668029785
-16.472284317,30.356853485,336.353393555
-15.160391808,29.222951889,503.987823486
-14.930724144,30.625614166,360.947998047
-15.483534813,30.841861725,333.097930908
-16.120563507,29.601007462,446.450469971
-13.259821892,28.689008713,257.357177734
-15.023784637,30.056327820,444.653747559
-15.406939507,27.678468704,358.622406006
-16.324998856,29.759756088,412.288330078
-14.377524376,29.963376999,403.023681641
-14.122608185,29.250808716,407.603454590
-15.060807228,27.659954071,353.104797363
-14.951711655,29.791503906,468.510131836
-15.852251053,29.822824478,455.205749512
-17.084928513,29.929922104,289.690338135
-14.968755722,31.289430618,254.616683960
-13.855954170,30.685802460,258.845550537
-14.451642990,29.825437546,423.865112305
-16.450672150,28.843730927,407.853851318
-13.442311287,27.722658157,215.778839111
-15.719322205,27.759588242,362.570312500
-13.818088531,28.613040924,343.789459229
-13.724505424,28.765060425,336.407562256
-15.773172379,30.457351685,384.023071289
-14.330208778,26.462541580,141.624465942
-14.817899704,29.778989792,461.396667480
-15.059233665,28.521163940,469.446502686
-15.240632057,28.780761719,493.556304932
-15.057717323,28.976428986,497.942260742
-15.890968323,29.342592239,478.966491699
-14.466601372,29.467828751,447.891204834
-15.822682381,29.515075684,478.288818359
-14.199247360,30.774227142,284.566802979
-14.061487198,29.716203690,381.166351318
-16.278163910,27.813270569,329.200408936
-15.471421242,27.769638062,372.404479980
-16.053825378,29.008699417,463.048919678
-15.753250122,28.850904465,482.956909180
-16.597043991,29.410289764,390.909210205
-14.272532463,28.630685806,410.721893311
-14.543284416,31.841548920,159.315139771
-15.360851288,29.830032349,474.520904541
-15.072270393,30.148447037,435.160827637
-16.987689972,28.121866226,276.822418213
-15.125576019,30.065784454,446.922454834
-15.138516426,27.514249802,330.553131104
-16.092653275,28.384117126,418.131164551
-14.880047798,28.416784286,450.710876465
-15.949847221,30.263570786,399.471618652
-13.933723450,28.765548706,369.740966797
-14.844137192,27.297338486,285.846099854
-15.070713043,30.368801117,405.098266602
-14.742258072,29.279884338,480.776245117
-15.657683372,28.532030106,465.918792725
-15.448122978,27.627382278,349.625885010
-13.658580780,29.743032455,317.267089844
-15.371477127,28.559017181,476.967376709
-15.339379311,29.976617813,459.731567383
-14.257592201,28.275131226,378.186523438
-16.242568970,31.257053375,233.786102295
-14.132447243,29.887342453,378.769714355
-15.407686234,30.102842331,444.509033203
-16.542272568,30.710590363,284.526763916
-15.304812431,29.969684601,460.503662109
-14.622822762,29.047252655,469.593505859
-15.444406509,30.400405884,403.540618896
-14.242542267,27.406591415,264.158111572
-16.961446762,28.232601166,290.367950439
-16.162586212,28.060297012,373.607574463
-14.996929169,28.715118408,482.568969727
-14.062915802,30.631700516,289.106994629
-15.297723770,30.862279892,330.864044189
-15.244825363,28.744031906,491.319854736
-15.204254150,30.123682022,441.501831055
-16.883501053,28.970222473,344.911407471
-14.971634865,29.541906357,487.157073975
-15.637476921,29.667608261,480.478424072
-14.976918221,28.586914062,471.896148682
-13.087441444,29.618371964,230.528594971
-15.600223541,28.607103348,475.140167236
-14.239631653,29.280881882,423.998779297
-12.720927238,28.742898941,177.008697510
-16.511646271,29.151124954,406.433349609
-15.093972206,27.060371399,253.624252319
-15.578208923,28.810407639,490.116790771
-15.637804031,28.548597336,468.394744873
-16.612232208,29.936861038,360.182250977
-15.852881432,28.155120850,411.997283936
-16.028974533,28.706499100,451.785003662
-15.160392761,29.847162247,471.253417969
-16.222219467,28.699525833,430.117370605
-16.614547729,25.786521912,66.999031067
-15.113245964,30.698825836,355.353576660
-14.746956825,28.671762466,463.906097412
-15.172560692,28.004001617,409.195037842
-15.391332626,28.751113892,491.536499023
-16.121753693,29.584474564,447.219482422
-12.669173241,30.844272614,113.270454407
-15.341113091,30.062936783,449.826385498
-14.406332970,28.531284332,419.691864014
-14.625136375,27.737831116,344.064819336
-16.074338913,29.417575836,459.455139160
-15.683827400,30.935300827,312.726684570
-14.620999336,28.796785355,460.553619385
-15.739620209,29.365793228,489.560089111
-16.324571609,29.774435043,411.295135498
-16.644342422,29.801832199,365.498413086
-15.433634758,29.593435287,491.945800781
-16.281625748,29.423807144,434.967681885
-12.856692314,28.721605301,195.961639404
-14.951640129,30.684389114,352.543334961
-14.507335663,29.610708237,445.397705078
-16.282730103,27.901233673,340.682098389
-15.215607643,28.715587616,489.091400146
-15.288098335,29.384479523,502.637176514
-15.945467949,29.672925949,459.280548096
-13.410484314,28.169481277,250.617858887
-15.738586426,29.129211426,491.853179932
-14.128580093,27.992441177,330.956237793
-16.334188461,27.015161514,210.151565552
-15.709402084,29.858968735,461.113281250
-14.203815460,29.535976410,411.334808350
-15.869997025,29.885293961,448.219940186
-15.064721107,27.258117676,286.011932373
-16.497135162,30.690687180,291.827636719
-14.946835518,27.804027557,372.388732910
-14.449087143,30.240257263,380.420196533
-15.704073906,29.836503983,463.476074219
-19.009140015,30.152399063,56.354675293
-14.093884468,28.054119110,333.946594238
-14.986954689,28.840702057,489.465820312
-15.371569633,28.753942490,491.938049316
-16.601335526,31.069227219,231.888580322
-15.579351425,29.283576965,499.633178711
-16.278440475,28.141956329,371.566528320
-14.856441498,29.705215454,469.880187988
-14.391116142,30.282596588,369.255187988
-15.479248047,28.734619141,488.787170410
-14.522226334,28.541383743,433.210327148
-14.397281647,29.553323746,435.798370361
-14.114013672,29.849214554,379.274749756
-16.323486328,28.313188553,385.326324463
-14.536555290,31.085878372,266.617370605
-16.591852188,29.202033997,394.449707031
-14.987365723,27.653045654,349.794708252
-14.790915489,29.085699081,484.911651611
-17.365596771,30.800550461,181.600509644
-16.132247925,27.896318436,354.505096436
-14.848898888,29.736309052,466.987640381
-14.532629013,28.792819977,451.372711182
-15.279954910,28.448015213,466.503753662
-16.579236984,30.257953644,334.360595703
-15.371803284,28.996507645,503.050659180
-17.268308640,29.000452042,281.102966309
-16.111534119,29.004209518,456.704467773
-15.488284111,28.732357025,488.400024414
-14.330201149,29.625877380,423.511291504
-14.141885757,27.853994370,315.401702881
-15.917996407,29.138542175,478.254913330
-15.675679207,29.099565506,495.286010742
-16.451143265,28.462644577,383.147277832
-16.910594940,28.288797379,302.618041992
-14.574863434,28.964614868,462.806274414
-13.763286591,28.583288193,333.447021484
-15.149969101,27.965570450,403.132873535
-12.668368340,29.000202179,173.613800049
-14.439410210,29.592206955,438.765899658
-15.852918625,27.847921371,368.878997803
-15.112896919,28.622032166,479.944122314
-15.424544334,29.830123901,473.834197998
-15.190798759,29.555938721,494.022491455
-15.118993759,27.711572647,362.857421875
-13.872978210,30.354675293,298.426330566
-16.405204773,29.684123993,406.793212891
-15.931064606,28.431905746,437.870422363
-15.273881912,30.926490784,320.048919678
-14.211082458,29.784044266,397.475372314
-16.419645309,31.733272552,159.582122803
-14.395309448,26.829984665,192.176895142
-14.869565964,28.690128326,473.924530029
-14.859057426,29.579462051,478.447601318
-16.187559128,31.004709244,274.699157715
-15.069255829,30.120170593,438.607177734
-13.917616844,28.440664291,347.231170654
-16.180809021,30.300729752,374.646453857
-13.876202583,27.801803589,277.850555420
-13.257797241,28.943319321,264.069366455
-14.577255249,29.743211746,443.748596191
-16.240383148,28.314773560,395.159729004
-17.352632523,28.027671814,217.740173340
-16.751516342,29.219013214,369.255035400
-13.899638176,29.151678085,373.497680664
-14.930186272,29.956825256,451.402435303
-14.589330673,28.792991638,457.241516113
-16.732385635,28.749017715,361.230285645
-15.206080437,28.307176590,450.176147461
-14.907079697,28.886110306,487.276428223
-14.647218704,28.375583649,429.515502930
-16.191007614,30.952878952,282.174987793
-15.240283966,29.731786728,482.727081299
-16.367462158,28.801557541,417.398071289
-14.586870193,30.744438171,322.320861816
-15.993525505,28.375905991,426.711639404
-15.291708946,27.654426575,355.288513184
-15.299173355,29.114093781,505.560211182
-14.544290543,30.593431473,341.500701904
-14.699195862,29.920373917,439.364959717
-15.216761589,28.819078445,495.445922852
-17.265016556,28.292602539,249.855911255
-15.051773071,27.533229828,331.928710938
-15.026150703,28.777988434,487.818572998
-16.290599823,28.708797455,422.284027100
-14.540258408,30.064323425,409.949951172
-17.206062317,29.029338837,292.021270752
-14.355155945,28.920927048,436.066528320
-15.160224915,27.683412552,358.996337891
-15.749073982,31.007598877,298.583984375
-16.057107925,27.738189697,338.001312256
-15.119568825,29.967451096,457.967529297
-14.075229645,28.661100388,385.512207031
-15.046564102,29.723176956,478.503753662
-14.619829178,28.631620407,449.971435547
-13.556315422,28.491525650,295.219665527
-14.561167717,29.156911850,464.389495850
-15.856258392,28.535970688,453.720001221
-15.855386734,28.731950760,468.877868652
-16.287925720,29.876232147,407.834472656
-15.972555161,28.563800812,446.428497314
-14.780349731,29.070859909,483.886810303
-16.690944672,28.242813110,330.198120117
-15.465597153,28.603834152,479.308837891
-14.518557549,28.414421082,421.370758057
-16.236167908,28.168275833,379.296234131
-14.862382889,29.662294388,473.370086670
-16.941484451,29.800897598,320.042205811
-14.408066750,27.487825394,289.792694092
-15.959471703,30.607715607,350.551788330
-14.262938499,29.203615189,427.927337646
-14.767790794,31.290842056,247.248840332
-14.766242981,27.958013535,386.131805420
-13.904101372,28.307884216,334.286193848
-14.275137901,29.835092545,401.912963867
-14.379526138,30.719755173,309.128875732
-16.734954834,29.109233856,371.518157959
-13.322990417,30.155204773,238.530578613
-15.091881752,28.155649185,428.665191650
-15.162319183,28.266941071,444.591857910
-16.737407684,29.755300522,354.483428955
-15.203734398,28.405309677,461.310729980
-14.874092102,28.674932480,473.131591797
-13.489480972,29.148250580,305.088989258
-13.691951752,28.366020203,307.680541992
-14.655691147,31.022521973,283.754730225
-14.997949600,30.315269470,410.114013672
-17.007371902,29.885957718,304.550994873
-15.238654137,29.943824768,462.847595215
-14.401374817,26.922573090,205.526657104
-15.712642670,28.508798599,460.809295654
-15.116875648,27.238288879,283.628845215
-16.359548569,30.180744171,369.609649658
-15.092147827,28.090808868,419.850677490
-15.522257805,30.277095795,419.589599609
-17.108606339,28.967393875,307.264343262
-15.498703003,29.365802765,500.627838135
-14.765260696,31.089164734,279.037170410
-14.715258598,28.591341019,455.265716553
-14.011090279,28.320154190,350.460937500
-14.832853317,30.750286102,336.652069092
-14.191724777,29.989912033,377.674255371
-17.500577927,29.077819824,243.774230957
-15.856414795,30.503690720,372.546356201
-14.428391457,29.439928055,444.460357666
-14.474598885,28.529205322,427.151672363
-14.634756088,29.273824692,471.161315918
-16.952247620,29.522869110,330.930358887
-14.561882019,30.372236252,374.051086426
-14.741651535,30.185525894,412.824615479
-17.001367569,28.805410385,320.272888184
-15.411550522,28.849081039,496.821044922
-15.358081818,28.601427078,480.772338867
-14.532875061,28.187616348,398.094360352
-15.143865585,29.251976013,503.321044922
-15.125102997,28.231098175,439.319183350
-13.869810104,28.952699661,366.123229980
-16.707893372,29.980123520,343.018402100
-15.272371292,29.081880569,505.058898926
-15.364912033,29.574258804,493.951354980
-15.322282791,28.405323029,461.998748779
-16.688224792,29.482275009,374.755035400
-16.787246704,30.298530579,302.830200195
-16.222900391,28.329208374,398.632110596
-16.250940323,27.815744400,332.195068359
-16.041639328,28.895196915,460.577026367
-17.596643448,26.733594894,90.548469543
-15.984905243,30.062219620,420.843933105
-16.569480896,29.102483749,397.357879639
-13.838482857,27.855413437,279.345520020
-15.707396507,28.435670853,453.892608643
-14.377072334,29.642694473,428.356628418
-14.651379585,31.675239563,185.572006226
-13.639564514,29.079778671,330.144653320
-15.471032143,27.729997635,366.031860352
-16.983203888,29.129180908,330.739624023
-16.568435669,29.804178238,376.338989258
-16.060758591,28.595878601,440.581848145
-16.821720123,31.288976669,185.508346558
-14.510210991,28.468893051,425.649871826
-15.117893219,30.501913071,386.553283691
-16.196865082,31.085420609,262.027435303
-16.301214218,29.001461029,433.641448975
-16.919418335,26.640312195,126.447471619
-14.258949280,29.264524460,426.876586914
-17.002901077,27.538221359,215.414901733
-14.123679161,29.028226852,406.945922852
-13.837596893,29.815408707,341.040618896
-15.335602760,29.211153030,505.767242432
-15.824113846,29.276609421,485.486541748
-15.330024719,30.016338348,455.291107178
-15.432458878,30.002378464,456.014038086
-14.348407745,29.359584808,436.984466553
-16.582008362,29.018346786,394.100128174
-17.175115585,27.972200394,237.270309448
-14.538621902,29.673715591,444.779907227
-15.272249222,28.876388550,498.832122803
-16.008441925,28.666009903,451.018981934
-14.303788185,29.655502319,418.363372803
-16.640256882,29.377676010,385.030456543
-15.129076958,30.827495575,334.655548096
-17.026592255,28.395692825,293.381683350
-14.295413971,28.067890167,359.238861084
-12.883418083,27.999877930,167.263870239
-15.239917755,29.738370895,482.190551758
-14.388003349,29.894031525,410.676239014
-15.731117249,30.092029572,435.111938477
-16.023693085,28.643844604,447.934875488
-14.812397957,30.688400269,345.331604004
-15.497211456,28.288480759,446.011779785
-14.059267998,27.914022446,313.280364990
-13.430858612,28.194740295,255.521453857
-14.628091812,30.105514526,413.397125244
-14.484005928,29.405824661,452.125396729
-15.219511032,27.525642395,333.459136963
-16.049860001,29.903467178,431.154205322
-14.605670929,28.140941620,398.879425049
-14.922060966,29.430852890,489.530426025
-13.518121719,28.760421753,302.314514160
-15.788897514,28.255378723,428.783050537
-16.268318176,29.553770065,431.588165283
-15.973381042,30.253526688,398.941497803
-15.896339417,30.712818146,338.543823242
-14.851314545,29.437206268,484.816253662
-16.419467926,29.507936478,413.637603760
-15.223518372,29.810905457,475.756774902
-15.779887199,27.725193024,354.174926758
-14.993818283,29.318609238,496.674316406
-15.025147438,30.184473038,428.851074219
-16.208681107,26.797073364,187.467376709
-14.794013023,29.584735870,473.541778564
-15.746096611,29.349420547,489.567718506
-16.316820145,27.072626114,219.394210815
-16.961952209,29.221183777,334.539123535
-13.886329651,28.789304733,363.366241455
-14.455101967,28.584489822,429.439117432
-15.324479103,29.975383759,459.891998291
-15.135860443,28.637144089,481.760589600
-16.134342194,29.086294174,455.757049561
-14.086937904,27.608167648,277.349365234
-14.409708977,29.462469101,441.362121582
-16.238151550,29.160448074,444.012542725
-15.473075867,28.231082916,439.495788574
-15.808475494,27.922534943,382.668975830
-17.340562820,29.330059052,270.133819580
-14.224550247,30.812171936,281.779357910
-16.380418777,31.326187134,214.847244263
-13.742733002,30.602296829,254.808639526
-16.054706573,28.616571426,442.801940918
-17.207397461,29.369981766,291.914245605
-15.662643433,29.340612411,494.650848389
-16.103557587,29.851692200,430.463012695
-14.925851822,28.034700394,405.848358154
-15.314928055,29.463506699,499.766540527
-13.260598183,29.274602890,265.974639893
-16.209449768,28.862560272,440.430328369
-15.300263405,29.045227051,504.515350342
-17.110511780,28.847246170,303.665985107
-15.962348938,28.918310165,469.256500244
-13.148077965,28.346532822,223.798400879
-13.831099510,30.339441299,294.457275391
-14.585542679,29.181932449,466.950225830
-14.614646912,28.728902817,456.068054199
-15.815499306,28.430961609,446.632507324
-14.995138168,28.969051361,495.043640137
-15.508625031,30.599050522,372.009155273
-15.973788261,29.914188385,437.080413818
-15.790967941,27.586627960,331.504577637
-16.694990158,28.687271118,363.783630371
-14.639429092,29.820608139,443.398132324
-15.509727478,29.797245026,474.972625732
-15.192776680,28.917331696,499.652008057
-14.414308548,30.366716385,360.990020752
-14.253012657,28.871950150,420.918212891
-14.701332092,27.049577713,239.905487061
-15.073973656,29.539825439,491.712707520
-15.117064476,28.956550598,499.309417725
-13.964266777,29.085584641,383.407043457
-15.408577919,28.937885284,500.709381104
-14.234934807,28.886362076,418.988555908
-16.103389740,29.070064545,458.985260010
-13.561326027,28.878135681,313.326873779
-14.653268814,28.900711060,468.364929199
-15.545786858,28.617980957,478.144104004
-16.485343933,29.069040298,409.458801270
-14.550584793,30.755016327,318.035400391
-14.827170372,28.361961365,441.625488281
-14.523535728,29.632852554,445.814544678
-13.870676994,31.268432617,189.942077637
-14.054431915,28.786064148,389.023956299
-15.428269386,30.336763382,413.011474609
-15.776733398,29.038339615,487.962677002
-14.634699821,30.249427795,396.384399414
-15.046129227,26.286302567,139.456283569
-14.929674149,28.866773605,487.731475830
-16.244960785,29.202953339,443.207336426
-14.148575783,28.048944473,340.013305664
-13.679117203,30.157552719,290.553619385
-14.334876060,28.364114761,396.346343994
-15.520282745,28.795988083,491.395965576
-15.268699646,29.116617203,505.455627441
-15.586388588,29.000894547,497.645507812
-15.480660439,29.446306229,498.381500244
-16.920856476,29.665401459,330.424743652
-13.571768761,30.251323700,266.874450684
-16.214937210,30.223430634,380.619873047
-12.979412079,28.936265945,219.071624756
-14.548007965,31.478202820,208.812133789
-14.238744736,30.729543686,294.568298340
-16.364265442,29.414443970,424.374450684
-14.877071381,29.743110657,468.260742188
-14.479532242,29.334997177,453.538238525
-16.581434250,30.245094299,335.447967529
-14.890179634,28.000205994,399.218841553
-14.510044098,29.731801987,437.640045166
-14.732005119,28.891986847,474.981628418
-13.634634018,29.750049591,313.032043457
-16.058994293,27.636064529,322.458953857
-16.036373138,26.809198380,197.564163208
-15.529600143,29.307779312,501.041717529
-16.476707458,28.633378983,392.599121094
-13.715757370,29.286113739,342.558990479
-13.733696938,28.993871689,344.736450195
-15.445822716,26.979568481,241.196014404
-14.539751053,30.279380798,384.266876221
-15.611408234,28.868518829,491.653656006
-14.456004143,28.442525864,417.494140625
-16.051364899,29.495920181,458.934875488
-15.875291824,29.789880753,456.274108887
-16.189350128,30.688331604,321.220886230
-14.612576485,29.244674683,469.333740234
-16.142671585,28.121068954,383.235046387
-16.166276932,27.746620178,330.181427002
-13.928609848,29.520896912,371.066131592
-14.198411942,30.917886734,264.682647705
-13.962433815,29.628438950,371.390319824
-15.680090904,29.928121567,455.881652832
-15.057902336,28.918170929,495.939605713
-15.784238815,30.258039474,411.269317627
-13.791577339,28.903713226,352.169067383
-15.706048012,29.876993179,459.590240479
-15.904216766,29.782499313,454.596893311
-13.532110214,28.760988235,304.644439697
-15.244526863,31.168516159,279.436309814
-15.642208099,29.319858551,496.148712158
-16.210855484,28.475988388,414.233581543
-16.647876740,32.104072571,108.503601074
-14.697288513,29.132947922,477.591735840
-16.326105118,27.354129791,259.163024902
-15.027301788,29.033670425,498.191955566
-14.767047882,29.871150970,449.480194092
-14.256765366,29.136646271,427.082763672
-11.860547066,77.947067261,470.127593994
-13.334004402,78.016418457,449.171905518
-11.713589668,78.961097717,441.524841309
-12.495170593,78.677024841,503.789947510
-10.875049591,76.552192688,209.463729858
-13.737626076,78.341567993,401.951019287
-11.782200813,78.139328003,471.290557861
-11.579469681,75.347160339,112.995552063
-14.813025475,77.786796570,209.679992676
-9.815236092,78.354530334,171.560714722
-14.724006653,77.994567871,230.809692383
-11.865063667,79.316825867,418.717254639
-12.012008667,78.118797302,490.371124268
-11.803768158,79.508216858,388.727783203
-13.037290573,78.231002808,486.751831055
-12.618655205,76.649055481,325.665344238
-13.739654541,76.035972595,173.152847290
-12.398220062,78.056930542,504.020721436
-12.821590424,78.320198059,502.580474854
-11.963288307,77.682014465,458.048126221
-11.308946609,76.762367249,281.109161377
-12.496207237,78.256256104,510.791992188
-11.632680893,77.859611511,441.304229736
-11.413826942,78.120735168,426.022338867
-12.584362984,78.205520630,508.958923340
-11.784461975,79.207748413,424.561462402
-13.087298393,76.945709229,355.006103516
-13.463659286,78.519783020,440.144775391
-12.499203682,78.495529175,510.167297363
-13.207730293,79.150337219,430.128387451
-12.658996582,76.721168518,337.223022461
-12.327207565,78.902023315,487.160583496
-12.338797569,78.484817505,508.756225586
-12.255385399,77.300872803,427.848083496
-10.950804710,78.028106689,351.496276855
-11.015712738,77.800468445,351.273742676
-11.515882492,78.594779968,439.362396240
-12.382243156,77.415809631,445.862030029
-11.276739120,78.773574829,398.283355713
-12.572808266,79.561973572,409.983184814
-12.393977165,80.564407349,243.763885498
-11.465880394,78.023887634,429.584320068
-11.124176025,78.415458679,385.343048096
-10.476666451,78.436256409,275.651733398
-12.561767578,78.448570251,510.539916992
-12.083050728,79.903907776,346.259338379
-12.189701080,78.247886658,504.048889160
-12.976017952,79.140281677,449.795440674
-13.036902428,77.185768127,394.295227051
-13.424803734,77.889671326,430.942779541
-12.606991768,79.407775879,431.796783447
-13.059801102,79.551727295,392.540435791
-14.120264053,80.989204407,121.289802551
-14.068982124,78.552688599,346.591369629
-12.700138092,77.569282532,461.376251221
-11.806149483,79.411811829,401.812469482
-12.654744148,79.563987732,408.497375488
-12.418499947,77.290817261,429.365875244
-12.561745644,77.827102661,489.391906738
-12.022342682,77.955436707,483.335693359
-12.556740761,77.269241333,426.028167725
-11.413201332,77.998970032,421.325622559
-13.552035332,80.986076355,152.633758545
-13.895531654,78.862030029,363.937561035
-14.646223068,78.663124084,247.125122070
-12.294444084,78.102218628,503.824981689
-13.846101761,77.496070862,341.262329102
-13.289118767,77.180473328,372.817871094
-13.430603981,79.789726257,328.449218750
-12.091348648,79.685424805,381.468170166
-13.471400261,77.923294067,427.042480469
-14.219607353,77.164146423,255.773635864
-12.773671150,77.933990479,491.044372559
-10.705204010,78.462646484,314.544952393
-12.747657776,78.814064026,490.638732910
-12.455678940,77.268898010,426.435638428
-13.109445572,79.753555298,359.561370850
-11.178770065,78.611831665,390.129516602
-11.463072777,79.997406006,288.080352783
-12.924283028,78.538917542,494.305603027
-12.261466980,77.527786255,457.034637451
-12.036126137,77.210922241,405.987243652
-12.380297661,78.085685730,505.046936035
-12.053010941,76.999740601,375.238525391
-13.003657341,80.237762451,288.050964355
-12.617403984,78.422744751,509.919494629
-13.152129173,78.399971008,477.658874512
-12.102786064,77.879035950,483.339263916
-12.732053757,78.188140869,504.452728271
-12.186820030,79.485115051,415.535705566
-13.151883125,79.160583496,434.118469238
-11.677951813,78.609436035,458.645660400
-11.400905609,78.453666687,426.968322754
-12.374741554,78.181045532,508.281799316
-12.752921104,78.144104004,502.274688721
-14.343379021,78.954872131,286.929046631
-12.804814339,76.885734558,360.462493896
-11.512235641,77.379058838,383.020996094
-11.623065948,77.613044739,420.135131836
-11.523670197,80.253524780,255.541152954
-14.077620506,78.099639893,342.185913086
-11.525749207,78.634292603,439.238311768
-12.200860977,79.270202637,444.892089844
-13.271417618,77.071556091,359.243408203
-13.196367264,79.688156128,363.047790527
-13.246463776,76.819641113,323.811187744
-11.325777054,77.842422485,400.586120605
-12.931566238,76.960731506,366.783935547
-11.952169418,78.922569275,466.406188965
-13.033013344,77.160865784,390.987823486
-14.374657631,78.922660828,283.363616943
-9.886062622,78.758926392,176.818496704
-11.874236107,78.501159668,481.828735352
-12.132981300,78.121582031,497.944335938
-12.188368797,77.553596497,457.418579102
-13.723251343,78.465835571,403.796386719
-12.384395599,77.180175781,413.012237549
-13.033988953,78.004524231,478.694976807
-11.766774178,78.513267517,471.150085449
-12.650167465,76.762382507,344.367095947
-12.212146759,78.883796692,484.864562988
-10.284444809,78.800933838,235.991302490
-11.558446884,79.288261414,392.370239258
-14.295259476,78.229980469,308.058563232
-12.652203560,77.894630432,492.701385498
-11.626024246,79.981323242,304.636444092
-13.407027245,78.198608398,446.847076416
-12.057559967,77.575050354,453.336120605
-14.599094391,78.139533997,254.833160400
-13.586647987,76.416137695,235.629333496
-11.580660820,79.990081787,299.541625977
-11.953631401,78.770561218,477.330871582
-12.048474312,78.276992798,496.611877441
-12.033389091,78.223297119,494.751037598
-13.233492851,79.632255554,368.118713379
-11.733796120,81.011871338,159.964981079
-13.301164627,76.909446716,332.916778564
-11.140794754,78.249412537,387.678649902
-11.125770569,80.368614197,206.447402954
-13.855187416,77.497169495,340.047027588
-14.163846016,78.204002380,330.129180908
-13.203621864,76.413719177,263.051544189
-12.382652283,79.636436462,398.136810303
-13.452636719,79.599975586,352.261291504
-11.785686493,78.290046692,474.668060303
-13.540397644,77.885375977,415.547943115
-10.354162216,77.965362549,249.731796265
-11.912944794,78.080299377,481.267761230
-13.580974579,79.044319153,397.366271973
-10.833309174,79.419731140,282.372070312
-10.873513222,78.497619629,342.825408936
-12.485115051,78.882278442,490.685607910
-12.705179214,77.863113403,488.808319092
-14.076396942,79.372970581,298.958740234
-12.432872772,76.752754211,344.462524414
-14.300968170,80.126258850,194.937927246
-11.406954765,78.738006592,418.746215820
-13.949555397,78.089820862,363.167846680
-13.514636993,77.990165710,424.942565918
-12.699432373,77.629318237,467.916107178
-13.876327515,79.093307495,351.822845459
-12.233210564,78.903152466,484.155975342
-11.347659111,79.457550049,347.932281494
-10.819327354,79.280464172,292.687377930
-12.023442268,77.942253113,482.619720459
-13.772289276,78.944862366,377.799896240
-12.774618149,80.352226257,276.618316650
-12.987111092,78.634681702,486.693969727
-12.197893143,76.881362915,361.980041504
-13.247654915,76.367942810,253.187316895
-12.208054543,78.541282654,503.119079590
-11.738794327,77.629409790,433.785980225
-13.542083740,78.032638550,423.196044922
-12.069301605,77.271606445,416.278198242
-12.100708961,78.844856262,482.320465088
-11.662240982,77.997131348,452.675354004
-12.395420074,79.583099365,406.485382080
-13.182526588,78.316352844,474.497924805
-10.476531029,78.658645630,271.809143066
-11.539283752,78.655075073,440.151885986
-11.475624084,78.839279175,422.263824463
-12.701977730,78.114318848,503.154083252
-12.710977554,79.012390137,475.816558838
-12.458185196,78.337860107,511.552764893
-12.402112961,78.629096985,505.427581787
-10.919310570,77.428016663,308.750793457
-11.403986931,77.928382874,416.535522461
-12.817609787,78.206306458,501.039093018
-13.837141991,77.719757080,361.239135742
-12.618430138,77.757827759,482.574523926
-11.185476303,77.530456543,356.574859619
-12.649810791,77.750564575,481.189178467
-11.231265068,77.011734009,305.564971924
-12.067306519,79.551467896,400.432647705
-11.074853897,78.531486511,375.678741455
-10.754225731,77.402915955,282.036865234
-13.034134865,77.815483093,466.203247070
-12.225286484,76.240669250,254.942443848
-11.534025192,79.585876465,352.905609131
-12.770744324,79.612800598,398.096221924
-11.908801079,77.377723694,420.291168213
-13.173586845,77.847305298,456.213439941
-12.153804779,79.295188904,439.753143311
-11.810550690,77.734321594,450.184326172
-12.369708061,77.741394043,481.748199463
-10.900286674,77.970161438,340.988647461
-12.549932480,78.071189880,504.799255371
-13.682075500,78.275566101,409.858001709
-11.660684586,78.183853149,459.338348389
-14.133588791,78.145973206,334.009979248
-13.193505287,78.406944275,473.472534180
-11.517197609,77.654388428,411.662567139
-12.638065338,78.400962830,509.627655029
-13.910233498,78.707534790,368.556060791
-12.776716232,77.398284912,437.876220703
-13.828330994,78.312103271,387.485870361
-11.662055969,78.845596313,444.575836182
-13.660599709,78.013519287,405.408264160
-12.023878098,79.547409058,398.630401611
-10.974942207,78.570533752,358.370819092
-11.406357765,76.955245972,317.575805664
-11.973935127,79.947029114,333.874450684
-12.524000168,79.730545044,384.076110840
-11.126954079,78.979927063,363.090667725
-10.807056427,78.064407349,328.613342285
-12.711553574,79.879249573,357.417541504
-12.093362808,77.111656189,394.311950684
-12.455458641,81.334579468,133.630371094
-14.851361275,79.676795959,169.184936523
-12.991232872,78.883041382,472.106506348
-11.657341003,77.006172180,348.967651367
-14.040681839,77.484733582,311.397521973
-12.580395699,76.672096252,330.118469238
-11.826297760,78.946830750,453.799285889
-12.184222221,78.579383850,500.866546631
-13.801435471,78.038696289,385.069244385
-12.440879822,79.128120422,467.277587891
-12.351575851,80.021759033,334.643920898
-11.858110428,78.409164429,481.738433838
-12.030158043,79.969398499,333.100860596
-13.609398842,77.994514465,411.955047607
-12.832248688,77.683837891,467.873687744
-13.439137459,78.952537537,422.596557617
-12.939332008,78.965698242,469.015106201
-12.943011284,77.092582703,386.522338867
-11.284510612,80.153015137,249.482711792
-12.257879257,78.877685547,487.059844971
-10.745790482,78.863250732,309.165222168
-11.317519188,79.067718506,383.924560547
-11.162580490,78.665710449,385.732543945
-12.183625221,78.963272095,477.016632080
-13.832103729,77.481285095,341.896362305
-11.121516228,79.775253296,281.774597168
-12.052183151,77.402610779,432.726867676
-11.279789925,78.434524536,409.454589844
-13.652818680,78.974143982,392.966461182
-11.590068817,79.230712891,402.257446289
-12.792139053,77.834999084,483.135620117
-13.789429665,79.874198914,280.374267578
-12.269696236,79.921096802,349.897247314
-12.741462708,80.066085815,325.534240723
-14.303374290,78.518096924,307.201629639
-13.295674324,77.749244690,435.857971191
-13.810081482,77.710426331,364.631713867
-10.573674202,77.791053772,279.000671387
-11.400085449,76.402687073,238.586776733
-10.041341782,78.337318420,204.953140259
-11.570275307,79.594261169,355.494750977
-13.055925369,78.779487610,474.061676025
-12.753817558,77.671035767,470.208343506
-14.019995689,78.253227234,355.330352783
-11.735892296,79.283782959,411.333465576
-12.253139496,78.769004822,494.502899170
-12.172834396,77.617141724,463.688537598
-14.019477844,77.792343140,337.604614258
-14.082068443,79.178993225,314.252563477
-9.991071701,79.366455078,167.555648804
-12.763795853,78.371307373,505.488067627
-11.328638077,77.753684998,394.993225098
-12.349620819,76.184623718,247.407379150
-13.599116325,77.785232544,400.714172363
-11.846290588,77.586952209,439.407958984
-11.864078522,78.537757874,480.012573242
-10.623206139,77.279083252,252.526718140
-14.501777649,75.917137146,106.460845947
-12.631121635,79.505752563,417.527923584
-12.297234535,79.013061523,476.565429688
-12.532094002,78.591995239,507.248077393
-13.994137764,80.286972046,207.845397949
-12.000135422,77.038818359,378.539398193
-14.446172714,78.887664795,273.190887451
-12.591880798,78.071418762,504.217956543
-11.048813820,77.785980225,355.595458984
-13.332404137,79.079048157,424.413482666
-11.876659393,77.064338684,374.731811523
-11.693124771,80.315513611,258.161651611
-12.818097115,77.746986389,474.497741699
-13.209799767,79.206008911,424.072235107
-11.594141006,77.243278503,375.361816406
-11.344713211,79.630149841,326.307495117
-12.187958717,76.168922424,242.435455322
-11.690179825,76.729560852,310.107910156
-11.742727280,79.368865967,401.674072266
-11.524349213,75.739227295,155.891357422
-13.210688591,79.097099304,435.147216797
-12.564702034,76.829696655,356.988830566
-12.920737267,78.349205017,496.818664551
-14.194643021,80.060188293,213.416534424
-11.671367645,78.503959656,460.939025879
-13.218013763,78.041633606,463.325439453
-13.135973930,77.363372803,410.640869141
-12.333591461,79.457923889,423.855133057
-12.672606468,77.942337036,495.327270508
-12.303937912,79.136283875,464.052856445
-13.007198334,76.973503113,364.492218018
-11.537081718,76.992912292,335.963653564
-11.947569847,78.258644104,489.002624512
-13.378964424,79.741783142,339.979949951
-11.485164642,78.931068420,417.183074951
-12.042556763,78.830070496,479.810913086
-13.466135025,77.792610168,418.981140137
-14.123560905,78.646881104,335.336120605
-11.049452782,77.970886230,365.355590820
-12.245064735,77.821846008,485.473999023
-12.953737259,78.014518738,485.338043213
-13.945763588,79.493202209,305.556182861
-12.487582207,79.326187134,443.583709717
-12.180216789,77.548362732,456.495941162
-12.799469948,76.767738342,341.173461914
-11.693870544,78.491821289,463.743377686
-13.267738342,76.848030090,326.456390381
-13.058967590,77.247314453,401.354919434
-12.347274780,77.301818848,430.060058594
-10.430264473,79.339912415,230.019989014
-12.855398178,76.868362427,355.592529297
-12.594219208,76.394981384,282.535583496
-11.421856880,79.145896912,390.766296387
-11.033912659,77.797943115,353.989624023
-11.676993370,79.738639832,345.183349609
-12.918222427,77.620758057,456.622222900
-11.134444237,78.500076294,385.891357422
-12.057259560,78.266563416,497.054260254
-13.731031418,79.459197998,337.360595703
-14.511943817,79.352577209,236.863555908
-12.761795998,78.166969299,502.626342773
-13.015098572,78.881446838,470.458648682
-12.073812485,79.966094971,335.655761719
-12.666629791,78.172538757,506.226531982
-12.836353302,78.458534241,501.250701904
-12.931538582,79.509864807,406.233276367
-11.112157822,76.432212830,217.939727783
-13.771418571,77.335815430,335.653015137
-11.820940971,77.462562561,423.593353271
-11.930668831,79.725929260,366.271179199
-11.711672783,77.309783936,395.279022217
-13.682461739,75.686538696,135.323883057
-11.992546082,77.099563599,387.289825439
-12.440163612,78.585388184,507.492736816
-13.792331696,79.297996521,346.059020996
-13.518524170,77.760444641,409.746368408
-13.664833069,78.403640747,413.073516846
-13.147201538,80.624656677,220.644454956
-13.126152039,78.540977478,478.041412354
-12.762872696,79.241256714,449.344604492
-12.478649139,76.892829895,368.014007568
-12.283681870,78.794578552,493.875030518
-13.761693001,77.311805725,334.351440430
-13.138164520,78.611755371,474.761016846
-12.839366913,76.102355957,229.288314819
-13.242833138,79.489753723,386.825561523
-11.849876404,79.008460999,450.597625732
-12.538626671,80.527595520,250.294998169
-12.551288605,78.123283386,506.904815674
-12.954903603,77.955909729,481.955230713
-11.700277328,76.270599365,239.449493408
-13.667776108,79.755378723,309.022247314
-13.258320808,77.227020264,381.987945557
-12.649806023,77.606300354,466.889739990
-12.189686775,77.158271790,405.212554932
-10.983456612,77.043670654,278.891235352
-12.566504478,78.410423279,510.890075684
-12.236166000,78.293991089,506.591644287
-12.488337517,78.284599304,511.196350098
-11.176874161,78.229202271,393.129913330
-11.519004822,77.622337341,408.999542236
-12.484976768,78.224426270,510.214202881
-11.482087135,77.767997742,416.552764893
-13.174280167,78.198516846,473.428924561
-12.503761292,76.252250671,259.084136963
-13.341038704,79.464775085,380.938354492
-12.737131119,78.112976074,501.802368164
-11.912312508,78.895133972,465.416961670
-10.743282318,78.985847473,302.067687988
-12.922842026,78.409637451,496.542877197
-11.708453178,79.316268921,404.849151611
-13.385181427,79.024383545,423.304351807
-10.715426445,78.181182861,315.631958008
-12.471247673,77.429138184,448.142547607
-13.544431686,78.366134644,430.556488037
-11.694465637,78.055854797,458.967132568
-11.376906395,79.262405396,373.364929199
-12.848704338,79.084693909,463.024444580
-12.611898422,78.447547913,509.746368408
-11.408699036,80.793281555,172.364196777
-13.878772736,78.024269104,372.230957031
-11.322298050,78.110359192,412.610565186
-12.911920547,80.022293091,327.382965088
-12.543394089,79.141899109,465.758087158
-12.791893959,76.795959473,346.138244629
-12.993659019,79.038368225,458.808990479
-12.289575577,77.556739807,461.146606445
-10.418685913,78.472496033,265.506500244
-13.477917671,79.654113770,342.505889893
-11.565955162,77.794662476,428.914428711
-11.828383446,79.145149231,435.297943115
-12.020215988,78.484451294,493.877380371
-14.250636101,78.031219482,310.717590332
-12.535471916,77.771240234,484.998474121
-12.838803291,79.056106567,466.384155273
-12.981260300,76.658424377,315.176177979
-13.108386040,77.819015503,460.190246582
-12.644449234,77.127838135,403.683135986
-12.793195724,77.477737427,447.137542725
-11.703010559,78.161064148,463.545135498
-11.934988976,78.631408691,482.942047119
-13.767127991,78.312240601,397.172027588
-10.812673569,76.743751526,224.413787842
-11.534710884,78.453247070,445.133239746
-13.993222237,78.928016663,344.909210205
-11.479103088,78.293609619,438.271423340
-12.175392151,80.176994324,304.248443604
-13.087975502,80.182617188,293.002136230
-10.840769768,77.029304504,258.876007080
-12.359016418,78.421531677,510.126708984
-11.189146996,79.523681641,320.304809570
-10.972398758,76.735275269,241.564468384
-11.105401993,78.922515869,363.664367676
-14.321230888,79.667686462,237.882904053
-13.589650154,79.127555847,389.140045166
-13.068639755,78.148757935,481.928070068
-12.038953781,78.144905090,493.096130371
-13.934730530,78.660400391,366.192413330
-13.635077477,78.898956299,400.536712646
-13.734827995,78.493934631,401.673461914
-12.118350029,80.368316650,270.470092773
-14.420155525,78.670761108,284.592651367
-13.742894173,78.833213806,388.816619873
-12.594805717,79.123779297,467.188262939
-11.066371918,78.017135620,369.928436279
-12.495927811,79.258743286,452.179473877
-13.011698723,78.757766724,478.845703125
-11.643698692,77.278411865,384.800262451
-14.007530212,78.530311584,357.250366211
-11.605831146,76.849632263,321.541137695
-11.991463661,77.989204407,483.086364746
-12.654161453,79.386260986,433.897247314
-12.342053413,77.499511719,455.652496338
-12.494812965,78.120979309,507.196868896
-12.763707161,79.533935547,410.073303223
-13.137245178,77.561485291,433.735717773
-12.232104301,78.993515015,476.267547607
-12.616394997,77.123046875,403.510467529
-12.373811722,80.778854370,209.597320557
-11.916244507,76.692382812,318.864501953
-13.434203148,78.448097229,445.062591553
-11.940731049,77.658927917,454.182037354
-10.318385124,78.892456055,238.011947632
-12.149913788,79.611549377,395.401123047
-12.236938477,76.389137268,280.005981445
-12.876780510,77.715316772,468.442108154
-12.819864273,78.468627930,501.967529297
-11.790050507,77.580833435,433.810974121
-13.247783661,78.276962280,467.184326172
-11.906887054,78.905632019,464.155822754
-11.882264137,79.464157104,400.930633545
-12.843543053,79.474731445,415.488342285
-12.148013115,78.512496948,501.046783447
-10.681113243,78.035858154,306.466064453
-13.248823166,79.819747925,339.550994873
-12.527417183,79.459899902,425.226776123
-12.084079742,76.602180481,311.635467529
-12.201535225,78.979209900,476.362731934
-12.555104256,78.977951050,482.259582520
-11.290382385,79.826133728,294.560180664
-11.690587044,77.509841919,416.760498047
-12.358413696,77.640693665,471.750518799
-12.942980766,77.878921509,477.720916748
-12.535956383,78.576477051,507.758117676
-10.398664474,78.602111816,260.112548828
-10.699811935,78.341110229,314.276092529
-11.714586258,77.999107361,458.559967041
-12.446345329,77.637954712,472.399078369
-11.789814949,77.575469971,433.237152100
-12.779978752,78.574935913,501.305419922
-12.047574043,78.879501343,476.518829346
-12.956348419,76.995277405,370.852325439
-14.742533684,77.461120605,203.831588745
-13.139272690,77.661613464,443.735046387
-13.324211121,78.815223694,445.483947754
-12.757459641,78.217445374,504.138427734
-13.268841743,79.986381531,312.746185303
-12.758583069,76.003448486,215.627960205
-13.259791374,77.026222229,353.722747803
-13.883754730,78.817291260,368.068389893
-10.100871086,77.145614624,171.532592773
-12.901425362,77.569282532,452.130676270
-14.647109032,79.499183655,207.593154907
-13.433059692,79.118721008,409.358398438
-11.163067818,78.234275818,391.021179199
-13.536867142,75.595672607,132.238327026
-11.822802544,80.498008728,237.334228516
-12.933434486,78.819709778,480.560394287
-12.870302200,77.747863770,471.779052734
-10.945999146,78.525756836,354.533142090
-12.468994141,78.483123779,510.417968750
-12.358772278,76.741912842,342.058197021
-12.652463913,80.073394775,325.991210938
-11.687281609,77.792411804,442.565032959
-12.288607597,79.614906311,399.584625244
-12.149934769,80.850593567,195.266891479
-12.147685051,78.598686218,498.394989014
-13.564032555,76.683387756,275.786987305
-11.453105927,77.959045410,424.812164307
-13.247339249,78.918601990,446.835693359
-13.096487045,79.060234070,448.861145020
-12.241485596,77.729331970,477.414428711
-12.224962234,76.878097534,362.227935791
-12.042926788,77.841186523,477.006744385
-12.519464493,79.588661194,406.268707275
-12.451463699,77.699981689,478.653472900
-11.496129036,78.309043884,440.656036377
-11.279275894,77.608734131,376.618652344
-12.780403137,77.372367859,434.340942383
-13.804383278,78.517959595,390.471862793
-13.107524872,77.612884521,441.714111328
-12.346335411,77.295150757,429.113067627
-12.563531876,77.830055237,489.605438232
-10.644291878,77.518531799,274.118865967
-13.841715813,77.801109314,366.182128906
-12.327820778,77.476737976,452.618469238
-13.037080765,77.078712463,378.638549805
-13.329833031,78.694091797,451.196990967
-11.595773697,78.751602173,442.565124512
-11.519598007,78.274871826,443.479156494
-11.837715149,78.759269714,468.090087891
-12.503840446,75.916465759,205.031097412
-12.648268700,79.276954651,448.282989502
-13.288046837,80.172256470,282.717193604
-11.655978203,79.873115540,323.444854736
-10.719104767,76.253921509,161.649505615
-11.525245667,78.602478027,440.319732666
-11.299985886,79.333122253,355.955444336
-13.055722237,77.370155334,417.908782959
-13.476743698,78.523910522,438.332366943
-13.414272308,77.400238037,387.547821045
-13.095164299,78.681076050,475.897094727
-13.284127235,79.403144836,394.148315430
-13.264136314,79.722084045,352.730377197
-13.503983498,78.153686523,432.899383545
-12.380005836,77.390991211,442.606506348
-13.217190742,78.601486206,467.242248535
-12.948719025,77.787338257,470.253326416
-12.899330139,78.537399292,495.959259033
-13.321974754,80.018020630,303.974487305
-14.366203308,78.393669128,297.132537842
-12.631342888,77.998428345,499.758300781
-13.883930206,78.974487305,359.080902100
-14.154121399,78.876609802,321.665954590
-12.585297585,77.815605164,488.123901367
-13.760943413,77.633277893,365.758605957
-14.833868980,78.971771240,208.810577393
-12.344463348,78.867141724,490.298614502
-13.683677673,77.758186340,386.784545898
-11.887422562,78.588508606,480.535705566
-11.381926537,78.779335022,413.105468750
-12.145315170,78.493537903,501.337036133
-11.076614380,77.876243591,365.139434814
-13.127476692,78.367752075,480.109069824
-12.520033836,78.110984802,506.711700439
-11.603153229,78.741867065,443.974792480
-12.986812592,80.512298584,244.315750122
-13.051843643,78.943588257,462.778839111
-13.334467888,77.813980103,436.586547852
-12.833816528,80.213806152,298.240722656
-12.375430107,78.542724609,508.075805664
-13.921335220,78.582450867,370.454162598
-13.512729645,77.678405762,403.798339844
-12.038561821,77.883438110,479.780700684
-10.969118118,79.646667480,277.808624268
-12.297507286,78.427032471,508.577178955
-12.663521767,78.678413391,501.323211670
-12.012513161,78.100273132,489.720672607
-13.646779060,78.611328125,412.350219727
-12.305685997,77.680480957,474.670227051
-12.536960602,77.537841797,461.134490967
-11.879894257,78.511764526,482.093109131
-12.297721863,79.079223633,469.990386963
-10.290924072,78.394126892,244.747344971
-11.894027710,79.440834045,404.964050293
-12.575902939,79.252021790,452.546447754
-11.227952957,78.367019653,401.963195801
-9.640789986,76.607353210,92.870811462
-13.255268097,77.189727783,377.228393555
-11.333670616,78.633003235,412.831329346
-13.231385231,79.153358459,427.571685791
-12.774157524,80.984657288,177.952575684
-12.986652374,79.443687439,412.225921631
-13.489589691,78.893600464,420.439880371
-12.932459831,77.053970337,381.242523193
-14.532581329,78.069366455,264.258148193
-11.500686646,78.393806458,441.255950928
-13.898716927,79.765220642,281.246246338
-12.057803154,79.136825562,453.272216797
-12.035444260,80.891517639,186.476211548
-12.302033424,77.553985596,461.150573730
-11.402738571,76.171730042,206.279953003
-12.194247246,77.975860596,494.080688477
-11.199576378,78.400955200,397.400573730
-13.237800598,78.493759155,467.792724609
-13.790728569,80.202011108,237.558395386
-12.712457657,79.043548584,472.765350342
-13.111774445,78.794219971,468.382446289
-12.566205025,80.281158447,291.489715576
-13.954298973,77.941299438,356.343078613
-12.991524696,77.123550415,388.247467041
-12.611123085,79.208236694,457.342498779
-13.210309029,78.341972351,471.767486572
-12.028145790,78.904411316,473.309234619
-13.000534058,75.942237854,199.737182617
-12.929549217,80.424072266,260.457916260
-13.421981812,77.302474976,375.015899658
-12.278861046,78.361732483,508.393005371
-13.169608116,78.339019775,475.936431885
-12.647302628,78.727081299,499.199554443
-12.040778160,77.271636963,414.756011963
-11.786850929,78.134513855,471.607513428
-13.120984077,79.399642944,408.672637939
-12.510091782,77.994636536,501.256439209
-12.745493889,78.883361816,485.700378418
-12.299639702,79.031433105,474.857513428
-14.308903694,79.484977722,255.853637695
-12.566786766,78.909286499,488.070648193
-11.085197449,79.724449158,283.550109863
-13.855631828,79.369720459,330.346801758
-12.217838287,79.386123657,430.494873047
-14.061016083,77.363838196,297.497955322
-12.225831985,77.454971313,447.154785156
-12.869333267,79.764373779,370.918518066
-10.252583504,78.164978027,237.370941162
-11.530091286,78.524810791,443.188018799
-11.542673111,78.886764526,427.631439209
-13.721332550,79.644035339,316.950439453
-13.340764046,77.053802490,350.330596924
-11.284370422,78.017951965,403.704498291
-11.640610695,78.897972107,438.465148926
-13.445545197,76.753646851,296.970977783
-10.725220680,79.048194885,295.308410645
-11.017077446,78.174858093,366.426452637
-11.238800049,80.067169189,256.759033203
-12.731562614,78.085960388,500.930328369
-12.389519691,78.317039490,510.820983887
-15.142580032,77.403686523,147.414413452
-12.201918602,78.648277283,498.945648193
-12.225826263,78.053176880,499.404602051
-14.515845299,78.477645874,271.321868896
-12.268830299,77.447067261,447.513946533
-12.129865646,78.610961914,496.990417480
-13.023334503,78.230926514,487.891326904
-11.645533562,78.647689819,453.438110352
-13.413925171,79.921760559,310.916595459
-11.321006775,77.537841797,375.920532227
-13.200767517,77.721221924,443.383819580
-11.896918297,79.032691956,452.367736816
-11.893526077,79.066963196,448.802551270
-13.767453194,77.793670654,376.979309082
-14.393974304,79.192489624,265.303680420
-11.466840744,79.449913025,362.960693359
-12.882641792,78.688957214,491.290466309
-12.096237183,79.871269226,352.156585693
-14.395026207,79.097023010,271.006744385
-12.820795059,78.003616333,492.908111572
-11.852180481,78.785682678,467.829040527
-13.332262993,78.876739502,440.621032715
-12.077951431,80.004852295,329.443145752
-12.233336449,79.138755798,461.551513672
-13.964978218,77.900054932,352.537231445
-13.454831123,78.303665161,442.409423828
-10.775104523,76.629180908,207.557891846
-12.791559219,78.309219360,504.004913330
-12.988376617,79.741760254,368.714508057
-11.361785889,79.367027283,360.111938477
-12.786297798,78.249191284,503.473937988
-11.958789825,78.497573853,489.036743164
-13.301305771,79.100433350,425.746490479
-14.592925072,79.427421570,220.080215454
-10.751273155,78.713905334,316.457305908
-11.605975151,78.326362610,454.768493652
-13.519960403,79.704132080,331.510375977
-13.362368584,80.569419861,218.172454834
-12.836093903,78.418083191,501.727691650
-12.476110458,78.764846802,498.918487549
-13.060233116,78.026367188,477.632873535
-11.270194054,76.923187256,298.617645264
-13.164947510,77.468139648,420.833007812
-12.589126587,78.421928406,510.455169678
-12.690052986,78.645812988,502.048095703
-11.529078484,79.152465820,403.364929199
-12.652698517,78.583274841,505.556701660
-13.352660179,79.676818848,351.510955811
-12.301052094,75.915191650,204.070632935
-12.829970360,77.447616577,441.739044189
-11.494406700,77.760200500,417.526245117
-13.160250664,77.849128723,457.640563965
-14.238578796,76.891273499,225.797439575
-11.950242043,77.554573059,444.124481201
-11.314227104,77.309829712,351.412261963
-12.418987274,78.018920898,502.368865967
-13.630205154,78.497581482,417.329040527
-13.130830765,78.361824036,479.788482666
-12.046635628,77.466751099,440.317047119
-10.017161369,77.768043518,191.213485718
-11.695074081,78.277381897,464.865447998
-12.391891479,78.528732300,508.723205566
-13.197502136,78.311149597,472.919586182
-12.458580971,78.522026062,509.512939453
-12.864586830,78.321983337,500.213409424
-13.764206886,78.064872742,391.887756348
-13.077252388,78.397659302,484.631683350
-12.107606888,78.366722107,500.721343994
-10.719075203,77.003555298,240.389266968
-11.294407845,78.846115112,396.790283203
-12.481623650,76.463241577,294.932800293
-12.028903008,77.982261658,485.318511963
-12.251296997,76.940910339,373.170288086
-13.066608429,78.248161316,484.584716797
-11.106354713,77.929481506,372.513122559
-14.390139580,78.637336731,290.423492432
94.227806091,-23.609294891,363.124481201
91.986434937,-22.989252090,463.220275879
91.324279785,-23.165653229,376.473236084
92.577674866,-23.569446564,508.912994385
92.524787903,-23.986431122,478.702331543
92.216377258,-24.054460526,455.375823975
92.998657227,-23.242137909,509.244049072
92.246513367,-22.787206650,473.243133545
93.205619812,-21.549352646,301.387817383
93.631668091,-23.330127716,455.874969482
91.682144165,-23.056529999,428.262542725
91.545455933,-22.652339935,383.729797363
92.418907166,-22.093999863,397.548492432
91.645088196,-23.363235474,428.347290039
92.938682556,-23.938222885,483.929840088
94.124717712,-20.485925674,107.290573120
93.766105652,-24.120344162,398.804077148
91.642425537,-23.622364044,422.559967041
92.569290161,-23.772037506,497.946228027
91.398414612,-22.796243668,372.502960205
92.242607117,-23.008413315,487.711669922
95.185546875,-25.185331345,124.372787476
92.664443970,-23.254468918,514.332153320
92.736976624,-23.377056122,515.203491211
92.966384888,-24.450895309,420.574859619
92.722152710,-23.832635880,495.755371094
91.643333435,-23.657899857,421.252502441
90.887145996,-25.910617828,106.982170105
92.930770874,-23.795875549,495.794342041
92.939582825,-22.556709290,465.152313232
94.091972351,-22.615623474,357.538604736
93.414756775,-23.322910309,480.322235107
94.077316284,-24.143188477,354.762481689
92.324577332,-24.642499924,383.183715820
93.085151672,-23.849580765,485.578094482
93.125999451,-23.025178909,495.785095215
94.775085449,-24.231157303,243.377792358
92.847221375,-23.449119568,513.405639648
94.098075867,-23.573333740,385.171386719
91.446311951,-24.966354370,261.564086914
92.769783020,-22.041395187,395.499542236
92.589279175,-22.516441345,461.788818359
92.660476685,-24.054121017,474.713867188
93.958206177,-25.517084122,195.703826904
92.201911926,-23.143482208,489.984466553
91.763702393,-23.002042770,437.047515869
93.672660828,-23.475086212,449.492675781
92.411666870,-23.715127945,495.544647217
92.068489075,-23.427984238,480.149871826
92.316146851,-23.522321701,498.585205078
95.344352722,-24.128791809,168.487731934
92.962242126,-23.176410675,509.262481689
94.747863770,-24.295291901,242.995529175
92.692710876,-24.021682739,478.451263428
92.984458923,-22.301645279,431.086334229
91.985557556,-23.538835526,469.061981201
93.575019836,-23.314540863,462.733703613
92.789871216,-24.102851868,469.661407471
94.244056702,-23.740900040,355.707672119
92.451065063,-23.610345840,502.807556152
93.703918457,-22.145761490,356.507110596
92.548049927,-23.305110931,512.355773926
93.239097595,-23.115913391,491.925598145
93.517768860,-22.212446213,384.155059814
92.094390869,-23.537508011,480.247009277
92.680664062,-23.802732468,497.752624512
90.486564636,-24.110206604,214.764724731
91.923156738,-23.071264267,459.816192627
93.170249939,-23.009532928,492.228820801
93.009361267,-24.224006653,450.330780029
91.268905640,-22.510585785,330.731842041
91.254951477,-21.351409912,195.580520630
93.024551392,-23.196792603,507.268554688
93.121849060,-23.773546219,489.103576660
93.454574585,-23.445072174,475.495178223
91.894607544,-22.867612839,445.744720459
95.456123352,-24.427520752,142.018386841
92.504798889,-21.979982376,382.249633789
92.240409851,-21.952650070,366.483032227
93.817321777,-23.296079636,430.832305908
92.559120178,-22.371412277,442.635864258
91.955085754,-22.550800323,424.965942383
94.134307861,-22.080043793,296.961273193
93.733711243,-24.289747238,384.738372803
93.410507202,-23.381160736,480.658020020
91.675193787,-23.451816559,431.823303223
91.299057007,-23.490777969,372.798645020
92.609512329,-22.773500443,488.860748291
93.798027039,-24.713016510,323.315673828
91.404945374,-25.358011246,205.232666016
93.571083069,-23.998626709,433.055297852
92.170539856,-23.355983734,490.226715088
92.727813721,-22.627510071,475.942443848
90.572280884,-23.509056091,248.626495361
91.500022888,-21.619855881,254.389465332
93.263839722,-22.959728241,482.761871338
94.904647827,-23.457902908,251.607727051
93.628746033,-24.772897720,330.859985352
92.933967590,-21.037040710,223.189468384
93.230560303,-24.063550949,457.252288818
91.756958008,-24.885562897,303.705963135
93.176193237,-22.450645447,441.864227295
92.859657288,-24.123043060,466.539611816
92.974372864,-23.998439789,477.055877686
93.953285217,-23.722564697,402.020080566
91.849784851,-23.857324600,436.975646973
93.119354248,-24.542186737,401.183593750
93.399581909,-23.582958221,477.473876953
92.814369202,-23.441661835,514.006103516
94.996612549,-23.481201172,236.452117920
93.577774048,-20.858467102,176.353225708
93.158302307,-21.464099884,288.874603271
92.830009460,-22.514989853,462.584716797
92.143844604,-24.423875809,404.636993408
91.763778687,-23.335851669,444.946472168
93.018287659,-24.428600311,422.194244385
91.354194641,-25.188425064,222.877319336
94.859260559,-23.204103470,258.323822021
90.587280273,-23.320787430,252.102478027
92.573280334,-24.688869476,384.413238525
93.891860962,-23.769058228,408.643371582
92.773841858,-23.596008301,509.844757080
92.778938293,-22.294162750,433.998229980
93.338226318,-23.763582230,474.132812500
94.308036804,-21.771503448,239.105804443
91.269348145,-24.426246643,306.119598389
92.121391296,-21.786611557,332.385131836
92.549835205,-23.883617401,488.867004395
92.698554993,-23.535839081,512.013427734
92.576576233,-24.381334305,431.987030029
91.939392090,-23.578857422,462.595092773
94.114128113,-22.022535324,292.647216797
93.648239136,-22.948369980,442.742156982
90.120674133,-21.531328201,104.803321838
93.850563049,-23.681015015,418.855560303
92.084167480,-23.125623703,478.927764893
92.777259827,-24.004369736,480.314727783
94.226531982,-23.966749191,346.069824219
92.982421875,-24.515947342,410.342132568
92.477264404,-22.229429245,420.211761475
92.775123596,-23.898609161,490.275787354
90.784378052,-23.652687073,281.449951172
92.377899170,-22.578350067,461.197448730
94.054771423,-24.530267715,317.474395752
93.534240723,-24.280431747,407.195922852
93.881889343,-23.748491287,411.158538818
93.289833069,-21.762866974,332.823852539
91.028884888,-23.164836884,326.387573242
94.309944153,-22.532573700,317.615570068
94.898490906,-23.807945251,245.486221313
93.817764282,-22.593255997,394.243865967
92.783142090,-24.324016571,441.827697754
92.956283569,-21.377935410,279.799652100
93.982429504,-22.823280334,389.176696777
92.238632202,-24.719209671,366.372650146
92.533523560,-24.220684052,452.536895752
92.376640320,-22.209068298,413.152801514
93.957794189,-22.224517822,336.633483887
93.276702881,-23.841491699,473.823028564
93.171546936,-25.038404465,317.638153076
93.836601257,-24.411039352,358.425292969
94.066688538,-23.945240021,371.990142822
94.965667725,-23.575553894,240.352996826
92.616851807,-22.549295425,466.187652588
91.390686035,-23.093095779,385.426849365
91.727272034,-22.634845734,406.802001953
93.232307434,-23.087366104,491.380859375
93.968734741,-23.168199539,406.445709229
90.537788391,-24.064912796,224.800201416
91.772972107,-22.648309708,413.777526855
92.530189514,-23.954725266,481.922393799
91.919097900,-23.653314590,457.233886719
93.154388428,-22.422189713,439.582641602
92.770057678,-23.754575729,501.323791504
92.771804810,-24.522796631,412.745422363
92.274627686,-21.883083344,357.090454102
93.804756165,-21.075233459,193.605224609
91.999351501,-20.711454391,159.566696167
92.225700378,-23.964849472,464.850128174
93.029548645,-22.820392609,487.564483643
92.926795959,-23.389270782,512.331298828
94.794380188,-24.509639740,220.348876953
91.636001587,-23.098857880,423.188293457
92.635246277,-23.260782242,514.001953125
95.050430298,-21.640016556,143.247909546
93.375816345,-24.077562332,444.585815430
92.987655640,-25.053525925,320.904846191
91.883712769,-22.561946869,418.465484619
91.793075562,-23.925754547,424.876831055
92.956764221,-26.249160767,134.686233521
92.945182800,-22.998174667,502.695800781
93.300376892,-21.629035950,310.108947754
92.216262817,-23.517551422,491.504608154
91.946609497,-23.932580948,442.168548584
92.010246277,-24.031032562,439.881988525
90.771682739,-24.453405380,233.208557129
93.528427124,-23.651880264,461.264953613
92.240402222,-23.746658325,482.922607422
93.046340942,-24.638860703,389.048004150
93.643173218,-25.391181946,234.902664185
93.750335693,-22.885021210,425.909790039
90.673469543,-23.225130081,266.036407471
93.132522583,-24.505868912,406.047943115
92.666954041,-24.828432083,362.373687744
93.600425720,-22.607660294,422.232788086
92.718391418,-25.863033295,188.363586426
92.673446655,-23.489959717,513.103881836
92.060417175,-24.769432068,346.778228760
91.891021729,-23.804124832,445.524566650
92.627090454,-22.652990341,477.715209961
93.360313416,-23.108989716,481.472351074
91.703933716,-23.111837387,433.218505859
93.389732361,-22.621217728,444.977142334
93.691505432,-25.633764267,196.426406860
91.289398193,-23.704801559,364.758239746
93.516380310,-22.468587875,416.459625244
92.105056763,-21.231491089,240.609756470
90.870201111,-23.636882782,296.486083984
93.424415588,-23.776163101,465.396484375
91.793632507,-22.099357605,352.090759277
92.601989746,-23.099388123,509.275115967
93.933837891,-24.111127853,377.756500244
92.935417175,-23.727010727,500.233123779
91.534172058,-22.243560791,340.409484863
93.271537781,-23.027078629,485.718048096
92.815101624,-21.905494690,372.835205078
90.152191162,-23.599693298,181.744461060
91.278404236,-23.069280624,366.351715088
93.956352234,-24.162923813,369.884063721
94.259140015,-22.942245483,352.116271973
93.514289856,-22.504110336,420.665374756
93.127792358,-24.247983932,442.065246582
92.007835388,-23.344497681,474.504425049
92.260940552,-22.747926712,470.932342529
90.464622498,-22.969041824,226.492462158
92.634582520,-23.551940918,510.742675781
92.636245728,-25.506082535,244.757446289
93.426826477,-23.282575607,478.866149902
95.185585022,-22.592903137,188.128250122
92.945945740,-24.399152756,428.670440674
91.845207214,-24.252000809,398.944732666
94.654670715,-24.138393402,267.662841797
91.210189819,-22.389671326,310.954467773
93.605514526,-23.412246704,458.791992188
93.673004150,-23.036758423,443.956054688
91.459030151,-21.204700470,194.276321411
90.517593384,-23.653984070,237.054000854
94.199378967,-21.341405869,197.960906982
91.807456970,-23.317768097,450.679870605
91.744262695,-21.822925568,307.507049561
93.012962341,-23.660606384,501.171936035
93.286804199,-24.853937149,342.961029053
91.475021362,-23.040193558,396.963104248
94.022781372,-23.558237076,397.438140869
93.075035095,-24.342128754,432.166595459
94.497497559,-22.464136124,283.278961182
94.067230225,-21.636962891,248.670242310
92.495674133,-23.667398453,501.916259766
90.700057983,-23.754531860,264.154174805
93.403999329,-22.227334976,396.149780273
93.009017944,-23.427244186,508.946899414
93.720924377,-22.900402069,430.717864990
92.105545044,-23.457752228,483.263183594
93.005485535,-24.410638809,425.230377197
89.975288391,-22.555561066,142.793640137
91.749786377,-22.400846481,385.485137939
93.392967224,-23.440628052,481.756774902
94.560562134,-22.635734558,285.728118896
92.380599976,-21.690170288,329.468750000
91.644287109,-25.838832855,159.339340210
92.375419617,-22.363719940,434.808074951
93.169433594,-23.583425522,496.181365967
93.431915283,-24.089717865,438.333862305
91.546180725,-23.870067596,395.555267334
91.996574402,-24.336885452,403.950775146
92.568664551,-22.060649872,396.846282959
92.415298462,-24.232637405,446.629089355
92.194725037,-23.536052704,489.217803955
93.289894104,-22.532859802,443.829742432
94.499114990,-23.876508713,307.607452393
93.239906311,-23.499454498,493.829071045
91.729461670,-23.309679031,440.235046387
90.523490906,-23.703666687,236.776519775
92.643257141,-23.588502884,509.507751465
91.994262695,-22.833526611,454.420227051
92.205429077,-24.168212891,442.052520752
92.721061707,-23.652664185,507.297424316
93.654586792,-22.856872559,436.378601074
93.843063354,-24.165742874,384.618164062
92.198310852,-23.470418930,491.208374023
93.111206055,-21.689132690,328.970642090
90.327041626,-24.278423309,183.129730225
93.438323975,-23.094820023,473.372528076
90.878646851,-24.623785019,232.763229370
91.567230225,-23.849142075,399.983306885
92.237403870,-22.701086044,465.021453857
94.197624207,-23.028350830,365.763336182
92.735961914,-23.771856308,500.223876953
92.024803162,-23.473686218,474.904235840
92.361480713,-22.092588425,394.852355957
94.213195801,-24.398567200,311.097290039
90.667678833,-24.224123001,235.090316772
90.743263245,-22.416549683,242.612304688
93.543518066,-22.515325546,418.891418457
93.495185852,-22.641794205,436.860992432
94.042549133,-23.133768082,394.104766846
93.130561829,-23.534059525,500.318725586
93.474578857,-25.717456818,194.964553833
93.475090027,-22.537715912,428.240386963
94.539566040,-24.696361542,237.165954590
92.920555115,-23.502647400,510.548278809
91.215148926,-22.067359924,278.096008301
93.175033569,-22.563215256,455.141754150
90.896591187,-24.407850266,254.846298218
92.212432861,-23.789068222,478.016021729
90.611160278,-24.103250504,233.921127319
92.563781738,-23.701608658,502.246459961
93.022148132,-23.662817001,500.667083740
91.383773804,-23.404720306,387.807739258
93.102210999,-23.704481125,494.482940674
92.883804321,-20.366712570,128.750518799
94.361366272,-23.658115387,339.460845947
91.713783264,-23.177034378,436.326538086
92.591850281,-23.572673798,509.140350342
93.549598694,-23.237941742,464.961029053
93.330764771,-23.162034988,485.808837891
95.452636719,-24.925479889,116.565780640
94.255554199,-25.696712494,152.821411133
93.649261475,-24.396394730,381.200378418
92.916091919,-21.462896347,295.171417236
93.131500244,-22.419733047,440.536224365
93.964050293,-23.335109711,409.253204346
91.984352112,-23.162900925,469.696685791
93.170700073,-22.928041458,487.537322998
94.281684875,-24.038280487,332.560272217
93.707748413,-24.596483231,348.688293457
94.836738586,-23.084438324,259.887756348
91.603385925,-23.593029022,417.963409424
91.993133545,-25.896017075,168.079437256
91.555908203,-22.340494156,354.397979736
91.492530823,-22.633125305,374.515899658
93.513153076,-22.380685806,406.379241943
92.963356018,-24.263883591,446.747344971
91.675613403,-23.301591873,432.674133301
94.023361206,-22.468261719,354.227294922
91.701141357,-24.693416595,326.050842285
92.675483704,-22.901893616,499.825805664
93.455406189,-23.473638535,474.907775879
92.619758606,-24.672233582,387.972259521
94.428535461,-23.413612366,332.688262939
93.818298340,-23.504758835,429.193054199
93.245590210,-23.109029770,491.188690186
93.514411926,-23.907293320,446.860931396
92.926460266,-23.557813644,508.677062988
92.437263489,-22.209203720,415.768493652
93.174461365,-24.490213394,406.258819580
92.598518372,-23.687547684,503.899322510
92.849105835,-24.448678970,423.348632812
93.704849243,-23.141744614,443.569793701
91.582786560,-23.869461060,400.871948242
95.165107727,-21.281633377,106.666648865
93.049766541,-22.269641876,424.138275146
94.129554749,-24.697727203,288.153167725
93.408203125,-23.520498276,478.601379395
92.774162292,-23.676488876,505.992950439
91.349891663,-23.278982162,382.304687500
91.002510071,-23.923732758,306.614257812
93.898422241,-22.526817322,377.168731689
92.199165344,-21.941503525,362.261962891
92.126152039,-24.220369339,429.748535156
95.017440796,-22.623390198,213.910476685
93.394950867,-22.422800064,422.392700195
93.276924133,-24.038217545,456.533264160
92.045608521,-22.975786209,468.683227539
93.221046448,-22.390174866,431.440612793
92.622917175,-21.463729858,296.020812988
91.407402039,-21.381559372,213.273651123
94.135841370,-22.984786987,374.030059814
93.039466858,-23.556833267,504.432586670
91.915573120,-23.761388779,451.069976807
93.139053345,-21.071002960,224.469680786
93.617996216,-24.751844406,334.945098877
91.734825134,-22.371265411,380.291809082
92.760231018,-24.341421127,439.499603271
91.773361206,-24.502742767,359.795806885
94.488067627,-23.357490540,322.633300781
92.717178345,-23.654100418,507.210784912
92.130088806,-24.819307327,343.634490967
93.049377441,-22.012725830,385.098358154
92.388763428,-22.951635361,493.952850342
93.879981995,-22.484037399,375.399444580
91.937690735,-23.633182526,460.265045166
92.882499695,-21.620189667,323.050231934
93.976837158,-23.423419952,406.949645996
90.845954895,-23.376972198,296.277618408
91.884140015,-22.395902634,400.043945312
91.851539612,-23.988386154,426.671783447
92.804306030,-23.406063080,514.616394043
91.851539612,-21.797771454,313.565856934
91.667274475,-26.380903244,100.270935059
91.009201050,-23.097156525,321.511627197
92.656387329,-24.964189529,338.836944580
90.873443604,-23.305252075,301.007415771
94.176071167,-22.872907639,362.129455566
91.903038025,-22.866069794,446.623046875
91.902786255,-25.596313477,206.348098755
93.039268494,-23.073198318,502.582244873
93.663894653,-22.573402405,411.542938232
92.705169678,-22.546846390,466.886230469
91.900825500,-24.722553253,341.101959229
90.934272766,-24.009855270,290.424072266
93.339454651,-22.461509705,431.681030273
91.881652832,-22.873329163,444.602294922
93.357398987,-22.437751770,427.369812012
93.113235474,-24.275146484,439.320465088
92.627220154,-24.362180710,435.669372559
91.515235901,-21.840684891,286.376037598
93.399612427,-23.285957336,481.608703613
91.811408997,-23.849121094,432.880920410
92.695503235,-22.410095215,449.877746582
93.356849670,-23.316711426,485.866546631
93.570899963,-23.968265533,435.732971191
94.561157227,-22.732793808,291.540100098
90.414772034,-23.897550583,213.451629639
92.392173767,-21.590501785,312.795349121
92.692184448,-23.312269211,515.103332520
93.716278076,-22.141235352,354.577362061
90.677497864,-22.712621689,250.641128540
91.426742554,-23.415029526,394.640930176
92.400863647,-22.407649994,441.801635742
95.688949585,-24.896455765,97.287048340
93.229644775,-22.046031952,381.729553223
92.550529480,-23.949600220,483.014007568
94.496757507,-23.665218353,316.488494873
92.342086792,-23.229772568,502.043975830
92.236503601,-22.671596527,462.145904541
91.579269409,-24.032312393,387.891265869
92.330062866,-22.569036484,457.547058105
93.401992798,-21.876911163,344.031585693
92.425987244,-22.943784714,495.356872559
94.000709534,-23.246244431,402.914031982
93.567123413,-24.427347183,385.463500977
93.580207825,-23.073125839,456.877777100
92.268966675,-24.457450867,408.266540527
92.713798523,-22.772979736,490.019836426
92.987419128,-23.403272629,510.120147705
93.801033020,-22.226482391,356.050567627
91.893142700,-23.492666245,459.678558350
92.340118408,-23.166603088,500.534942627
92.673843384,-22.625226974,475.408355713
91.690780640,-23.015356064,427.774536133
95.683349609,-25.236764908,81.881523132
92.589195251,-24.498069763,415.016052246
92.919219971,-22.352231979,439.977294922
93.050003052,-21.858352661,359.775817871
93.299613953,-22.002147675,370.616271973
92.865852356,-24.277986526,447.157958984
93.092315674,-23.151418686,502.695068359
92.939727783,-22.462059021,453.807403564
92.011581421,-23.192760468,473.348480225
91.978057861,-22.437374115,414.577667236
92.064384460,-22.973356247,470.416076660
91.543418884,-23.332420349,413.253936768
93.092651367,-22.229307175,416.473052979
93.171638489,-22.644380569,463.982849121
92.539596558,-23.356838226,512.150329590
92.274955750,-23.042993546,491.729217529
93.273963928,-22.751329422,466.879302979
93.195976257,-22.013889313,378.598846436
92.501640320,-21.599519730,317.542785645
92.980979919,-24.050378799,471.499328613
93.062980652,-23.369501114,506.987762451
92.701972961,-22.370403290,444.616210938
92.134071350,-24.292051315,421.497283936
92.939575195,-23.966718674,481.242370605
92.864570618,-22.521675110,462.839965820
91.363647461,-22.373647690,331.675933838
93.217285156,-23.068357468,491.717437744
91.301849365,-24.378978729,315.590576172
91.975463867,-23.786706924,456.130706787
92.813323975,-22.016016006,391.112518311
93.262634277,-23.736331940,482.007324219
92.131805420,-21.934709549,356.834442139
93.146560669,-22.283935547,421.574829102
91.907691956,-23.054586411,457.343383789
92.022865295,-23.463699341,474.899169922
92.109664917,-23.451793671,483.758544922
92.538246155,-24.679813385,385.107818604
91.568557739,-22.880872726,403.404235840
92.866462708,-24.123367310,466.384490967
92.204277039,-22.848896027,474.861297607
94.045791626,-22.478521347,352.048278809
92.530662537,-23.218385696,510.753967285
91.722579956,-22.894643784,425.847656250
93.165763855,-23.511758804,498.755523682
92.250625610,-23.259019852,496.230407715
93.322982788,-22.892208099,473.697357178
94.170608521,-23.520862579,374.668762207
92.873100281,-22.466150284,455.904754639
92.574867249,-22.520290375,461.925018311
93.292861938,-22.689100266,459.777740479
92.083038330,-21.705923080,316.755493164
91.276039124,-23.470943451,369.300689697
93.677825928,-24.462629318,369.710296631
93.918785095,-24.234897614,367.805847168
91.245727539,-22.022989273,277.027923584
92.228569031,-24.241052628,434.913208008
94.143966675,-24.616498947,296.137756348
92.206588745,-23.164203644,490.951019287
92.093688965,-23.766157150,469.355529785
94.333236694,-21.413587570,194.201873779
94.027778625,-23.988746643,374.602111816
92.698242188,-23.269254684,514.817199707
92.791915894,-23.199167252,513.545471191
92.904708862,-23.079322815,507.748748779
93.739692688,-22.149812698,353.173950195
94.806365967,-24.863433838,188.923492432
93.311843872,-24.841833115,343.503234863
91.791297913,-21.763929367,303.083953857
92.573661804,-23.825820923,494.166412354
92.571792603,-22.723121643,483.473846436
93.482505798,-24.393674850,397.755187988
93.019309998,-24.154321671,458.455780029
92.285911560,-24.028297424,462.878234863
94.247741699,-23.674751282,357.720764160
91.437316895,-23.088382721,392.719268799
93.434844971,-22.011896133,362.421386719
92.513961792,-23.667627335,502.567291260
93.664962769,-24.484668732,368.151977539
93.602447510,-22.960165024,448.970947266
93.267288208,-22.727357864,465.280731201
91.828102112,-23.107278824,449.565460205
91.603187561,-22.239067078,348.544799805
92.150260925,-22.073879242,379.652435303
93.021919250,-24.316280365,437.822265625
91.700019836,-24.212768555,386.332794189
92.217674255,-22.893842697,479.060394287
90.683715820,-24.301441193,232.192550659
92.394256592,-21.807868958,349.967346191
92.474342346,-23.466291428,508.450317383
91.076728821,-23.405250549,336.128875732
91.642471313,-22.533687592,386.206756592
94.901504517,-22.724214554,236.518066406
91.631111145,-22.664073944,396.655273438
91.867942810,-23.630849838,452.151855469
92.870460510,-22.064371109,398.173309326
92.837715149,-22.713039398,483.833343506
92.799072266,-22.693103790,482.374664307
92.629798889,-22.083515167,401.544525146
91.298629761,-24.073081970,343.482208252
91.619644165,-24.004987717,395.755767822
91.753265381,-22.817312241,424.869689941
92.081550598,-23.348108292,482.061157227
92.197486877,-24.068626404,452.486694336
92.832748413,-24.619947433,396.999023438
91.643440247,-24.975715637,279.850158691
92.032272339,-23.387622833,476.900054932
93.892463684,-24.148200989,379.873840332
94.314659119,-23.438875198,351.870422363
93.166206360,-23.142288208,497.963012695
93.305015564,-21.481803894,285.412139893
94.151206970,-24.289323807,330.651184082
92.312988281,-22.881982803,484.978698730
91.669227600,-22.920513153,420.052673340
92.657768250,-24.311056137,443.189270020
93.076957703,-22.338014603,432.482940674
91.789466858,-21.709100723,294.624786377
92.970169067,-23.439891815,510.280212402
93.124877930,-25.904590607,178.521469116
93.507843018,-23.046779633,464.068572998
92.275794983,-22.974540710,488.305450439
93.137489319,-24.372644424,425.012268066
92.826248169,-24.903987885,349.433593750
94.546356201,-23.415153503,312.477325439
92.427314758,-24.716403961,375.702789307
92.366798401,-23.408969879,504.019165039
93.007690430,-24.870586395,351.912597656
92.363761902,-22.565132141,458.986511230
93.060508728,-23.161600113,504.664215088
93.403831482,-23.709716797,471.305694580
91.932449341,-23.865484238,445.924987793
93.445861816,-22.421001434,417.652069092
92.737052917,-24.297092438,445.595764160
92.554275513,-22.387882233,444.720336914
93.447097778,-24.332950592,408.764160156
92.964851379,-23.466611862,509.981414795
92.332557678,-25.970083237,168.144287109
91.729125977,-21.922412872,320.493652344
92.661201477,-23.172807693,512.654479980
92.635787964,-22.908580780,499.775329590
93.360702515,-22.743698120,459.021362305
93.914535522,-22.852991104,401.049041748
94.436325073,-21.801069260,227.344406128
92.751365662,-24.524909973,412.458160400
91.573013306,-24.307741165,359.877441406
92.914566040,-24.569892883,403.689361572
92.721649170,-22.091320038,403.509368896
93.352630615,-23.515096664,484.009368896
92.672775269,-24.423860550,427.361114502
93.102432251,-23.068708420,499.140502930
91.276863098,-23.107099533,367.214324951
92.968849182,-23.520353317,508.501800537
91.913948059,-23.583761215,459.479797363
92.186698914,-24.603086472,381.395599365
93.973846436,-21.816360474,282.551208496
92.511123657,-22.802799225,488.694732666
91.184814453,-24.045804977,327.970031738
92.670768738,-24.228395462,454.265716553
94.480850220,-22.700338364,302.644561768
92.857025146,-25.077165604,318.962554932
91.919395447,-23.538368225,461.597351074
92.489234924,-24.270357132,444.714599609
92.372726440,-23.490365982,502.895446777
90.877593994,-22.828876495,289.214477539
92.495140076,-23.535181046,507.472473145
91.939743042,-23.320497513,466.915039062
92.618713379,-24.472999573,419.351043701
93.290527344,-24.508111954,396.729675293
94.008651733,-23.854547501,386.599090576
91.964942932,-25.349718094,247.438491821
91.895133972,-21.504003525,271.335510254
93.405105591,-23.726078033,470.276245117
92.751609802,-22.686279297,481.970275879
92.450515747,-22.436819077,447.689910889
92.216247559,-24.401561737,412.869842529
92.860122681,-23.451223373,513.132812500
91.175041199,-22.886783600,341.743255615
92.571777344,-21.996456146,386.553222656
91.966323853,-23.453632355,468.947204590
91.588279724,-22.769756317,398.980163574
92.672187805,-23.300115585,514.861816406
92.306526184,-24.181030273,447.267669678
93.064659119,-23.534925461,503.934173584
92.918472290,-23.236135483,511.926452637
93.213806152,-23.231142044,496.802734375
92.544372559,-24.622888565,394.479919434
92.643829346,-21.798925400,354.535675049
93.306259155,-23.852699280,470.627014160
92.833732605,-22.317144394,436.739593506
92.751266479,-23.056024551,508.905944824
92.021377563,-22.207855225,389.009857178
93.482429504,-24.001873016,442.052978516
92.116439819,-24.187177658,432.880767822
94.115951538,-24.775955200,280.060882568
91.441978455,-24.448684692,326.878845215
90.916213989,-25.371004105,160.697402954
91.155204773,-23.492607117,348.574645996
95.365554810,-24.185548782,163.493972778
93.195198059,-22.739976883,471.565551758
92.155700684,-23.689825058,479.419311523
92.545112610,-23.114976883,508.377563477
93.094703674,-25.099550247,309.966552734
93.855834961,-21.080211639,190.957183838
92.473350525,-22.891992569,494.055664062
93.097274780,-23.809984207,487.921752930
93.585922241,-22.641830444,427.133850098
94.190040588,-23.124977112,370.086395264
95.738601685,-23.240552902,131.312484741
92.517051697,-23.282373428,511.190490723
92.643562317,-23.187301636,512.781921387
92.797088623,-23.541191101,511.718627930
91.683776855,-23.142158508,431.282531738
92.250167847,-23.594747543,491.472473145
91.485252380,-23.183382034,402.700805664
93.180435181,-24.009241104,466.030944824
92.898040771,-23.647979736,505.630554199
92.566825867,-23.986534119,479.909210205
92.071838379,-24.597440720,374.051361084
92.953010559,-24.761873245,371.654571533
92.698905945,-22.492326736,460.339935303
91.955200195,-22.014600754,355.392578125
92.202690125,-23.598947525,487.626831055
92.646217346,-22.977777481,504.249969482
93.033058167,-22.373704910,439.172058105
92.265335083,-21.363254547,269.350616455
92.423805237,-25.338953018,269.302185059
92.962783813,-23.162876129,508.875335693
96.025245667,-23.814071655,98.455581665
93.669380188,-22.889318466,436.634552002
91.517936707,-23.675048828,402.077362061
91.716178894,-22.495542526,391.773651123
90.090484619,-24.311286926,150.952026367
92.048255920,-24.690317154,358.165466309
92.615890503,-23.812623978,496.104553223
94.037483215,-24.481756210,325.329071045
93.159889221,-23.798572540,485.120697021
91.792587280,-23.118024826,445.344696045
92.602088928,-21.675285339,332.648223877
91.485237122,-22.856147766,389.530456543
93.520042419,-22.256816864,389.899597168
94.135444641,-23.652011871,376.744079590
91.966308594,-22.520635605,422.872344971
92.164466858,-24.998134613,316.387023926
94.527656555,-23.828771591,305.179016113
94.117912292,-23.799257278,373.047515869
93.686378479,-23.724433899,438.881286621
93.987121582,-22.330560684,344.904052734
95.297752380,-22.826194763,181.349060059
91.100585938,-25.294454575,185.922576904
93.452178955,-22.981018066,466.831909180
92.344566345,-21.697328568,329.281219482
90.969657898,-23.610933304,314.207672119
92.450942993,-23.803030014,491.602325439
92.838760376,-22.700653076,482.627197266
93.180778503,-22.500644684,447.623138428
92.682060242,-24.343481064,438.960327148
93.314888000,-22.467197418,434.302795410
92.347610474,-24.666778564,380.424530029
93.363243103,-22.994585037,476.209106445
92.742088318,-22.454866409,455.779388428
94.534538269,-24.306936264,273.440704346
95.944396973,-23.477796555,108.955688477
94.509185791,-23.645786285,314.960418701
92.504020691,-23.392787933,510.709503174
91.005393982,-22.868236542,312.502655029
92.027793884,-22.779205322,453.708679199
93.191390991,-22.704788208,468.607269287
91.615676880,-23.732225418,413.788085938
92.324325562,-22.395780563,436.338226318
92.752334595,-24.277650833,448.204498291
92.729415894,-24.420972824,428.115112305
93.931945801,-24.228630066,366.712493896
92.407455444,-23.967155457,475.811157227
93.772850037,-24.158536911,394.186859131
92.712440491,-22.263374329,429.635589600
94.117340088,-23.024023056,378.602203369
93.086799622,-22.813083649,484.221832275
92.489341736,-23.448957443,509.391326904
93.256019592,-24.577301025,388.597137451
93.213226318,-20.308572769,118.347442627
92.581283569,-24.036090851,475.223693848
92.771339417,-23.431514740,514.535156250
93.553398132,-24.319192886,400.594696045
92.064758301,-23.263393402,479.996490479
92.907592773,-23.103380203,508.624633789
90.813491821,-22.335044861,246.930892944
94.623870850,-22.884351730,288.799682617
57.016414642,5.632049561,407.527893066
56.988735199,5.412021160,396.133178711
58.536964417,7.161976337,378.371856689
57.280197144,5.508133411,443.677581787
61.106033325,6.379433155,145.057479858
59.656173706,6.755587101,333.400115967
58.226348877,5.334094048,506.754669189
57.247138977,5.352633476,431.700561523
58.070983887,5.672116756,518.901245117
59.433322906,2.797611952,104.375038147
57.190410614,5.744163513,435.627349854
58.610206604,5.375672340,500.687011719
57.503929138,6.809954166,400.246276855
58.748611450,5.943553925,502.539398193
57.845928192,6.606037140,454.187194824
55.218807220,6.053465843,118.498809814
59.155139923,6.537145138,422.022033691
57.626880646,4.398113251,362.447265625
57.837348938,5.862861633,507.229156494
57.459667206,6.391312122,443.263854980
58.182392120,6.046730042,516.106567383
56.932353973,5.334743023,383.295745850
57.082504272,7.282279491,288.859832764
58.956031799,5.315592289,470.061584473
58.083663940,7.649741650,293.120178223
59.021213531,5.390172958,468.051574707
57.304313660,3.354446650,179.508972168
58.800247192,5.359072208,486.981109619
60.353755951,6.417914867,251.869155884
58.030342102,5.725833416,518.125183105
58.236877441,4.884747028,460.401428223
58.073005676,6.953400135,414.471557617
57.829795837,4.273774624,354.136535645
56.947746277,5.727823734,397.409820557
58.303768158,5.543542385,518.435852051
57.069332123,5.956434250,414.764495850
58.146160126,6.648803711,460.703125000
58.760070801,4.592194557,402.517669678
57.078388214,7.365536213,276.519805908
58.406105042,5.601889133,519.013549805
57.759574890,5.340449333,487.249206543
58.362602234,7.110446453,390.726013184
59.929084778,5.455320358,337.257568359
60.686130524,5.165426731,202.346527100
59.269931793,5.555202484,444.826904297
59.236129761,5.924139977,451.328918457
58.589824677,6.156596661,502.833923340
60.374706268,6.411391735,248.870223999
58.703948975,6.228671551,491.400909424
58.039161682,6.888392448,423.683105469
58.832286835,5.475132942,490.894256592
56.887691498,4.858460426,339.590087891
59.027671814,5.423511028,469.203277588
58.737747192,5.397907734,494.145385742
56.638626099,5.618728638,343.064636230
56.728038788,6.395247459,337.631317139
60.751594543,6.094186306,201.063293457
59.605796814,6.109987259,390.404388428
57.044788361,6.331757545,392.503601074
57.580448151,4.175907612,323.282989502
58.627613068,5.967409611,509.737274170
57.239753723,5.753358841,442.833740234
56.883235931,8.085915565,161.752212524
58.446418762,5.190203667,492.606048584
58.296779633,6.539476871,475.528656006
59.057613373,4.650100708,387.848480225
58.733768463,5.561400890,502.202117920
59.837409973,5.658595085,357.872467041
57.944156647,5.279097557,494.537353516
57.435741425,4.344138622,338.791717529
57.098602295,6.269567013,404.894805908
57.886520386,4.016541958,312.235198975
57.060131073,5.965907574,413.071136475
60.013069153,7.264717579,229.698684692
57.035724640,5.378846169,401.954101562
57.654747009,5.493799686,486.828094482
58.906177521,5.556535244,487.546783447
58.447597504,4.415736675,387.004058838
57.794506073,6.720840931,436.107757568
58.761718750,7.337789059,338.911499023
57.882579803,5.426928997,501.099822998
59.037380219,4.433024883,357.762634277
56.948230743,4.526677132,311.025787354
59.538002014,4.921137810,363.305511475
58.590988159,6.963877678,409.180267334
56.677391052,6.100886345,344.752136230
58.487594604,6.666786671,456.305877686
59.729400635,3.715453386,192.084487915
58.763137817,4.100981712,321.639556885
61.210609436,5.103468895,130.857955933
57.131034851,4.055440426,267.520843506
58.333450317,4.495538235,401.992309570
59.005924225,5.663280010,480.104736328
58.645717621,4.817116737,441.495635986
59.023849487,6.189648628,466.026733398
59.114170074,3.918634653,270.187927246
58.084739685,5.123502731,485.940734863
59.160137177,4.674506664,381.041839600
58.319164276,5.094289303,485.255035400
59.088035583,5.871757507,471.023162842
56.534175873,7.243219376,228.694564819
60.454746246,6.290286541,241.576232910
59.266479492,4.982872486,405.704742432
58.500793457,7.405474663,336.590637207
60.028984070,5.677206039,324.927917480
58.318008423,5.222886562,497.792388916
58.010066986,6.209548473,501.752624512
58.030155182,6.311317444,494.517272949
58.825870514,6.415654182,466.638244629
59.535881042,6.997361183,321.203826904
58.257831573,5.912154675,521.382324219
58.398273468,4.484504223,399.379547119
57.717910767,6.812192440,418.154998779
59.186164856,4.660162926,376.388031006
59.255641937,8.242478371,168.040542603
59.650482178,5.271134853,374.588531494
58.985172272,3.684081316,240.607192993
56.809108734,3.646044493,183.829574585
57.123588562,5.727890015,425.491577148
57.718055725,6.687521458,435.108642578
56.574867249,5.906096458,331.828125000
58.547542572,5.998370647,512.680908203
58.203056335,6.250242710,503.751831055
57.223377228,6.013874054,436.222961426
58.611080170,5.901105404,512.389831543
58.311050415,5.367071629,509.057891846
58.584613800,6.224023342,498.541625977
58.490619659,5.957360744,516.313232422
57.465446472,5.861901760,471.943359375
58.567077637,5.519123554,510.506195068
59.642101288,4.128238201,254.062088013
58.956516266,5.453669071,478.255340576
58.456710815,6.526910782,474.585693359
58.802181244,5.879745960,499.762329102
59.783359528,4.378795147,269.560211182
56.390285492,5.020127296,274.708251953
58.464435577,6.515394211,475.700225830
57.679134369,5.726872921,495.035400391
58.487022400,4.578160286,412.536834717
58.330879211,5.951265812,520.077148438
59.363510132,6.141539097,425.753448486
58.125724792,6.464324951,482.439788818
59.355972290,5.851022720,435.739959717
57.813236237,5.518494606,500.965667725
58.127578735,6.765076160,444.352142334
58.664981842,5.739662170,510.462829590
59.859230042,3.905570984,203.605484009
57.488700867,6.518404007,434.050506592
59.267005920,4.889890194,395.624603271
57.798377991,6.339748859,479.372344971
59.162288666,5.544328213,458.613952637
59.780597687,5.232163906,351.370147705
58.469772339,5.150708675,488.166778564
58.093757629,5.819543362,520.278991699
58.841697693,6.498248577,456.943847656
57.832828522,6.057667255,500.933074951
60.672721863,7.511447906,133.780761719
58.209503174,6.719686985,451.994812012
60.123512268,7.844134808,155.272705078
59.519996643,5.843449116,410.935119629
58.679531097,5.503049374,503.579254150
57.441139221,5.852777481,469.132720947
60.059528351,5.774037361,320.090911865
57.886928558,6.672915936,448.032836914
56.784049988,6.978744507,291.356109619
56.987895966,5.993759155,400.756683350
58.949157715,5.296280861,469.368652344
58.771320343,6.137037754,492.581329346
60.440608978,5.499641895,251.444213867
56.723049164,5.508685112,355.344268799
59.347595215,6.480159760,403.677551270
58.517257690,5.601598740,515.590759277
59.124107361,6.642583847,413.862792969
57.340106964,6.411307335,427.214904785
57.581188202,6.086906433,477.768188477
58.016204834,6.173614025,504.458740234
59.223495483,5.648318291,453.433013916
61.439987183,4.364326477,83.318176270
58.678146362,6.930895329,410.375610352
58.216648102,5.084841251,484.241485596
58.459720612,5.751544476,520.073120117
56.615619659,8.110260963,139.933044434
59.999263763,4.015754700,202.190612793
56.403453827,4.588245869,242.785171509
58.340156555,6.201225758,507.414245605
58.379203796,7.300299168,357.447814941
58.168403625,6.003383636,517.714904785
59.073268890,5.894916058,472.381378174
56.929519653,6.095552444,387.639709473
59.223331451,4.622880936,367.405609131
58.902271271,7.279399872,340.660003662
57.493843079,5.185034752,450.377685547
57.151378632,6.460964680,397.660675049
58.313671112,5.750336647,522.807983398
59.233905792,6.780858040,384.909301758
58.202484131,6.034666538,516.899414062
59.110233307,5.942116261,466.971649170
58.095142365,4.278131008,363.751922607
55.417675018,6.439723969,134.449447632
58.477756500,6.372707844,490.289154053
58.457553864,4.135230064,338.261169434
59.879158020,7.907558918,168.977951050
57.265392303,5.490985870,440.971405029
56.053535461,4.954532146,217.534896851
58.751621246,6.393700600,474.318054199
57.825691223,5.046415806,465.836425781
58.806171417,5.352180958,486.053833008
57.160659790,5.669270515,430.552612305
57.178722382,7.111845970,323.664428711
56.852184296,5.540754318,378.352752686
57.073867798,4.709348679,349.293884277
59.042625427,6.171525002,465.078155518
59.588932037,5.422260761,392.294525146
59.608100891,5.877213955,396.460052490
57.766304016,4.483330250,385.132049561
59.163902283,6.243660450,446.323913574
59.551239014,5.703469276,405.949005127
58.568401337,5.800951481,515.820739746
58.118770599,6.579536438,468.943695068
58.603340149,5.792400837,514.097290039
57.388370514,6.389763832,435.056365967
58.016719818,5.246342659,495.097564697
58.703041077,7.450400829,322.016082764
59.768081665,5.212635517,352.176300049
57.619186401,6.342459679,464.202697754
57.909374237,5.674431324,511.663299561
56.023735046,5.564889431,234.717361450
58.888412476,5.241529942,470.882812500
57.964733124,6.044456959,509.303985596
58.199577332,6.169058800,509.531585693
58.202079773,5.764865875,522.614807129
57.803714752,6.694324017,440.245849609
59.113117218,5.880618572,467.879577637
59.154449463,5.779439449,463.583648682
58.118289948,7.060701370,397.982818604
58.271507263,6.848618507,433.522918701
59.137023926,6.118691444,457.007324219
58.978519440,5.466293812,476.609954834
58.710689545,6.101749897,498.892456055
58.211032867,6.081521034,514.765136719
56.684345245,5.960258007,350.152709961
58.029655457,4.771617413,441.063690186
57.596584320,4.062301636,305.624237061
58.187801361,6.640879154,462.389312744
57.349399567,4.620767117,370.691223145
59.662635803,4.155683994,255.492202759
58.524902344,6.464842796,479.331756592
58.405303955,5.175103664,492.168914795
59.393920898,3.521816015,191.949310303
58.286575317,5.665097713,521.981262207
58.430561066,5.010109425,474.120635986
57.090873718,4.288692951,296.660919189
58.474502563,5.871666908,518.865600586
57.826190948,4.994257927,460.036956787
57.340713501,5.708234310,456.548248291
56.808010101,4.897830963,331.435028076
57.440811157,6.483010769,432.428436279
59.544067383,7.616654873,235.623657227
59.671840668,5.606170177,384.874053955
58.219955444,4.252792358,360.825531006
56.534656525,6.176524162,316.922302246
60.094417572,7.502861977,194.335906982
57.016807556,5.969815731,406.085601807
57.489959717,5.922603607,473.692901611
58.014179230,5.913694382,516.013183594
57.746814728,4.875368118,440.316040039
59.189857483,5.180557728,433.623626709
57.947845459,5.581121922,511.521331787
57.088466644,5.340466499,408.007812500
57.672454834,5.215066433,470.511016846
58.391044617,3.871979475,292.656158447
58.803848267,5.282830715,481.289947510
58.877876282,6.054864407,487.829315186
59.411605835,5.589275837,425.534606934
57.272422791,6.715350151,386.933013916
59.453479767,5.418015480,412.996459961
57.740589142,6.509796619,458.185150146
58.055442810,6.700451374,451.543212891
59.538677216,5.921004772,406.899261475
59.335311890,6.803838730,370.161834717
59.126991272,4.263398647,323.880859375
58.224533081,5.514380455,517.166870117
57.866851807,4.521182060,396.591461182
57.457046509,6.662387371,414.386871338
58.713108063,5.433431625,497.910369873
58.236656189,6.615247726,466.140319824
57.533145905,4.941325665,430.094909668
59.660293579,5.414460659,380.520935059
60.338577271,7.363862514,181.262771606
56.240345001,3.225865602,100.109115601
57.102340698,5.980970383,419.229095459
58.039676666,4.583397388,413.181335449
56.767105103,6.628896236,325.142730713
58.672595978,5.777314186,510.088043213
58.309444427,5.289732456,503.441558838
60.275505066,5.516339302,279.578643799
59.170940399,5.135716915,432.064788818
57.516025543,5.576249599,475.559631348
58.087142944,5.849798679,519.773193359
59.342853546,6.039064884,433.170745850
59.270072937,7.255059719,314.587463379
56.465755463,4.996455193,285.358764648
56.942802429,4.323698044,284.656280518
57.192672729,5.875532627,435.191284180
58.637287140,6.665705204,450.397033691
58.458229065,5.749502182,520.113464355
58.623264313,6.749416828,439.791503906
56.913745880,4.376749039,288.005096436
58.150382996,5.243486881,498.681610107
58.949283600,4.363272190,353.816040039
57.372692108,6.810266972,386.657897949
59.798881531,6.012691498,361.951690674
59.653030396,6.540752888,354.661743164
58.937171936,4.542820930,382.640777588
57.436599731,5.015765190,428.091094971
57.542968750,4.402563095,356.785705566
56.794773102,5.612590313,370.203125000
59.104896545,5.491437435,463.619232178
58.004173279,5.340916634,501.878143311
58.487422943,5.479467392,511.946929932
56.244483948,8.184699059,107.003097534
58.683227539,6.142225266,498.425659180
58.658313751,6.203340530,496.043060303
58.527809143,6.183339596,503.881805420
60.887340546,5.399840355,180.093124390
58.195434570,4.944283962,467.719512939
57.570732117,6.993948460,379.828491211
59.105625153,6.096091747,461.900573730
58.177787781,5.902030468,520.914794922
57.811000824,5.716655731,505.789550781
58.844387054,5.167722225,468.321502686
58.572986603,4.515687943,399.747283936
57.267704010,6.139728546,436.979400635
58.087345123,6.560831070,470.430480957
57.868652344,7.084429264,385.383392334
59.029319763,6.231753349,462.683258057
55.897804260,6.415135384,201.090744019
57.752727509,5.638239861,500.109161377
57.226356506,5.507741928,436.114654541
58.680328369,6.683265209,445.804443359
56.155994415,5.388744831,253.055969238
57.129150391,4.310895920,303.888275146
58.070201874,6.654030323,458.200836182
57.336666107,5.314198971,441.311126709
58.158409119,3.690037489,261.160675049
57.784919739,4.430302620,377.722656250
57.980838776,6.958382130,410.714294434
58.544727325,7.465518475,324.760467529
57.269779205,6.360141277,422.480682373
58.647380829,5.184038639,483.608825684
59.728439331,6.105073452,370.649444580
56.840480804,5.167119980,358.250396729
58.543685913,6.873593330,424.970611572
59.327804565,5.710923672,439.901855469
57.299282074,4.031999588,278.938446045
57.749130249,5.385474205,489.327209473
59.126991272,5.910562515,465.644592285
59.681575775,6.992728233,303.199707031
58.777992249,6.554473400,455.509704590
59.548206329,5.286876678,391.472991943
61.364677429,6.381439686,115.128486633
58.572738647,6.305896759,492.653808594
58.193363190,5.520099163,517.104003906
57.820472717,6.050696850,500.389190674
57.457519531,4.882519722,415.559844971
58.148139954,5.870181561,521.000366211
57.457702637,3.910801649,271.870361328
58.268909454,4.998386860,474.676696777
58.825252533,5.811020374,498.605529785
57.638301849,5.315828800,475.178405762
57.171463013,6.323507786,411.764709473
57.043296814,6.148960114,403.419586182
58.260005951,5.055281639,481.206024170
57.598548889,6.029939651,482.098449707
56.220317841,7.451354027,170.585983276
57.628021240,5.244156837,468.865722656
58.702602386,5.539444923,503.569061279
60.337333679,5.977188587,270.159179688
56.881980896,5.273654938,371.740264893
59.210060120,4.472404480,347.690032959
57.692192078,7.480384350,308.509918213
58.565204620,4.161380291,340.089813232
57.759189606,6.125158787,492.016265869
60.137523651,4.913118362,272.297851562
58.364429474,5.531704903,517.340820312
57.361991882,4.532967091,359.801513672
56.943820953,3.438597679,168.565841675
57.555759430,5.591105938,480.351623535
58.320899963,4.541547775,409.582794189
58.789501190,7.225479603,356.565063477
57.716934204,5.845747471,498.115692139
59.030921936,7.631690979,273.521881104
59.926700592,5.873371601,342.695434570
57.678211212,6.445028782,459.951354980
58.877044678,4.728176117,414.254699707
57.816089630,3.799990177,272.335449219
58.251358032,5.225275993,498.160705566
58.502769470,6.150420189,506.951904297
58.798648834,6.915197849,405.738616943
58.757762909,5.853590965,503.655426025
59.817935944,5.726794720,361.857727051
58.011604309,5.554010868,513.555664062
57.827079773,4.732348919,426.277679443
59.329872131,5.679540157,439.247955322
60.086875916,6.910331249,256.336212158
59.908073425,4.718776226,289.952819824
60.011940002,4.300004005,232.318511963
56.439235687,6.134257317,301.932006836
57.600284576,5.909659863,486.028686523
59.273742676,5.669729710,446.991424561
58.702938080,5.841038227,507.742706299
59.279136658,4.457242489,338.450805664
58.156223297,6.323986530,496.916595459
59.539619446,5.894531727,407.208129883
58.329338074,5.860802650,522.098632812
58.657825470,5.261404037,489.704956055
57.395675659,5.278064728,446.265228271
58.703201294,5.087319374,470.773559570
59.053615570,6.990646362,374.547882080
57.761035919,5.676657200,501.491241455
57.941844940,5.701414108,513.832824707
58.233383179,6.336106777,496.766723633
58.998630524,5.896499157,480.746582031
57.118412018,6.063572407,418.838439941
58.010814667,4.875511169,454.587585449
58.726615906,5.726904392,506.252410889
59.704036713,6.019181728,377.652557373
57.834667206,7.182972908,367.222503662
59.354907990,5.310779095,421.388854980
58.154693604,6.006555080,517.348571777
58.674678802,7.092918873,384.640655518
58.699531555,7.454665661,321.412719727
57.885112762,5.875853539,510.130065918
59.246215820,5.166050911,425.370666504
58.905765533,7.536040306,297.086059570
59.029987335,5.592105865,475.826904297
57.934711456,4.334609985,368.895629883
58.292747498,8.024003983,229.309448242
58.524868011,6.533846378,471.609588623
59.530612946,6.063320637,404.138946533
57.934265137,6.215418339,497.777130127
59.604099274,5.472558498,391.954193115
59.049793243,6.259569168,458.500976562
58.172439575,4.722595692,437.203033447
59.365848541,6.705759048,378.006652832
58.534183502,5.396781921,505.602264404
56.863262177,7.016936779,297.507080078
56.768760681,4.896877766,325.367431641
60.068279266,5.213502884,302.941650391
58.278980255,4.610798836,420.782409668
57.682163239,6.551232338,448.878814697
58.605731964,7.981281757,232.832855225
57.576190948,5.782357693,485.029968262
58.227680206,4.865298748,457.777862549
58.671760559,5.634879589,508.519714355
57.122592926,6.662468433,373.671966553
57.686164856,5.554179668,492.069030762
57.531421661,4.655262947,393.311767578
57.279472351,6.240894318,432.573730469
57.594615936,6.126720905,477.070068359
58.610580444,6.606817722,459.208679199
57.058025360,6.097809792,408.110260010
57.488750458,6.560378551,429.525146484
58.960464478,6.436554909,452.757354736
58.524711609,3.500604630,227.140853882
56.945522308,6.542705536,360.248168945
57.742771149,6.836329937,416.470397949
57.103294373,6.623417854,375.192108154
58.764106750,6.319832802,480.068176270
58.487693787,4.785806179,443.614685059
57.965538025,6.374381065,486.068328857
57.453868866,7.033885002,363.430389404
59.415946960,7.147101879,315.259582520
59.099048615,4.417193890,350.002777100
58.559898376,6.545653820,468.862335205
57.772861481,4.846379757,438.402862549
56.998687744,4.720629692,340.627319336
58.653228760,5.905289650,509.894897461
59.819664001,5.798849583,361.660949707
58.191665649,6.321709156,497.666076660
57.446765900,6.851818085,388.886413574
59.266208649,4.733001232,377.020385742
58.584892273,5.538996696,510.449432373
58.546535492,6.874357700,424.756103516
57.580860138,4.719902515,406.627197266
59.315986633,3.054435253,136.563278198
58.371349335,5.810119629,522.082641602
58.166297913,6.198483467,507.071289062
57.476619720,6.253690243,456.290679932
57.847316742,5.165803432,479.293365479
57.445697784,5.083846569,435.900787354
58.599864960,8.241765976,191.122787476
59.633029938,7.145335197,290.375122070
56.260868073,6.833524227,230.313705444
57.686561584,6.480654716,456.987426758
56.860797882,6.480818272,352.546722412
57.608306885,4.643615723,398.245452881
59.148433685,7.726122379,250.615005493
58.626823425,6.395330429,481.845214844
60.035118103,4.019300938,198.792999268
58.250980377,4.243360043,359.275543213
57.862941742,5.497586727,503.431640625
60.257949829,5.957953930,284.041961670
58.614845276,5.303355694,495.385253906
58.286762238,6.389386654,491.842376709
58.191242218,5.471826077,514.842041016
58.348148346,4.596459866,418.109680176
56.500385284,4.461992264,244.183197021
58.492942810,5.125014782,484.861389160
57.978923798,5.201725483,489.643737793
57.759937286,5.486567020,495.577606201
56.496479034,5.630050182,318.014465332
57.593734741,5.063683033,449.203002930
59.422847748,6.402157784,400.076232910
56.648170471,4.927284718,309.265899658
57.422481537,6.702308178,405.816223145
57.950004578,6.488919258,473.558868408
58.302074432,5.129344463,489.006011963
58.026470184,3.906893015,297.053863525
58.417133331,6.070189476,513.951477051
58.066658020,6.383938789,489.109100342
59.015617371,6.507381439,440.186370850
59.680934906,4.906233788,341.275085449
58.162960052,5.502335072,515.881164551
58.883556366,4.536792755,385.787048340
57.696075439,4.884814262,437.720764160
58.446475983,5.726884365,520.318542480
57.734401703,2.799238443,123.858932495
57.655769348,3.572065353,228.455978394
57.912216187,5.101504326,476.729278564
58.511260986,5.641539574,516.849975586
57.568378448,6.181363583,471.157379150
56.506546021,5.045207024,295.345672607
56.334526062,4.910061359,258.359924316
58.295482635,4.434751034,392.121307373
58.405242920,4.010149479,316.971740723
57.504703522,4.767453671,406.004272461
60.248538971,4.494585991,221.389877319
57.855117798,6.537156105,462.963256836
59.492221832,4.410129070,308.486145020
58.953086853,5.248888969,465.397369385
57.735553741,6.841396332,415.233184814
58.304859161,5.502563000,516.709350586
59.922565460,6.042665958,340.011627197
59.612049103,6.963732243,315.721710205
58.945487976,6.441744328,453.675201416
57.381885529,5.713800430,461.986999512
58.741542816,7.003713608,395.578216553
56.748344421,4.862832069,319.159240723
60.401901245,5.959403515,259.547119141
58.278297424,5.750629902,522.955322266
58.829811096,6.596285343,446.782104492
59.240314484,5.016467571,412.351501465
59.782600403,6.976419926,291.705963135
57.680130005,6.270117283,475.702850342
58.781185150,8.262609482,183.791564941
59.595882416,4.913759232,354.353271484
57.192623138,3.247219324,159.682830811
59.021808624,4.955434322,430.185974121
58.343353271,5.486325741,515.617370605
56.631671906,6.056496620,338.322937012
57.876594543,4.757746696,432.604431152
58.656116486,5.224612713,486.725952148
57.817302704,5.872417927,505.669830322
58.400371552,5.962944031,518.665283203
59.419445038,4.970093727,384.550201416
58.362716675,4.723608494,437.339721680
58.398735046,6.670988560,457.867309570
58.201324463,6.321870327,497.767883301
60.960189819,6.687906265,152.011779785
57.674900055,5.925282955,492.910430908
57.927257538,5.471809387,506.011352539
58.615325928,5.785129547,513.465454102
58.303596497,7.031031609,404.465515137
57.759670258,5.797351360,502.063232422
57.956756592,6.880597591,421.850463867
60.232429504,5.128947258,271.373413086
59.796062469,5.979605675,363.281982422
58.452533722,6.189988613,506.001617432
58.565135956,4.823140621,446.035278320
58.272098541,5.558928490,519.102172852
58.149417877,5.390151024,509.551452637
58.195781708,5.985474586,518.770812988
57.854286194,7.117036343,379.268768311
59.378356934,5.386540413,422.443908691
58.621196747,5.728982449,512.975097656
58.623352051,5.558099270,509.136352539
58.752616882,4.092145443,320.634765625
57.212707520,5.329785347,425.549102783
56.716445923,5.704232693,357.747009277
57.354991913,5.276873589,441.134460449
58.328105927,6.440728664,486.404266357
58.866943359,5.850075722,494.583618164
58.241676331,5.654800892,521.734252930
58.850078583,7.525516510,301.950836182
57.406532288,5.573965549,462.489318848
56.904159546,7.844979763,193.705413818
57.127361298,6.822675228,355.801269531
56.708206177,4.947811127,320.404022217
58.383399963,4.346210957,376.329833984
59.995227814,5.683277130,330.867004395
60.567874908,6.086666584,229.820419312
56.620685577,4.083785057,217.954116821
58.623310089,6.717285156,444.214782715
57.470905304,4.632775784,384.563018799
57.699237823,4.958110809,446.809082031
59.488636017,7.191563606,301.008880615
58.625427246,4.096733570,326.767547607
57.920772552,6.439516068,477.373962402
58.311870575,5.740546227,522.774353027
57.533351898,5.953166962,477.819000244
59.822845459,5.559695244,358.476287842
57.783557892,4.896459103,445.509857178
57.110755920,6.914375782,342.248107910
59.198696136,6.440936089,426.300994873
58.539051056,7.030969143,400.250640869
59.799041748,4.291292667,257.114593506
57.816379547,5.217621803,481.924835205
58.804428101,6.240468979,483.246765137
57.503452301,3.374227524,191.902679443
56.850551605,3.574255466,178.383483887
57.634536743,5.092479706,455.868438721
58.832191467,6.749316692,427.122253418
58.364173889,5.809541225,522.198608398
60.471046448,6.161524296,243.459716797
58.446784973,7.022753716,404.077728271
58.429195404,5.805008411,520.899841309
57.948699951,5.986100197,510.837310791
57.856746674,5.662129402,508.208709717
57.416347504,6.885109901,381.204498291
58.099590302,5.715439320,520.338317871
57.015941620,5.516179562,404.530426025
59.829048157,6.364268303,340.543670654
57.665763855,5.370697498,481.328369141
58.002475739,5.247924328,494.661773682
58.092426300,7.018362522,404.438171387
57.728843689,4.904596329,442.660186768
57.203125000,5.200120926,415.392639160
60.698780060,7.118143559,159.296478271
59.053642273,6.792315483,402.426849365
57.704711914,5.303761482,480.236633301
59.593345642,5.737761021,399.425445557
57.995582581,7.065930843,393.771759033
57.018817902,6.871609211,335.699371338
58.728363037,5.088119507,469.223205566
58.272865295,6.251931667,504.004852295
57.880489349,6.594152451,457.675048828
57.599998474,6.137527466,477.012176514
57.022506714,5.242737293,391.994110107
58.400680542,5.268335819,500.503112793
56.924789429,6.944923878,314.357788086
59.089294434,5.133661270,441.307647705
58.818359375,4.744533539,420.892364502
60.124404907,5.031951427,282.776214600
60.111751556,6.806546688,262.117889404
58.397212982,3.805016994,280.801544189
57.233604431,5.454374313,434.990753174
57.994403839,5.407907009,505.807037354
56.443248749,7.838199139,154.597091675
58.513572693,5.821760654,518.066650391
56.990509033,6.306422710,385.923797607
57.528385162,5.145821571,450.623901367
58.327232361,7.316585064,354.968200684
59.929042816,4.271650314,239.223571777
58.411582947,6.156945229,509.199645996
59.247165680,5.796859264,451.408996582
58.238945007,6.728759289,450.942443848
59.490581512,6.955205441,332.162933350
57.507144928,5.272490978,458.754882812
57.844470978,5.853206635,507.849151611
58.887405396,6.450967789,458.022460938
58.740535736,5.971902847,502.296569824
58.303325653,6.361290455,494.494628906
58.752510071,6.713424206,437.452178955
59.960693359,5.375916958,328.844451904
57.803527832,6.149665356,493.939483643
57.930671692,7.003487110,401.458831787
56.583774567,5.801068306,334.422668457
58.441371918,4.844637871,452.993194580
56.314479828,5.142823219,269.488067627
57.925495148,6.490589142,472.162200928
58.955646515,5.514556885,481.088653564
58.766201019,4.668236732,413.505035400
57.694931030,5.623324871,494.864685059
60.192737579,4.321390152,212.266891479
58.799457550,6.315130711,477.798126221
56.512550354,5.821884155,321.618011475
58.912307739,5.397755146,479.574035645
58.503612518,5.035776138,474.934570312
56.044647217,2.761105537,59.568355560
57.925754547,6.146333694,501.898010254
57.967056274,6.148654938,503.867156982
59.111755371,6.911330700,380.507019043
58.516376495,7.771014690,270.909729004
59.382122040,6.576244354,389.807922363
56.810188293,5.554945946,371.597106934
57.623844147,7.018104076,380.425384521
57.819889069,6.146215916,495.314178467
58.057621002,5.887289524,518.228820801
57.984481812,5.850263119,515.867858887
59.324966431,6.441408157,410.183898926
56.563220978,4.694139004,275.674865723
58.895435333,5.362316608,478.989807129
59.957668304,5.574059486,335.676727295
57.323898315,6.124499321,445.370574951
57.813270569,5.041277409,464.470703125
57.926139832,6.631109715,455.477661133
58.626960754,6.624048233,456.252960205
57.317001343,6.754504204,387.481781006
58.282039642,5.161956787,492.314086914
56.953582764,6.966394424,315.553955078
58.481750488,6.225003719,502.632965088
57.083862305,5.817609310,419.273376465
57.380771637,6.193497658,448.817840576
58.169784546,3.203566313,182.869354248
56.690982819,5.744056225,353.460937500
58.389904022,5.377085686,508.710510254
57.626998901,5.699556828,489.823242188
57.325637817,5.825592995,454.569030762
59.381908417,5.363390446,420.680053711
57.722511292,6.015360832,494.256347656
60.379844666,4.463476658,201.555511475
59.747764587,6.511313915,342.703399658
59.578502655,7.144896030,296.949554443
58.264167786,6.311882973,499.040161133
58.256839752,3.948065519,306.899902344
57.801551819,6.402908325,473.732696533
59.169830322,5.242431641,440.977600098
57.103454590,6.522811413,385.211608887
59.470825195,5.940981388,417.070373535
58.562152863,5.684463501,515.484680176
57.574470520,5.513729572,479.712738037
58.741451263,4.754500866,427.418487549
59.832050323,5.619466305,358.177246094
55.822959900,6.617833138,180.838821411
57.113285065,4.822743416,367.455810547
57.686874390,5.573583126,492.771179199
13.695383072,83.572563171,358.054687500
13.592202187,85.216850281,505.359832764
11.986407280,84.466140747,321.181976318
14.719291687,85.297424316,417.788452148
15.021464348,85.785240173,349.008453369
14.391093254,83.057586670,247.255767822
14.471702576,84.731468201,443.592803955
13.443635941,85.133537292,504.407043457
13.656475067,86.000205994,446.227874756
13.701985359,87.104682922,273.059631348
13.816447258,85.168563843,502.980194092
15.414052010,84.588607788,295.711242676
12.425212860,87.443435669,175.293563843
13.239520073,85.083709717,496.290405273
15.329700470,85.097412109,322.658508301
12.525994301,83.542625427,295.983856201
13.467989922,86.467117310,377.916687012
13.455419540,83.946472168,415.233673096
12.894432068,84.895202637,466.556243896
13.962916374,85.004013062,496.723693848
12.682376862,85.287849426,441.817993164
12.961178780,84.555488586,456.109344482
13.713900566,85.035156250,505.726348877
13.102797508,83.881652832,391.933959961
12.378701210,84.877487183,400.444305420
13.561349869,85.466384888,495.434173584
12.818167686,85.202308655,459.725189209
12.643665314,84.223976135,393.774505615
14.365040779,85.613044739,446.285186768
13.249247551,86.044998169,431.453643799
14.791715622,84.008430481,342.101928711
14.222908020,86.507553101,353.683380127
13.357111931,84.362937927,464.088531494
12.673688889,86.058563232,383.263214111
14.154959679,86.079704285,417.996887207
12.660057068,84.621208191,428.292144775
13.206212997,85.711372375,465.328948975
13.617968559,84.233009338,454.102905273
13.658012390,84.941177368,504.993438721
13.888979912,84.148559570,438.285125732
14.997689247,84.511604309,358.211181641
13.384642601,87.052307129,279.350616455
12.717528343,85.138107300,448.899963379
14.910456657,86.491195679,292.914794922
14.156712532,84.069747925,413.614654541
11.438021660,86.438575745,187.438018799
12.706213951,83.718177795,337.856414795
15.653063774,83.096008301,145.718368530
13.600844383,83.497573853,346.153320312
14.051815033,85.166664124,491.530303955
14.522492409,85.073699951,446.441467285
13.637726784,84.562713623,486.239196777
13.448699951,85.908767700,455.115295410
11.265324593,84.225631714,196.828857422
12.976450920,86.606719971,334.609100342
12.873384476,85.137855530,466.488555908
13.899971008,86.928161621,299.752990723
12.391661644,83.644279480,295.696594238
13.081255913,87.154579163,252.967895508
14.066902161,85.172431946,490.454498291
13.797080040,84.306701660,459.779205322
12.527865410,85.803443909,391.610961914
15.025991440,85.563056946,361.828247070
13.531939507,84.027793884,427.675842285
13.171455383,86.793334961,315.449554443
10.684759140,86.801856995,88.800651550
13.461798668,84.751464844,496.744903564
13.746287346,84.899223328,502.669952393
11.107488632,84.515502930,186.784439087
14.335268021,86.325592041,372.099822998
12.571059227,84.873466492,427.669647217
12.219259262,85.040695190,378.119018555
14.588424683,84.912193298,435.759887695
13.114185333,83.446807861,325.550567627
13.823913574,84.447013855,473.032196045
13.392057419,84.219009399,449.438262939
12.361135483,84.942146301,399.120971680
12.949836731,86.317123413,375.784759521
12.015173912,84.326812744,316.373016357
12.986765862,83.459564209,320.601684570
14.043956757,82.545494080,185.575271606
12.984055519,85.455551147,467.289794922
14.682498932,83.634056091,307.791290283
13.314266205,84.808143616,494.457397461
14.888498306,86.570297241,285.475158691
12.700140953,84.244270325,402.236297607
12.963523865,82.554580688,180.139694214
13.852662086,85.692802429,475.160980225
14.711646080,84.371757507,388.778381348
15.704249382,83.775352478,197.832061768
12.311512947,86.278938293,315.082214355
12.658535004,85.120826721,441.700012207
13.791609764,85.307792664,500.497650146
14.006507874,84.454750061,465.576477051
13.475581169,82.277778625,153.348144531
14.027009010,82.342887878,158.297393799
13.874719620,85.346885681,496.328918457
15.010067940,86.674835205,259.116149902
14.451794624,86.022224426,399.807495117
13.930142403,84.519630432,475.125122070
12.584670067,84.503524780,411.098419189
15.301618576,85.388084412,323.739562988
13.209412575,84.818756104,489.470886230
13.830549240,84.898841858,500.343261719
14.299188614,83.702331543,352.069580078
12.793725967,83.128845215,256.620666504
14.051309586,85.790008545,456.908142090
14.327438354,84.822052002,463.391937256
14.719788551,84.301628113,381.492187500
13.033425331,86.317085266,381.824554443
10.980762482,86.706069946,119.349975586
15.025016785,85.886497498,340.794250488
13.774750710,85.934402466,452.631652832
11.981179237,85.419647217,333.223358154
14.942591667,85.948623657,347.330474854
13.124018669,85.281150818,485.882202148
13.023934364,84.422599792,450.612548828
12.461860657,85.838958740,379.904174805
12.669342995,83.870803833,355.000457764
14.586170197,84.144355774,382.091735840
12.689456940,85.274589539,443.061309814
12.268115997,86.176361084,320.976409912
13.531043053,86.823158264,320.172088623
13.334991455,84.809082031,495.375793457
11.854022026,85.538475037,307.736816406
14.891505241,84.589660645,379.102264404
14.638371468,85.272094727,429.524658203
12.750868797,85.585395813,435.662353516
13.879965782,84.361991882,462.828582764
15.317494392,85.378677368,321.328460693
13.881643295,85.149833679,500.822418213
14.263230324,85.836967468,436.930297852
13.336411476,86.283958435,402.400268555
13.420293808,85.774162292,468.677490234
14.357398033,86.678939819,318.547241211
12.348028183,84.488914490,377.786956787
14.241029739,85.410545349,469.829559326
12.777647972,84.910240173,454.341156006
12.903790474,83.562171936,331.123504639
15.348995209,83.944625854,260.223144531
13.236411095,84.755531311,488.265960693
14.094159126,83.451416016,326.003997803
13.199666977,85.606788635,473.571166992
13.540399551,84.884445190,503.349609375
13.791747093,86.144676208,425.651306152
13.213675499,84.042587280,420.235351562
13.155817986,84.614654541,475.301574707
13.117975235,84.735961914,479.830017090
11.783412933,84.017082214,257.208770752
13.965838432,84.894958496,494.294586182
11.820393562,86.101547241,266.089508057
12.206373215,85.940666199,335.667053223
13.995889664,83.933227539,404.852264404
12.403629303,84.965988159,405.827239990
15.440387726,85.934753418,274.548553467
12.536493301,85.957756042,378.177947998
11.508929253,85.363006592,256.759918213
13.573999405,85.912590027,456.584930420
14.719954491,87.616806030,160.918380737
10.770713806,84.058815002,126.671241760
14.667819023,86.077888489,370.019683838
14.433673859,82.596298218,178.789276123
15.176161766,84.916641235,346.613739014
15.639792442,85.055564880,269.802856445
14.141341209,86.084342957,418.320037842
13.252747536,82.875167847,237.397094727
14.181045532,85.077262878,482.254455566
14.442292213,84.989845276,455.313415527
13.827114105,85.481872559,491.416931152
13.268821716,83.765571594,382.942901611
12.313702583,85.891708374,355.116088867
13.544071198,83.879249573,406.563110352
15.291707039,86.259483337,269.784149170
12.083015442,85.935256958,318.280487061
12.412986755,83.568733215,288.044158936
13.005512238,84.510993958,456.569183350
12.537406921,84.999862671,425.378814697
13.622938156,84.122863770,440.571197510
13.491641045,84.575386047,486.334869385
11.909357071,85.118461609,327.121032715
12.611027718,85.478942871,425.063323975
12.906282425,84.586883545,453.216918945
12.848858833,83.796119690,361.443420410
13.074859619,82.954895020,244.169845581
14.015638351,83.478797913,334.056427002
13.260118484,86.280250549,399.917663574
13.899322510,84.972396851,499.350830078
12.074208260,85.404945374,348.900604248
13.622338295,82.942131042,252.962768555
14.613492012,85.993980408,385.329437256
14.724674225,85.028587341,419.085479736
15.084235191,85.626113892,349.436889648
12.889722824,84.761741638,461.395477295
13.500021935,84.661460876,492.397735596
15.299977303,84.768104553,321.898254395
13.261178970,85.117713928,497.358703613
15.210042953,85.931762695,309.771423340
13.769308090,84.759284973,496.714355469
13.360183716,84.541961670,480.316802979
14.438719749,84.629676819,441.724670410
12.889124870,85.058250427,468.349395752
13.271456718,83.555755615,349.890533447
12.998367310,85.636596680,456.653381348
12.377819061,85.757881165,375.198791504
13.847552299,86.645820618,347.927215576
14.191535950,84.439392090,451.358734131
13.074283600,84.915626526,483.214691162
12.864981651,85.534072876,451.323608398
13.616720200,84.075729370,434.433074951
12.399181366,84.792739868,400.976745605
12.736330032,86.880424500,275.677673340
12.637476921,86.654312134,300.978027344
13.890320778,86.357299805,392.436767578
14.080796242,86.286956787,394.666168213
12.328512192,83.541679382,275.468109131
14.046182632,84.015983582,413.599426270
14.256484985,85.566696167,459.785552979
13.462141991,85.898788452,456.554321289
12.928586006,86.081581116,405.329803467
12.750189781,86.336830139,356.046539307
13.898612976,82.521133423,185.096817017
12.067101479,85.201293945,352.680938721
15.196236610,84.384384155,318.883636475
14.337987900,86.046310425,407.795593262
14.316987038,83.861602783,373.490936279
14.785933495,83.198944092,238.349594116
14.313705444,84.025634766,395.628173828
13.325945854,85.808097839,462.011047363
14.859178543,85.304145813,397.170288086
14.035279274,85.137527466,492.866638184
12.029703140,84.726531982,340.854156494
14.486841202,84.717376709,441.106811523
14.077981949,83.617721558,353.312469482
13.978598595,84.209594727,441.653350830
14.339138985,84.338493347,428.757354736
14.179955482,84.421112061,450.639190674
15.477222443,85.172958374,297.389648438
16.343130112,86.115859985,139.293411255
12.235629082,85.647254944,362.317077637
12.014258385,85.630813599,328.991912842
13.599602699,83.207717896,297.337219238
14.188498497,83.795585632,373.718414307
12.694210052,84.535377502,426.834381104
13.462036133,86.031829834,440.602478027
13.487555504,85.749626160,472.637756348
13.174021721,86.162437439,412.155181885
13.262759209,86.191856384,412.600799561
14.546596527,84.485496521,419.008117676
11.822623253,84.283660889,283.649169922
14.072110176,83.745155334,373.296142578
13.457658768,85.578422546,486.467712402
12.855450630,84.315155029,425.536193848
13.429056168,84.839950562,499.774169922
14.958562851,86.031112671,337.567840576
14.237355232,85.001190186,476.734405518
14.131701469,84.312187195,443.628204346
12.166136742,84.594223022,356.753997803
13.137703896,84.686447144,478.554687500
13.546403885,85.389457703,499.288269043
12.369385719,87.101280212,215.501754761
14.197870255,85.827575684,443.169891357
13.744343758,84.685104370,493.237640381
14.443967819,83.581283569,322.635070801
15.810420036,83.827316284,188.150405884
15.259287834,85.556411743,324.811340332
12.916670799,83.286590576,288.920928955
13.491350174,85.138229370,505.420288086
13.501818657,83.354026794,321.574279785
14.180261612,84.286079407,437.253265381
13.916666031,84.574150085,480.011413574
14.152133942,86.062438965,420.329925537
13.842043877,85.578880310,484.586822510
14.214286804,84.595161438,461.810272217
14.272307396,84.605644226,457.323913574
13.978455544,87.714286804,174.904357910
11.758329391,86.493003845,222.424728394
13.311674118,83.396751404,325.031646729
13.935836792,84.130279541,434.050903320
15.563864708,85.648612976,271.055999756
14.252119064,85.329093933,472.025665283
13.295096397,85.130363464,498.980377197
12.772057533,85.753227234,425.014404297
15.781448364,83.809722900,190.570724487
14.166578293,84.316650391,441.511688232
13.606420517,85.839439392,464.807373047
14.801734924,85.346450806,404.592346191
13.602681160,82.751655579,222.353607178
13.368666649,84.547286987,481.030975342
14.443536758,85.313194275,452.758728027
14.290925980,85.005447388,471.724334717
13.708136559,85.751640320,473.132873535
11.765542984,84.872192383,300.951385498
14.470576286,85.756057739,424.082336426
14.262835503,85.673728943,451.461853027
13.291158676,84.354995728,460.689788818
14.198991776,85.910636902,434.526458740
14.366645813,85.897918701,421.481994629
12.564872742,84.455963135,405.035888672
15.110212326,85.110168457,359.543579102
14.364933014,86.016883850,408.771972656
12.635293961,84.891632080,436.581970215
14.606306076,84.785865784,429.287261963
12.800081253,84.767601013,452.184417725
15.957773209,85.804763794,203.318679810
13.915330887,84.680160522,487.219696045
16.238590240,85.357826233,174.423919678
12.676548958,84.979133606,443.471252441
12.736903191,85.827095032,414.462249756
13.295213699,85.026069641,498.951721191
14.254940033,84.662368774,462.551635742
15.331159592,85.367996216,319.302093506
13.014130592,84.546882629,460.031097412
12.316110611,85.471183777,384.094146729
13.332067490,85.293815613,497.395385742
14.380493164,84.803802490,457.109741211
13.007712364,85.041435242,479.529418945
14.263665199,83.592445374,338.125457764
12.739024162,84.902748108,449.672943115
14.757314682,85.723693848,391.283355713
12.866872787,85.074668884,466.066253662
12.225211143,85.716636658,356.159790039
12.407189369,84.650070190,395.981567383
14.708608627,85.603706360,405.985717773
14.001404762,85.637062073,473.178619385
15.740640640,86.899078369,156.671310425
15.411232948,85.659599304,295.290649414
15.258160591,83.919502258,270.502166748
12.470529556,83.764907837,320.036193848
14.660039902,84.752937317,420.724029541
13.542298317,83.406723022,330.773193359
13.452597618,83.434196472,334.420959473
11.948693275,83.783767700,258.026458740
13.392435074,86.478195190,374.459228516
12.833941460,84.522155762,441.378875732
12.095479965,85.735298157,335.247314453
12.584863663,85.559303284,417.126861572
13.315093994,86.501724243,368.350585938
14.515252113,86.863304138,279.162353516
12.806586266,85.906135559,413.975463867
13.609370232,85.564025879,489.372680664
14.982609749,84.787345886,374.465087891
15.299297333,84.307876587,297.420593262
15.315935135,85.478874207,318.537628174
13.492305756,85.765724182,471.174682617
16.160451889,84.211669922,165.048599243
13.431129456,82.923568726,248.749969482
11.610748291,85.552787781,267.545532227
12.856925964,84.108863831,403.135589600
12.856070518,84.860466003,461.624481201
12.371714592,85.049438477,401.766204834
13.830161095,85.532142639,488.191802979
14.153748512,84.763381958,476.670837402
13.807908058,84.417945862,470.808837891
12.931396484,84.651893616,459.745941162
14.626493454,84.177009583,380.867736816
12.144419670,86.131248474,309.091766357
13.071005821,87.498374939,199.948684692
12.832288742,84.870651245,459.391174316
11.873643875,85.070304871,321.183898926
13.991205215,85.855545044,453.611511230
14.385244370,84.966529846,461.348846436
14.857477188,85.343322754,396.400054932
14.223951340,85.248893738,476.810546875
13.704995155,84.977218628,505.165802002
14.222248077,85.954978943,427.883239746
14.383131981,85.295555115,459.976287842
13.779282570,84.793563843,498.060882568
14.156031609,83.573348999,342.041259766
12.098448753,84.778854370,353.832427979
14.710896492,85.944610596,378.522583008
13.381196976,84.689208984,491.143768311
13.540024757,85.919563293,455.480133057
15.038135529,85.553871155,360.382568359
12.166840553,85.280014038,367.461273193
13.932488441,85.260467529,496.598510742
13.744677544,84.697036743,493.935272217
12.524172783,86.921638489,252.885925293
12.242204666,86.697219849,256.131866455
13.595724106,85.438392639,497.177764893
14.453939438,86.283523560,367.588531494
12.892675400,85.513206482,455.397186279
13.286957741,83.395347595,324.054321289
12.423872948,84.851921082,406.439819336
14.789322853,84.146087646,357.237396240
13.761946678,84.606163025,487.694610596
14.190714836,84.939674377,479.760986328
13.224631310,85.588035583,476.417602539
13.300876617,85.765373230,465.171783447
11.620790482,83.385147095,178.641967773
13.649480820,83.863571167,404.278350830
14.804887772,84.838615417,403.434265137
12.503454208,84.119903564,366.119842529
14.982103348,85.644210815,364.155334473
14.795608521,84.257995605,367.384429932
13.354305267,84.639366150,487.112182617
11.711942673,85.323013306,291.210998535
13.636294365,83.202400208,296.389404297
12.618098259,85.297676086,433.364471436
14.108445168,84.755760193,479.772521973
13.563887596,86.789497375,326.116760254
13.507587433,86.162872314,424.033355713
12.739215851,83.956115723,373.025054932
13.792078972,85.765060425,470.285552979
13.809576035,86.695747375,340.462280273
15.043747902,85.606086731,356.840911865
13.708715439,85.331550598,501.379821777
13.540309906,84.892967224,503.600891113
13.960552216,85.893585205,451.011138916
13.240153313,83.595428467,355.114685059
12.100323677,85.397048950,353.393341064
13.242112160,85.242156982,494.459289551
12.714267731,84.544433594,429.822540283
13.553668022,85.249969482,504.368286133
14.049603462,87.536788940,198.853515625
12.637512207,84.600212097,424.229797363
13.090057373,86.437141418,367.741302490
13.713109970,86.365699768,394.806060791
13.529869080,85.737998962,474.412200928
14.895363808,84.304122925,357.720977783
14.100613594,84.012550354,409.891113281
13.701676369,84.938201904,504.450500488
13.139127731,85.469383240,478.783416748
13.938330650,85.314117432,494.719360352
14.505582809,87.057434082,250.800231934
12.689407349,85.845420837,407.405181885
14.475197792,84.604751587,435.969421387
13.784632683,84.295433044,458.878265381
13.714569092,84.981864929,505.089996338
12.322730064,85.704238892,371.354309082
15.473532677,83.437248230,195.773986816
12.625508308,86.500099182,321.687164307
12.365316391,83.506240845,274.732482910
12.870015144,87.343589783,214.333343506
13.193482399,83.371253967,316.732025146
13.383975983,84.320007324,460.515045166
14.254952431,85.295928955,472.799102783
11.965188026,85.108276367,336.526641846
12.161272049,84.838882446,365.725738525
14.870644569,84.883750916,394.876739502
11.921611786,85.931510925,294.586364746
11.981682777,85.882019043,307.398376465
13.750325203,84.128250122,439.795776367
14.505212784,86.608917236,317.602600098
12.856987000,85.005310059,464.664031982
13.369174004,86.951087952,295.912750244
14.579974174,82.980369568,223.835494995
12.470774651,84.365882874,385.500549316
12.373914719,84.135452271,351.227661133
14.395841599,85.858680725,422.558471680
12.707830429,85.000938416,447.593170166
12.089532852,86.142730713,300.419982910
14.101884842,84.521003723,465.079101562
12.754249573,84.126480103,395.221130371
14.467000008,85.975975037,403.322662354
13.928739548,84.876243591,495.621307373
13.861833572,84.640113831,486.945129395
12.122417450,86.574859619,257.707977295
14.939542770,86.319351196,309.859222412
12.353263855,85.591545105,383.187530518
14.347488403,84.740432739,457.771301270
13.135158539,86.091537476,419.225280762
12.689961433,85.782569885,413.243804932
13.475420952,83.552955627,354.462738037
11.860260963,83.996734619,266.412292480
14.407463074,85.031234741,459.768280029
13.391085625,85.486923218,490.682983398
11.445234299,86.696166992,167.627380371
13.642203331,84.504211426,481.494049072
14.349314690,85.845413208,428.364501953
12.777465820,85.775184631,423.653259277
13.306136131,83.733802795,379.414764404
13.692880630,84.227897644,452.948791504
12.040884018,84.486518860,331.007843018
13.489586830,85.402580261,497.838684082
13.818026543,85.195831299,502.534118652
14.679657936,86.250640869,348.691558838
14.232419968,86.297790527,383.690795898
12.172578812,84.628807068,359.524780273
13.733738899,85.510498047,491.953979492
13.818860054,83.620239258,363.658416748
14.150211334,83.948249817,397.960754395
14.827641487,85.818443298,374.348815918
14.877591133,85.217750549,395.978881836
13.711439133,86.721702576,337.424591064
13.938700676,84.187599182,440.966339111
12.331186295,86.692260742,266.086212158
14.335067749,82.373664856,153.826309204
15.877924919,84.714309692,224.957763672
15.389780998,87.021018982,179.996398926
13.287055016,84.914962769,496.716674805
13.757888794,83.659942627,371.334716797
12.107172012,84.252288818,324.458923340
13.821536064,86.454437256,379.299957275
15.240187645,86.749771118,224.989257812
13.170818329,83.754234314,376.861480713
12.157734871,86.150932312,308.935485840
14.423202515,83.509811401,313.731353760
14.341970444,84.738128662,458.225921631
14.186130524,84.076934814,412.403411865
11.881589890,85.062469482,322.516632080
14.834572792,86.720153809,271.583465576
14.029563904,84.546852112,471.888092041
13.343567848,85.689773560,473.922912598
13.346059799,84.347480774,462.120819092
13.481166840,86.301368713,403.661834717
14.081392288,86.579994202,350.326812744
13.658062935,85.528923035,491.659423828
13.078417778,86.420043945,369.614624023
11.913631439,84.743659973,322.360443115
13.957314491,83.500823975,339.972686768
13.416810989,85.190177917,502.972900391
16.044641495,86.091011047,177.684112549
12.675950050,87.984527588,123.634887695
11.816864014,85.664260864,295.668121338
16.058361053,85.136413574,202.385147095
12.212823868,85.710624695,354.723785400
14.399735451,84.909210205,458.494781494
14.699748039,86.030258179,371.295471191
13.714263916,86.046676636,439.906982422
14.501933098,85.657135010,428.317382812
12.918551445,83.931472778,385.886077881
13.114725113,86.296394348,390.002593994
14.667174339,85.630371094,409.800720215
14.127714157,86.480880737,363.368347168
13.395088196,85.568183899,485.456848145
15.073617935,84.735778809,357.978424072
14.336558342,86.313285828,373.696807861
13.821176529,84.106422424,435.245147705
13.043596268,85.249893188,480.528961182
13.882819176,85.860626221,457.789489746
13.670478821,84.652450562,492.340332031
16.158023834,86.218482971,156.638092041
14.299225807,85.794128418,437.864624023
13.114953041,83.319175720,304.816314697
13.404609680,85.122863770,503.366119385
13.603178978,86.180587769,422.419738770
12.146267891,85.550926208,354.090484619
12.986111641,86.359802246,372.372924805
13.779358864,87.106224060,272.143249512
13.720212936,86.328979492,400.305969238
13.151582718,86.042510986,426.430450439
14.934431076,84.166160583,339.655761719
12.930782318,85.453430176,462.488189697
12.853983879,84.730941772,456.315185547
12.982336998,83.812904358,374.161346436
13.570416451,85.262893677,504.159759521
12.819838524,85.020820618,460.790985107
12.156045914,84.171463013,324.613555908
12.739333153,84.813812256,447.058959961
13.003765106,85.344146729,474.152282715
12.570439339,85.891143799,388.933166504
13.128903389,86.954071045,287.319793701
13.500146866,85.573799133,487.665527344
13.707621574,84.661026001,492.422454834
12.751868248,84.344924927,417.752960205
14.317699432,85.137802124,469.492370605
13.504831314,84.884468079,502.884185791
13.358005524,84.156578064,440.851715088
14.102317810,87.252380371,240.857757568
14.592800140,83.310043335,270.405822754
13.651270866,85.636199951,483.811676025
13.575991631,86.417442322,387.062652588
13.406795502,84.286094666,457.501159668
15.342512131,85.309974670,318.646179199
13.431101799,84.034301758,426.982727051
14.581174850,86.550796509,319.221008301
13.363839149,84.496070862,476.700683594
13.212913513,83.760803223,379.857818604
14.931514740,85.122772217,388.347015381
13.608715057,86.653030396,349.148193359
12.835829735,84.718070984,453.779113770
13.493555069,86.130882263,428.197692871
15.122147560,86.036399841,314.062438965
14.337805748,85.671356201,444.695495605
10.805678368,84.723274231,150.855834961
12.895768166,86.420158386,356.844696045
13.056046486,87.190223694,246.270721436
13.243003845,84.221694946,443.962280273
15.053848267,85.292266846,366.916748047
13.891600609,86.210197449,413.849945068
13.407564163,84.438644409,473.003509521
14.412187576,84.777160645,452.516510010
13.136423111,84.427070618,459.174072266
13.562240601,84.499748230,481.095428467
14.478438377,84.972442627,450.783508301
13.937004089,83.756286621,381.327758789
14.416746140,85.779991150,427.752136230
14.387762070,86.626647949,324.289550781
13.988488197,85.771255493,462.201934814
13.960912704,84.635589600,482.164886475
13.473169327,84.984359741,504.561584473
14.614248276,84.264999390,391.329010010
11.814146996,86.102241516,265.134918213
14.411686897,84.651931763,446.091308594
12.194679260,83.999336243,313.274810791
14.496109009,85.195610046,449.076721191
14.832040787,84.453689575,378.750518799
13.267638206,84.614669800,481.707458496
13.936485291,86.261711121,404.932495117
14.355443954,86.910385132,282.870056152
13.536375046,86.367012024,394.530426025
13.680055618,83.271553040,307.842346191
15.574827194,84.878250122,278.513427734
13.451107979,85.644783020,481.166503906
11.697240829,86.054130554,252.023635864
14.454858780,85.237792969,453.291259766
14.111826897,84.921051025,485.617034912
14.374447823,86.026664734,406.774322510
13.806303024,86.493179321,373.497375488
12.619582176,84.130226135,381.029998779
11.131926537,85.889579773,181.253662109
13.522785187,84.261657715,456.992156982
14.248085976,84.872123718,472.851684570
13.842291832,85.990142822,444.312286377
14.282767296,86.746597290,312.976257324
14.360609055,84.330986023,425.920196533
12.800691605,83.745727539,350.210174561
13.204313278,86.147392273,415.827392578
12.090129852,84.635528564,346.810150146
14.223985672,85.940948486,429.302307129
13.735570908,85.694580078,477.961883545
15.715149879,86.013816833,228.156555176
12.821761131,83.722106934,348.608734131
13.936231613,85.913978577,449.826843262
13.192892075,85.830604553,453.081756592
13.568374634,83.414871216,332.264221191
14.192666054,84.111740112,416.255432129
14.334096909,86.066047668,405.802185059
14.115645409,86.764274597,319.198364258
14.122022629,85.445335388,477.860748291
14.125431061,85.281295776,484.084808350
15.523188591,85.804534912,269.781707764
16.280376434,83.857742310,133.580566406
13.672287941,84.507080078,481.500061035
14.315347672,84.970260620,468.764312744
13.930362701,84.776657104,491.643585205
13.954638481,84.651046753,483.494659424
13.900803566,85.584381104,482.004425049
13.733886719,85.679260254,479.326751709
14.287535667,84.714775085,462.454467773
14.278156281,85.613151550,454.648345947
14.829852104,85.223014832,403.140716553
14.306476593,84.449737549,442.125427246
12.318001747,85.314186096,390.247802734
13.803137779,84.444503784,473.435150146
11.611878395,87.525100708,111.739395142
14.228990555,85.496627808,466.502960205
15.161415100,83.653800964,255.470626831
13.973405838,85.103805542,496.684509277
14.807474136,84.701515198,397.535522461
11.913749695,85.940399170,292.722351074
11.835239410,84.059875488,268.286193848
14.337365150,86.278511047,378.384094238
13.890465736,84.724815369,490.862976074
11.623561859,84.676986694,272.115905762
12.669323921,84.799011230,438.039520264
12.686595917,84.589569092,429.565551758
15.272387505,82.592857361,129.308685303
11.339868546,85.641014099,221.572174072
13.229201317,84.046615601,421.529052734
12.309825897,85.299072266,389.418273926
13.876834869,85.889511108,454.864624023
14.928424835,84.693473816,379.001861572
13.702142715,85.018463135,505.753173828
13.556116104,84.877235413,503.272338867
12.373035431,85.338142395,397.818328857
13.856347084,85.210449219,500.960327148
14.544550896,85.783561707,413.388214111
11.810068130,84.141792297,271.249053955
14.615786552,84.678062439,422.948303223
13.871984482,84.825500488,496.322082520
14.848767281,85.272369385,399.441772461
13.700852394,83.624725342,366.495056152
11.966495514,84.726844788,330.510894775
14.546971321,84.343811035,406.908630371
15.039532661,84.522018433,352.415985107
14.024289131,84.622627258,477.702117920
14.064079285,86.516273499,361.148773193
14.569245338,86.788818359,285.988677979
12.883858681,83.983642578,389.911163330
12.375802994,84.892211914,400.356048584
12.323419571,84.187522888,349.567962646
12.848235130,88.339828491,93.003334045
13.829854965,85.056411743,502.978912354
12.979024887,84.046119690,405.720336914
13.609968185,84.101608276,437.845520020
12.034584999,83.483894348,235.586364746
15.313225746,84.457557678,305.099853516
11.948995590,84.785934448,329.539825439
14.286673546,85.108863831,472.687225342
12.476590157,85.028884888,417.065673828
13.021001816,86.146934509,404.319671631
15.071081161,85.364562988,362.387359619
11.752017975,84.911796570,299.357086182
13.701366425,84.575881958,486.628112793
13.107312202,85.505149841,474.416595459
14.197767258,86.277969360,388.838714600
12.861394882,84.875862122,462.636169434
13.477849007,85.386085510,498.386138916
14.134887695,85.231452942,484.565551758
13.075633049,85.960121155,431.320159912
14.657783508,86.734298706,286.313873291
14.540752411,82.848083496,207.685226440
12.870687485,85.166656494,465.900939941
13.794604301,83.813507080,394.571258545
12.902488708,84.940139771,468.388732910
14.112767220,84.493026733,462.015960693
13.580630302,84.403831482,472.428253174
14.096753120,85.034988403,488.626434326
15.382701874,84.675933838,304.694396973
12.526839256,84.606620789,410.262023926
13.162888527,87.009338379,279.715179443
14.946290016,85.423294067,380.241790771
13.496033669,82.907829285,246.896759033
12.842931747,85.131484985,463.316619873
13.053551674,86.974868774,280.471313477
14.526866913,85.354568481,441.549896240
14.467370033,83.944145203,370.906768799
15.233120918,87.396408081,153.408370972
13.428424835,85.678405762,477.745758057
13.409638405,84.573928833,484.359252930
14.184864044,86.284568787,388.772460938
15.296128273,86.998786926,191.448577881
12.416599274,84.773796082,402.840362549
13.516302109,85.149139404,505.725952148
11.374835968,85.106483459,237.985473633
15.389911652,83.349525452,196.230789185
13.443151474,84.823074341,499.497985840
14.007360458,84.840873718,490.151458740
12.843171120,85.707427979,436.399597168
13.582060814,86.368515015,394.677673340
14.205821037,85.924690247,432.485961914
14.833999634,83.453842163,268.070709229
14.354766846,85.296043396,462.973144531
12.579418182,84.814628601,427.007476807
12.774106026,84.571205139,438.458312988
13.381370544,84.727333069,493.270996094
-84.039024353,-83.029022217,306.668792725
-85.995201111,-83.369918823,464.500671387
-85.037765503,-82.025817871,439.470428467
-86.396789551,-83.648368835,410.648468018
-86.026763916,-83.305404663,470.438262939
-85.189643860,-84.483222961,278.879119873
-86.257255554,-80.761436462,289.643096924
-85.220085144,-83.704872131,401.018951416
-86.005424500,-81.659950256,439.259796143
-84.763862610,-83.507797241,379.836700439
-84.824203491,-83.020965576,426.995910645
-87.108314514,-81.607673645,337.638824463
-85.923377991,-82.715133667,508.091613770
-86.070587158,-82.380653381,500.440490723
-85.513740540,-83.656860352,424.377014160
-86.410026550,-83.480430603,430.569183350
-84.167839050,-83.398033142,306.036132812
-85.135345459,-81.240234375,353.444763184
-86.532409668,-82.538764954,471.649200439
-86.750854492,-82.682273865,446.789611816
-86.318168640,-81.734138489,434.467437744
-86.413124084,-82.709426880,482.776245117
-83.934906006,-83.572280884,257.732879639
-84.472106934,-82.586776733,386.558563232
-85.235801697,-82.701164246,482.995819092
-85.304748535,-82.016708374,462.369232178
-86.247558594,-83.181404114,471.927673340
-86.860221863,-83.076446533,418.614807129
-86.278518677,-82.666061401,493.672943115
-86.755149841,-82.577667236,446.414001465
-85.868682861,-82.480812073,507.904327393
-84.564659119,-82.591995239,400.909393311
-86.264831543,-82.352729797,489.301239014
-84.345924377,-82.143539429,354.096588135
-84.725051880,-84.198234558,287.621582031
-86.980072021,-83.680488586,348.116821289
-84.603462219,-83.915138245,312.832702637
-85.042037964,-82.359680176,459.717529297
-85.475914001,-81.321868896,385.292938232
-84.828346252,-80.443786621,212.238250732
-86.556015015,-80.778579712,277.208343506
-86.141410828,-82.960083008,492.806640625
-85.510269165,-83.664627075,423.167816162
-85.544807434,-82.875122070,498.420806885
-85.344184875,-81.618980408,421.336517334
-84.335968018,-83.222106934,344.320007324
-86.164138794,-81.557319641,419.936767578
-84.591865540,-81.494041443,333.594909668
-86.186935425,-82.676132202,499.248260498
-88.165908813,-82.926551819,216.383712769
-86.863983154,-82.018760681,408.458496094
-87.501853943,-83.261337280,310.306915283
-85.730422974,-82.533302307,508.311401367
-85.355911255,-83.521545410,433.971405029
-84.492660522,-81.415367126,312.287231445
-85.293930054,-82.346031189,482.708496094
-86.402984619,-84.398345947,295.193389893
-85.836891174,-80.125961304,195.227676392
-84.859779358,-82.727287292,441.821716309
-85.749710083,-81.161071777,365.910247803
-84.660987854,-83.458030701,371.878387451
-86.256904602,-81.733978271,438.229553223
-85.928863525,-81.819000244,460.379425049
-84.797813416,-84.136581421,303.297393799
-86.128799438,-82.315864563,495.277221680
-85.190513611,-82.395713806,475.819244385
-85.065879822,-81.525283813,388.193756104
-86.154891968,-81.899688721,462.255065918
-86.271446228,-82.807601929,491.576934814
-85.385681152,-82.290222168,486.690612793
-85.018989563,-82.160713196,447.205169678
-85.924804688,-81.491569519,417.362915039
-86.610290527,-81.125541687,327.514862061
-84.707412720,-82.809951782,419.509246826
-87.451736450,-81.456275940,275.174560547
-84.721794128,-82.957138062,416.394989014
-85.990905762,-83.972953796,381.006042480
-85.856651306,-82.688934326,509.110412598
-86.175910950,-83.459838867,447.710876465
-86.622467041,-81.121086121,325.872344971
-87.443954468,-85.139564514,126.432212830
-86.918014526,-82.226882935,414.509826660
-84.814689636,-83.365638733,400.202453613
-83.844993591,-82.216049194,275.818664551
-85.680976868,-82.854606628,503.599182129
-85.331764221,-81.971778870,460.247833252
-86.326354980,-82.519889832,489.662567139
-87.559272766,-82.624946594,321.516967773
-83.797698975,-81.006851196,185.616592407
-84.357460022,-83.165016174,351.229064941
-87.000862122,-83.249382019,387.484771729
-86.561141968,-82.333518982,463.201019287
-86.657478333,-84.209396362,308.481628418
-84.004806519,-82.196525574,301.332397461
-84.222343445,-84.020767212,254.374649048
-84.950279236,-83.775535583,368.299591064
-86.139732361,-83.340179443,462.702270508
-86.427413940,-80.918144226,307.268676758
-86.416137695,-82.083381653,461.921722412
-84.947998047,-83.555488586,395.493286133
-87.238601685,-81.940406799,349.360931396
-86.348930359,-83.080711365,472.635681152
-85.682579041,-83.084281921,491.113433838
-86.987609863,-81.830032349,376.061309814
-85.707077026,-82.522544861,507.779693604
-84.644454956,-81.793655396,371.924591064
-85.250808716,-81.355300903,378.557708740
-83.715850830,-85.060417175,103.263618469
-86.215156555,-81.564170837,418.490264893
-86.545417786,-82.493125916,469.626556396
-85.231170654,-82.986869812,472.966278076
-85.660263062,-83.097984314,489.610900879
-86.175445557,-82.510955811,499.210357666
-85.534248352,-83.616149902,430.706359863
-86.279159546,-82.535415649,493.260711670
-86.211608887,-82.560089111,497.823883057
-86.791488647,-83.393119812,402.131439209
-85.570945740,-83.116554260,485.471679688
-87.338554382,-83.008750916,350.346740723
-85.367240906,-82.813835144,490.744049072
-87.418006897,-82.243049622,338.097900391
-88.154930115,-82.322113037,218.632431030
-86.020301819,-82.244430542,495.624908447
-84.843612671,-82.577026367,440.470428467
-85.396911621,-82.955009460,486.959716797
-86.514328003,-81.612106323,404.493927002
-86.755805969,-83.017494202,435.427124023
-84.494606018,-82.523506165,389.638336182
-84.472564697,-82.587921143,386.634887695
-87.951385498,-82.859252930,252.328582764
-84.723426819,-83.061935425,411.307037354
-84.735351562,-83.084716797,411.594818115
-86.375785828,-80.747955322,282.258239746
-87.050537109,-80.135734558,155.511734009
-87.083602905,-83.829345703,317.673828125
-86.863662720,-82.218261719,421.467742920
-83.522514343,-80.946182251,151.231643677
-84.865646362,-82.154731750,428.993255615
-85.093101501,-82.297645569,462.525848389
-85.732696533,-82.846122742,504.839324951
-85.814453125,-83.655914307,430.737640381
-85.502983093,-83.369995117,459.316467285
-86.347099304,-82.515373230,488.008819580
-85.585426331,-80.935424805,325.542602539
-84.836441040,-82.688621521,439.275695801
-85.384414673,-82.261581421,485.123931885
-85.837158203,-84.021957397,374.665527344
-87.245674133,-83.623947144,319.135589600
-86.869667053,-83.555931091,375.748413086
-84.787040710,-80.400161743,203.617523193
-85.963409424,-82.971481323,498.311706543
-86.603393555,-82.885902405,459.406890869
-84.054191589,-82.110511780,305.717407227
-86.185226440,-83.131492615,479.473571777
-87.105575562,-82.624191284,396.597045898
-86.124671936,-81.934608459,467.163055420
-85.680366516,-80.955284119,330.618804932
-84.195274353,-81.801002502,308.560516357
-85.662101746,-83.897697449,393.134185791
-86.265014648,-82.872741699,489.792755127
-86.232536316,-81.671279907,431.795562744
-85.024246216,-81.651100159,400.165832520
-84.108505249,-81.132331848,233.710098267
-88.305900574,-82.165519714,191.991485596
-85.727218628,-82.906227112,502.327178955
-84.046112061,-82.200721741,308.274719238
-86.065620422,-84.175926208,345.818054199
-85.090888977,-82.113731384,451.544097900
-83.424430847,-82.075897217,205.417953491
-86.155288696,-84.314369202,319.834381104
-86.953269958,-82.586570740,419.457580566
-85.869903564,-81.311225891,390.353240967
-85.557258606,-83.634101868,429.115966797
-87.243156433,-82.377258301,371.289916992
-86.167373657,-83.259361267,469.432647705
-83.991409302,-82.081047058,294.169189453
-85.044433594,-80.390083313,216.543655396
-85.709747314,-83.247398376,478.114868164
-84.771217346,-83.142814636,412.672760010
-84.950347900,-84.548171997,254.179138184
-85.093887329,-82.542854309,469.616882324
-84.060691833,-81.503341675,264.075683594
-86.859809875,-82.790893555,430.683349609
-84.021362305,-82.808647156,310.227783203
-83.306274414,-82.332710266,194.284500122
-84.053314209,-82.147354126,307.248596191
-86.480346680,-81.454879761,386.223175049
-83.530891418,-82.690933228,230.614349365
-85.325103760,-81.273490906,370.645263672
-82.892433167,-81.059501648,98.557235718
-86.939842224,-83.819290161,336.079162598
-86.380790710,-81.992858887,457.208129883
-83.667404175,-82.624824524,252.897033691
-85.391677856,-81.785926819,444.694091797
-86.408821106,-83.838882446,383.198516846
-86.029106140,-84.146888733,351.566314697
-85.845962524,-83.088607788,492.275909424
-85.553291321,-83.457527161,451.478210449
-85.500846863,-82.321258545,494.687927246
-84.440284729,-82.393852234,378.724792480
-86.751495361,-82.756233215,445.664794922
-82.735687256,-81.057350159,85.787178040
-86.805397034,-82.746078491,438.896362305
-85.384872437,-82.398727417,491.165527344
-85.439933777,-82.843414307,494.361267090
-86.597785950,-82.528099060,464.599670410
-85.872650146,-81.501960754,419.396575928
-86.895690918,-83.178253174,407.169036865
-82.335609436,-83.058792114,79.406166077
-86.482940674,-81.496681213,391.814270020
-85.651603699,-83.037384033,493.577880859
-85.615806580,-81.745414734,449.520721436
-86.579360962,-83.457557678,418.405853271
-84.894660950,-82.915939331,440.910736084
-85.355171204,-83.393470764,448.726898193
-85.019615173,-82.222450256,450.938507080
-83.428581238,-83.962867737,161.584136963
-86.175384521,-81.909934998,462.325958252
-86.642707825,-81.765106201,410.554840088
-85.881515503,-83.339889526,469.577301025
-85.383384705,-82.833084106,491.222686768
-85.863830566,-82.873603821,504.323333740
-85.645332336,-82.600685120,507.077758789
-84.182067871,-83.455436707,303.776428223
-85.767799377,-82.888366699,503.582580566
-87.300552368,-83.075942993,353.318511963
-84.776214600,-82.592506409,431.536712646
-85.431198120,-81.776596069,445.794219971
-84.580642700,-83.224822998,380.695922852
-85.437927246,-82.325714111,491.556457520
-86.071754456,-81.988258362,474.428253174
-83.491256714,-81.299522400,173.465118408
-84.756408691,-81.796691895,386.509399414
-84.689903259,-82.680953979,419.200775146
-85.595787048,-82.380889893,501.108123779
-86.188034058,-81.415756226,398.467803955
-84.386787415,-80.452209473,182.358993530
-87.628639221,-83.782676697,249.890029907
-87.117706299,-82.153587341,381.595825195
-84.689064026,-81.664817810,364.625274658
-84.317497253,-83.402870178,328.315124512
-84.775863647,-83.271385193,403.622344971
-87.273811340,-83.315002441,342.374664307
-86.411415100,-82.037155151,458.594909668
-86.074996948,-82.718437195,503.966461182
-86.585121155,-83.188949585,443.386383057
-85.856002808,-82.455497742,507.373901367
-85.455444336,-83.973556519,374.806976318
-85.208404541,-82.390602112,477.261413574
-87.162101746,-81.916015625,358.905792236
-88.046455383,-83.283866882,222.637924194
-86.092132568,-83.348556519,463.784179688
-86.507858276,-79.826316833,142.253036499
-86.239204407,-83.113540649,477.773925781
-85.287940979,-82.543235779,487.405975342
-85.003471375,-81.748817444,409.357666016
-85.914421082,-81.738334656,450.953765869
-86.345809937,-83.197418213,463.964599609
-85.674705505,-83.161895752,484.975830078
-85.435523987,-81.965766907,466.061279297
-87.481086731,-82.272766113,328.735229492
-86.728950500,-81.886260986,413.588409424
-86.304130554,-81.188766479,357.696380615
-85.508094788,-82.141143799,484.385528564
-85.667770386,-83.473594666,452.912750244
-85.557563782,-83.777389526,408.760345459
-87.512168884,-81.980941772,309.340362549
-86.770683289,-82.308830261,437.911956787
-85.286087036,-82.045219421,463.403472900
-86.635238647,-82.182769775,447.479583740
-86.959220886,-81.076072693,288.721832275
-88.095657349,-81.362533569,180.646667480
-86.036689758,-83.779396057,410.001464844
-86.084518433,-82.512535095,503.472595215
-86.481109619,-81.942710876,444.241607666
-85.578041077,-83.039299011,491.147338867
-85.701454163,-83.261901855,476.596710205
-83.204025269,-80.305320740,82.335838318
-84.151817322,-81.866096497,306.763977051
-87.446144104,-84.177413940,232.501281738
-84.763145447,-82.721023560,429.042327881
-85.084861755,-81.799064636,422.746582031
-86.343109131,-82.769401550,487.409332275
-83.585884094,-82.947914124,235.336547852
-84.438362122,-82.755256653,380.072235107
-85.653434753,-82.685615540,506.967559814
-84.781341553,-83.267715454,404.623229980
-85.514022827,-84.628837585,267.555603027
-86.363693237,-82.880378723,482.328857422
-86.108474731,-83.463844299,450.180267334
-88.115928650,-82.094375610,218.350723267
-85.751075745,-82.495445251,507.953796387
-84.961692810,-84.238510132,302.404815674
-87.918449402,-81.278877258,196.656097412
-86.769424438,-82.430503845,442.250488281
-86.503829956,-83.722152710,392.513641357
-86.938049316,-83.376068115,385.332397461
-84.257637024,-80.403411865,166.821975708
-85.027008057,-81.012054443,310.737426758
-85.617164612,-83.924453735,387.942352295
-84.001037598,-81.858055115,283.026611328
-85.986648560,-83.026771545,494.523620605
-85.509277344,-83.833389282,398.673065186
-85.429756165,-82.225120544,485.830444336
-85.299667358,-83.457801819,437.835327148
-87.078979492,-81.946258545,373.358367920
-85.262916565,-84.015518188,358.281341553
-86.076316833,-83.107933044,486.167785645
-86.330459595,-82.366035461,485.215576172
-84.812789917,-80.296363831,191.003265381
-84.580024719,-82.009864807,381.066009521
-85.757339478,-83.653068542,430.851379395
-85.680267334,-82.789436340,505.670013428
-84.016860962,-81.590057373,265.400543213
-85.869506836,-81.906188965,470.590606689
-86.804321289,-84.098175049,312.323944092
-85.631866455,-81.716247559,446.342803955
-87.487831116,-81.352653503,259.788665771
-85.912521362,-81.670578003,442.355834961
-86.022987366,-80.768409729,297.602294922
-85.779342651,-83.377929688,465.554656982
-85.347526550,-82.449287415,490.126617432
-86.322982788,-83.419273376,443.836669922
-84.642547607,-82.685554504,412.282196045
-84.774497986,-82.394309998,428.066680908
-85.720237732,-82.646705627,508.675842285
-85.184112549,-81.923667908,444.337005615
-85.831672668,-81.928779602,473.067016602
-84.273559570,-83.921257019,271.794708252
-85.480926514,-83.270019531,468.444854736
-86.681755066,-84.395004272,278.066925049
-85.403106689,-82.865715027,491.331268311
-85.863990784,-82.078147888,486.713897705
-85.268203735,-82.449279785,484.087646484
-83.507331848,-82.951446533,222.932189941
-86.202781677,-82.313026428,491.351379395
-86.924713135,-83.386001587,386.164184570
-85.868293762,-81.749382019,452.753387451
-86.058624268,-83.104995728,487.021728516
-86.390899658,-82.002738953,457.294372559
-85.648529053,-82.595657349,507.147216797
-87.310821533,-84.489631653,209.889862061
-84.805084229,-82.811599731,432.895660400
-84.462501526,-82.427413940,383.021606445
-86.007835388,-81.895561218,467.187500000
-86.521995544,-82.828414917,469.936401367
-85.338844299,-82.660850525,491.547851562
-87.022674561,-83.723175049,337.853607178
-84.817543030,-82.736534119,436.155700684
-88.495582581,-81.552734375,142.830780029
-87.414161682,-82.140098572,334.109924316
-84.444679260,-83.866836548,299.584075928
-85.470764160,-83.231109619,471.547790527
-84.150871277,-82.409828186,331.919372559
-85.806015015,-84.407447815,309.300903320
-86.727394104,-83.514755249,396.741088867
-86.716377258,-81.923706055,418.499450684
-85.688316345,-81.347328186,395.165344238
-86.013732910,-82.812545776,503.856140137
-86.994308472,-83.105758667,398.328735352
-85.617568970,-81.884780884,465.512023926
-85.558197021,-82.113502502,484.464599609
-86.395362854,-83.380508423,442.792663574
-86.362129211,-84.406433105,295.940338135
-86.251663208,-83.018028259,483.430084229
-84.411437988,-83.290779114,351.045593262
-87.113334656,-80.875518799,246.096099854
-86.753837585,-81.833839417,405.634338379
-85.195907593,-84.575538635,264.326690674
-84.285209656,-82.613082886,356.395141602
-85.299102783,-82.942924500,480.728881836
-86.180358887,-81.350372314,388.908843994
-85.466583252,-81.674255371,435.042999268
-83.602706909,-81.303787231,187.271392822
-83.597633362,-82.358459473,239.363662720
-87.359184265,-84.781944275,170.795059204
-85.724258423,-84.132240295,355.830596924
-86.796470642,-83.944374084,334.915618896
-85.623367310,-83.487892151,450.087951660
-84.696678162,-82.771438599,418.863891602
-86.668716431,-83.098304749,440.911560059
-85.382484436,-82.429183960,491.962921143
-86.537925720,-82.340782166,465.881103516
-84.614562988,-82.432861328,406.368560791
-87.228935242,-82.933921814,371.062103271
-86.683937073,-84.873695374,205.881576538
-85.765815735,-83.077682495,492.830352783
-87.248855591,-80.793098450,222.196548462
-87.123802185,-84.461120605,231.265716553
-86.017082214,-81.847015381,461.684967041
-85.036834717,-81.103309631,325.408325195
-85.840324402,-83.124649048,489.593444824
-87.001899719,-81.476867676,336.320159912
-85.612968445,-82.476539612,504.534606934
-85.191276550,-84.148849487,332.822967529
-88.173210144,-82.349853516,216.297027588
-85.378364563,-84.643615723,261.033752441
-85.723808289,-83.452682495,456.415161133
-86.019165039,-82.287048340,497.992401123
-85.918556213,-83.102188110,490.652252197
-86.432952881,-83.476028442,429.278991699
-85.104469299,-82.861236572,466.769653320
-83.727981567,-80.042015076,97.081291199
-85.916290283,-82.203887939,495.404785156
-84.395874023,-82.861404419,370.893005371
-86.310333252,-82.426612854,488.759063721
-85.715751648,-81.568580627,428.377502441
-84.354896545,-83.125946045,353.103240967
-85.838218689,-83.528869629,447.702392578
-87.534561157,-82.022506714,308.216033936
-84.343368530,-81.344139099,285.565063477
-85.758316040,-81.769104004,455.019165039
-85.634132385,-84.015930176,373.647460938
-84.988937378,-83.035835266,446.129089355
-87.349113464,-82.817588806,354.898529053
-84.946975708,-82.889808655,448.302703857
-86.745185852,-82.912399292,441.759765625
-85.640754700,-82.211036682,493.995025635
-84.120147705,-83.259078979,308.095184326
-84.159072876,-82.198394775,326.677093506
-86.907730103,-82.703384399,425.550109863
-85.208282471,-79.863349915,150.207122803
-85.597305298,-80.566238403,263.496185303
-86.106452942,-84.070755005,362.126251221
-86.275566101,-83.123229980,474.761749268
-84.925987244,-83.016677856,439.894317627
-86.139808655,-82.584800720,501.839935303
-85.646942139,-81.585906982,429.541595459
-84.286247253,-81.547470093,299.384307861
-87.491294861,-83.799308777,267.326202393
-85.846534729,-81.946083069,474.776031494
-87.902793884,-82.481979370,262.172393799
-83.781890869,-82.437286377,270.639129639
-85.526161194,-82.048179626,477.891418457
-86.306953430,-82.699577332,491.346679688
-87.777404785,-83.211746216,268.593719482
-85.609733582,-83.919006348,388.617492676
-83.997528076,-83.269462585,288.020111084
-86.237373352,-82.859237671,492.069458008
-86.474937439,-83.185768127,454.312377930
-85.834877014,-83.675857544,427.933227539
-85.123069763,-82.957656860,464.545135498
-85.922637939,-83.043823242,494.676452637
-84.353218079,-82.545776367,367.291778564
-85.358139038,-81.671333313,428.894592285
-87.067352295,-83.382728577,367.141448975
-85.577621460,-81.467216492,410.805023193
-84.724472046,-83.675346375,356.390930176
-86.003662109,-81.542488098,423.256713867
-85.770751953,-82.378517151,504.778259277
-85.823616028,-81.592254639,432.385223389
-86.771652222,-83.034606934,432.500671387
-85.075416565,-84.764175415,228.635421753
-85.844902039,-82.533782959,508.969879150
-84.547424316,-81.990554810,375.018768311
-84.369201660,-81.610054016,316.915863037
-85.503578186,-82.345985413,495.902130127
-85.603889465,-83.238578796,476.363677979
-86.159080505,-83.039566040,487.304870605
-85.919349670,-83.102073669,490.651824951
-86.074913025,-81.999961853,475.399566650
-86.782264709,-84.177177429,302.814392090
-85.256538391,-82.638343811,485.244934082
-86.391838074,-82.972274780,475.813049316
-86.281272888,-81.691192627,431.528961182
-86.711975098,-86.171302795,64.490730286
-86.901687622,-82.856712341,423.090759277
-85.712600708,-80.568031311,265.224670410
-85.254615784,-83.273078918,453.703247070
-86.427055359,-81.895782471,444.295684814
-87.520362854,-82.471061707,327.099273682
-86.914588928,-83.416725159,384.564025879
-85.999717712,-83.809585571,406.374603271
-86.449569702,-82.465812683,478.383880615
-84.988349915,-82.308532715,451.691986084
-86.921180725,-83.346740723,390.205352783
-86.060592651,-83.398010254,459.517272949
-86.532546997,-82.232116699,461.180053711
-85.118423462,-81.496986389,388.899169922
-86.948791504,-82.972946167,411.934051514
-86.027488708,-85.127838135,190.106506348
-86.228065491,-83.310684204,461.234375000
-85.101982117,-80.832527161,287.790802002
-86.688911438,-81.473793030,370.453491211
-84.237854004,-81.853691101,318.968597412
-85.498329163,-83.097908020,483.752532959
-87.033470154,-82.383079529,404.146026611
-86.306022644,-82.682029724,491.607055664
-85.501502991,-82.751640320,500.194824219
-86.236289978,-84.187133789,338.079650879
-86.675918579,-80.451828003,219.914367676
-85.200355530,-82.732200623,479.404632568
-87.302169800,-82.679359436,364.739929199
-85.298133850,-81.269691467,368.543579102
-86.321426392,-82.044761658,466.104125977
-85.858627319,-84.688362122,261.292602539
-87.456626892,-82.383949280,336.182708740
-85.720558167,-80.949256897,330.053985596
-85.952476501,-81.665039062,441.041046143
-85.747055054,-82.721450806,508.282287598
-87.057792664,-81.344787598,313.449493408
-88.019073486,-81.770462036,217.769287109
-87.300697327,-82.876358032,361.359741211
-86.326705933,-82.576957703,490.255767822
-84.832374573,-81.553382874,368.622650146
-87.569381714,-82.261566162,313.549865723
-86.312767029,-83.277664185,459.139282227
-87.352195740,-83.545326233,311.420135498
-86.602287292,-82.873397827,460.000946045
-85.688980103,-82.084197998,485.996856689
-86.279403687,-83.001235962,482.613952637
-85.913192749,-82.574104309,508.807708740
-86.503417969,-83.731254578,391.309570312
-84.534332275,-83.483970642,352.374816895
-85.332176208,-83.470886230,438.519927979
-86.541557312,-81.441108704,379.377716064
-86.041557312,-82.525573730,505.252410889
-84.801948547,-80.854713440,269.622314453
-84.653923035,-82.169105530,401.687164307
-85.073020935,-82.583686829,467.749298096
-87.577880859,-82.293403625,313.180267334
-85.481445312,-82.989021301,489.954254150
-86.307235718,-80.237091064,204.244781494
-86.694648743,-82.617408752,454.027374268
-85.163368225,-83.795639038,384.175598145
-86.140838623,-82.080009460,479.591522217
-86.635559082,-83.666168213,388.118377686
-84.659622192,-82.029556274,393.614776611
-87.791656494,-83.087806702,271.920623779
-84.225807190,-84.059425354,250.483535767
-84.623039246,-82.402740479,406.870117188
-85.942588806,-84.290893555,328.620483398
-85.585037231,-82.857688904,500.681762695
-85.111770630,-82.394233704,468.214263916
-86.116203308,-81.345565796,390.660522461
-86.042274475,-82.078979492,483.372650146
-84.509254456,-82.789443970,390.545684814
-87.358329773,-81.509887695,293.446136475
-86.239364624,-81.948333740,462.695434570
-86.244636536,-83.269950867,464.236053467
-86.193733215,-83.318016052,462.371490479
-86.807891846,-82.345695496,434.596710205
-86.312797546,-80.800270081,293.767822266
-86.773605347,-80.908233643,281.447052002
-87.058357239,-82.412193298,401.210113525
-85.221343994,-81.752738953,429.306671143
-86.507980347,-83.310958862,440.249053955
-86.345527649,-83.002265930,477.831298828
-87.139846802,-82.343162537,386.637084961
-86.973251343,-82.771224976,415.076385498
-86.477264404,-82.451896667,475.477325439
-86.302558899,-81.535308838,409.697296143
-85.796089172,-83.519683838,448.831451416
-85.740653992,-81.633491516,437.573181152
-84.370384216,-81.868949890,339.974090576
-85.841339111,-82.571067810,509.375457764
-85.875633240,-82.212028503,496.363311768
-84.642089844,-83.815269470,329.793792725
-85.191177368,-84.442245483,285.589050293
-86.087593079,-83.120109558,484.822021484
-87.119888306,-82.559532166,394.158660889
-85.710777283,-81.386924744,401.612396240
-85.770164490,-82.016403198,481.300262451
-86.476356506,-82.957000732,469.160827637
-85.809989929,-82.880065918,504.162536621
-86.946128845,-82.280387878,413.101104736
-86.923225403,-84.110359192,298.969451904
-84.685997009,-84.290054321,270.981872559
-85.630081177,-79.082588196,75.192291260
-84.967506409,-83.207901001,431.837402344
-86.395202637,-82.326911926,478.495513916
-85.703933716,-82.219200134,495.938873291
-85.104263306,-82.544212341,470.700866699
-85.859199524,-83.206871033,482.684448242
-85.966705322,-83.399955750,461.797912598
-85.597801208,-82.790512085,503.300354004
-84.735702515,-83.331489563,393.343536377
-87.322586060,-82.220367432,352.768371582
-85.452064514,-81.243164062,372.005615234
-85.042686462,-83.771316528,377.501556396
-85.408546448,-82.463493347,494.537414551
-84.859527588,-81.330749512,342.751922607
-84.743858337,-83.288566589,398.070587158
-85.393417358,-83.766624451,403.294219971
-87.431663513,-81.945846558,319.866485596
-86.114936829,-80.342422485,225.435638428
-86.796043396,-79.975196838,149.455703735
-85.066558838,-80.735916138,270.465545654
-84.726242065,-81.944351196,396.001098633
-87.589439392,-82.371498108,313.401489258
-86.424270630,-84.643318176,254.361389160
-86.115577698,-83.271347046,470.647552490
-85.878158569,-83.327651978,470.890502930
-85.400222778,-84.093475342,353.153930664
-86.086593628,-82.217918396,491.751434326
-86.755920410,-82.886131287,441.440093994
-88.814781189,-83.828414917,101.853973389
-85.486938477,-82.587249756,500.776275635
-85.805023193,-82.612922668,509.548156738
-86.889564514,-82.017669678,405.029388428
-86.459449768,-82.185714722,465.356781006
-83.832435608,-83.154609680,267.596252441
-84.939712524,-82.903450012,446.906005859
-86.573928833,-82.025444031,442.697265625
-86.008430481,-82.076721191,484.192840576
-83.977867126,-82.657264709,304.673156738
-86.000427246,-82.091720581,485.615997314
-85.589202881,-82.316596985,498.174133301
-87.000854492,-83.556343079,359.258300781
-86.594055176,-81.431564331,373.560699463
-85.000511169,-81.342979431,357.596099854
-87.361663818,-81.869369507,325.254730225
-85.507629395,-80.364273071,229.020294189
-84.735717773,-82.606246948,425.969482422
-85.921157837,-82.215080261,496.044891357
-87.163085938,-84.002243042,286.842712402
-86.053825378,-81.921089172,468.476623535
-85.374382019,-82.280471802,485.462860107
-85.948471069,-81.636360168,437.311401367
-85.928787231,-83.391220093,463.439788818
-87.032867432,-83.047378540,396.087585449
-86.959884644,-83.415443420,378.783050537
-87.195533752,-81.537033081,318.437500000
-86.661651611,-83.106765747,441.147125244
-85.237266541,-84.038986206,353.035217285
-86.876464844,-80.694053650,241.683074951
-86.654922485,-82.063407898,437.105255127
-83.842567444,-81.952522278,264.003509521
-85.373741150,-80.344345093,222.576568604
-86.613609314,-84.373245239,286.319885254
-86.435089111,-83.326774597,445.100341797
-85.803054810,-83.196044922,483.698760986
-84.878105164,-81.940856934,414.590179443
-87.103843689,-81.752807617,352.950836182
-85.902473450,-85.034133911,205.298767090
-85.096382141,-84.227493286,314.087982178
-84.338272095,-82.605911255,365.108001709
-86.029426575,-81.766265869,451.999114990
-85.688400269,-81.529945374,422.502990723
-85.219215393,-82.933357239,474.645355225
-84.148933411,-84.886840820,149.895355225
-86.427040100,-83.583251953,416.801635742
-86.116661072,-82.414192200,499.714569092
-85.785186768,-81.278350830,385.204956055
-85.678955078,-81.758911133,452.664733887
-86.488151550,-83.313858032,441.772216797
-85.557296753,-82.589416504,504.024658203
-84.654884338,-83.069740295,401.308288574
-85.119201660,-82.458412170,470.754791260
-84.467483521,-82.621536255,385.866729736
-85.717864990,-81.461471558,412.960632324
-87.138267517,-82.008346558,369.334472656
-86.110160828,-83.236518860,474.143676758
-84.853713989,-82.924453735,435.404632568
-85.270324707,-80.872283936,303.535736084
-84.601058960,-80.045539856,148.033020020
-86.775558472,-84.325668335,281.295410156
-85.466926575,-81.384727478,394.527709961
-85.513404846,-85.089256287,194.339935303
-85.546615601,-82.598968506,503.616210938
-84.931709290,-83.986663818,337.273193359
-84.793403625,-84.032699585,317.578063965
-87.014991760,-85.170036316,148.755187988
-84.029144287,-84.959075928,133.746475220
-84.929031372,-82.750236511,450.111114502
-86.123497009,-81.259582520,376.913208008
-85.277854919,-81.991050720,458.128356934
-83.397987366,-81.243682861,158.862701416
-83.038810730,-83.708045959,131.341659546
-87.582534790,-82.493606567,316.794982910
-85.540534973,-82.325004578,496.661529541
-85.129699707,-82.319747925,467.172241211
-85.969757080,-82.028076172,480.978179932
-85.960380554,-81.930648804,471.906127930
-84.564109802,-84.873680115,181.763595581
-86.085487366,-81.929748535,468.240539551
-86.799545288,-80.890625000,276.684783936
-84.799659729,-82.101219177,417.237304688
-86.936050415,-83.317802429,390.771606445
-86.048805237,-81.629669189,434.066223145
-85.001655579,-80.939514160,297.748657227
-85.923011780,-83.603080750,437.328674316
-85.784248352,-83.907272339,393.077301025
-84.614776611,-83.524147034,359.238891602
-85.117347717,-81.567420959,398.120269775
-86.617172241,-83.622505188,395.385925293
-87.701957703,-82.524353027,296.663146973
-85.549896240,-82.481124878,502.298400879
-85.618072510,-82.868194580,501.399261475
-87.636924744,-83.230598450,290.352355957
-87.167579651,-82.869194031,382.993957520
-86.383949280,-83.573829651,421.204040527
-86.838081360,-83.397567749,396.051147461
-87.099945068,-82.122184753,382.457641602
-84.633880615,-83.101394653,396.475494385
-85.378379822,-81.593460083,419.956298828
-84.008033752,-83.588668823,267.168487549
-85.221565247,-83.172195435,459.710235596
-85.289825439,-82.635421753,487.958007812
-85.030334473,-83.896774292,358.923065186
-86.227401733,-81.968490601,465.316833496
-85.842636108,-82.952514648,500.769592285
-87.294677734,-82.511337280,365.565338135
-85.166259766,-81.740745544,423.481140137
-85.478736877,-82.531669617,499.839782715
-87.752792358,-81.068778992,198.138763428
-87.770805359,-83.159904480,272.190979004
-85.108642578,-81.962669373,441.140777588
-87.094696045,-82.320137024,392.797302246
-84.880004883,-82.132354736,429.347778320
-84.509147644,-82.470146179,391.142120361
-84.578758240,-83.129066467,386.843963623
-86.291336060,-81.944892883,459.138946533
-85.424201965,-81.458427429,403.510986328
-84.240447998,-84.894638062,155.924743652
-85.204452515,-84.248497009,317.697937012
-87.173591614,-83.722778320,318.493957520
-86.246887207,-82.867424011,491.169433594
-86.886589050,-81.327072144,330.536102295
-85.644477844,-83.966682434,381.827026367
-86.625907898,-82.840805054,458.504394531
-84.287078857,-83.381019592,325.472900391
-86.881378174,-80.182540894,171.025650024
-86.197029114,-83.051216125,484.559875488
-85.949241638,-83.231689453,479.392150879
-85.505653381,-82.577697754,501.655883789
-85.898674011,-82.425315857,506.173767090
-85.432250977,-85.065795898,196.154144287
-87.292976379,-82.159103394,354.619171143
-84.972549438,-84.072624207,328.293579102
-84.542091370,-83.498107910,352.083312988
-86.761711121,-83.248840332,418.748168945
-86.755302429,-82.482162476,445.213073730
-84.003967285,-82.892517090,305.381744385
-87.354415894,-81.793289185,320.302124023
-85.865310669,-81.850471497,464.601684570
-86.640876770,-82.140930176,444.187103271
-96.674751282,66.016639709,454.904876709
-96.671829224,66.716232300,463.247131348
-97.778907776,64.982292175,212.558197021
-96.417221069,66.064277649,481.401428223
-95.745536804,64.472312927,279.262542725
-94.436798096,67.350967407,316.445312500
-96.351257324,67.771430969,380.192626953
-94.593894958,64.426216125,208.019210815
-95.619590759,67.873756409,366.626770020
-96.071243286,66.413276672,509.444976807
-96.601615906,66.993515015,454.564605713
-95.859924316,66.310752869,509.773010254
-94.560668945,66.051490784,375.286315918
-96.815727234,68.399986267,256.123748779
-96.091239929,66.163528442,503.185028076
-95.462448120,66.740486145,487.171508789
-97.291931152,67.702308655,303.148437500
-95.789291382,66.478096008,509.662872314
-95.660346985,65.669166565,462.364929199
-96.229667664,66.954879761,483.673309326
-95.358184814,65.890197754,465.341064453
-95.840850830,66.420295715,510.707611084
-95.060745239,66.871032715,441.349029541
-95.633956909,67.194335938,461.220642090
-95.586791992,65.230834961,401.649353027
-93.868164062,66.207595825,263.734619141
-96.055953979,66.482612610,509.651519775
-97.373825073,65.930931091,352.552307129
-95.510604858,66.374359131,497.706329346
-96.125053406,66.911376953,490.764129639
-96.815231323,65.947074890,434.270629883
-94.241127014,65.824356079,312.046325684
-96.234848022,65.497894287,439.056549072
-94.643798828,66.800834656,387.389434814
-95.241950989,66.251289368,473.501831055
-96.013473511,66.461090088,510.530242920
-96.729789734,64.768478394,298.295166016
-94.634086609,67.415802002,338.229003906
-94.652191162,65.160652161,310.331146240
-95.920921326,66.852569580,497.624359131
-95.340339661,67.868934631,352.516723633
-95.979087830,68.187873840,321.141937256
-97.879158020,67.035995483,268.779449463
-96.981498718,67.161209106,398.019165039
-94.363281250,65.883026123,335.201263428
-94.534606934,66.589782715,377.090972900
-94.093772888,67.202697754,275.631225586
-96.397270203,66.663467407,489.884460449
-96.659378052,67.257789612,425.239593506
-96.685462952,66.145759583,460.388031006
-98.771774292,65.661247253,130.686981201
-96.789634705,67.746215820,353.174926758
-95.115119934,66.874969482,447.429443359
-95.720397949,67.440589905,434.541107178
-95.949668884,68.096870422,336.405364990
-95.555969238,66.032615662,488.691284180
-95.111785889,66.544052124,460.451812744
-94.890892029,67.922142029,306.156707764
-97.561912537,66.546821594,336.009094238
-95.115226746,64.942153931,327.571014404
-96.265106201,65.739990234,465.459960938
-95.131988525,65.545692444,411.350952148
-96.085426331,65.357826233,425.098541260
-94.698402405,66.915184021,389.580474854
-96.138969421,64.985160828,365.704956055
-95.888191223,67.224647522,464.380065918
-95.926734924,66.723220825,504.678192139
-95.703674316,64.709472656,319.476379395
-97.137992859,65.532081604,356.006286621
-95.346679688,66.725639343,478.757049561
-96.632591248,65.165054321,366.626953125
-95.221313477,66.324630737,472.870117188
-98.645095825,65.240341187,127.477912903
-94.005249023,66.686187744,285.318450928
-97.358665466,67.933776855,268.501586914
-95.893226624,67.620109558,412.419097900
-96.839660645,68.394233704,255.356033325
-96.065307617,66.218124390,505.920074463
-96.664512634,66.132827759,462.111541748
-96.665229797,68.431701660,260.557220459
-96.516197205,67.523071289,405.790527344
-95.241310120,66.137046814,469.598114014
-96.927375793,66.456382751,436.745819092
-94.823356628,67.176902771,387.456024170
-94.725868225,67.642974854,324.401763916
-96.856796265,66.507011414,445.957580566
-94.417449951,64.526542664,204.816207886
-95.988243103,66.747932434,503.243194580
-95.010810852,66.946891785,430.298736572
-97.132003784,66.319114685,405.770080566
-94.999824524,68.110099792,289.241912842
-95.165039062,65.973136902,453.087341309
-96.627998352,65.827140808,445.957885742
-97.352478027,65.963920593,357.829986572
-95.631645203,67.931579590,357.764831543
-96.036155701,66.775497437,501.224487305
-95.465347290,66.850303650,481.319641113
-94.478828430,67.574707031,300.091369629
-96.458877563,63.941223145,184.391830444
-97.352714539,66.917800903,360.266815186
-95.823905945,67.133171082,473.381835938
-96.596862793,67.594993591,390.163909912
-94.978408813,67.470512390,375.345062256
-96.864784241,65.476097107,384.491973877
-96.089973450,65.563842773,452.416168213
-96.180992126,65.130638123,388.051727295
-94.275444031,65.650688171,306.087982178
-96.387847900,65.249954224,396.703125000
-95.523910522,67.704689026,388.624206543
-93.453521729,65.364700317,167.373565674
-93.471305847,67.823654175,146.875183105
-96.137474060,66.067184448,496.986846924
-95.897979736,67.012573242,485.519531250
-94.045539856,66.113540649,291.674774170
-95.244110107,66.643928528,472.315643311
-95.251052856,66.662254333,472.390777588
-94.763366699,66.349868774,414.515533447
-95.027984619,65.725730896,418.543762207
-96.598640442,67.684455872,377.741943359
-97.010429382,67.280731201,383.554534912
-96.098144531,65.153686523,394.038482666
-93.011718750,65.079948425,104.396812439
-96.043182373,66.049865723,498.523834229
-96.784637451,67.425666809,394.344726562
-96.152656555,65.846168518,480.400604248
-94.838829041,66.755706787,418.387023926
-96.984542847,66.323455811,427.650970459
-98.175552368,66.725753784,230.136886597
-95.906944275,67.861518860,375.040283203
-95.483329773,65.809509277,467.583953857
-96.954673767,67.127685547,404.259124756
-97.781791687,66.763969421,294.674438477
-95.723304749,69.049591064,181.990936279
-97.373870850,66.150428772,362.685577393
-94.331764221,66.729202271,339.600097656
-95.306579590,66.931709290,463.103210449
-96.179336548,65.767486572,472.075164795
-96.047935486,67.611282349,413.322204590
-96.222854614,65.955505371,486.289398193
-96.753166199,64.853622437,309.614440918
-96.817054749,66.842361450,440.863037109
-96.922157288,66.567481995,436.587341309
-96.471420288,65.414253235,414.150634766
-95.786460876,69.465927124,129.873535156
-98.304069519,65.199264526,164.481018066
-96.452590942,66.346572876,488.622497559
-95.972724915,69.077819824,180.216598511
-94.190345764,66.425033569,320.687835693
-95.622230530,68.658432007,238.264907837
-96.447044373,66.640357971,486.852416992
-96.200958252,65.225669861,402.099456787
-97.749969482,65.838996887,285.874877930
-95.141899109,66.842117310,452.428344727
-94.047027588,67.332565308,259.147735596
-95.176025391,66.435333252,468.760528564
-96.215194702,66.593490601,502.597229004
-95.589584351,66.147743225,496.422821045
-95.748825073,66.182495117,504.037353516
-95.817878723,65.738342285,473.708862305
-95.438446045,67.886993408,355.824127197
-96.604713440,67.331207275,422.257812500
-96.287231445,66.797210693,491.052703857
-95.360954285,67.019004822,460.932952881
-95.483741760,65.710601807,458.083068848
-95.553153992,65.677635193,458.552368164
-97.205764771,65.744918823,365.736633301
-96.256446838,67.284637451,450.642028809
-98.559936523,66.755210876,171.866775513
-95.894142151,67.841392517,378.189788818
-96.546356201,67.634681702,388.535278320
-94.908065796,66.234680176,433.291809082
-95.735122681,65.668014526,464.572265625
-95.944763184,65.590301514,457.809265137
-94.010116577,64.397933960,152.710464478
-95.661430359,67.770431519,384.500610352
-97.678627014,67.340095520,282.448028564
-97.011512756,65.461647034,365.130523682
-95.339859009,67.138008118,448.315521240
-95.196434021,67.828742981,347.861297607
-94.409004211,65.422264099,306.712829590
-95.627555847,67.052146912,475.089294434
-93.402633667,66.731735229,187.519073486
-98.248542786,65.030609131,159.595169067
-96.193328857,65.791175842,473.800689697
-93.795646667,65.345626831,211.951812744
-97.277473450,65.776039124,357.383575439
-96.527008057,63.988830566,188.908370972
-94.768356323,65.830253601,393.693389893
-95.872673035,65.947845459,492.810302734
-94.991539001,66.903022766,430.851928711
-96.493247986,65.535041809,427.774719238
-96.027656555,64.550804138,293.326171875
-95.938613892,66.505599976,510.813659668
-95.577964783,66.540283203,500.902954102
-97.267120361,68.259750366,238.362640381
-95.109863281,66.133666992,455.388641357
-96.293174744,67.020736694,475.293945312
-98.747161865,66.127449036,145.372436523
-96.318725586,67.012084961,474.612396240
-96.126586914,65.354881287,423.603820801
-97.782508850,66.100929260,292.066131592
-95.477470398,66.989822388,472.043090820
-95.725288391,66.622505188,505.260986328
-95.482482910,65.789527893,465.704772949
-94.717910767,63.893341064,149.349761963
-97.488395691,65.248626709,277.922149658
-94.409576416,68.161926270,223.690093994
-94.953315735,67.513786316,367.230285645
-95.913856506,66.046844482,499.586761475
-94.826515198,67.195030212,386.214660645
-96.283744812,67.255378723,452.706970215
-96.791076660,66.302986145,452.986541748
-95.125732422,66.413208008,463.139038086
-96.962806702,65.737136841,399.117919922
-95.670639038,65.336769104,420.296966553
-98.641769409,67.707687378,130.378417969
-96.458114624,65.760925293,455.047790527
-96.716255188,64.783363342,301.663635254
-96.313255310,66.194435120,494.598266602
-95.801918030,64.908737183,355.252471924
-96.737991333,67.454238892,395.659057617
-96.389488220,65.049278259,365.856018066
-97.232200623,65.628425598,351.931243896
-94.844383240,66.083541870,419.250823975
-96.212707520,65.223175049,401.278900146
-97.010917664,68.316329956,253.640945435
-95.421875000,66.418373108,491.674194336
-94.702285767,66.396461487,405.517639160
-95.822410583,66.275253296,508.526641846
-96.356918335,66.312545776,495.157348633
-94.783050537,67.033126831,393.863281250
-96.114593506,67.215644836,463.351470947
-96.066543579,66.733795166,502.688293457
-96.224739075,66.302879333,502.589324951
-94.547492981,66.055816650,373.378814697
-97.201805115,65.765480042,367.955139160
-96.500587463,67.822731018,364.362579346
-96.046691895,65.820159912,481.015228271
-97.818138123,67.915359497,214.602920532
-98.006988525,67.590782166,216.309738159
-94.953903198,65.619331360,399.608245850
-96.261718750,66.292480469,500.488037109
-96.082702637,65.693527222,467.555175781
-96.762451172,66.281692505,456.001037598
-97.908332825,65.800315857,258.107116699
-95.508926392,66.649749756,494.000427246
-95.351814270,65.505805969,425.924499512
-96.186447144,67.575851440,415.470214844
-95.735176086,64.420005798,270.157989502
-95.479583740,65.948158264,478.542419434
-96.660408020,65.158317566,363.291015625
-96.875114441,66.638153076,441.436431885
-96.019409180,67.452499390,435.995574951
-98.267951965,64.353698730,108.187850952
-95.321998596,64.922637939,339.419891357
-96.171745300,68.051567078,341.722595215
-96.633598328,68.451400757,259.254272461
-95.170219421,66.258674622,466.191833496
-96.844711304,66.749313354,441.730346680
-96.491523743,65.961891174,469.016387939
-95.382308960,66.835067749,476.006896973
-94.428894043,66.127609253,356.787384033
-96.159309387,67.863174438,372.595886230
-95.550262451,65.468933105,433.560485840
-97.007278442,65.520042419,372.069061279
-97.577728271,65.407836914,280.836944580
-96.499519348,64.835975647,325.043884277
-93.809104919,65.989707947,248.552673340
-97.129562378,66.806816101,399.906097412
-95.259506226,66.168632507,472.637847900
-97.277282715,68.008148193,268.778106689
-94.461143494,66.439590454,366.744445801
-97.107383728,66.791595459,403.834228516
-97.875411987,67.861328125,212.261230469
-94.924041748,66.953338623,418.818328857
-97.053634644,67.646812439,338.499481201
-96.082321167,66.128326416,501.836486816
-95.383209229,65.782600403,458.168762207
-95.930847168,66.349243164,510.686859131
-96.565422058,64.175476074,215.128875732
-96.855209351,67.525352478,375.205383301
-96.574195862,69.738479614,97.495597839
-94.254676819,66.340522766,331.510345459
-95.571235657,69.402038574,134.251480103
-96.290481567,66.150512695,494.158905029
-96.069389343,66.705322266,503.874114990
-96.532470703,65.989814758,467.328796387
-94.518341064,66.564498901,374.918334961
-96.574661255,66.925796509,461.919952393
-95.603775024,65.918144226,483.300262451
-96.521141052,66.616203308,481.269378662
-95.801124573,68.069198608,339.618591309
-96.924461365,65.945503235,420.235473633
-95.601066589,66.975654602,480.398956299
-97.866195679,66.773956299,280.157989502
-96.823013306,67.329147339,400.955352783
-96.770736694,66.275955200,454.867462158
-95.798782349,66.818122864,498.416137695
-96.151962280,66.165969849,501.353332520
-96.906654358,65.895744324,419.158050537
-97.334251404,68.063095093,255.858230591
-95.858856201,64.959030151,364.244140625
-95.339324951,64.949478149,344.790893555
-96.847167969,66.485702515,447.334869385
-96.970001221,66.255462646,428.239654541
-95.481750488,64.670814514,306.005218506
-94.424568176,67.204017639,327.253387451
-96.608909607,68.532058716,248.164993286
-97.052207947,67.576179504,347.011993408
-96.279731750,68.448478699,273.638153076
-95.627319336,66.326652527,503.549591064
-96.116333008,66.421974182,508.241546631
-96.093269348,66.190093994,504.199829102
-96.378051758,65.896354675,472.814300537
-95.965148926,66.773506165,502.129547119
-95.331130981,66.728256226,477.275848389
-96.004516602,66.088241577,501.339263916
-95.767196655,66.676719666,504.604217529
-96.343009949,67.544898987,413.448394775
-95.273941040,65.829383850,453.183624268
-96.725479126,65.946235657,444.763305664
-95.943298340,65.684120178,468.580474854
-96.171897888,66.969139099,484.903839111
-96.223365784,66.698074341,498.897521973
-96.478019714,65.624763489,439.365478516
-95.638381958,64.768020630,327.962310791
-93.514877319,65.512435913,183.362380981
-96.727912903,66.216423035,458.245452881
-96.631889343,65.867324829,448.889587402
-95.651176453,66.368019104,505.132751465
-96.429512024,65.010627747,357.428436279
-96.925605774,66.638748169,434.706481934
-95.823303223,65.105255127,388.053283691
-96.166931152,64.038681030,206.303298950
-95.571403503,66.078018188,492.103240967
-94.928001404,66.947593689,419.731536865
-94.809555054,66.120246887,415.829376221
-96.028091431,65.674743652,466.652770996
-95.080474854,66.636451721,454.537963867
-96.133926392,67.730041504,394.004760742
-97.810943604,67.544136047,247.363082886
-96.777824402,66.587051392,454.803771973
-97.818191528,66.679168701,290.329376221
-96.716056824,65.352882385,385.109558105
-94.553207397,65.148040771,296.574951172
-96.381027222,66.967437744,474.319152832
-95.476226807,65.180236816,388.811950684
-96.335731506,68.245597839,305.131622314
-96.417098999,68.366294861,282.561248779
-95.650588989,67.041893005,477.026153564
-98.220001221,66.090599060,219.798553467
-94.666664124,66.095397949,393.626953125
-96.757011414,66.086387634,449.456390381
-95.436073303,65.565185547,438.982696533
-96.468124390,65.581832886,435.243347168
-97.074745178,68.135841370,272.873565674
-97.230995178,67.231124878,357.983093262
-95.834510803,67.722076416,396.330169678
-95.319969177,66.451156616,483.100830078
-94.980545044,66.106605530,438.534973145
-95.957862854,65.761947632,476.620758057
-96.490692139,66.964485168,466.470916748
-97.280364990,67.966606140,273.521789551
-95.549819946,68.087234497,329.086151123
-95.940704346,66.071495056,500.973266602
-94.881027222,67.727561951,331.714477539
-96.827430725,66.728080750,444.717895508
-95.709419250,66.346481323,507.103912354
-97.106666565,65.285766602,332.679046631
-93.542610168,67.699058533,163.334884644
-94.359535217,64.867263794,239.802490234
-98.287803650,67.863388062,161.681381226
-96.979576111,67.506828308,363.553436279
-95.317771912,67.190383911,441.167449951
-96.059761047,67.553703308,421.487548828
-95.688224792,65.988906860,491.870880127
-96.384719849,65.314483643,406.231079102
-96.153656006,67.034576416,480.099670410
-94.857284546,66.190238953,425.029571533
-96.415161133,65.695892334,451.728820801
-96.219818115,65.804695129,473.919860840
-95.960937500,66.243591309,508.283294678
-94.124969482,66.254180908,308.237335205
-94.362747192,65.920112610,337.123291016
-96.142539978,66.275329590,505.361724854
-96.124717712,65.309089661,417.033050537
-96.404159546,66.905464172,477.178009033
-95.646484375,66.891242981,488.850524902
-96.467147827,65.397888184,412.285034180
-95.504066467,64.203987122,229.153686523
-94.679908752,66.531074524,401.260620117
-95.061004639,66.350669861,455.124420166
-96.790664673,67.724044800,356.094024658
-95.353523254,66.530525208,485.271759033
-96.479850769,67.931282043,349.006042480
-94.405181885,65.921089172,344.055755615
-96.635131836,66.098449707,463.605163574
-97.254211426,66.308998108,386.384948730
-95.758033752,64.710739136,320.664184570
-96.671173096,67.461662292,401.028961182
-95.862907410,64.305633545,251.913879395
-95.742736816,67.443107605,434.847076416
-94.912414551,67.436721802,371.720092773
-96.526504517,65.947013855,464.940093994
-96.345237732,67.406379700,431.588958740
-96.987060547,65.854698181,405.446411133
-95.510887146,66.142143250,491.713134766
-97.490242004,66.856948853,340.657257080
-94.891265869,65.782493591,406.644866943
-96.136192322,66.210586548,503.628997803
-95.923240662,67.395782471,443.833435059
-95.624298096,65.974334717,488.332519531
-96.591567993,67.009223938,454.305511475
-97.341987610,65.507240295,324.686492920
-95.635765076,66.953437805,483.794830322
-96.742080688,66.333305359,459.447845459
-94.534957886,65.129364014,292.071563721
-95.948516846,65.447952271,439.597442627
-94.738098145,65.345161438,343.075897217
-96.323432922,66.401618958,498.464996338
-96.629295349,66.194854736,468.347106934
-95.995231628,67.116142273,475.772369385
-97.654052734,66.274856567,318.604919434
-96.356941223,66.127845764,488.981353760
-94.364982605,65.938949585,338.453460693
-95.016983032,67.021408081,425.494873047
-96.426864624,67.014648438,467.452209473
-95.872604370,66.916542053,492.985076904
-96.541511536,67.590148926,394.996948242
-96.438789368,66.297859192,488.848358154
-94.740447998,66.363845825,411.181427002
-96.054626465,67.059265137,480.395385742
-94.287437439,65.972358704,327.294982910
-95.814353943,66.911514282,492.559753418
-96.280944824,65.975181580,484.719970703
-94.921043396,66.139671326,432.065429688
-94.537551880,65.212242126,302.078521729
-95.662757874,67.137039185,468.424255371
-95.501411438,65.648841858,452.580108643
-97.289611816,65.709190369,350.325500488
-94.903335571,67.799659729,324.405395508
-96.543060303,68.540924072,249.819122314
-96.163391113,67.333404541,448.344940186
-95.962455750,66.306503296,509.843750000
-95.008140564,67.798561096,335.244659424
-94.813598633,66.534713745,421.324035645
-95.632156372,66.886207581,488.565155029
-93.879768372,65.708847046,247.548416138
-96.030662537,65.621978760,460.628387451
-96.011154175,66.073295593,500.423797607
-95.246246338,65.508834839,417.757995605
-94.084487915,67.169403076,276.380462646
-97.427970886,65.762504578,333.026123047
-96.560890198,64.943237305,338.282897949
-94.587944031,65.815185547,366.238220215
-96.492378235,65.410202026,412.060974121
-95.901634216,66.308418274,509.994262695
-95.865058899,67.095146179,477.707855225
-96.482757568,66.239112854,483.700256348
-96.898887634,64.093658447,185.856048584
-96.074478149,65.057220459,379.058013916
-94.963058472,66.720542908,436.817108154
-95.587715149,66.205009460,498.550262451
-97.323188782,67.546958923,315.704895020
-95.632583618,65.408035278,428.983795166
-94.861488342,65.807991028,404.760284424
-95.052986145,67.167533875,416.936859131
-96.071914673,67.579742432,417.569519043
-95.330703735,64.695686340,302.914672852
-95.069931030,68.777008057,196.960937500
-94.966842651,66.618171692,440.800140381
-95.900360107,65.880218506,487.593261719
-96.475746155,66.412612915,487.336090088
-96.551727295,66.554519653,479.743682861
-93.916664124,65.591636658,246.318527222
-94.756340027,66.373405457,413.632995605
-96.027938843,66.403755188,510.284118652
-94.272674561,66.142066956,331.059173584
-94.914108276,67.763542175,330.466522217
-97.057189941,66.859931946,408.049468994
-95.597961426,66.832794189,490.391174316
-96.734298706,66.770851135,454.080139160
-96.011062622,65.338172913,423.633117676
-96.728065491,65.885261536,440.050415039
-95.396080017,68.286483765,289.263977051
-96.022712708,65.215240479,405.069305420
-96.587387085,66.485786438,477.059234619
-96.573707581,66.902915955,463.515686035
-96.170280457,65.353210449,421.985504150
-94.654487610,67.233489990,358.902526855
-95.959899902,66.669799805,506.773040771
-95.915267944,66.746292114,503.590820312
-97.088737488,67.892089844,303.864868164
-94.910095215,64.986274719,315.600860596
-97.656158447,67.675689697,257.761322021
-96.239212036,66.397102356,503.170928955
-95.938774109,67.139244080,473.705413818
-93.031661987,66.579017639,139.033569336
-96.364768982,66.115753174,487.868103027
-96.044639587,65.840492249,482.894348145
-95.816009521,66.453834534,510.309722900
-96.505218506,65.779823303,453.027893066
-95.878295898,65.937454224,492.067169189
-97.938591003,65.986717224,261.810852051
-96.060516357,65.295875549,416.621063232
-95.064506531,67.329025269,401.406280518
-95.166061401,66.692893982,462.388183594
-95.145942688,66.210060120,462.197235107
-97.030509949,67.394348145,369.703552246
-94.911392212,65.217391968,347.541107178
-96.285400391,66.620704651,498.340057373
-94.331459045,67.532493591,283.898132324
-95.193748474,65.835853577,446.055419922
-95.993843079,66.340240479,510.144195557
-96.556144714,65.874374390,456.749908447
-94.095909119,66.222808838,302.729583740
-95.168518066,66.856933594,454.446319580
-95.915390015,65.584899902,457.233825684
-94.751327515,66.363296509,412.818542480
-95.292129517,67.678482056,377.518463135
-96.425422668,67.475067139,418.146881104
-95.610984802,67.156585693,464.172332764
-95.115180969,69.903511047,76.680381775
-96.514259338,64.245552063,228.240722656
-94.687820435,66.355979919,403.084625244
-95.381591797,65.297210693,400.372863770
-93.256752014,67.768684387,126.684020996
-93.932548523,65.284927368,226.402816772
-97.210899353,68.255630493,244.219192505
-98.081649780,66.916755676,240.616210938
-95.247772217,65.680725098,436.968688965
-96.041564941,68.153404236,326.672363281
-96.572441101,67.447860718,411.142028809
-93.903862000,67.346755981,236.557662964
-95.461601257,67.387725830,429.154785156
-96.229408264,67.337631226,445.505706787
-96.330314636,67.011878967,473.963775635
-94.299339294,66.905570984,326.766876221
-97.246315002,68.488052368,211.381454468
-96.014350891,66.368171692,510.224334717
-96.647651672,65.122261047,359.086578369
-95.583618164,65.887023926,479.870910645
-96.586692810,63.898040771,173.819000244
-96.005691528,65.540672302,451.162200928
-94.953872681,66.147727966,436.726623535
-94.649345398,65.297164917,326.256896973
-96.738700867,66.435974121,460.772949219
-96.093452454,64.455612183,276.021270752
-94.642601013,65.981918335,384.717346191
-97.825378418,66.101013184,284.811767578
-94.713508606,64.504028320,228.694564819
-94.798049927,66.857955933,407.476776123
-96.110412598,66.194770813,503.884063721
-95.413200378,67.078857422,459.740478516
-95.151405334,65.532508850,411.771759033
-96.199012756,66.963630676,484.299743652
-94.827156067,68.077957153,277.957885742
-95.935668945,69.633285522,112.583572388
-96.567893982,67.166152954,442.750335693
-95.601402283,65.965263367,486.642486572
-94.596023560,67.381431580,336.465087891
-93.769340515,64.440017700,134.920104980
-96.097412109,66.303192139,507.427947998
-95.610656738,68.296173096,296.814697266
-95.745857239,66.430206299,508.769744873
-96.650306702,65.080131531,352.599914551
-97.388015747,67.871276855,272.219085693
-94.784347534,66.623992920,415.161041260
-98.459121704,67.084037781,178.534530640
-97.697517395,67.200286865,289.040771484
-94.792030334,66.635139465,415.985260010
-94.928001404,65.541732788,388.453826904
-97.501632690,65.701385498,316.957885742
-96.600418091,66.452819824,475.872558594
-94.001068115,66.222892761,286.502136230
-98.136764526,66.108001709,233.473663330
-96.164970398,66.556304932,505.477783203
-95.219543457,66.330139160,472.764709473
-95.934478760,65.904075623,489.540344238
-97.192337036,66.556488037,397.023529053
-96.137863159,65.656021118,461.855224609
-97.196182251,69.240112305,127.249610901
-95.100585938,66.553932190,458.962127686
-96.368728638,68.224639893,307.360168457
-97.068725586,66.614852905,414.947143555
-96.107986450,66.322784424,507.498260498
-96.834342957,66.672721863,445.718475342
-96.064483643,63.825321198,175.701950073
-96.606552124,65.141944885,365.358428955
-94.601402283,66.732223511,383.656066895
-94.940422058,66.163673401,435.522857666
-94.924842834,67.294624329,388.945678711
-97.424041748,67.018074036,343.572906494
-95.462966919,65.787002563,464.219085693
-95.362434387,65.585105896,436.133880615
-95.586517334,66.721717834,495.688690186
-93.898567200,68.348434448,151.311355591
-96.618515015,67.507080078,399.932586670
-94.119010925,64.821281433,206.894180298
-95.983345032,65.798538208,479.960479736
-96.490562439,66.274421692,484.015777588
-95.035575867,67.625877380,361.705139160
-94.555252075,66.052124023,374.455932617
-95.179809570,66.232688904,466.560821533
-95.606491089,63.810993195,171.887420654
-95.624389648,66.105216980,496.119476318
-94.646728516,67.710838318,306.369049072
-95.075645447,66.865890503,443.428436279
-95.559158325,65.992935181,486.366241455
-94.685989380,67.777641296,302.855682373
-96.194778442,67.237861633,458.428802490
-96.652175903,67.597023010,385.406616211
-94.945899963,66.251945496,438.804168701
-93.522071838,66.341262817,208.830047607
-97.134346008,68.052909851,278.139160156
-95.669235229,67.623298645,407.123718262
-94.893913269,67.493919373,362.779113770
-97.499214172,66.150794983,341.800872803
-96.908775330,68.176231384,281.842712402
-96.606987000,68.417945862,265.793609619
-95.196479797,65.034828186,348.172149658
-95.719856262,66.120239258,500.503326416
-96.288017273,66.935173035,482.281005859
-96.424758911,64.988739014,354.203491211
-95.249618530,66.292121887,475.179565430
-97.080360413,68.060783386,282.455596924
-96.139839172,66.049530029,495.879547119
-95.614929199,65.852218628,478.446319580
-95.244392395,66.273445129,474.272674561
-97.012100220,65.151641846,327.017059326
-96.316055298,66.094482422,489.943115234
-95.158180237,66.695663452,461.414306641
-95.170593262,66.248306274,465.976623535
-94.608123779,66.693634033,386.093750000
-95.512298584,65.684844971,457.094818115
-95.504974365,64.965301514,356.208984375
-96.304656982,65.671730042,456.183868408
-94.365524292,66.216537476,348.594696045
-95.708251953,67.282089233,454.131774902
-96.532348633,64.660964966,294.451385498
-94.914100647,64.784072876,286.532348633
-94.734069824,67.056915283,385.104064941
-96.500564575,66.029708862,472.651641846
-96.811431885,66.567626953,451.015686035
-96.528511047,67.134674072,449.080322266
-95.632362366,65.727180481,467.421875000
-96.621681213,65.594055176,423.550018311
-95.438865662,69.224617004,152.628570557
-95.861488342,67.044609070,482.394378662
-96.296913147,64.888450623,344.156158447
-97.136428833,65.515060425,354.482818604
-95.073638916,67.364967346,398.309753418
-95.418342590,65.637016296,445.993011475
-96.652275085,67.421035767,407.635650635
-94.812400818,66.807746887,412.184112549
-95.304237366,68.077789307,317.387786865
-95.015373230,68.222404480,273.853820801
-96.205245972,66.030532837,492.138916016
-94.845939636,66.481414795,426.621246338
-96.220054626,68.855682373,210.868438721
-95.822044373,65.423683167,435.845092773
-96.309471130,65.528999329,439.276000977
-97.200096130,66.198501587,392.270080566
-96.164161682,67.140434265,469.807128906
-94.471046448,65.919204712,354.529144287
-97.609603882,66.942420959,317.283691406
-97.652671814,66.290130615,319.119079590
-96.679130554,66.361434937,467.037597656
-96.387153625,66.533889771,493.666992188
-95.486312866,65.295814514,406.475952148
-98.687316895,66.835044861,153.503005981
-95.471778870,66.268096924,493.412536621
-96.719841003,66.170509338,457.530303955
-94.970954895,68.527557373,225.810379028
-95.813522339,66.869857788,495.443634033
-94.833686829,66.068183899,417.060302734
-96.732307434,67.866020203,341.310516357
-95.881103516,65.013664246,373.467224121
-96.047904968,65.245079041,409.233123779
-96.175941467,66.730224609,499.549438477
-95.723152161,66.739486694,500.644653320
-96.468246460,66.725578308,482.129760742
-96.184188843,65.830238342,477.783660889
-97.129600525,66.246559143,404.566619873
-97.557960510,67.614570618,276.933441162
-97.116622925,67.650215149,330.683258057
-96.958892822,66.551071167,431.766937256
-96.214225769,66.985458374,481.951660156
-96.115310669,66.707984924,502.576080322
-96.646171570,66.536514282,470.563659668
-96.418876648,65.720458984,453.988372803
-96.171722412,65.156990051,392.505920410
-96.299743652,66.816123962,489.320770264
-97.093399048,68.482780457,224.360412598
-95.098098755,67.858245850,335.099182129
-96.108268738,66.394821167,508.363983154
-96.592041016,65.384323120,400.614471436
-95.150085449,65.278053284,379.508209229
-96.861007690,65.281417847,360.848907471
-98.067863464,66.026916504,242.157699585
-96.829673767,67.681823730,358.032775879
-94.949333191,67.020858765,417.127777100
-95.589706421,67.179626465,460.726989746
-96.343826294,65.975090027,480.947235107
-96.039970398,68.548896790,260.807128906
-97.024032593,66.886817932,411.348144531
-95.631683350,65.336425781,418.915374756
-95.687545776,65.438705444,435.017456055
-95.201263428,66.117347717,464.684875488
-94.746818542,66.350311279,412.038848877
-96.315994263,65.868850708,474.542663574
-95.634605408,66.911720276,486.877136230
-96.489471436,65.995780945,471.472503662
-94.747856140,65.220680237,329.301239014
-95.193511963,66.416053772,470.653625488
-95.510719299,67.658981323,394.746276855
-96.115226746,65.882484436,484.747680664
-96.560966492,67.494239807,406.198913574
-95.199974060,67.626205444,377.313751221
-94.996398926,66.906433105,431.242187500
-96.207626343,68.505668640,265.919433594
-96.127296448,69.053199768,183.241561890
-96.028976440,67.376838684,445.792480469
-96.173103333,65.331634521,418.794982910
-95.170158386,66.347480774,467.725250244
-95.425079346,65.890190125,470.456878662
-95.447006226,65.839973450,467.871643066
-95.378021240,68.128562927,313.779144287
-95.143127441,65.806587219,438.409820557
-96.334411621,67.847793579,369.215850830
-96.467590332,66.534103394,487.473510742
-96.233856201,65.957916260,485.940032959
-94.888389587,66.705787659,427.360443115
-95.935272217,66.797004700,500.957794189
-95.019004822,65.958122253,435.467651367
-98.938240051,65.792671204,115.936935425
-96.595596313,66.836997986,465.393859863
57.016639709,72.279869080,243.784729004
55.453468323,73.710647583,511.995086670
58.227363586,71.930664062,94.730621338
55.065483093,73.867485046,493.820281982
54.933010101,74.037376404,482.432342529
56.756984711,72.525352478,304.833221436
55.094985962,73.762084961,493.033111572
54.454593658,74.122001648,417.677734375
55.386524200,74.527061462,496.272094727
57.464199066,72.618064880,230.756057739
55.620323181,73.948776245,522.471862793
55.567016602,74.182029724,520.105529785
54.649684906,74.320060730,440.791381836
55.451114655,74.987777710,447.330413818
54.468032837,74.068565369,420.299957275
55.771453857,75.140060425,427.133758545
55.172775269,75.619506836,335.136871338
54.769149780,74.077079773,462.905487061
53.554286957,74.971054077,228.635528564
55.870861053,74.802192688,470.691467285
54.917606354,73.543273926,463.682159424
56.707752228,74.771080017,401.746887207
56.673992157,72.835845947,356.880371094
55.612255096,74.293884277,516.492309570
54.885150909,72.975952148,400.914306641
56.763153076,73.361129761,403.100128174
56.114212036,74.445968628,491.249908447
55.381618500,74.723617554,477.540435791
54.652267456,73.854988098,445.629974365
56.216297150,74.389541626,486.755004883
53.931907654,73.073020935,285.607940674
55.226692200,74.041915894,508.340393066
53.365665436,74.863494873,207.594680786
55.102008820,73.079025269,433.259338379
54.833003998,74.389411926,460.816680908
55.618827820,73.400627136,492.194091797
54.039611816,73.361946106,325.477569580
54.782485962,74.352645874,456.634918213
53.669525146,74.463378906,275.424194336
56.430656433,72.733779907,367.124664307
53.558639526,74.483779907,256.088592529
57.839855194,73.869606018,246.895721436
55.509410858,74.741348267,479.573547363
54.340518951,73.339462280,371.416381836
55.700317383,72.111259460,293.696807861
55.621788025,76.238716125,238.930114746
55.339302063,73.571990967,498.954437256
56.249439240,74.319053650,487.487854004
55.363647461,74.752067566,473.685607910
54.035964966,75.614433289,231.695892334
54.375156403,73.736595154,400.564849854
53.978145599,74.327461243,333.350067139
55.859375000,72.207969666,309.256134033
56.617660522,74.967941284,392.048004150
54.358116150,74.831970215,362.582489014
57.376037598,74.457199097,318.949066162
56.534458160,74.001480103,463.021453857
55.739639282,74.065200806,522.131164551
54.867538452,74.120872498,474.338012695
54.987354279,73.309020996,450.360748291
54.994411469,74.078208923,488.573913574
55.298370361,73.188606262,459.566101074
56.290157318,74.042938232,490.670745850
54.835063934,74.194114685,468.995697021
57.270549774,75.559265137,239.776504517
55.358810425,74.449996948,500.831665039
53.770439148,74.271110535,298.841888428
56.194412231,73.184265137,447.738342285
56.382358551,74.542144775,460.609619141
55.750160217,72.429771423,350.095275879
56.777671814,73.842483521,426.964874268
54.040500641,75.142684937,285.329467773
55.684848785,74.673713684,488.243621826
55.405639648,74.212921143,514.873596191
56.891441345,73.160041809,366.677032471
56.061466217,74.060478210,509.287231445
55.522823334,74.280784607,515.853271484
55.446990967,75.128395081,426.862396240
54.643836975,72.668357849,333.154144287
55.424270630,75.135444641,425.132598877
55.126815796,73.953117371,500.581481934
54.640174866,72.986259460,375.719177246
56.245941162,74.219665527,491.697326660
56.522869110,74.788780212,422.860412598
54.126258850,73.541534424,350.903808594
54.715419769,72.956054688,380.569030762
55.147209167,75.464813232,359.865447998
56.581333160,74.148139954,455.677001953
55.558052063,74.501907349,503.075256348
55.641864777,73.082221985,455.122375488
53.832775116,72.124549866,175.300476074
55.769866943,73.802536011,518.025695801
54.974224091,75.372955322,363.087799072
55.591957092,73.390846252,491.039520264
55.743610382,75.765785217,321.508300781
56.776386261,74.016952515,429.184722900
56.044788361,75.096618652,424.461334229
54.872646332,74.153572083,474.339508057
56.438095093,74.333297729,467.359466553
56.444366455,73.569908142,459.458923340
55.231670380,74.714859009,470.796813965
56.190952301,75.243194580,394.015472412
54.120990753,73.237037659,328.995727539
56.072345734,72.613121033,372.565887451
55.883991241,72.461029053,353.376617432
57.825790405,74.631713867,236.112747192
54.768142700,74.251113892,459.056182861
55.172306061,73.015663147,429.717620850
55.994049072,72.929420471,425.871795654
53.996833801,74.297790527,337.508941650
55.847625732,73.744964600,513.787536621
54.276401520,73.390876770,365.527008057
56.391563416,75.950508118,266.350891113
56.621723175,73.729400635,445.685791016
54.638839722,75.056571960,375.109466553
55.919414520,72.811203003,410.801452637
56.441329956,73.855644226,472.528656006
54.507030487,74.239318848,423.154022217
54.582977295,75.556007385,299.802398682
57.366268158,75.722465515,210.223541260
56.052906036,73.463279724,485.894989014
56.395629883,72.513786316,336.075866699
56.419399261,73.864036560,475.252746582
55.839195251,75.275634766,404.548858643
54.331092834,74.458374023,386.563842773
54.472743988,71.463203430,148.136642456
55.513229370,73.894226074,520.111145020
56.176025391,73.966331482,500.807434082
56.357521057,76.211380005,226.526290894
55.835193634,75.187301636,418.638305664
55.706058502,73.651756287,511.750976562
54.622367859,74.438987732,431.048675537
55.858589172,72.796760559,410.291076660
55.734382629,74.873626709,464.946289062
54.193592072,75.395202637,277.310882568
54.514846802,74.132286072,426.748565674
54.617233276,74.062088013,442.515411377
54.137298584,73.786407471,362.824859619
55.580066681,74.929588318,457.752136230
55.146903992,73.770591736,497.635589600
56.291316986,72.287254333,306.096191406
56.402015686,74.014373779,478.959808350
56.534862518,73.815727234,460.071594238
55.697864532,74.846702576,468.636657715
55.582752228,74.569747925,497.795166016
55.335277557,73.852561951,512.582763672
55.228874207,72.762985229,395.545593262
57.197681427,72.972007751,303.565826416
53.984664917,73.121421814,297.926910400
54.526374817,73.538452148,413.648376465
54.109264374,74.235954285,358.587280273
58.411697388,74.056419373,159.920288086
56.544944763,73.033393860,396.613739014
55.521751404,74.198326111,518.844909668
57.384254456,75.561470032,225.874435425
57.182292938,74.879249573,322.959228516
53.847301483,73.829216003,313.435089111
55.001201630,74.398094177,478.386749268
58.019115448,73.975532532,218.206558228
56.179210663,73.464523315,477.229248047
57.815673828,73.464363098,240.078857422
55.105926514,74.584236145,474.281463623
54.923446655,75.339424133,364.230346680
56.437393188,72.336616516,304.501800537
55.117877960,74.709152222,463.471099854
56.461101532,73.589256287,458.757965088
55.429191589,73.414443970,489.691436768
54.832107544,72.943984985,391.385681152
54.808589935,74.371391296,458.874603271
54.477069855,73.945777893,421.472869873
57.018695831,74.629867554,368.239807129
56.811985016,73.989692688,423.716156006
56.414302826,72.241294861,290.683654785
53.786117554,73.515991211,292.168243408
54.368556976,73.031738281,345.892730713
55.764041901,73.957717896,521.638488770
54.364055634,74.509628296,388.776824951
55.825107574,73.586730957,505.463134766
54.926845551,75.523361206,335.465667725
56.677711487,74.288116455,438.537658691
55.371501923,74.368606567,506.519165039
56.160873413,72.580230713,362.545654297
54.754592896,74.632026672,434.359832764
55.551231384,74.622520447,492.563629150
55.062431335,74.174240112,493.435180664
55.289112091,73.047019958,440.804077148
55.356372833,75.557411194,353.628082275
55.666217804,73.375976562,489.873229980
56.079982758,74.181488037,506.024597168
53.539386749,75.029701233,222.289550781
55.308929443,75.374542236,382.887054443
55.697040558,74.120513916,521.896118164
55.753425598,73.819480896,518.892395020
56.198925018,74.807792664,452.063079834
57.553241730,73.258415222,271.797912598
55.666233063,72.127471924,296.611480713
54.196941376,72.619544983,274.407226562
55.619701385,73.047584534,450.288665771
55.926696777,72.588798523,374.182434082
54.689685822,73.443023682,429.214294434
56.236270905,75.023597717,422.409454346
55.890422821,74.913047791,456.361267090
55.400238037,72.750610352,400.972106934
54.889812469,74.444534302,464.029083252
56.754833221,75.322746277,330.834442139
56.264636993,74.548744202,471.589111328
55.895622253,73.439270020,491.465179443
55.930328369,74.335281372,508.421447754
55.197093964,73.154029846,449.441925049
53.851657867,74.081932068,315.936370850
56.349964142,73.386726379,455.288177490
55.746139526,74.086311340,521.825073242
55.378932953,76.886192322,139.998321533
56.475837708,72.056190491,256.817077637
56.397235870,73.512771606,460.726715088
53.866523743,73.654083252,311.811553955
56.467670441,75.170021057,382.189086914
56.412868500,73.478683472,456.480773926
55.653373718,74.645706177,491.122680664
55.907035828,72.657424927,386.290039062
55.710819244,73.557815552,505.455352783
56.042503357,71.880973816,248.172195435
54.839984894,74.629959106,444.512145996
55.468070984,74.320083618,512.657470703
56.956996918,75.916015625,227.915054321
55.276222229,73.823814392,508.474517822
56.310062408,74.241577148,484.847259521
56.648586273,72.149230957,258.876098633
55.978164673,72.535102844,363.357177734
55.361629486,73.294731140,474.848449707
54.961563110,72.564384460,346.222320557
53.100551605,74.876052856,169.794021606
56.774753571,74.616516113,405.832916260
55.458633423,74.554862976,496.537414551
54.497539520,74.308448792,419.354614258
55.252029419,75.477394104,363.180053711
56.475009918,75.795188904,285.898529053
55.264263153,74.296516418,504.530822754
56.330997467,74.188941956,484.327453613
55.902809143,72.814590454,411.863647461
55.684852600,73.636993408,510.997467041
53.523498535,73.157394409,229.281143188
56.351619720,74.687194824,451.253417969
54.093318939,74.109550476,358.041046143
54.193569183,74.531021118,360.316314697
56.762321472,73.761436462,426.928009033
56.802497864,74.026596069,425.210510254
55.778831482,75.081176758,435.829498291
55.427181244,75.184570312,417.688354492
56.344753265,73.820922852,482.277832031
56.241058350,73.271347046,453.823272705
56.952674866,73.533378601,387.035949707
55.510707855,72.040328979,280.002136230
55.710597992,73.098701477,457.162475586
54.958553314,73.421043396,458.220458984
56.395240784,73.204132080,432.371917725
54.514255524,73.974617004,427.379791260
56.375022888,73.967498779,481.767120361
54.070575714,70.308143616,39.935859680
55.870613098,75.626708984,344.239501953
55.739208221,74.841346741,468.906066895
54.550090790,72.668937683,323.050598145
55.236305237,74.178871155,506.932220459
54.057235718,73.738281250,347.675445557
55.054378510,74.060333252,494.477935791
57.259845734,75.384536743,260.919555664
55.470863342,74.542053223,497.969818115
56.013725281,73.461067200,487.966674805
56.014617920,74.378501892,501.810119629
56.284385681,74.710708618,455.281738281
57.267478943,73.176849365,311.522094727
56.108383179,74.777839661,461.874938965
56.231113434,72.937416077,412.958374023
55.530754089,73.346046448,485.645477295
55.198299408,74.246093750,502.230560303
55.437870026,74.439796448,504.676239014
55.493064880,73.906669617,519.866027832
54.708992004,74.266586304,450.876525879
56.080039978,74.720397949,469.888092041
55.380619049,73.659523010,506.500579834
58.349956512,73.999282837,168.447784424
53.844963074,73.853279114,313.467407227
53.216930389,75.860916138,121.180030823
56.712989807,73.933296204,438.112945557
55.672565460,73.880966187,521.372741699
56.506988525,74.628768921,439.744262695
55.359935760,76.602371216,178.476867676
55.634460449,73.393112183,491.535705566
56.450801849,74.262245178,468.841003418
54.130256653,73.655723572,357.079254150
55.116783142,74.885787964,443.457641602
57.184204102,75.140304565,297.606109619
56.084884644,73.788238525,503.712707520
54.620018005,73.954872131,442.742095947
53.644992828,73.912620544,279.287933350
56.503498077,74.670822144,436.475982666
57.140762329,73.434944153,350.780883789
55.359146118,75.156936646,419.601226807
56.554672241,75.787010193,281.229949951
54.524776459,74.892349243,379.769531250
56.830451965,74.356170654,413.358581543
57.683380127,74.450424194,266.781646729
53.165824890,75.123680115,165.241500854
54.025775909,73.482322693,330.822052002
56.161262512,76.250083923,228.512084961
54.920547485,73.934356689,480.554290771
56.988548279,72.108055115,223.597671509
56.260593414,72.931259155,409.870330811
53.711261749,73.992904663,291.375732422
55.570121765,74.373474121,511.961303711
56.563083649,74.234809875,455.892089844
57.228176117,75.296714783,274.792846680
54.844829559,73.902748108,471.435211182
55.388099670,72.122596741,292.038909912
57.250362396,73.546348572,338.872619629
56.711631775,73.604721069,427.273284912
56.622688293,73.521400452,434.318603516
56.752109528,74.323997498,426.438934326
56.318233490,74.703697205,452.868164062
55.934123993,73.435508728,489.594757080
54.809459686,76.147270203,226.949600220
57.149158478,74.322921753,363.050354004
56.869705200,73.395088196,390.427093506
55.830741882,72.402389526,344.201324463
54.870838165,73.851638794,473.376831055
55.479835510,74.136924744,519.343444824
54.262924194,74.049568176,387.335113525
55.708808899,74.253097534,518.078613281
56.378894806,73.433982849,456.477020264
54.139789581,74.452484131,355.714141846
55.994132996,74.293136597,507.302001953
57.067417145,74.211341858,380.098144531
56.409023285,74.059982300,478.022552490
55.753360748,73.418617249,493.275177002
55.598854065,74.206367493,519.751403809
55.963859558,75.329559326,392.040985107
57.060501099,75.616661072,257.109283447
55.374713898,74.091598511,516.250183105
56.705986023,74.063598633,439.445983887
57.018650055,71.692230225,167.539550781
57.224987030,73.311645508,328.690093994
55.561862946,73.705154419,514.247863770
56.462471008,73.824699402,469.230743408
57.649833679,74.568046570,267.620697021
55.426208496,74.935371399,453.672973633
56.259414673,73.828666687,490.935791016
56.880630493,74.846374512,370.789520264
56.838573456,72.976524353,354.222076416
55.333946228,73.598068237,500.486907959
56.479900360,75.012969971,401.803100586
56.648113251,73.658454895,438.920898438
54.924938202,73.699508667,473.784057617
57.094879150,75.802680969,229.548629761
56.096473694,73.630844116,495.291900635
55.334236145,74.359619141,505.262420654
52.952938080,74.367370605,166.089843750
55.253578186,73.243377686,463.576538086
55.616180420,73.120307922,460.087341309
56.226539612,73.917160034,495.907867432
56.606372833,71.975967407,235.662551880
55.955348969,72.455604553,350.453918457
55.027748108,75.275741577,382.265777588
55.114265442,75.391059875,369.992340088
57.644237518,74.686561584,262.616790771
56.195625305,72.294601440,312.647613525
55.509281158,74.804687500,472.322235107
58.571571350,73.458427429,132.389038086
56.175384521,73.699607849,493.180816650
55.507701874,75.073532104,436.483489990
55.802505493,72.834724426,417.500915527
54.036491394,75.152290344,283.769744873
57.338790894,72.206680298,201.038864136
55.316379547,74.159263611,512.190368652
55.319862366,74.023597717,514.009460449
55.820365906,74.957962036,452.409088135
55.356845856,76.768669128,155.057556152
56.046070099,73.598983765,496.548431396
56.002712250,74.371597290,502.870788574
54.814910889,73.960433960,468.598449707
56.481452942,74.419898987,457.749450684
55.165187836,74.713020325,466.576690674
55.503444672,74.354766846,511.788085938
55.423965454,72.803573608,410.206573486
55.596164703,74.169799805,520.759521484
57.794254303,76.374519348,108.401313782
56.202102661,72.716529846,381.994934082
53.855873108,71.785568237,141.981658936
58.003829956,74.067314148,220.665985107
56.053047180,73.581382751,494.943328857
54.460659027,75.287406921,324.018432617
55.660228729,74.005424500,522.927795410
55.380134583,75.081665039,431.636932373
55.674381256,73.887397766,521.507812500
56.955070496,75.249107361,316.194213867
54.857635498,74.359268188,465.267700195
54.907127380,76.057693481,246.843688965
56.209621429,71.882987976,242.751480103
55.194179535,74.598915100,479.590576172
55.530395508,73.742446899,515.492980957
55.042003632,75.438499451,357.559570312
54.371669769,75.691238403,258.845458984
55.732887268,75.068107605,438.372711182
56.183418274,73.818206787,497.298858643
55.994403839,74.326927185,505.694671631
53.864921570,73.383522034,298.133789062
56.510307312,73.952545166,465.796325684
55.770168304,73.371490479,488.437652588
54.379928589,73.070404053,351.674835205
54.249992371,75.694931030,245.538269043
56.109657288,73.786659241,501.924377441
55.190441132,75.712265015,320.047241211
55.624664307,73.375732422,489.784271240
55.937629700,74.862922668,460.956329346
56.022045135,74.664527893,478.973876953
55.289813995,73.869659424,510.548034668
55.740352631,74.541946411,499.947937012
56.975467682,74.391448975,389.052490234
54.131000519,72.325889587,230.014038086
56.726104736,73.582954407,423.991485596
57.856124878,75.443992615,179.165222168
54.902248383,72.843299866,384.050689697
55.676223755,74.166633606,521.046386719
55.219322205,72.922348022,419.343444824
55.661582947,73.804512024,519.196411133
55.873146057,73.580703735,503.568725586
58.512088776,73.710792542,144.426406860
55.519401550,75.450775146,376.137878418
56.939323425,77.143928528,87.644645691
57.630432129,75.369110107,213.942825317
55.222362518,72.059402466,275.664550781
55.769680023,73.726821899,514.902160645
55.301109314,74.379188538,502.418457031
55.485721588,73.928756714,520.037048340
55.368083954,72.977806091,434.663421631
55.531597137,75.417114258,382.077423096
55.978775024,73.691856384,505.795349121
54.932987213,74.172866821,480.630584717
56.220310211,74.307029724,490.636291504
54.731082916,72.928688049,378.716430664
56.608978271,73.180801392,406.136383057
54.225387573,73.144004822,336.728240967
54.688320160,74.088813782,452.181304932
56.061416626,75.007125854,436.188201904
55.435287476,73.096282959,453.490417480
54.340461731,73.164466858,355.697662354
54.347991943,73.559883118,387.929016113
56.513401031,75.756706238,289.173461914
54.686000824,74.414314270,441.053802490
54.513389587,74.177993774,425.685028076
55.029430389,73.758529663,486.978912354
57.092182159,74.605606079,358.222442627
56.037193298,75.372879028,381.944244385
54.756381989,73.762855530,456.674957275
56.018028259,75.183776855,412.797729492
56.661701202,74.435386658,433.783386230
56.311286926,74.192314148,486.240783691
56.148136139,75.351325989,379.731475830
54.647071838,73.005363464,378.904907227
56.062656403,75.492362976,360.931274414
55.899761200,73.141731262,458.790985107
57.170139313,73.765075684,361.171173096
55.749568939,72.037460327,280.414337158
55.759899139,74.718582153,482.761138916
55.667560577,74.955871582,454.609344482
54.688022614,73.055297852,389.841186523
56.043895721,75.583183289,346.301269531
55.006248474,74.086387634,489.667785645
54.320537567,74.846878052,355.679138184
54.687728882,74.248924255,448.647888184
55.781494141,73.085815430,454.555725098
56.487438202,72.237167358,284.877105713
56.704135895,72.891586304,360.640899658
57.910907745,74.991104126,204.008819580
56.431015015,73.244132996,433.029327393
56.154586792,73.413169861,474.644866943
55.135402679,74.601593018,475.087127686
54.646205902,74.573135376,425.313018799
54.485073090,74.006217957,423.065948486
56.024471283,74.624076843,482.701812744
56.291027069,74.842048645,440.582855225
55.809577942,73.587867737,505.939788818
55.516998291,75.422264099,380.969512939
56.085594177,75.051399231,428.693389893
55.788669586,75.694068909,333.792938232
55.843101501,74.608039856,491.936218262
54.789367676,74.825843811,419.608917236
56.629432678,75.024513245,383.911193848
56.292621613,72.986183167,414.882659912
54.959201813,72.978431702,408.123840332
56.370311737,74.608871460,456.462310791
56.064079285,74.483154297,492.018798828
55.786201477,73.826736450,518.499145508
55.215946198,73.442291260,481.486663818
55.002700806,75.082122803,408.674255371
56.154483795,75.205009460,402.144439697
58.391899109,74.947265625,142.762802124
56.121101379,74.302963257,498.771606445
55.274353027,75.491920471,361.717376709
56.708343506,74.948173523,383.269073486
57.015029907,72.763618469,305.960479736
54.711864471,74.661643982,426.541656494
56.812515259,74.152893066,422.442749023
56.783374786,74.706520081,397.298431396
54.901065826,73.278579712,438.720245361
56.309680939,74.556007385,466.826293945
54.441871643,74.188720703,414.495880127
54.915622711,72.314659119,302.102478027
55.887874603,74.944175720,452.358459473
54.504882812,74.374137878,417.614532471
54.946472168,74.852111816,433.021942139
56.181373596,75.239738464,395.162963867
56.158050537,73.665420532,492.771453857
57.371582031,74.623252869,311.195709229
55.781002045,73.987899780,521.526611328
54.532318115,75.093917847,357.535675049
55.946002960,73.769645691,510.986022949
54.638599396,74.282554626,440.753967285
54.758781433,73.696678162,454.180999756
54.220287323,74.053588867,380.160736084
55.632293701,74.440589905,508.223907471
56.669174194,73.115806580,391.682434082
55.802284241,73.787689209,516.790039062
55.056152344,73.590103149,480.470977783
55.954471588,72.755981445,400.827423096
55.516235352,75.034103394,442.363922119
53.848655701,73.774635315,312.452941895
55.876960754,73.877677917,517.254394531
56.803161621,73.074417114,369.901824951
54.754985809,73.049301147,396.782928467
55.936355591,74.918449402,453.973754883
56.821273804,73.688507080,415.275970459
55.059356689,74.271697998,490.024444580
56.300884247,72.584815979,354.410522461
55.450313568,74.894332886,459.769256592
55.956733704,74.212669373,512.297973633
56.782436371,73.729270935,422.772979736
56.547451019,73.649444580,451.714813232
56.356040955,74.374374390,474.291931152
54.970546722,73.299835205,447.826416016
55.369594574,72.496154785,357.190093994
55.333011627,74.778175354,469.380615234
56.172107697,73.107612610,440.008697510
55.303535461,73.718063354,505.820190430
55.951229095,74.787139893,469.408264160
56.714736938,72.818092346,349.879699707
56.539291382,74.726661682,427.112152100
55.497413635,74.423431396,507.499847412
55.974025726,75.304733276,395.680419922
55.519763947,75.198570251,417.716979980
55.003967285,74.559425354,467.425140381
53.556198120,74.489883423,255.450180054
55.642551422,72.089279175,289.785736084
53.978790283,73.016426086,287.605926514
55.212429047,73.705467224,499.553649902
55.158927917,73.710365295,495.910430908
54.994739532,75.466506958,349.695007324
55.631450653,74.672119141,488.447784424
55.937030792,74.222358704,512.914855957
56.179023743,74.301330566,494.367614746
55.325321198,75.589057922,347.054107666
55.439006805,73.248886108,472.620086670
58.095588684,75.423118591,152.417144775
54.301506042,72.329521179,248.844253540
55.422405243,74.131126404,517.591064453
55.847923279,72.751518250,403.298736572
54.379623413,74.016876221,406.514282227
55.106304169,72.508064270,346.850036621
57.421291351,74.800445557,291.550994873
55.384647369,74.116180420,516.339538574
54.795288086,72.923400879,384.849792480
54.171997070,74.635337830,350.127349854
55.436237335,74.213386536,515.990478516
54.986064911,75.383796692,362.281188965
56.022819519,76.442520142,201.995239258
56.494575500,74.501403809,451.011383057
56.088897705,74.602928162,480.715759277
57.033672333,73.087715149,339.046752930
56.025272369,73.782638550,507.290435791
54.656848907,73.192886353,401.683776855
55.471767426,74.327774048,512.383789062
54.679862976,72.739303589,347.127960205
53.640769958,73.843482971,277.646331787
55.362709045,72.966194153,432.770629883
55.038364410,76.130302429,242.027542114
56.305534363,73.662193298,479.629974365
54.773803711,74.130996704,462.817535400
55.433872223,75.311569214,397.612976074
55.582187653,73.201797485,470.111846924
53.714233398,72.389053345,189.923645020
56.303783417,74.278900146,484.076110840
54.536567688,74.716529846,398.594451904
55.172378540,73.498374939,483.199890137
52.974201202,74.496292114,166.240264893
55.520130157,72.861091614,421.595367432
55.937934875,73.967308044,516.122131348
55.423576355,72.801666260,409.891326904
56.975624084,73.714210510,392.027618408
56.410808563,73.966667175,477.779083252
55.139854431,73.351356506,467.553649902
56.078971863,73.758995056,502.981689453
55.961685181,73.877647400,513.616271973
56.577033997,74.341194153,449.958038330
55.545482635,74.086112976,521.624450684
55.951080322,73.479972839,492.713867188
55.698143005,74.962341309,453.611419678
54.336921692,72.390243530,260.843505859
55.170330048,73.933761597,503.778991699
55.010360718,73.493003845,469.230072021
54.301738739,73.350433350,366.364105225
56.018775940,74.257301331,507.408142090
56.237083435,72.886741638,405.290679932
57.387172699,75.379386902,244.860366821
55.124588013,73.748428345,494.940826416
55.748298645,75.411514282,383.535095215
55.425182343,73.619804382,505.845153809
55.705757141,72.932319641,433.631774902
55.898029327,74.018402100,518.036132812
54.551250458,74.304428101,427.471038818
54.509223938,73.942062378,426.343078613
56.061573029,74.805465698,461.656036377
56.012714386,73.484664917,490.008026123
55.056827545,72.789085388,388.684906006
56.667301178,72.925064087,369.209869385
54.573173523,73.282974243,399.873382568
56.422538757,74.359947205,467.830657959
56.104755402,75.378021240,377.814331055
55.290023804,73.280784607,469.825500488
57.047458649,72.936698914,321.410369873
55.055477142,73.946968079,494.309906006
55.063671112,75.051605225,417.773895264
55.085346222,74.002464294,497.378234863
55.517871857,73.812217712,517.993957520
56.743576050,74.038627625,434.059295654
55.111091614,73.073707581,433.243988037
56.098674774,74.210121155,503.917358398
55.104492188,72.586563110,359.750946045
56.552345276,72.757308960,359.075836182
55.949050903,75.365554810,386.672973633
54.961929321,73.475051880,463.097381592
55.748176575,73.860794067,520.176452637
56.721641541,72.451866150,297.785095215
56.477054596,75.273803711,366.556182861
56.492885590,73.322128296,434.069183350
54.687660217,73.198188782,406.057891846
56.907836914,72.563117981,293.548187256
56.277412415,74.178451538,489.918151855
56.233577728,73.373527527,464.729675293
55.836593628,73.097000122,454.871063232
53.344619751,73.494422913,218.757797241
55.261058807,73.646163940,499.473663330
57.320209503,75.027297974,288.838836670
56.918174744,72.552574158,290.959594727
56.058273315,74.771438599,465.704376221
56.838222504,76.253402710,191.700744629
54.246040344,73.958641052,384.318115234
56.139743805,73.861839294,501.987426758
53.707248688,73.932861328,290.325836182
56.660430908,73.316078186,413.049285889
57.223461151,73.487442017,340.269500732
56.062664032,75.234954834,402.752166748
56.369533539,74.053077698,482.437072754
55.903224945,73.956535339,517.530029297
55.350002289,74.149505615,514.125427246
56.755447388,73.529464722,416.550415039
55.934551239,73.964561462,516.252624512
56.386539459,74.275115967,475.623657227
56.437568665,73.010948181,405.015411377
54.285205841,75.397743225,288.357208252
55.235046387,73.867538452,507.107208252
55.817481995,73.874137878,519.043823242
56.950523376,72.609710693,294.718078613
57.283817291,72.545341492,246.006179810
55.828426361,74.789794922,473.361297607
54.044124603,74.781410217,318.891021729
56.357067108,74.912918091,426.260101318
54.585540771,74.133544922,437.180023193
55.683654785,73.440643311,495.982238770
56.262855530,73.197654724,443.840484619
54.898910522,74.549713135,457.596832275
54.506542206,74.762992859,390.201385498
57.561996460,73.102592468,259.634918213
54.716762543,74.776168823,416.322570801
54.875755310,73.993850708,476.026489258
56.241561890,75.072822571,415.289916992
55.643642426,75.744316101,325.629882812
54.774765015,73.853851318,461.832397461
58.217716217,74.232124329,186.327468872
56.123523712,73.786682129,500.918365479
57.402183533,75.446014404,235.972213745
55.940208435,74.384529114,505.266601562
56.414203644,74.831321716,430.105438232
56.896827698,74.534530640,393.560760498
57.234947205,74.058013916,353.408447266
54.850547791,73.525535583,455.032592773
55.692260742,73.533866882,503.784240723
55.671531677,73.204414368,470.834320068
55.433319092,74.364646912,509.186340332
55.618927002,74.004348755,522.837951660
53.762325287,73.336250305,278.338775635
56.891727448,74.395027161,402.141052246
54.684192657,74.928329468,395.916107178
54.932411194,73.406700134,454.317626953
56.437267303,73.981979370,474.834869385
54.870811462,73.130966187,419.115631104
55.552791595,74.220123291,518.732910156
55.536087036,73.378700256,489.059661865
56.524185181,74.023178101,464.340118408
54.826305389,72.841766357,376.667480469
53.432735443,74.576782227,231.945922852
55.256614685,73.015922546,434.805084229
56.233890533,72.376388550,324.399749756
56.055488586,72.426239014,341.726257324
55.108207703,72.765617371,388.676330566
56.954986572,73.739540100,396.272064209
56.531959534,73.414115906,437.677764893
56.562915802,74.392555237,449.231567383
55.992706299,73.098747253,449.449157715
56.284549713,73.478698730,469.379943848
55.193649292,75.243637085,398.230773926
53.823585510,75.092056274,258.803894043
55.046253204,75.001815796,423.150451660
56.610744476,75.755111694,281.678680420
55.468570709,74.081420898,519.861022949
55.030498505,74.644828796,462.452453613
54.259548187,74.820175171,349.060821533
55.764717102,73.290771484,480.017120361
54.894149780,74.021759033,478.172576904
56.213001251,74.634643555,468.690582275
54.680130005,71.682594299,188.595428467
55.508789062,73.247596741,474.358886719
57.416347504,73.585212708,312.295593262
56.812419891,73.319343567,392.623199463
56.570205688,72.766105652,358.516357422
54.958145142,72.828521729,386.799957275
55.255115509,71.732276917,222.027740479
53.757232666,73.055641174,257.501892090
55.815933228,74.031524658,520.746765137
94.590446472,61.379901886,297.800384521
96.391395569,61.488250732,324.616149902
95.542274475,58.384498596,356.584594727
94.774299622,57.511371613,183.238265991
95.618965149,59.295509338,483.684844971
95.874031067,59.619762421,505.735076904
95.918869019,60.191200256,504.117462158
96.830787659,60.385875702,413.049804688
93.484497070,59.733493805,234.641723633
95.873664856,59.627876282,506.089721680
95.359542847,61.064483643,406.196563721
94.680816650,58.645942688,337.702056885
95.347801208,59.087921143,452.075836182
95.197776794,61.440734863,338.595916748
95.175964355,59.248607635,457.256439209
94.954345703,60.790931702,412.672424316
96.484939575,60.460594177,449.299743652
96.209136963,58.757106781,405.212005615
96.729148865,59.857822418,442.443237305
94.377143860,60.688621521,350.769714355
94.883407593,58.828231812,382.999542236
95.757675171,60.464370728,488.341247559
95.786140442,59.004432678,452.844482422
96.710937500,59.182388306,410.717437744
95.711196899,59.780635834,512.065124512
94.721603394,61.597076416,279.146026611
96.376861572,61.612377167,305.353302002
94.508750916,60.029067993,405.998138428
96.948532104,59.142513275,376.067779541
95.143051147,58.422576904,345.510284424
94.278381348,59.669609070,366.959045410
95.979019165,60.392505646,489.966064453
95.352157593,58.549716949,377.245330811
95.884986877,60.560092926,477.996704102
96.625495911,59.361778259,435.780578613
96.475921631,59.879058838,472.899932861
94.267074585,60.119079590,365.669158936
96.334175110,62.140422821,222.088592529
95.285820007,61.417819977,346.950561523
95.633430481,60.076766968,509.862854004
97.390251160,59.544158936,332.530364990
95.096931458,58.711704254,386.164947510
95.605972290,58.843299866,429.990173340
95.823547363,59.521301270,501.459197998
97.387733459,61.636447906,213.025405884
97.431571960,59.537120819,325.327423096
97.177276611,58.927509308,323.490936279
94.198623657,58.590091705,272.383819580
96.674827576,61.495742798,302.223388672
96.638633728,60.366561890,438.980773926
95.750793457,59.421615601,495.291900635
95.231346130,59.303260803,466.409637451
96.456367493,59.199668884,440.128112793
95.587493896,61.613803864,323.129119873
95.313400269,59.946670532,498.908142090
96.141281128,60.393299103,482.261810303
95.599517822,59.560516357,502.540618896
96.557586670,59.440528870,448.966491699
96.527183533,60.266452789,457.604766846
96.049301147,58.740440369,410.421508789
94.617240906,58.829322815,353.340087891
95.722236633,60.488918304,486.182525635
96.900520325,59.670497894,415.030822754
95.966720581,59.411014557,490.789184570
95.041786194,58.285854340,317.034729004
95.282135010,60.691844940,450.723754883
96.291938782,60.341079712,475.498413086
96.397605896,60.111923218,477.427673340
96.732933044,60.405681610,424.730346680
96.202041626,59.112842560,451.411041260
94.968147278,58.554332733,352.833648682
96.691062927,60.548698425,419.071166992
96.355552673,59.480678558,471.722747803
95.445175171,60.756290436,451.683135986
95.869277954,60.691406250,464.271820068
96.310699463,60.153934479,483.730926514
94.617782593,59.962718964,423.031829834
95.858856201,61.329380035,372.198150635
95.787925720,60.812309265,450.544464111
95.461105347,57.808803558,256.686126709
95.465873718,60.677665710,461.665496826
94.741996765,59.881160736,440.607208252
95.886993408,60.718952179,460.725738525
95.958282471,58.376346588,355.017852783
94.516082764,60.821693420,357.617797852
94.997146606,59.724643707,469.265747070
96.155174255,61.382820129,354.688781738
96.788558960,61.083065033,349.294525146
94.105674744,59.635658264,337.239501953
94.606208801,59.768985748,420.364135742
96.088478088,60.326110840,489.873504639
96.193641663,61.421417236,346.564849854
96.202377319,59.572216034,488.837310791
96.707595825,58.702068329,356.179870605
95.508499146,61.698528290,306.982971191
96.959579468,59.044094086,365.366699219
97.964691162,59.231529236,224.765899658
96.402709961,61.770374298,278.100158691
95.452056885,57.332912445,181.975021362
96.522537231,58.096473694,281.814147949
94.874855042,59.591197968,450.718444824
95.725929260,58.975196838,449.187713623
93.958129883,59.854492188,315.698638916
96.891540527,61.429458618,291.587463379
96.337448120,59.675621033,482.609436035
94.498741150,60.900844574,346.930084229
96.523933411,60.739662170,418.899261475
95.142425537,59.222057343,452.018859863
96.565071106,60.689178467,420.077423096
96.543167114,61.748336792,273.098175049
94.475532532,59.959331512,401.673248291
96.926391602,60.460155487,394.815795898
97.562545776,60.584808350,288.256622314
95.142639160,59.633331299,480.428344727
98.193649292,60.418727875,197.124099731
95.326316833,60.265262604,489.666168213
96.223968506,61.068546295,400.243377686
94.704444885,59.359489441,415.803680420
95.866661072,59.167339325,471.020050049
96.722839355,59.108688354,402.237396240
94.799400330,59.175354004,412.565155029
97.538459778,60.879829407,270.780883789
96.320060730,60.147815704,483.176239014
94.153167725,56.783466339,78.157264709
94.232513428,59.269710541,340.304840088
94.147438049,59.552490234,341.474060059
95.705360413,59.488971710,499.830718994
96.156234741,59.915908813,500.070495605
94.163993835,57.436264038,136.662796021
96.388717651,60.748195648,430.406372070
95.024093628,60.590972900,440.541564941
97.689071655,62.009586334,145.016662598
97.091598511,60.150184631,385.207794189
94.348297119,59.290840149,359.737304688
94.399444580,59.783088684,388.963684082
94.249351501,57.925739288,198.725250244
96.182167053,58.475410461,363.369903564
93.620964050,58.215686798,165.334518433
94.912483215,60.515029907,435.804992676
96.066818237,60.899635315,432.060363770
96.120399475,61.206474304,384.625671387
93.798423767,58.269569397,189.877227783
96.080368042,59.992633820,503.761505127
95.263893127,58.317543030,335.317871094
95.956817627,58.569839478,386.945281982
94.972465515,58.815090179,389.893432617
95.217048645,61.745975494,288.877258301
97.029182434,59.473472595,387.671386719
96.064704895,60.547676086,473.133697510
94.821037292,60.737884521,404.356964111
94.364288330,60.088161469,382.210540771
96.360816956,60.282436371,473.271301270
97.779518127,60.299163818,266.097564697
96.124557495,60.973842621,419.183685303
94.943115234,60.707180023,420.795562744
96.832817078,59.357669830,409.111480713
94.676559448,60.401401520,415.241577148
97.184761047,60.125503540,370.915924072
94.364143372,60.426551819,368.138824463
95.197700500,60.529685974,461.253173828
98.342468262,61.617748260,117.034011841
97.105331421,60.196304321,381.532867432
96.365051270,59.513759613,472.836944580
95.054237366,60.684890747,433.902038574
95.162384033,60.485790253,462.310424805
95.006286621,60.548816681,442.694244385
95.389938354,58.562046051,380.847076416
95.404502869,59.736553192,502.285552979
97.367393494,60.242115021,337.103485107
95.044548035,59.297409058,450.057647705
95.847335815,59.144958496,468.890045166
96.156372070,58.841804504,420.109436035
96.075706482,59.794483185,503.835052490
95.819160461,60.724166870,461.174835205
94.333923340,60.122528076,376.494903564
95.867042542,58.631465912,398.530914307
94.565811157,60.033512115,414.527435303
93.990592957,59.441616058,310.711853027
96.067909241,60.392932892,486.213134766
93.350090027,60.299438477,209.092773438
94.848136902,60.215732574,447.478057861
96.437667847,59.815593719,476.369232178
95.490951538,58.465602875,368.786499023
97.525375366,59.941310883,316.014526367
94.809638977,57.715015411,213.728958130
97.258590698,61.348896027,261.131622314
94.940544128,60.707653046,420.483398438
95.388664246,59.205837250,466.982269287
96.832481384,59.997642517,427.673339844
96.109580994,61.978458405,255.933395386
94.241683960,59.727237701,362.267272949
95.746421814,58.506927490,379.322357178
95.677627563,59.611728668,506.341674805
96.046043396,57.961166382,281.854766846
95.437667847,61.215286255,386.255767822
95.799316406,60.611583710,473.995666504
96.909187317,60.911060333,355.759338379
97.255958557,60.315093994,352.525238037
96.434852600,61.129283905,376.807373047
96.286689758,61.491519928,330.278381348
95.417785645,60.832130432,441.076965332
95.963584900,61.835391998,283.647064209
94.696380615,59.541896820,425.594726562
96.063415527,59.278106689,475.825408936
95.909385681,59.023174286,453.447418213
94.180213928,59.830997467,353.460540771
96.811866760,60.516242981,406.417175293
93.881225586,60.442306519,289.182617188
97.096893311,58.771564484,318.096282959
96.923286438,58.608654022,319.979156494
96.842285156,59.193157196,394.965118408
96.824218750,57.981887817,241.863906860
97.699531555,60.206554413,282.171264648
96.626068115,60.498271942,430.937255859
95.182899475,58.693035126,389.641937256
96.590339661,59.104503632,416.959167480
95.166381836,60.165233612,482.698913574
95.965591431,59.967376709,509.047149658
95.787117004,60.338821411,497.907989502
95.526031494,59.668376923,505.348815918
98.754425049,59.199962616,118.022628784
95.459342957,58.603965759,390.109313965
94.681663513,59.548011780,423.875701904
96.560523987,58.394886017,325.710388184
95.311523438,59.659023285,494.389648438
93.395889282,59.258140564,207.300445557
96.188240051,59.729221344,495.773468018
96.636070251,58.921504974,391.597076416
97.111267090,60.539791107,362.057495117
94.132637024,60.025276184,344.939300537
96.583724976,60.168315887,455.667572021
96.174369812,60.483188629,473.035247803
95.647186279,59.264335632,481.241943359
95.427406311,58.633392334,393.552856445
96.816741943,59.376888275,412.606597900
96.631111145,59.908756256,455.128723145
96.598327637,59.555110931,450.742218018
96.961647034,59.765228271,408.113464355
94.479934692,59.374240875,385.196899414
96.474403381,60.487339020,448.209228516
95.453224182,58.239974976,329.772491455
96.641052246,58.013343811,260.558258057
95.062202454,60.873081207,412.734497070
96.980140686,59.302947998,384.465148926
94.936775208,60.307750702,453.154388428
97.124145508,59.440494537,371.240295410
95.391708374,59.704273224,500.694366455
95.375030518,59.244258881,470.069885254
95.319488525,58.569110870,378.757415771
95.450080872,58.001468658,288.934844971
96.850875854,58.921409607,366.672424316
96.660018921,61.536144257,297.357360840
94.283119202,59.953063965,370.824523926
94.980468750,59.436737061,454.118164062
95.101707458,58.804668427,399.544799805
96.122528076,58.627986908,390.317810059
95.811630249,58.819389343,427.583374023
97.994010925,59.633060455,233.854171753
96.737945557,59.255146027,413.745941162
95.538635254,60.753528595,455.226715088
94.302139282,59.527114868,365.798950195
96.601814270,60.315658569,446.441314697
96.064353943,59.970287323,504.861907959
96.276725769,59.613849640,485.295501709
96.380867004,59.065620422,432.933563232
95.573188782,59.136199951,466.541046143
94.919677734,60.025283813,461.872161865
95.112899780,61.309288025,354.375305176
97.871871948,61.102321625,206.106124878
96.615623474,60.383506775,440.601409912
96.198257446,58.456714630,359.556335449
93.760856628,59.587551117,277.485748291
95.447998047,62.206783295,220.269393921
94.711166382,62.194499969,191.278991699
94.675247192,59.852008820,431.284027100
94.094528198,61.377758026,241.005752563
95.460998535,58.460018158,366.954223633
97.468505859,57.931316376,177.448074341
96.457687378,58.859718323,401.253509521
96.211547852,60.674369812,451.922485352
95.719970703,60.992603302,425.914611816
95.579055786,59.444980621,494.910156250
94.517601013,57.989009857,230.838684082
93.547378540,60.371860504,237.764068604
95.200447083,60.518081665,462.507965088
97.448944092,60.777050018,292.465148926
94.496482849,59.302951813,382.788299561
95.166275024,60.971733093,407.949371338
96.576843262,59.044254303,411.969299316
97.209693909,59.435028076,357.372589111
94.858322144,60.500000000,430.915344238
94.377655029,60.941852570,326.296051025
98.261108398,61.409812927,138.045089722
95.516250610,61.012775421,419.763336182
97.111328125,60.266098022,377.862060547
96.742401123,59.484725952,429.142547607
95.653877258,60.516685486,483.109832764
94.929801941,60.912780762,395.609283447
94.936332703,60.319263458,452.436645508
95.134651184,60.474525452,460.938568115
95.186485291,59.799659729,488.846679688
95.088142395,60.115718842,477.438629150
95.000495911,61.507511139,315.205291748
94.348762512,59.644577026,377.664489746
95.172744751,60.056472778,486.674377441
95.819992065,60.366046906,495.686035156
96.141433716,58.777885437,411.843505859
97.427009583,59.727577209,331.386169434
95.154693604,59.976615906,486.521911621
97.233787537,59.023956299,324.303985596
95.887176514,60.199893951,504.494262695
94.353942871,58.929069519,329.621215820
95.865592957,59.396209717,492.266265869
97.194610596,58.532257080,277.788696289
95.583793640,60.237384796,502.321044922
94.795730591,59.430877686,432.355468750
95.540435791,59.338436127,485.555664062
96.904724121,59.402225494,402.004943848
95.982360840,59.229076385,474.404754639
94.028739929,57.403568268,124.543785095
96.059707642,59.832477570,505.142272949
96.368911743,59.833087921,483.206359863
96.985626221,59.202220917,375.938659668
96.799240112,58.137107849,266.630889893
96.137489319,58.930370331,433.033599854
94.808273315,60.106792450,446.449523926
93.949104309,61.074016571,253.376220703
97.208976746,60.489948273,350.445465088
95.229171753,60.689739227,447.444702148
93.198005676,59.390029907,183.159881592
95.759552002,60.095455170,510.198699951
95.863281250,59.620319366,505.965057373
94.638656616,60.698448181,386.112884521
96.410034180,59.043643951,427.944213867
95.980064392,60.459339142,484.574462891
96.300216675,60.869377136,422.644439697
94.828628540,59.094264984,407.998657227
95.150306702,61.378543854,345.847381592
96.741699219,58.476482391,321.467498779
97.231994629,58.330116272,248.896499634
95.290557861,59.108100891,450.993957520
94.458435059,61.667236328,244.858245850
94.774475098,60.616264343,410.927154541
95.623176575,58.914524078,440.155822754
95.098815918,59.288303375,454.314697266
96.017356873,60.579341888,472.066131592
95.547698975,60.573234558,475.483001709
95.887290955,60.223075867,503.349884033
94.683029175,61.428382874,300.314636230
97.439422607,58.912376404,283.871124268
95.208106995,60.218349457,483.781585693
96.073905945,60.432987213,482.809570312
95.450775146,60.842559814,441.084594727
95.362907410,58.896438599,428.972534180
95.735061646,58.743968964,416.752563477
94.520111084,59.252021790,382.381652832
95.810134888,59.121555328,466.715850830
95.776779175,59.114707947,466.167602539
95.628456116,60.224239349,503.927642822
94.684783936,60.995849609,358.972076416
96.191833496,61.101436615,397.199707031
96.309265137,60.637130737,448.942169189
96.269607544,59.812412262,491.468261719
95.643730164,59.128559113,467.067047119
95.390388489,60.708061218,454.924468994
95.396118164,59.741767883,501.974975586
94.943260193,61.429393768,323.167480469
95.639099121,58.993618011,450.797363281
97.015617371,60.211856842,394.947113037
96.788711548,59.340160370,413.798492432
96.103355408,60.139953613,498.677001953
94.472122192,60.689201355,364.367980957
95.769027710,58.932247162,443.522125244
95.905448914,59.433452606,494.201141357
95.299087524,60.307685852,485.442993164
95.203971863,60.740142822,439.967041016
95.466224670,60.498703003,479.777465820
97.177955627,60.528263092,352.711639404
95.321060181,60.268611908,489.151397705
95.578659058,59.110404968,463.764617920
93.818641663,60.021015167,291.243682861
97.859405518,61.344100952,188.293609619
97.177848816,58.193168640,237.740478516
94.132659912,59.137786865,315.213562012
94.845146179,59.024120331,402.372436523
95.342453003,60.641086578,459.834228516
96.003501892,60.358730316,491.518951416
93.357231140,60.344757080,208.931854248
95.815277100,60.457992554,488.504211426
94.980026245,60.159431458,464.940093994
94.947669983,57.324909210,166.479446411
96.199623108,58.930694580,429.610137939
95.738227844,60.730476379,460.851531982
96.058990479,60.792381287,446.324279785
95.436203003,56.837753296,118.304283142
96.974128723,58.659626007,320.414093018
94.688003540,60.527526855,407.638366699
96.218475342,59.374450684,475.088562012
94.080108643,61.406173706,236.077407837
95.693611145,58.830745697,429.311920166
94.792526245,60.905010223,382.239776611
95.487472534,60.068862915,505.967437744
95.139701843,60.685428619,441.180450439
95.505523682,61.597640991,324.345916748
95.932823181,61.415004730,356.573944092
95.562385559,59.200752258,473.189086914
93.962173462,59.272922516,297.228118896
94.699462891,59.869441986,434.759643555
96.196952820,59.639904022,492.235778809
95.707351685,60.050674438,511.368225098
94.750793457,57.304000854,155.221664429
92.765022278,60.456607819,126.280685425
96.719093323,60.822113037,388.720367432
97.743064880,60.255699158,273.497528076
96.526123047,59.544265747,458.408630371
95.994392395,59.130046844,463.565216064
96.084289551,59.464290619,489.609252930
97.617980957,62.259975433,126.979446411
97.280204773,60.642559052,328.704101562
95.244110107,58.024917603,285.681213379
97.046264648,58.362167358,273.799591064
95.250663757,59.720558167,492.161346436
95.560348511,60.569023132,476.246582031
95.793388367,59.970787048,512.677124023
95.151367188,60.026290894,485.477722168
96.217163086,60.698852539,448.847259521
95.763763428,58.956302643,446.726440430
96.099113464,59.717460632,500.878509521
95.247505188,61.628353119,310.012664795
95.473953247,58.486099243,371.641387939
95.470481873,59.814323425,506.925811768
94.865524292,59.013484955,403.423400879
94.513320923,57.935947418,223.247924805
95.177429199,59.503887177,476.938903809
96.141807556,59.028945923,445.220062256
95.598785400,60.198680878,504.595825195
95.291641235,59.188529968,459.663970947
95.356750488,59.413635254,483.479644775
94.612228394,61.397953033,297.552124023
96.220321655,58.304588318,333.516510010
97.404602051,60.776954651,299.176025391
96.516296387,59.705696106,465.853210449
95.382171631,60.946727753,424.150268555
96.486564636,60.550354004,441.573394775
97.784530640,58.689002991,215.494827271
95.051574707,60.255577087,468.043731689
95.456222534,59.711696625,504.078216553
96.835571289,60.036369324,426.627258301
95.549438477,59.141780853,466.535827637
96.213249207,60.424514771,475.317932129
95.034255981,59.038970947,423.246185303
94.414459229,60.491657257,371.624877930
96.882904053,59.184555054,388.765533447
94.870590210,60.084720612,454.771759033
94.488685608,59.361896515,385.695434570
96.361473083,59.896320343,484.206237793
96.990180969,59.828182220,404.572265625
95.297264099,61.787471771,285.312957764
96.060501099,60.025917053,504.183288574
96.021331787,59.586917877,499.602172852
94.551643372,59.833930969,413.168243408
95.155540466,59.823398590,486.541473389
95.481330872,60.239681244,498.928619385
95.321075439,58.164844513,312.386749268
96.831336975,61.005992889,354.095855713
96.560783386,58.626792908,360.123260498
96.622642517,60.338699341,442.624145508
96.988670349,60.379695892,390.889404297
95.113105774,59.099220276,436.934387207
94.963058472,62.184326172,206.674499512
96.046890259,59.734260559,503.966491699
96.214736938,59.432689667,479.638092041
97.309753418,60.687217712,320.741638184
95.561843872,61.367786407,364.754272461
95.704956055,60.285118103,501.418457031
96.228118896,59.561794281,486.505279541
96.506790161,59.800662994,468.908538818
94.188140869,60.005733490,354.545562744
95.152816772,58.628421783,378.018554688
96.737022400,58.839149475,370.525177002
96.343048096,59.330810547,462.046234131
95.628791809,60.352733612,496.141815186
97.214172363,59.797504425,368.338287354
94.980567932,59.730728149,467.635925293
97.104003906,62.549228668,129.822067261
94.057289124,59.192325592,307.325866699
95.944694519,58.220275879,328.707092285
93.432052612,59.668045044,225.248275757
95.215003967,61.158191681,384.282989502
95.006355286,59.154415131,433.023010254
95.328628540,61.230991364,379.222991943
96.137115479,60.765090942,445.887847900
96.623001099,60.036579132,454.783172607
95.433792114,58.344680786,346.879669189
95.701179504,59.221702576,477.613891602
95.625442505,61.256038666,384.303894043
94.176948547,59.432373047,341.026763916
96.949615479,59.956478119,410.892974854
93.921852112,60.254566193,303.722595215
95.440635681,60.040325165,504.659667969
93.859466553,60.111206055,296.883514404
96.614921570,60.308113098,445.337158203
96.840652466,59.021957397,378.810760498
96.415458679,59.280635834,451.392822266
95.552551270,60.555992126,477.321716309
95.537376404,59.031272888,453.294891357
95.897155762,57.498943329,208.518417358
96.796607971,59.826297760,433.008697510
95.033012390,60.026683807,474.227081299
96.876342773,60.459484100,401.890899658
95.306861877,59.333118439,474.122680664
95.282127380,60.307621002,484.316558838
94.724151611,59.776069641,437.106719971
94.833122253,61.346748352,326.363555908
95.322463989,59.321273804,474.084655762
95.365715027,58.944038391,435.401702881
95.597602844,61.041786194,417.387084961
96.039993286,59.949134827,506.224761963
94.674812317,60.632354736,396.980590820
96.543029785,58.408107758,329.152343750
95.776695251,60.673645020,467.368041992
93.342536926,60.144039154,211.197738647
97.755325317,59.698287964,274.706604004
96.680343628,60.142250061,444.818695068
95.695671082,60.001529694,512.281799316
95.080192566,61.300457001,353.474456787
96.546012878,60.357078552,450.242401123
94.782234192,60.081836700,443.765045166
94.293060303,60.273468018,364.748565674
94.384475708,57.652694702,176.460037231
95.067276001,61.522239685,317.410400391
94.691253662,59.842308044,433.443115234
95.297164917,60.009140015,497.088592529
96.825248718,58.581302643,327.379516602
97.719886780,59.076839447,253.874465942
95.274085999,59.705635071,493.422332764
94.806808472,59.293060303,423.742523193
96.128952026,58.141983032,310.057830811
94.621994019,60.134185791,420.375915527
97.318031311,58.422477722,249.765808105
98.384422302,60.938861847,150.483169556
95.962707520,60.289028168,497.571075439
95.542922974,57.921852112,277.357177734
95.422157288,59.236351013,471.653167725
95.892181396,60.213115692,503.738922119
95.704017639,59.948913574,512.972290039
96.261642456,59.861743927,492.557464600
94.965171814,62.036785126,229.092498779
96.488395691,61.244235992,355.624542236
95.073600769,60.616001129,442.725372314
96.370895386,59.968540192,482.975585938
97.868507385,59.363746643,245.808517456
95.354606628,59.001148224,442.079742432
96.206626892,59.405651093,478.255187988
97.727287292,60.722564697,253.831497192
95.265838623,59.365009308,474.003631592
96.288993835,59.621337891,484.634185791
95.789115906,58.775333405,421.315032959
96.562591553,58.917121887,398.663604736
92.716255188,60.695144653,114.704757690
95.407104492,61.149845123,395.357025146
96.500770569,59.458847046,456.294952393
94.726119995,61.133274078,345.919647217
96.304588318,59.632514954,483.817596436
96.185256958,61.520553589,330.474487305
94.775978088,58.774894714,364.911010742
96.356254578,59.611343384,478.487792969
96.923095703,60.059959412,413.432647705
96.488533020,59.206291199,437.614471436
95.735954285,59.707649231,510.327484131
95.367744446,60.376842499,484.952728271
97.013435364,59.689884186,398.539489746
95.699882507,62.248172760,216.534500122
96.036521912,61.090087891,405.960327148
95.705337524,59.541248322,502.975585938
96.850044250,59.704532623,423.286895752
95.024528503,60.266742706,464.756042480
94.730651855,59.758422852,437.660797119
95.713989258,60.439949036,490.367950439
94.261367798,60.205112457,362.208221436
95.471992493,59.276798248,477.664886475
95.994125366,60.715656281,458.124328613
96.671699524,58.058490753,265.205657959
95.383666992,60.911869049,429.003448486
96.131340027,60.940937042,423.429351807
95.214630127,59.847179413,491.699829102
96.531852722,59.976169586,466.396301270
96.207496643,60.232006073,488.141204834
93.865928650,59.915012360,299.963165283
95.829643250,60.626937866,472.044616699
95.761199951,59.812511444,512.646606445
96.294471741,59.156715393,449.717254639
96.370964050,59.253864288,452.999694824
96.300491333,62.213035583,212.120666504
94.835388184,59.794631958,451.935424805
94.141784668,59.291347504,327.318420410
96.646049500,60.708572388,409.265136719
97.406028748,60.295883179,328.623870850
96.278396606,59.084083557,443.033111572
95.615699768,59.258026123,480.110748291
94.530303955,60.050971985,408.895141602
95.591156006,59.861152649,511.364471436
95.003402710,59.904594421,472.270965576
94.279624939,60.939285278,313.032684326
93.985572815,59.519447327,313.114013672
96.236351013,59.883773804,494.569091797
94.048416138,59.374481201,316.977325439
94.283363342,60.159641266,367.249938965
93.515670776,59.538639069,235.758544922
97.248733521,59.088031769,327.576721191
95.847175598,58.875762939,435.167358398
94.940513611,58.698528290,371.136810303
97.833885193,61.251098633,199.180633545
96.470771790,59.725410461,471.265106201
93.761016846,58.997680664,247.723541260
97.717506409,59.165054321,259.790863037
96.699958801,59.028690338,396.660034180
96.727180481,60.270130157,433.423187256
96.916900635,59.564567566,408.788330078
97.377426147,59.801620483,340.919464111
97.464195251,61.029205322,268.319854736
95.450576782,59.416881561,488.461181641
94.803764343,60.803249359,395.297058105
95.973205566,61.817760468,286.491546631
96.086898804,60.881061554,433.663024902
93.937324524,60.327777863,303.621856689
95.198356628,61.039951324,400.620178223
96.440361023,59.708885193,473.947021484
96.271377563,58.634098053,383.299468994
95.317344666,60.002571106,498.528106689
95.221290588,61.813335419,277.822418213
97.218162537,61.180397034,285.628570557
95.853820801,62.091560364,241.698242188
96.784469604,60.514556885,410.138916016
95.526672363,59.737480164,507.531707764
95.527069092,59.817176819,509.103515625
95.225952148,61.293872833,363.877075195
95.187156677,59.650787354,484.904418945
95.728225708,60.400791168,493.543426514
96.482307434,60.036399841,470.859161377
95.450874329,60.920234680,430.704986572
94.572242737,59.898235321,416.564147949
94.135597229,60.643737793,317.762390137
95.671005249,59.904575348,512.875915527
95.714035034,59.654354095,508.410705566
96.525032043,61.511417389,311.728912354
95.447143555,59.308975220,479.546936035
96.188896179,60.837970734,433.936920166
94.699867249,59.514614105,424.705352783
97.882690430,60.011077881,254.682968140
96.021102905,58.051158905,297.876464844
95.960258484,60.415603638,488.824035645
96.592628479,59.669784546,456.055847168
93.898483276,60.884311676,262.713653564
94.986976624,60.054943085,468.811065674
95.511207581,60.954200745,428.024353027
95.198295593,60.674648285,446.877899170
95.268898010,60.045642853,494.413482666
95.370697021,59.431186676,485.538391113
95.364837646,60.365997314,485.563507080
96.793388367,60.194450378,427.966979980
95.105575562,60.552337646,451.640533447
98.080017090,60.619831085,206.260620117
95.613220215,59.729679108,509.653289795
96.716545105,60.673374176,404.614746094
95.512725830,59.891166687,509.151611328
95.895126343,60.805320740,449.960845947
95.470024109,59.322639465,481.704772949
95.932861328,59.436481476,493.694549561
96.397117615,61.680965424,292.975921631
96.264282227,61.998321533,247.452041626
95.321945190,58.781295776,410.849334717
95.182670593,59.704151154,486.348175049
94.858268738,59.087776184,410.667602539
97.443862915,59.478607178,320.932769775
97.060157776,59.196136475,364.631958008
96.798881531,59.987155914,432.532592773
96.573654175,60.119609833,458.539611816
97.106826782,60.918632507,328.991424561
93.809143066,59.187049866,267.576202393
95.076034546,60.418415070,460.113952637
95.590644836,60.167304993,505.813842773
94.660072327,60.994152069,356.296203613
95.514884949,60.828266144,445.164703369
96.194602966,59.042865753,443.848693848
94.823173523,58.281078339,299.527618408
94.535148621,59.877967834,410.957061768
95.478965759,60.155475616,502.747375488
96.305198669,59.820018768,488.662353516
97.624183655,61.341320038,217.252319336
96.786193848,57.151523590,133.673965454
94.230812073,62.582126617,116.846046448
97.297210693,59.951381683,354.941619873
95.996734619,59.195240021,470.473052979
94.050918579,59.157386780,303.878662109
96.781906128,58.165859222,272.369812012
96.751121521,60.652786255,402.390533447
95.395767212,59.270503998,473.630065918
94.875617981,58.603767395,351.788085938
95.043640137,60.765846252,423.995025635
95.638305664,59.224246979,477.178771973
95.153656006,60.987152100,404.928497314
94.035568237,60.664890289,300.571746826
97.231292725,61.736110687,216.980560303
97.141815186,60.502292633,360.026428223
95.508186340,59.633148193,503.344543457
96.587135315,59.613109589,454.629882812
94.997657776,60.706199646,426.326477051
96.810646057,58.810577393,358.563537598
95.225265503,59.886730194,492.743988037
95.906753540,60.644313812,468.761474609
96.539794922,58.974784851,407.849243164
95.538230896,60.811370850,448.011901855
93.938545227,59.403118134,300.288208008
96.954093933,60.851318359,356.491699219
95.919342041,58.870876312,433.173645020
95.782234192,60.429702759,491.139373779
94.612976074,58.793807983,348.582427979
94.021469116,60.068885803,325.357238770
97.085548401,59.962593079,389.692382812
97.266067505,59.883884430,360.290954590
96.053260803,59.486568451,492.561126709
95.782241821,60.084331512,510.435272217
95.897735596,59.865264893,511.316009521
96.423095703,61.342224121,345.631072998
95.273338318,59.395362854,476.870361328
97.024368286,60.717697144,360.139648438
96.402008057,60.568069458,447.981536865
94.000267029,61.288745880,238.883926392
96.601135254,59.192806244,424.471069336
94.717277527,59.371025085,418.301483154
94.974563599,59.373603821,449.062652588
95.729278564,60.135108948,508.852386475
95.129470825,60.848155975,421.367431641
95.528564453,57.807415009,257.771911621
96.718688965,58.183765411,280.442687988
95.431709290,59.357433319,482.982940674
-6.823195934,58.144515991,244.843444824
-7.901797771,55.718402863,494.834411621
-7.526713371,54.567813873,350.387420654
-6.935019493,56.341861725,462.077941895
-7.570094585,54.037250519,261.392303467
-8.146553993,55.811523438,488.335632324
-6.959887505,56.636001587,450.386260986
-7.624445438,56.973392487,457.156097412
-7.583361626,56.542217255,495.868927002
-7.308414936,56.567012787,483.549438477
-7.068685532,55.468654633,447.482391357
-8.009780884,56.570983887,488.164642334
-7.828790665,57.288444519,414.522766113
-7.775477886,56.586986542,493.689270020
-7.667747974,55.704219818,496.419921875
-7.971590996,56.445163727,497.043609619
-7.139820099,55.120689392,415.002502441
-7.167363167,56.910953522,444.770507812
-8.466479301,56.459995270,459.168029785
-6.564500332,56.864200592,384.935760498
-7.222147465,56.655155182,471.848968506
-7.982106686,55.564189911,481.085906982
-8.777031898,58.555263519,173.874450684
-8.199348450,55.192371368,431.434143066
-6.644136906,56.757812500,404.110137939
-8.814351082,56.479518890,414.774597168
-6.521709442,57.149055481,351.748687744
-7.885229588,56.411617279,501.521575928
-6.150406361,55.783351898,343.056701660
-7.362339020,55.343063354,455.669433594
-7.316370487,55.515319824,470.186431885
-4.577894688,56.042163849,111.487129211
-7.409266472,56.991600037,449.504180908
-9.096027374,54.029884338,195.749099731
-5.690167427,56.623985291,262.647155762
-7.484877110,55.646804810,488.635192871
-8.436815262,56.031482697,469.918151855
-7.426424503,56.046836853,503.381103516
-6.932539940,55.947109222,462.167907715
-8.266192436,56.463565826,477.980865479
-7.348817825,57.866733551,316.193511963
-7.315382004,56.392761230,492.964752197
-9.209907532,56.241191864,360.279144287
-8.842826843,54.370620728,263.469879150
-8.801335335,55.213275909,375.323974609
-6.695126534,56.547508240,424.391510010
-7.893692970,56.614482880,489.429199219
-6.489217758,55.541130066,383.275390625
-6.642876148,56.047969818,427.304901123
-7.333310127,56.051651001,498.670806885
-5.881605148,56.408622742,301.280487061
-6.680287838,54.097297668,228.941680908
-7.655935764,56.495563507,499.591949463
-7.481789112,57.259243011,416.853820801
-6.883335114,56.196689606,458.866607666
-9.088297844,54.648220062,274.603820801
-8.917119026,55.178043365,356.783447266
-7.541784763,55.079544067,429.753112793
-4.105817318,56.707611084,65.712738037
-7.136850357,56.760295868,456.935363770
-8.634312630,56.274097443,445.847991943
-6.293190956,54.050643921,190.994598389
-6.783631802,56.116802216,446.827087402
-7.739725113,56.249820709,508.972717285
-7.933757305,57.076492310,441.172119141
-6.681010723,55.074138641,364.106781006
-5.884010792,55.842494965,300.013977051
-7.206760883,55.229709625,433.336578369
-8.473927498,57.071834564,406.548767090
-7.479197025,56.386764526,500.971038818
-8.637177467,56.560619354,434.082855225
-7.161636829,56.110019684,487.014495850
-6.901797295,55.734008789,449.906158447
-6.363194942,54.375064850,238.617828369
-7.797094822,55.959358215,507.507049561
-7.098700523,55.747383118,470.706604004
-6.547916412,56.424911499,409.184783936
-6.801010609,57.215675354,376.518371582
-7.372207642,55.383270264,460.462066650
-7.674894810,55.425975800,473.445434570
-8.800658226,56.908622742,386.624908447
-7.923786163,55.427349091,470.677429199
-8.390311241,55.130874634,409.669311523
-7.048199654,55.902198792,472.890930176
-8.275957108,56.371162415,481.156494141
-7.379689693,56.069377899,501.398254395
-5.864721775,55.285163879,268.148529053
-7.143627167,56.476524353,476.986907959
-8.598964691,55.995849609,450.873901367
-6.721508026,54.213775635,249.002578735
-6.868564606,57.297145844,372.840637207
-9.493425369,56.924381256,283.675140381
-6.537666798,55.467430115,384.705108643
-6.267610073,58.004943848,218.663650513
-6.256028175,56.641193390,354.669464111
-7.805621147,56.337566376,506.045410156
-7.753116608,56.384647369,504.929656982
-8.057128906,56.806606293,466.571350098
-6.878931522,56.650482178,440.670318604
-7.944442272,55.882980347,501.513580322
-7.036055565,55.187042236,414.728485107
-7.766746521,56.440448761,502.371765137
-7.718556404,55.174610138,444.632995605
-7.845172882,55.927860260,505.813873291
-9.198931694,55.256694794,324.353820801
-8.305411339,54.958572388,393.656402588
-8.753433228,57.010936737,382.547790527
-8.556960106,55.234081268,405.823852539
-8.520851135,58.306957245,222.978607178
-7.112879753,56.883953094,443.376922607
-8.592604637,54.723896027,336.920532227
-8.867476463,57.399616241,323.774749756
-7.332914352,56.234802246,498.322113037
-5.995244503,55.984569550,322.325378418
-5.666584969,56.347320557,265.993072510
-7.109691143,56.765018463,454.319213867
-6.453183651,56.983238220,359.203186035
-7.627629757,57.728240967,345.221313477
-7.497553349,55.268291473,452.701538086
-7.343325138,55.374679565,458.072082520
-5.823972225,54.880798340,229.231842041
-6.978161812,57.554149628,345.950378418
-9.275168419,56.998703003,311.384033203
-7.881749153,56.688701630,483.979888916
-8.813368797,57.175212860,357.266937256
-5.956965923,56.041999817,316.546295166
-7.988455772,56.226741791,503.381988525
-5.930572033,54.697265625,225.777496338
-6.345438957,54.326286316,230.540695190
-8.281208038,57.944793701,292.797729492
-6.170775414,58.402816772,163.059524536
-7.087100029,56.688995361,458.647613525
-7.702497482,54.671287537,369.777709961
-8.035389900,56.833938599,464.940368652
-7.765370846,56.276256561,508.242370605
-8.444052696,55.147006989,406.910369873
-6.299915314,58.181659698,199.646621704
-8.458921432,56.163105011,467.986785889
-8.696625710,57.250591278,361.770141602
-5.630318642,56.520282745,256.204101562
-8.195130348,56.977878571,440.302825928
-5.529391766,55.764698029,238.504348755
-6.554706573,56.495170593,407.419250488
-7.965708256,55.972156525,503.383453369
-7.347482681,55.910999298,496.282897949
-8.812671661,56.151088715,423.231903076
-9.350872040,55.007141113,279.765686035
-8.162266731,57.035232544,435.655059814
-8.648568153,58.354110718,208.686523438
-9.597874641,55.011825562,244.935836792
-9.237790108,57.080089569,309.839111328
-10.971371651,56.702766418,94.200149536
-8.127096176,58.046859741,282.944274902
-7.357979298,55.912918091,496.926239014
-6.853288174,55.211627960,399.601165771
-7.769933224,55.201786041,447.937408447
-9.380506516,58.088619232,184.500915527
-7.290025234,56.827533722,461.317413330
-7.370028973,56.558780670,487.440979004
-7.309292793,55.714157104,484.686340332
-8.354236603,55.929634094,476.096557617
-8.195185661,55.154029846,426.959472656
-7.171867847,54.947696686,393.874755859
-8.486970901,55.227359772,412.175262451
-8.455331802,56.357345581,464.510498047
-8.496814728,57.008937836,411.494903564
-8.366130829,56.315822601,474.831878662
-7.593771935,55.764911652,499.063812256
-7.369453430,55.544754028,475.645080566
-8.394426346,56.751247406,446.979827881
-5.589249134,55.914161682,251.963851929
-8.207788467,57.494014740,368.996154785
-8.942186356,57.825000763,259.729339600
-7.381932735,57.626815796,357.003784180
-7.330257893,55.325176239,452.010742188
-8.141901970,55.706157684,482.992340088
-6.751337528,55.907516479,439.019165039
-7.470053673,55.788539886,496.836242676
-6.288206100,56.858795166,345.687683105
-6.924547672,55.889537811,459.498565674
-7.839951038,55.144493103,439.786895752
-9.077349663,57.315040588,308.106536865
-7.050410748,56.139827728,477.054870605
-6.211177826,57.426570892,281.171752930
-8.469367027,55.088069916,397.384704590
-8.340418816,57.381404877,377.104919434
-7.695289135,57.195835114,428.866485596
-6.481555462,56.889179230,371.429443359
-7.299819946,57.896816254,309.453033447
-8.052117348,56.888969421,458.436523438
-9.122030258,55.995788574,374.748291016
-6.414046764,56.352245331,391.041259766
-6.752600193,55.795967102,434.885833740
-8.071052551,56.203636169,499.628448486
-6.817669392,55.918037415,447.792053223
-7.133923531,55.989837646,483.177978516
-8.054307938,58.008750916,291.824005127
-7.394127846,55.575584412,479.427124023
-8.360728264,55.637077332,461.479278564
-6.781710625,58.576320648,180.696151733
-7.700621128,57.766551971,338.984344482
-8.837513924,56.263137817,418.376831055
-7.530817986,56.411369324,501.572113037
-7.845806599,56.411449432,502.491027832
-8.222659111,55.827831268,483.694976807
-6.602592945,55.202293396,368.813507080
-8.199308395,56.965694427,441.409362793
-6.661146164,56.372333527,427.015106201
-7.734012604,56.959205627,459.153717041
-7.700156212,57.062343597,446.673126221
-9.296316147,55.214443207,306.256408691
-5.367691994,54.958889008,174.407730103
-7.636404991,55.179073334,444.691741943
-7.908246994,56.412151337,500.827148438
-7.482717037,57.120491028,435.965667725
-7.959988117,54.711448669,373.256835938
-7.557277203,57.435581207,392.083679199
-8.518386841,55.892601013,457.926910400
-5.204613209,56.195831299,193.097076416
-7.661129475,55.952045441,507.664337158
-8.130731583,56.911434174,451.758575439
-6.514947414,56.403285980,405.033599854
-7.849603653,56.251552582,507.474884033
-7.742280960,54.642372131,365.056121826
-9.050341606,56.172237396,386.990356445
-8.490725517,55.175144196,405.860992432
-7.380836487,57.457447052,383.918487549
-9.059853554,55.529338837,365.933990479
-7.410386562,56.901878357,459.675109863
-7.503817081,56.439380646,499.517761230
-7.589548111,54.658477783,366.593078613
-8.059236526,54.836704254,389.547760010
-7.852904320,56.269519806,507.023223877
-6.768101692,55.339305878,403.416534424
-7.119919777,57.336750031,388.071533203
-8.534413338,57.744300842,307.867980957
-9.392799377,56.831829071,305.716033936
-8.702538490,57.186408997,368.939086914
-8.172154427,55.769950867,484.592407227
-9.051270485,53.706916809,159.700576782
-8.551936150,56.295734406,455.442138672
-6.977105618,57.950958252,284.468170166
-9.156010628,55.930328369,368.064178467
-9.501341820,55.784931183,306.336059570
-7.957679749,54.906650543,403.629211426
-8.740794182,55.733875275,423.792724609
-8.937673569,54.780353546,308.573638916
-6.588796139,55.512222290,395.342742920
-8.939614296,56.545181274,393.447753906
-6.004960537,57.726219177,223.113372803
-7.728537560,55.800384521,502.039764404
-6.707749367,56.637889862,420.795989990
-6.598995209,55.745147705,411.525970459
-7.223179817,55.485424042,461.475158691
-7.081708431,55.121871948,410.584625244
-8.746719360,56.934391022,391.053710938
-7.035077095,55.588771820,454.359191895
-7.581393242,55.569183350,485.328582764
-8.127198219,56.555309296,482.838806152
-7.623972893,56.434402466,502.401428223
-9.159410477,56.051273346,369.220062256
-7.309026718,56.980792999,446.050964355
-6.922310829,55.361995697,422.983825684
-8.102454185,56.182872772,498.034271240
-7.507732868,57.097473145,439.653625488
-8.743855476,53.992301941,217.692199707
-7.454208374,56.910713196,460.383026123
-7.714880943,56.716411591,483.955841064
-8.803109169,54.610057831,300.702819824
-7.145091534,55.608154297,465.645599365
-7.700253963,52.935855865,107.589347839
-8.206428528,54.878047943,388.512939453
-6.799274921,55.775115967,439.835235596
-7.380491734,55.755146027,491.079528809
-9.550694466,56.348213196,300.694976807
-8.575327873,56.661079407,434.989013672
-8.729372978,55.120651245,374.025146484
-8.737741470,55.798599243,427.146179199
-8.005692482,57.035907745,443.637786865
-8.867581367,57.629577637,293.690979004
-7.243731022,57.090465546,429.144104004
-6.943862438,57.375568390,369.007232666
-8.094697952,54.607513428,351.948913574
-9.176461220,55.375343323,337.273712158
-7.964003563,56.930877686,457.628417969
-6.949706554,56.750263214,440.727539062
-8.542490005,56.402614594,453.159545898
-6.951815128,55.329410553,422.696594238
-6.908266544,57.311527252,374.622009277
-8.670392036,55.172294617,386.611968994
-7.872093678,56.379928589,503.176727295
-9.288920403,55.346019745,317.805999756
-7.637752056,56.594429016,493.198028564
-6.270666599,56.228172302,370.034118652
-6.428942680,55.546352386,374.710449219
-7.250614166,57.513969421,369.428924561
-8.115138054,55.636856079,480.070617676
-7.561841488,56.027969360,507.706512451
-7.064538479,55.558406830,454.769317627
-7.891947269,55.529220581,481.070617676
-9.577360153,55.984622955,297.677581787
-7.765413284,55.953037262,507.682403564
-5.901392460,57.533424377,230.213165283
-7.251449108,56.084217072,493.732269287
-6.941847324,55.951778412,463.325164795
-7.281304836,54.859100342,387.568786621
-8.271612167,57.375400543,382.822784424
-8.534975052,54.171222687,258.101989746
-8.279580116,56.364078522,481.104339600
-6.646301746,55.678909302,414.551849365
-8.122859001,55.508426666,469.451416016
-6.953145981,57.143077850,400.381500244
-6.487036705,56.033527374,404.134063721
-8.649535179,55.852268219,440.768646240
-7.760736465,55.948036194,507.585021973
-6.947262287,57.547248840,344.578918457
-7.295354843,54.601001740,347.792480469
-7.207272053,57.405227661,383.631011963
-8.627425194,55.626541138,432.190368652
-7.044239044,58.029701233,275.914001465
-7.658315659,57.865333557,322.140594482
-7.941876411,57.363636017,400.688659668
-7.613799095,54.630088806,362.272399902
-8.478878975,56.255889893,464.633514404
-7.175951481,54.600498199,341.362792969
-6.333863258,54.571605682,260.511230469
-9.561728477,54.550693512,207.365890503
-8.563033104,58.346424103,214.802444458
-6.284086704,55.877918243,368.410308838
-6.119840622,55.585166931,328.504913330
-7.172337532,56.909500122,445.283508301
-9.262272835,56.659954071,337.028778076
-7.396655083,57.462448120,383.709594727
-8.403764725,55.897010803,470.319061279
-7.953741074,54.822891235,391.000000000
-5.792967319,56.050682068,288.424377441
-5.612139702,55.427680969,237.675933838
-7.511746407,54.993015289,416.800354004
-7.346725941,55.907974243,496.139862061
-7.007185459,57.009128571,421.021209717
-7.545181751,55.670776367,492.157226562
-8.055368423,56.053890228,500.616546631
-6.713684082,57.404312134,343.255981445
-7.075685978,54.955482483,387.928649902
-8.826164246,56.489009857,412.669769287
-6.626274586,56.490226746,417.806762695
-7.266655445,56.886829376,453.943023682
-7.727214336,57.020397186,451.865051270
-8.229638100,55.304431915,442.391510010
-8.219524384,55.301216125,442.733337402
-6.776241779,56.718048096,423.838836670
-9.599781990,55.173980713,257.329101562
-8.151698112,54.696929932,363.765106201
-7.199690819,57.152481079,418.499511719
-8.192348480,57.737354279,331.173706055
-8.397632599,59.574218750,77.467697144
-7.028481483,56.542217255,463.144470215
-7.729388714,56.884490967,467.541931152
-9.022335052,56.680942535,373.255401611
-5.398294449,57.459136963,172.694396973
-9.100921631,55.741722107,370.989685059
-8.725054741,56.318508148,432.911315918
-7.251613140,56.359558105,490.074920654
-7.555642605,55.268054962,454.267211914
-8.017220497,54.028442383,257.888916016
-6.869273663,56.512447357,447.833160400
-9.416273117,56.574466705,316.072479248
-6.758056641,57.812789917,289.656219482
-8.327521324,55.248855591,428.830200195
-7.673810959,55.530139923,483.259857178
-7.554083347,55.880386353,503.569458008
-7.180648804,56.855899811,451.361968994
-8.917344093,56.356838226,404.353302002
-7.447119236,57.141624451,432.060791016
-8.347521782,57.604068756,343.191070557
-8.611844063,57.577445984,326.085510254
-9.488342285,57.250579834,258.505859375
-8.330764771,53.836483002,217.306350708
-7.385894299,55.044441223,419.554779053
-7.059858322,55.605739594,457.971282959
-9.749385834,57.536872864,198.693496704
-5.894122124,55.435703278,282.894561768
-6.155896664,55.592124939,334.767242432
-7.195939064,54.765205383,368.384460449
-6.335858345,57.379615784,302.357238770
-8.090633392,55.627765656,480.826110840
-6.926169872,54.358146667,286.411224365
-8.805009842,56.132148743,424.385925293
-5.822529316,56.438152313,290.539703369
-7.436660290,54.797035217,384.942260742
-5.592323303,56.373401642,253.183639526
-8.196331024,57.877891541,307.963287354
-8.415131569,56.264751434,471.223541260
-8.192258835,54.527454376,334.641204834
-7.796681404,56.704532623,484.348937988
-9.833663940,57.851947784,162.045867920
-8.682708740,56.501396179,431.524139404
-7.027643204,55.112377167,404.800781250
-6.978744984,58.797634125,159.691375732
-8.249721527,56.510150909,476.844879150
-7.362993717,55.720317841,488.128692627
-6.029760361,56.667503357,316.711425781
-6.197331905,56.384567261,355.213348389
-6.826149940,54.252246857,262.787414551
-9.016037941,54.654361725,283.684387207
-8.073109627,55.499011993,471.363067627
-10.030670166,55.873378754,220.652648926
-6.703919411,55.489749908,408.981323242
-7.687096119,55.869499207,505.078369141
-5.738795757,55.845863342,275.461547852
-8.981432915,56.539810181,387.438751221
-8.396990776,55.100479126,405.328186035
-7.893730640,56.794479370,474.156646729
-9.621351242,56.598537445,281.056030273
-7.174486160,56.388862610,483.312103271
-5.345602036,56.207374573,214.724166870
-7.514256477,55.726531982,494.875701904
-7.477653027,55.991085052,504.506378174
-8.975953102,56.638118744,382.859313965
-7.855064392,55.026168823,423.403076172
-7.482970715,54.470878601,333.083282471
-6.975166321,56.013347626,468.291778564
-6.438661098,55.335422516,359.472015381
-7.330031872,55.490009308,468.696990967
-8.377720833,55.377696991,438.253692627
-7.823462009,56.883453369,466.653259277
-7.261759758,57.480018616,375.240112305
-8.111618042,55.910060883,494.367675781
-7.213237286,55.309059143,442.923553467
-9.260563850,56.713897705,334.182983398
-6.544057369,55.707378387,401.650482178
-7.877142429,58.149135590,272.431793213
-6.779725552,57.196575165,376.616668701
-7.861083508,55.140735626,438.928253174
-9.220545769,56.101234436,359.315582275
-5.852978706,58.168869019,161.176391602
-9.562481880,57.398128510,235.046508789
-8.782291412,56.423496246,421.627288818
-9.113789558,55.449512482,352.274841309
-7.815890789,56.735595703,481.353790283
-6.488707066,56.394672394,401.362701416
-6.908453465,56.456890106,454.930755615
-8.811681747,58.127323151,229.482849121
-6.712507248,56.670536041,419.268829346
-7.104765892,56.628940582,464.594207764
-8.515786171,56.762828827,433.705963135
-9.535661697,55.417285919,283.686157227
-7.369008541,56.104442596,501.081451416
-6.877396107,54.125869751,247.224685669
-8.386929512,56.902725220,433.375610352
-7.984978676,56.157096863,504.262268066
-7.529783726,55.394187927,467.701110840
-9.682841301,56.668720245,267.988311768
-8.315554619,55.704715729,469.809967041
-7.943727970,57.122779846,434.842926025
-8.513257980,54.970500946,378.244750977
-7.690770149,57.126094818,438.371154785
-7.481461048,57.246814728,418.620330811
-9.285200119,55.737369537,340.901397705
-7.859611511,53.795780182,222.523818970
-6.649861813,57.732803345,291.677947998
-9.407974243,54.817901611,253.481613159
-6.663759232,58.345962524,205.422790527
-7.533820629,55.587871552,485.703857422
-6.619532585,56.551410675,413.942718506
-7.487420082,55.621860504,486.895172119
-6.788934708,55.594669342,427.701843262
-8.742865562,56.911411285,393.734832764
-8.211801529,56.138656616,490.862915039
-9.284318924,55.666000366,337.989349365
-8.835640907,56.360298157,416.270202637
-8.366518974,54.958690643,389.140563965
-7.439859867,55.974670410,502.647766113
-7.555150509,57.003383636,452.513061523
-7.931934834,56.216487885,505.739135742
-8.158718109,56.196117401,494.291259766
-8.096518517,55.308223724,450.951110840
-7.716810703,55.753494263,499.559387207
-7.808223724,55.880405426,504.856567383
-8.198575020,56.699298859,467.583007812
-6.581520081,53.988113403,206.268127441
-7.069387436,56.283267975,477.294830322
-7.509867191,56.086277008,506.926300049
-7.807989120,54.817741394,392.919738770
-9.539566040,55.090538025,259.819000244
-9.113908768,57.874446869,236.087692261
-7.067271709,55.969955444,476.682098389
-6.981252193,55.187351227,409.752563477
-7.501503468,54.415603638,324.206542969
-8.455704689,54.645477295,336.799591064
-7.560258389,53.768142700,217.542648315
-6.901281834,54.401824951,291.332794189
-6.843225479,57.853687286,290.287719727
-9.089453697,54.858039856,299.423339844
-8.243126869,56.883880615,447.184509277
-6.468314171,55.172451019,347.922210693
-8.139002800,54.900524139,395.474792480
-7.461492062,57.145633698,431.994201660
-8.935754776,56.801818848,377.359252930
-9.458549500,55.459411621,298.586914062
-8.189781189,55.732711792,481.350860596
-9.709260941,56.359210968,273.587097168
-9.013167381,56.955921173,353.389038086
-7.152783394,57.634021759,345.325653076
-6.704400063,56.887882233,400.937774658
-8.160684586,54.993225098,407.621490479
-7.165835857,54.941135406,392.531066895
-7.387697220,53.711986542,205.803680420
-8.708576202,56.569869995,424.462432861
-8.919678688,56.282272339,405.845489502
-8.521415710,54.831859589,358.605010986
-9.064223289,56.968441010,344.993774414
-8.695795059,54.843406677,343.415100098
-6.716680050,55.891262054,433.907806396
-8.212405205,54.459995270,322.676055908
-8.074384689,55.128982544,430.366424561
-7.413686752,57.431388855,389.106842041
-6.494106293,56.228599548,405.569366455
-7.444534302,55.637928009,486.458801270
-7.276715279,54.790344238,376.863677979
-7.580470562,55.120357513,436.125396729
-7.160101891,55.565616608,463.576110840
-8.808075905,55.115123749,363.989776611
-9.010191917,55.540569305,374.152343750
-6.726505756,56.353176117,436.405364990
-6.854167938,56.811553955,425.332366943
-9.012165070,57.124618530,337.241729736
-7.726868629,56.714656830,484.080078125
-8.347495079,56.760326385,450.496429443
-6.783672810,53.392127991,141.097076416
-6.971574783,56.181068420,468.867950439
-6.867443562,57.033744812,404.747558594
-8.863809586,56.462673187,408.447448730
-7.923812389,55.833126068,500.199432373
-7.111290455,55.928649902,479.619293213
-7.992431164,57.213756561,420.780334473
-8.781119347,56.581222534,414.115509033
-7.359117508,55.753452301,489.862426758
-6.215171337,55.834808350,355.687194824
-7.464502811,56.764476776,475.465087891
-6.655889511,56.443836212,423.829986572
-8.178093910,57.757205963,328.636840820
-8.533744812,54.799091339,352.893524170
-8.315910339,54.376285553,303.707763672
-8.649303436,55.417053223,413.526062012
-7.240916252,56.187934875,492.942016602
-8.835054398,55.945472717,418.177032471
-8.299159050,56.498210907,473.408599854
-9.229387283,56.526927948,348.913909912
-9.220541000,54.866512299,283.385772705
-9.485584259,55.816108704,309.931427002
-9.899113655,58.917846680,74.754257202
-8.529836655,56.299594879,457.923919678
-6.636005878,55.295597076,382.670471191
-6.532729626,56.437492371,406.509063721
-8.960574150,54.895580292,319.914611816
-9.515217781,55.793972015,304.262969971
-8.403599739,54.551082611,326.072998047
-5.497039795,55.589546204,227.250671387
-6.326266766,55.315967560,341.376647949
-7.474167347,56.254608154,504.646514893
-8.506392479,56.668399811,442.197174072
-8.535004616,54.883945465,364.600708008
-6.932178974,57.785156250,307.343017578
-7.063055992,56.661071777,458.615356445
-8.390813828,53.737239838,200.084182739
-8.296996117,54.829734802,375.758605957
-10.243128777,57.364589691,150.698348999
-7.214626789,56.209674835,490.804931641
-7.193119049,56.444004059,482.474975586
-6.949246883,56.233444214,465.936035156
-7.017203331,57.338413239,380.221893311
-8.390993118,55.267047882,425.509033203
-8.594318390,55.275848389,406.259277344
-7.047075272,55.256126404,423.766235352
-9.623757362,56.213253021,290.163818359
-6.713159561,57.187149048,370.460113525
-6.408379555,56.857131958,363.615539551
-7.101986408,54.956974030,390.164428711
-7.068865776,56.125709534,478.823608398
-6.771920204,54.702564240,325.016967773
-8.301416397,54.948619843,392.548187256
-7.843252659,56.103225708,508.808135986
-8.911941528,55.498325348,385.585632324
-7.860093117,57.397956848,397.484741211
-8.332638741,55.533493042,456.271484375
-7.748220444,58.369880676,237.165420532
-6.602341652,56.284343719,420.829772949
-8.162650108,54.617992401,350.681243896
-8.165787697,58.890132904,154.142333984
-8.560340881,55.271030426,409.429199219
-7.191564560,54.420993805,313.190826416
-6.005685806,56.535621643,318.441497803
-7.038173676,55.069427490,400.209747314
-8.536536217,56.327533722,456.396911621
-7.198892593,55.617130280,470.559448242
-7.820130825,56.832141876,472.076507568
-6.483716488,56.284915924,403.215759277
-6.638263702,56.403610229,422.846710205
-8.291794777,55.329593658,440.515136719
-8.220009804,56.362411499,485.957214355
-6.823178291,56.948974609,408.962371826
-8.106836319,55.927570343,495.186950684
-7.862921238,57.439678192,390.955047607
-9.164752007,54.067970276,194.588729858
-7.851461887,57.234413147,421.918334961
-8.126142502,57.392475128,388.877868652
-7.930333614,55.475879669,475.165039062
-8.487853050,56.891536713,424.772827148
-7.991619587,55.391376495,464.694671631
-9.273446083,56.576110840,339.510223389
-6.357585430,57.198097229,325.017333984
-7.374893188,55.766094208,491.398895264
-8.874840736,55.271263123,371.580932617
-7.598768234,55.150726318,440.475067139
-7.719969749,55.432483673,474.242889404
-7.126097202,56.808959961,451.706237793
-7.743455887,55.167442322,443.680114746
-7.323530674,56.825454712,463.404296875
-7.483053207,56.677379608,483.599121094
-7.442607880,57.584255219,365.810821533
-7.740278244,55.117164612,437.069763184
-10.252307892,57.472019196,143.472106934
-8.051329613,54.484260559,333.259307861
-9.708408356,56.325969696,274.344268799
-7.875876904,56.742774963,479.452331543
-6.312121391,57.926929474,232.766418457
-8.321361542,56.250671387,480.538085938
-8.187533379,57.247276306,406.476318359
-5.861775398,57.564300537,222.224060059
-5.197530270,55.636287689,183.774841309
-7.964336872,55.543205261,480.013519287
-5.753686905,56.558467865,275.453186035
-7.211064339,56.742656708,464.028778076
-8.415705681,57.020172119,417.989715576
-6.636726856,54.635303497,301.997833252
-7.865215302,56.187709808,508.047760010
-7.554250717,57.754955292,339.934448242
-7.696864128,56.826210022,473.666839600
-6.527851105,56.369678497,407.961730957
-5.705004215,57.123546600,237.685791016
-7.375513077,54.835170746,388.477325439
-7.848809242,57.870010376,320.212127686
-6.811413288,56.595478058,436.378540039
-8.698340416,57.089317322,380.672851562
-7.515848160,56.905540466,462.840179443
-8.331071854,55.321887970,436.550933838
-8.443081856,56.880977631,430.287048340
-6.924791336,56.615524292,448.049652100
-7.472726345,54.705699921,371.607971191
-8.982515335,56.497413635,389.274597168
-9.335695267,57.359615326,269.173522949
-8.429359436,57.024459839,416.243652344
-8.210730553,56.642330170,471.167205811
-7.319488525,55.344951630,453.580749512
-8.692056656,57.159534454,373.313171387
-7.580193520,55.503372192,479.593872070
-6.931886196,56.710250854,442.065002441
-7.804440498,56.872886658,468.089355469
-8.249978065,54.653888702,351.831604004
-7.427012444,56.457706451,495.798004150
-7.679175377,58.711605072,184.573364258
-8.617838860,56.627693176,432.260314941
-7.688737392,58.750320435,178.993499756
-6.387409687,56.438602448,384.340606689
-7.044734955,56.344844818,473.353881836
-9.193685532,56.739849091,343.117492676
-9.343180656,54.838283539,264.164337158
-6.660822392,57.357753754,343.664489746
-7.377763271,55.933170319,498.619110107
-7.152224064,55.991519928,484.772338867
-7.487907410,57.040004730,446.385864258
-7.400765419,55.559440613,478.420043945
-6.828760624,57.489219666,342.872955322
-6.874955654,54.884014130,360.459838867
-7.113471031,55.315319061,436.024505615
-9.456538200,56.472232819,313.286956787
-5.543200970,56.972946167,223.190490723
-8.286767960,56.286254883,482.817993164
-7.010566711,55.474617004,442.572387695
-7.958696842,56.243309021,504.319427490
-9.153318405,56.017528534,369.906616211
-7.714657307,54.873943329,402.008850098
-8.533112526,55.745628357,450.180236816
-8.574466705,55.379600525,418.717559814
-8.366221428,56.753025055,449.445251465
-7.610462189,54.770149231,384.964538574
-9.620423317,55.974826813,290.188049316
-6.811423302,54.226852417,257.853759766
-8.398242950,55.225730896,420.238159180
-10.122035980,55.754802704,204.089187622
-6.679086208,54.080520630,226.455429077
-7.921292782,55.411437988,469.151184082
-7.242651939,55.811779022,485.615112305
-6.604738235,55.638195038,406.312011719
-8.754949570,57.834545135,275.956573486
-8.372442245,55.975955963,475.479431152
-5.571688652,57.072460175,221.557785034
-6.859816551,55.504455566,429.171142578
-6.976438999,57.136104584,403.347412109
-8.976556778,57.080936432,346.507110596
-7.821226597,55.848442078,503.377105713
-7.668479919,55.575958252,487.098480225
-8.608834267,55.996051788,449.657043457
-6.896493435,55.802330017,452.778045654
-6.967707634,55.952560425,466.160827637
-9.255839348,57.450702667,270.056640625
-6.797182083,54.952316284,361.850250244
-8.887796402,56.159027100,412.195953369
-8.682899475,55.258121490,394.351257324
-6.164598465,56.242439270,352.224914551
-6.564496517,58.453269958,184.657455444
-7.786932468,56.664611816,487.772277832
-7.874273777,56.362224579,503.790954590
-7.246470451,55.512172699,465.486541748
-7.770770550,54.856281281,399.186981201
-9.480050087,55.055477142,265.586029053
-6.279360771,56.497280121,365.026367188
-7.628005981,56.390083313,504.381500244
-7.100233078,57.398994446,377.763549805
-7.972942352,56.789745331,471.970642090
-7.790486813,56.258026123,508.369110107
-9.863281250,56.450607300,246.002944946
-8.118441582,56.421455383,490.622589111
-7.549631119,57.408405304,396.166198730
-7.767759323,56.755596161,480.163909912
-7.164362431,55.854064941,481.508972168
-8.700972557,56.348587036,435.283508301
-9.374840736,56.531501770,324.760589600
-7.283975124,57.770244598,329.795196533
-7.867855072,55.096210480,432.863281250
-8.454267502,56.494770050,458.730407715
-8.032139778,56.174190521,501.970184326
-7.933481693,56.111804962,506.327423096
-8.987605095,54.633853912,284.276855469
-6.668913841,55.956737518,429.276336670
-7.450771332,54.930923462,405.826538086
-75.842247009,27.717567444,485.403381348
-75.577285767,28.523204803,449.176452637
-76.230735779,28.021148682,515.625610352
-78.455207825,27.880620956,269.934722900
-76.171638489,27.463577271,488.212188721
-77.883972168,28.278625488,365.653381348
-76.899375916,28.380298615,488.970794678
-76.911209106,27.406061172,468.852416992
-76.811569214,28.064619064,504.907287598
-75.906074524,27.922601700,497.455383301
-75.644805908,28.632040024,448.270568848
-76.557640076,28.918392181,455.184936523
-77.323524475,28.402225494,444.426300049
-77.036552429,28.776165009,445.139648438
-77.499664307,27.981288910,430.462646484
-75.528656006,25.839145660,216.661254883
-77.059242249,27.856866837,482.837005615
-75.438796997,28.713491440,417.742095947
-77.789642334,27.463026047,366.862701416
-75.636360168,29.797323227,290.652252197
-77.549263000,29.478277206,301.361999512
-77.654167175,29.700962067,259.144592285
-78.103477478,28.295068741,327.863739014
-77.916229248,27.294061661,335.020080566
-77.361015320,28.424377441,438.401336670
-74.645912170,29.702854156,209.946502686
-75.776794434,28.707334518,454.110168457
-76.271018982,27.641958237,504.441711426
-76.841819763,28.689678192,468.946533203
-75.023963928,28.256643295,382.983001709
-75.704238892,27.022047043,408.276092529
-76.660446167,26.609283447,374.458496094
-75.665962219,27.190128326,425.086486816
-77.354637146,26.591733932,327.142333984
-76.547760010,28.051958084,516.410705566
-76.496009827,28.525623322,497.550994873
-75.630683899,27.313611984,434.572418213
-77.674972534,26.642921448,299.847198486
-76.908561707,27.692537308,489.607238770
-75.572174072,29.498451233,332.998443604
-76.372917175,27.482358932,494.104309082
-75.727409363,28.026655197,482.492218018
-76.068527222,28.624559402,481.753601074
-76.847656250,28.576557159,478.933197021
-75.697250366,26.439765930,321.612823486
-77.603088379,29.265130997,324.025421143
-75.709732056,28.397378922,471.075225830
-76.029243469,29.164319992,414.215667725
-76.801528931,28.393356323,494.907257080
-77.825012207,29.257144928,297.015472412
-77.145591736,27.540990829,458.890106201
-75.976432800,28.734947205,466.054687500
-75.402427673,29.633478165,297.958679199
-77.890617371,26.750181198,285.949157715
-77.246109009,26.710664749,354.608001709
-76.406661987,29.848302841,306.638549805
-76.694427490,28.201593399,508.949859619
-78.782585144,27.945831299,216.363128662
-76.596153259,27.270248413,470.728302002
-75.454185486,29.320878983,348.303344727
-76.428153992,30.497243881,197.501174927
-76.247032166,27.135562897,454.946136475
-75.845252991,27.574743271,477.209930420
-75.799255371,27.497987747,467.535644531
-78.390617371,29.023523331,239.859771729
-76.228263855,26.267616272,317.335327148
-77.452201843,28.236042023,434.167480469
-77.589981079,28.543186188,399.297729492
-74.568046570,26.388271332,199.058380127
-74.804374695,27.394474030,325.412414551
-78.159362793,28.154024124,321.197753906
-76.474624634,28.511959076,498.895446777
-76.100502014,27.660696030,499.625457764
-75.088928223,28.739244461,367.625030518
-76.193725586,27.562721252,496.951721191
-75.530281067,29.414377213,342.034332275
-76.215026855,28.444593430,501.491485596
-77.215057373,27.960474014,467.886383057
-77.468948364,28.121938705,434.288635254
-76.100936890,26.255119324,311.936889648
-76.842353821,29.284603119,390.810577393
-76.913116455,28.578771591,474.109985352
-75.600860596,27.727302551,461.500610352
-77.330169678,28.220541000,451.089569092
-76.009689331,25.967332840,260.234375000
-75.690940857,28.085159302,478.568603516
-76.265365601,29.606254578,348.683685303
-75.217231750,29.548543930,292.180541992
-74.612464905,28.081443787,314.888702393
-76.413368225,28.529932022,497.923278809
-78.250465393,29.747734070,189.737457275
-77.896614075,26.763822556,286.698638916
-76.525253296,25.290725708,162.728805542
-76.173583984,28.587152481,489.388549805
-76.287811279,30.341547012,222.137237549
-76.553451538,27.532550812,496.742675781
-76.586822510,28.450529099,501.031921387
-76.977752686,28.105081558,491.984466553
-76.130172729,29.328130722,392.680175781
-75.069961548,27.533672333,377.009826660
-76.920753479,29.390548706,369.430175781
-77.832916260,27.480392456,361.120544434
-75.361091614,26.899772644,356.487762451
-76.623535156,28.425754547,501.484802246
-76.461402893,28.159986496,516.416442871
-75.603973389,27.617322922,456.016723633
-77.065689087,27.481801987,462.423370361
-76.138885498,28.708381653,476.748809814
-74.754837036,28.077482224,339.736328125
-77.034164429,25.985191345,255.317459106
-76.771339417,26.810386658,402.503997803
-75.215065002,28.402366638,407.877136230
-78.658218384,28.576484680,225.228698730
-76.645256042,29.693986893,330.210113525
-77.504684448,25.854869843,207.343383789
-76.675834656,29.244443893,404.712707520
-77.056098938,29.744985580,302.584625244
-76.997924805,29.630950928,325.192810059
-77.293373108,27.149480820,406.816589355
-76.999168396,27.672622681,481.147308350
-77.959236145,26.911094666,293.957031250
-76.302444458,26.884309769,420.896362305
-75.296142578,29.392242432,322.010192871
-76.732231140,28.269466400,504.827148438
-74.991058350,28.484235764,369.062164307
-76.364486694,29.147153854,424.990692139
-74.574409485,27.206834793,275.266723633
-75.528999329,27.376773834,429.152526855
-74.410263062,27.252395630,252.546813965
-75.380447388,28.475439072,427.646545410
-75.844589233,27.795522690,488.952423096
-75.698242188,27.372621536,447.176147461
-77.747169495,27.731739044,387.142883301
-76.344268799,27.598958969,502.821746826
-76.085922241,27.715934753,501.921875000
-77.917427063,28.316249847,358.846282959
-73.144424438,28.599758148,95.952400208
-75.542770386,28.103284836,461.443176270
-76.227180481,27.970882416,515.232604980
-76.491409302,28.040075302,517.474670410
-76.339103699,28.736974716,478.366210938
-76.112670898,28.575704575,488.022460938
-77.366256714,28.131023407,448.333862305
-75.350341797,27.868856430,433.949859619
-78.548995972,27.617748260,248.346160889
-75.515060425,28.738271713,424.602050781
-77.555824280,28.250373840,418.720520020
-74.994522095,29.923725128,219.674713135
-76.537445068,27.404310226,485.978363037
-75.236297607,27.411466599,393.566284180
-75.743232727,29.729955673,308.303039551
-77.099075317,28.323465347,474.089111328
-78.161399841,28.454601288,312.184387207
-77.981155396,28.502235413,340.131683350
-76.037872314,27.612041473,493.318756104
-74.560920715,29.762332916,194.280654907
-75.619506836,27.437278748,444.698089600
-77.460029602,26.783168793,342.920074463
-76.438514709,27.488273621,494.662933350
-76.560913086,25.349328995,170.545928955
-77.086837769,27.480020523,460.269744873
-78.266296387,27.504829407,290.955932617
-77.658927917,27.353899002,378.853027344
-77.209976196,26.457094193,319.472869873
-75.137374878,29.337965012,311.071289062
-77.374977112,28.235879898,444.756072998
-77.530899048,26.708303452,325.023040771
-76.477500916,27.991956711,517.550720215
-77.504554749,28.157669067,428.569885254
-77.187171936,27.871517181,469.695037842
-76.805786133,26.814750671,401.568969727
-74.078674316,28.423555374,219.618148804
-75.478103638,27.347864151,420.429595947
-75.332305908,28.519502640,418.431579590
-75.047058105,27.647586823,379.571777344
-75.600440979,28.054821014,468.625610352
-75.812194824,29.561992645,339.976379395
-77.136398315,25.556825638,186.140182495
-76.445068359,28.424335480,505.293701172
-76.557495117,27.172281265,460.104980469
-77.493675232,27.566503525,417.577667236
-76.534934998,26.415052414,344.127532959
-75.632728577,27.580869675,456.940185547
-76.145858765,26.973407745,429.954772949
-77.093833923,27.636732101,470.275573730
-75.796089172,26.672477722,365.494232178
-75.892112732,29.249191284,394.267974854
-77.673408508,30.253686905,182.079345703
-78.317718506,27.842456818,293.041229248
-74.296203613,28.669008255,245.611129761
-77.531532288,27.993738174,425.836273193
-75.793762207,28.480928421,474.039093018
-76.847335815,28.747812271,462.614685059
-75.595764160,28.972946167,408.214080811
-75.291656494,27.463356018,405.402313232
-74.752044678,29.178834915,278.370788574
-77.539207458,27.290090561,390.414276123
-76.620452881,28.326051712,507.153381348
-76.744384766,27.998640060,508.901641846
-76.504562378,27.527816772,497.259735107
-74.942321777,28.225347519,370.168731689
-76.337867737,27.107667923,452.912292480
-75.888969421,27.886180878,495.367675781
-77.353706360,26.630876541,332.903625488
-77.203231812,28.790401459,427.417144775
-77.409065247,27.878387451,441.970001221
-75.917495728,27.160243988,442.718963623
-74.536132812,26.404340744,197.017593384
-76.375335693,27.664808273,507.237487793
-75.817314148,26.518342972,342.485992432
-75.751190186,27.114578247,424.136444092
-75.976760864,28.435256958,490.991363525
-75.748260498,26.838546753,386.811950684
-76.408210754,27.911695480,516.942626953
-76.997299194,29.924915314,275.990417480
-78.344818115,27.510862350,278.122253418
-77.027313232,25.977413177,254.402130127
-76.542022705,27.995985031,516.500732422
-75.481712341,28.533246994,437.120635986
-75.841491699,28.861923218,442.989318848
-76.846107483,27.736518860,496.193450928
-75.575912476,27.545246124,448.086364746
-75.582496643,26.989505768,392.352691650
-77.245338440,27.748384476,459.097503662
-75.789222717,27.400646210,458.326354980
-76.302627563,28.531879425,497.082458496
-75.895324707,29.990407944,272.365753174
-75.782066345,27.553968430,470.201171875
-76.737869263,28.596986771,483.611206055
-76.700057983,27.937612534,510.538696289
-75.547874451,27.955003738,461.796051025
-76.532424927,27.717586517,508.987701416
-76.936004639,28.433265686,483.003143311
-75.879577637,29.361249924,376.230133057
-75.970695496,30.048149109,265.340332031
-76.848625183,30.248256683,229.044784546
-75.525077820,28.360429764,452.249481201
-76.210128784,27.235609055,466.178771973
-77.037078857,26.476058960,334.877960205
-77.200187683,27.649526596,459.684539795
-76.615554810,28.729053497,475.869445801
-75.708290100,29.175144196,392.045532227
-76.710357666,28.010873795,510.665924072
-76.159416199,25.855300903,245.824676514
-76.406318665,27.819492340,514.483581543
-74.746826172,28.362592697,333.404113770
-77.233085632,28.143886566,464.935272217
-75.374908447,27.551927567,423.120269775
-75.582817078,26.992944717,392.826446533
-76.365722656,26.116619110,292.862365723
-75.015380859,27.698638916,376.728485107
-75.939651489,27.303283691,460.495727539
-76.858505249,26.091133118,280.296081543
-76.423286438,27.525077820,497.711944580
-74.906806946,28.937936783,323.565795898
-77.254981995,27.423585892,437.923187256
-77.474174500,29.009599686,371.497100830
-77.697463989,28.323740005,394.447570801
-75.635467529,27.516723633,452.739410400
-77.990242004,28.794956207,319.245300293
-74.627731323,27.928834915,316.765441895
-75.956176758,26.775522232,391.676574707
-76.362716675,29.256984711,407.985290527
-78.706962585,27.893102646,228.097000122
-76.955039978,29.419322968,362.661071777
-76.636810303,28.238832474,510.162628174
-74.875160217,27.949411392,359.907135010
-74.990798950,28.042472839,380.037597656
-75.633125305,29.288370132,369.548309326
-76.613319397,27.597040176,499.826141357
-75.111778259,26.808341980,314.405303955
-77.919425964,28.185043335,361.994201660
-74.689262390,29.379613876,249.577209473
-76.101913452,28.671554565,478.906646729
-77.884956360,25.882978439,181.616714478
-77.232536316,29.071067810,391.097106934
-77.238426208,25.602443695,187.967880249
-76.577316284,28.558694839,493.160675049
-75.158706665,30.082319260,212.807403564
-77.359413147,27.711627960,443.325836182
-75.204551697,27.665393829,405.035644531
-78.034698486,27.074361801,298.546752930
-77.344352722,28.281278610,447.259979248
-75.871192932,27.589578629,480.352020264
-75.379364014,28.155635834,439.318389893
-76.817695618,28.063524246,504.523864746
-77.556068420,27.012704849,359.781799316
-77.835426331,28.532321930,362.215301514
-77.672538757,28.087570190,403.960327148
-76.021018982,27.891439438,504.736083984
-77.131080627,27.574138641,462.640319824
-76.210128784,27.371900558,480.917938232
-76.827301025,27.972841263,503.799255371
-76.975654602,27.339450836,457.610046387
-75.386306763,30.069946289,231.484771729
-74.708923340,27.903272629,330.560913086
-75.927558899,28.541851044,480.287780762
-75.190322876,27.075386047,355.556091309
-77.677314758,27.284837723,370.453826904
-75.506683350,27.978532791,456.899871826
-76.248802185,25.943561554,262.100006104
-76.915046692,28.195127487,495.391082764
-76.169250488,27.870925903,511.514923096
-76.483978271,27.416740417,487.950469971
-77.437889099,28.450687408,426.653930664
-74.999748230,28.948503494,336.210662842
-76.171577454,27.377593994,480.208831787
-78.182403564,28.083181381,317.897216797
-77.404685974,26.235754013,269.884185791
-74.960739136,27.992559433,374.809814453
-76.013999939,27.751184464,499.581024170
-76.779312134,27.587282181,491.865478516
-77.124298096,29.142890930,391.635162354
-77.132186890,26.662673950,357.238922119
-75.815322876,27.479946136,467.492889404
-77.946510315,28.627614975,338.369415283
-77.455802917,29.016534805,372.932067871
-76.319793701,27.451591492,490.890686035
-77.054267883,29.098812103,403.761016846
-76.020507812,28.417016983,494.776367188
-76.238960266,28.981004715,447.257141113
-77.915115356,28.895336151,322.262329102
-76.533134460,28.056222916,516.708557129
-76.517379761,26.688564301,390.358215332
-76.182792664,28.937541962,451.596343994
-75.499771118,29.008907318,393.900726318
-75.513694763,28.201120377,456.271942139
-77.505668640,28.604469299,406.958526611
-75.552825928,26.839843750,369.344726562
-76.500663757,28.189697266,515.222290039
-76.414802551,29.551454544,358.790618896
-76.984367371,28.584665298,467.923828125
-76.064231873,28.953968048,445.092987061
-74.945709229,27.047218323,318.139007568
-77.404960632,28.675767899,414.640472412
-76.319381714,28.551534653,495.730041504
-78.307350159,27.216632843,267.544311523
-75.982566833,28.783699036,461.241241455
-76.397186279,28.053022385,518.026184082
-75.606086731,28.245271683,466.222290039
-77.941650391,28.330034256,354.303527832
-77.097244263,26.663309097,360.053131104
-75.831748962,28.661128998,463.038177490
-75.503639221,29.771291733,285.353363037
-75.843437195,28.612194061,468.286224365
-76.371032715,28.070058823,517.848571777
-76.460060120,26.992328644,437.452789307
-74.948448181,28.516124725,360.550506592
-76.257865906,29.208005905,414.668609619
-76.990859985,28.599084854,466.154327393
-76.639503479,27.216569901,463.279205322
-78.340911865,27.984825134,290.429504395
-76.773414612,27.617290497,494.171264648
-76.578613281,27.802898407,511.589050293
-73.960739136,28.011686325,205.258865356
-76.625282288,27.999155045,514.157409668
-76.610031128,28.186428070,512.673400879
-76.729843140,26.826589584,406.717956543
-74.697250366,28.566278458,316.563415527
-76.553024292,27.843746185,513.581481934
-75.370048523,27.318525314,404.053894043
-77.396667480,27.466064453,423.935577393
-76.417465210,28.908897400,458.287689209
-75.289260864,27.722414017,420.243682861
-76.335105896,29.422658920,380.749114990
-77.865745544,28.753814697,341.899383545
-77.128143311,27.318387985,441.927734375
-75.486381531,28.014440536,454.530334473
-75.612586975,28.660579681,442.442749023
-77.312118530,28.527870178,438.014984131
-76.438011169,28.257059097,513.749267578
-75.597465515,28.802488327,427.398559570
-76.304962158,28.054565430,517.221618652
-75.635040283,26.803262711,372.012634277
-76.192550659,26.548145294,364.605346680
-77.281402588,28.635490417,433.348083496
-73.789131165,27.494371414,170.489364624
-76.902160645,28.292428970,493.036346436
-76.471916199,27.815177917,514.004333496
-75.237213135,28.541975021,403.567382812
-75.137184143,28.289962769,400.200653076
-74.874656677,26.454303741,242.096832275
-76.782363892,27.800325394,502.778656006
-75.934783936,27.976211548,500.338195801
-77.780204773,30.989267349,94.959548950
-74.401092529,27.453355789,262.506896973
-75.578109741,27.814672470,462.257324219
-76.838851929,26.977666855,423.558349609
-76.678703308,28.200662613,509.674011230
-74.288368225,29.022796631,224.088195801
-77.262397766,28.120271683,461.777984619
-77.820945740,28.195121765,378.284515381
-76.973510742,28.446147919,479.097045898
-75.105506897,26.694093704,299.474060059
-76.823905945,27.935993195,503.609680176
-77.718849182,28.342966080,390.311553955
-76.542175293,26.795749664,407.143371582
-76.729866028,27.578279495,493.849945068
-77.186485291,27.749572754,465.950286865
-76.870155334,27.104433060,438.555969238
-78.588783264,27.863758087,247.189895630
-77.249862671,28.146541595,462.873291016
-76.470046997,27.523746490,497.351013184
-76.525733948,26.402359009,342.045715332
-75.588706970,27.631530762,455.109954834
-76.846244812,27.495334625,480.989959717
-76.112289429,27.165199280,454.188262939
-77.219543457,26.316474915,296.792236328
-74.979469299,29.367149353,288.183197021
-76.478096008,28.623834610,489.401519775
-77.997604370,28.847879410,313.797607422
-77.014602661,28.849370956,438.886901855
-77.328605652,28.972524643,393.141632080
-77.606781006,28.197887421,412.439514160
-77.839920044,27.426542282,356.550445557
-78.465019226,25.379079819,91.774543762
-75.542961121,28.193435669,460.074768066
-75.480323792,26.920732498,372.670471191
-78.116775513,28.159137726,328.523071289
-77.649909973,28.842739105,366.044067383
-76.410469055,28.795658112,472.058898926
-77.147727966,27.749359131,470.204010010
-76.542343140,27.811075211,512.754821777
-77.321426392,27.541625977,438.801696777
-76.157508850,28.223222733,510.240661621
-75.795555115,27.541156769,470.500213623
-75.826004028,28.315525055,485.888031006
-76.618385315,27.853670120,512.020202637
-76.700347900,26.741849899,394.654144287
-76.760581970,27.465003967,483.498992920
-77.359802246,28.071468353,449.875671387
-75.331832886,28.719718933,403.500701904
-77.207771301,27.080619812,407.895202637
-76.511024475,27.553758621,499.149261475
-75.474113464,28.193550110,451.382171631
-74.587318420,26.534616470,216.373657227
-76.006164551,28.311973572,499.365142822
-77.728446960,26.953226089,330.418334961
-75.751312256,28.322317123,478.775238037
-77.095748901,28.570699692,458.855957031
-75.663253784,28.903282166,422.997985840
-77.339424133,28.740226746,416.946441650
-76.627426147,28.446172714,500.020446777
-77.402061462,26.294532776,278.860260010
-74.048271179,28.170507431,218.790817261
-76.812225342,26.267736435,311.812530518
-76.409156799,27.012825012,440.473144531
-75.442092896,26.952325821,372.496368408
-75.642837524,25.390464783,160.118301392
-75.410362244,27.943492889,443.755126953
-76.429412842,30.169910431,250.588668823
-75.532821655,27.824428558,457.069549561
-77.624824524,25.452104568,148.617553711
-77.328796387,27.616065979,442.467773438
-74.877983093,25.377819061,119.650535583
-76.203796387,29.111495972,428.111206055
-76.659446716,28.281230927,507.695159912
-77.344619751,28.368246078,443.480499268
-77.199226379,28.110498428,469.421813965
-75.457672119,31.305805206,85.545753479
-76.388587952,27.743965149,511.425994873
-78.078613281,26.791950226,265.156951904
-76.305549622,28.296535492,511.528503418
-74.829429626,28.155143738,352.101501465
-75.936775208,27.781898499,495.709350586
-74.792861938,27.503969193,330.309814453
-74.648262024,29.429813385,239.107452393
-76.122909546,26.620687485,374.564117432
-75.892715454,27.835517883,494.275604248
-77.726417542,28.276821136,391.500946045
-77.826622009,28.030204773,379.192474365
-76.276565552,28.849956512,464.705718994
-76.837738037,28.345838547,495.165222168
-76.106689453,27.477951050,486.770935059
-75.365798950,27.673513412,428.883117676
-74.934265137,29.446256638,273.178344727
-76.096031189,29.352081299,387.711547852
-77.043243408,28.988418579,419.458221436
-75.347206116,28.385566711,427.756469727
-76.874588013,27.023725510,427.757202148
-75.583435059,29.070995331,394.818817139
-73.900001526,28.485181808,190.802017212
-75.751007080,30.141027451,241.572616577
-76.631546021,27.263856888,468.974365234
-76.124916077,28.005397797,511.745361328
-76.095161438,27.392833710,478.518951416
-75.924339294,28.499137878,483.210632324
-78.612609863,26.667108536,183.001632690
-76.264465332,29.628376007,344.821136475
-78.026306152,27.189111710,309.573638916
-76.936584473,27.510391235,475.734802246
-74.950698853,26.788627625,291.045959473
-77.770088196,28.627775192,366.269256592
-77.890266418,27.974056244,368.400115967
-74.136398315,27.004123688,195.845809937
-77.822753906,28.762481689,347.792449951
-77.124046326,27.974000931,478.155181885
-76.433204651,27.500131607,495.671722412
-75.593658447,28.039197922,467.843811035
-78.788124084,30.175611496,102.576713562
-77.406929016,29.388237000,329.206268311
-76.634162903,26.108785629,289.694580078
-76.835899353,27.921176910,502.591613770
-77.103347778,26.853855133,387.657836914
-77.128395081,27.468162537,455.222076416
-76.275070190,28.646419525,486.665008545
-75.152709961,29.425636292,301.618530273
-75.738594055,27.570659637,467.259796143
-76.483787537,26.956922531,432.201446533
-75.858512878,28.137279510,493.862365723
-76.647743225,28.268882751,508.646331787
-76.302673340,28.524305344,497.677276611
-77.056648254,29.567317963,331.852172852
-76.612678528,27.962829590,514.313293457
-76.349464417,26.419946671,345.370758057
-75.377090454,26.643325806,323.742797852
-76.196228027,28.282796860,509.496856689
-76.922660828,27.189086914,445.381072998
-76.745834351,27.467906952,484.503509521
-75.871810913,28.283779144,491.000122070
-75.519447327,29.211404800,369.921936035
-76.411026001,28.462770462,502.900665283
-77.472145081,27.384881973,407.637207031
-77.931861877,28.172039032,360.123107910
-77.642440796,30.123477936,201.666259766
-76.868812561,28.390394211,490.638336182
-76.212982178,28.166112900,513.652648926
-76.028495789,28.167253494,505.404022217
-75.188430786,27.048173904,352.337097168
-76.512016296,27.464439392,491.904724121
-75.593368530,28.053176880,467.800842285
-76.661521912,28.212602615,510.046417236
-76.817153931,28.322774887,497.635803223
-75.871940613,28.466346741,481.529571533
-77.133598328,28.357378006,468.886657715
-77.121017456,28.734422684,441.582031250
-75.327140808,27.770944595,427.653015137
-76.970794678,28.640567780,464.171813965
-78.380241394,26.297601700,178.279724121
-75.577003479,26.930366516,384.051147461
-76.248382568,26.640943527,381.367584229
-76.596801758,29.429637909,376.986114502
-76.191390991,28.769472122,472.033020020
-76.146469116,27.754608154,506.514831543
-76.007369995,28.982316971,438.646789551
-75.641769409,28.802104950,431.984405518
-73.459648132,28.129188538,135.246658325
-74.779739380,27.101182938,298.524475098
-76.100334167,26.318473816,322.779296875
-77.386962891,27.892734528,445.246337891
-78.603988647,28.244924545,243.654632568
-77.035568237,27.707511902,479.618072510
-75.925239563,28.649251938,471.095184326
-75.108894348,28.216043472,397.618560791
-78.111549377,28.204511642,328.655853271
-76.989105225,29.378597260,366.922698975
-76.566337585,28.523857117,496.262145996
-77.277793884,26.835815430,369.244171143
-76.901062012,25.823680878,235.084701538
-77.868881226,27.132993698,328.668121338
-74.890266418,29.455276489,266.730957031
-76.370704651,27.944917679,517.391235352
-75.538452148,28.244787216,458.206726074
-76.416824341,27.492090225,495.038238525
-77.054008484,29.294887543,375.215667725
-77.087829590,28.579269409,458.943420410
-75.934844971,27.239168167,453.157348633
-75.100265503,28.866109848,358.378173828
-75.052169800,28.738582611,362.189178467
-74.843864441,28.485439301,344.922454834
-74.742538452,27.859716415,335.605804443
-77.088844299,28.746768951,443.437988281
-74.776664734,27.112648010,299.070068359
-74.779571533,27.583095551,332.280395508
-76.039642334,29.009563446,436.614318848
-77.016014099,28.317869186,482.378112793
-77.125968933,28.187463760,476.072296143
-75.882125854,28.814716339,451.309844971
-74.965896606,29.050809860,321.360748291
-76.883789062,29.822637558,298.962463379
-74.696189880,27.443391800,310.752868652
-75.195999146,28.371429443,406.350036621
-75.607299805,28.513423920,453.213897705
-76.188438416,27.120206833,451.346466064
-76.799438477,26.866958618,409.712768555
-76.482475281,28.033542633,517.600524902
-76.969329834,27.909484863,492.206207275
-76.386985779,28.112821579,517.483093262
-76.618324280,26.706171036,391.378509521
-76.281562805,27.520023346,496.025024414
-76.549751282,26.213743210,309.106018066
-76.974342346,26.388729095,324.441955566
-76.957672119,29.339515686,375.202697754
-76.966583252,28.308664322,487.149688721
-76.484344482,26.194871902,306.416778564
-77.978904724,29.234752655,279.001037598
-76.726898193,29.004560471,437.917053223
-78.115913391,29.563697815,224.999893188
-75.409080505,28.608114243,422.591888428
-76.919403076,28.336122513,489.727844238
-74.730484009,28.431993484,328.162506104
-76.659416199,28.462383270,497.725128174
-75.684432983,27.950681686,477.436065674
-76.887847900,25.451347351,179.608108521
-74.203598022,26.089069366,133.508483887
-76.642448425,29.089225769,429.330505371
-75.065650940,26.513891220,271.675781250
-76.844825745,26.850164413,404.887298584
-75.826232910,29.530391693,345.960876465
-75.661888123,26.966051102,397.027648926
-78.173164368,28.041271210,319.690795898
-76.076484680,26.749488831,393.545104980
-75.738510132,28.837205887,437.351074219
-75.988273621,27.629665375,491.443542480
-76.009323120,26.862012863,407.660858154
-76.183715820,26.709093094,390.899841309
-76.193794250,28.589427948,489.847381592
-76.409690857,28.334926605,510.479095459
-76.719512939,25.208307266,150.158264160
-77.473823547,27.972589493,434.141387939
-74.947113037,27.966566086,372.299774170
-76.524230957,27.489347458,493.832519531
-76.779953003,28.944601059,443.287078857
-77.325248718,27.322004318,420.786743164
-76.371658325,29.677852631,336.787231445
-76.434120178,27.877826691,516.141418457
-76.990791321,27.363157272,458.678009033
-78.808067322,28.514228821,204.421936035
-77.472579956,28.104467392,433.994750977
-75.591163635,26.314788818,293.894500732
-75.501892090,27.349580765,423.464996338
-75.793998718,26.299501419,305.299316406
-76.734886169,27.804283142,505.519287109
-76.695411682,28.781684875,467.105072021
-75.626411438,28.503381729,455.983581543
-76.461074829,28.899925232,459.139892578
-78.457946777,28.485221863,261.106750488
-76.752334595,26.707622528,387.279541016
-74.357414246,29.328590393,210.552734375
-76.110137939,28.646249771,481.665191650
-75.005714417,26.781330109,297.455718994
-77.446990967,27.706277847,431.302429199
-76.910224915,28.439950943,484.589721680
-75.915702820,28.337203979,492.114593506
-75.618659973,29.384481430,354.123809814
-77.346023560,28.080736160,451.620697021
-75.423210144,28.325275421,440.688079834
-77.087806702,26.975051880,405.626831055
-74.926933289,29.546253204,260.238586426
-75.859832764,28.441179276,482.161621094
-77.865676880,28.844900131,334.225189209
-76.361083984,27.788957596,513.191223145
-78.141761780,29.203842163,259.753479004
-76.601928711,28.133565903,514.072998047
-76.197952271,27.850711823,511.974334717
-76.440261841,28.786958694,472.918426514
-74.498916626,28.536911011,284.741912842
-74.945899963,27.556407928,358.468780518
-75.130882263,28.073211670,402.840087891
-75.172622681,28.826324463,372.282562256
-78.398246765,27.602682114,272.903747559
-77.590789795,27.721061707,411.090942383
-75.995262146,31.285572052,96.105331421
-76.684677124,28.968648911,444.561553955
-75.565605164,27.604101181,450.753326416
-75.870864868,27.432678223,468.049468994
-76.010398865,28.444702148,492.471466064
-75.512710571,27.938007355,457.174682617
-76.538658142,26.900722504,423.251678467
-76.854522705,29.415512085,369.173522949
-75.243461609,27.770318985,415.344787598
-75.876419067,29.347232819,378.246612549
-76.855125427,27.828569412,499.087188721
-76.002136230,27.660354614,494.174591064
-77.387756348,28.128765106,445.483184814
-76.240173340,27.761987686,510.016693115
-75.902702332,27.858779907,495.743133545
-75.809257507,29.535009384,344.201019287
-75.668777466,28.625001907,451.323089600
-76.158576965,26.721757889,392.171173096
-76.837059021,29.068162918,423.391998291
-75.477607727,28.200241089,451.688446045
-74.881156921,29.123678207,302.040344238
-77.055870056,28.015233994,485.281250000
-75.900009155,29.248849869,394.787780762
-75.648933411,28.379453659,465.649108887
-75.475242615,27.127124786,397.362335205
-76.100639343,27.646165848,498.765655518
-76.651435852,27.333553314,475.840942383
-75.332511902,26.735538483,331.630523682
-76.798233032,29.370754242,379.336517334
-75.505081177,28.872915268,409.955963135
-76.211929321,27.489253998,491.755340576
-76.054183960,29.355312347,385.663238525
-80.791748047,27.638097763,27.550519943
-76.766563416,27.665094376,497.425048828
-74.913002014,28.492488861,355.983032227
-76.833900452,27.699943542,495.245269775
-76.761856079,27.468870163,483.763092041
-76.223518372,26.993217468,435.187225342
-76.053840637,27.953254700,507.738006592
-76.276451111,28.295841217,511.053253174
-77.289764404,26.552389145,327.317382812
-78.652175903,28.177654266,236.711791992
-76.280830383,29.601530075,349.676513672
-77.745223999,28.977273941,339.090270996
-75.846496582,25.815029144,229.451202393
-76.017837524,27.455173492,480.147430420
-76.042152405,28.694829941,473.786163330
-76.907936096,28.337448120,490.551452637
-77.562301636,29.006652832,360.678771973
-76.279777527,29.478431702,370.855834961
-77.323516846,28.944475174,397.033294678
-76.611618042,28.452425003,500.138610840
-76.987174988,27.194574356,441.210449219
-76.616088867,28.864011765,460.413726807
-76.589324951,28.092998505,515.021667480
-76.645339966,27.456478119,487.821807861
-75.931106567,27.687778473,490.905151367
-74.890609741,28.397073746,356.468719482
-77.242294312,29.051702499,392.620880127
-76.210487366,26.983974457,433.527923584
-77.882583618,24.551988602,59.472305298
-78.453285217,29.662399292,175.894134521
-76.302108765,27.752361298,510.937438965
-75.932472229,29.410610199,371.253997803
-76.893432617,29.166767120,405.750122070
-76.332275391,28.320991516,510.778961182
-77.759483337,28.086158752,389.998168945
-78.129425049,28.280178070,323.812652588
-75.672492981,27.557588577,459.650512695
-76.238380432,28.258102417,511.677490234
-77.898529053,27.099517822,321.178344727
-75.906997681,28.800012589,454.666137695
-76.410369873,26.663536072,386.839172363
-75.681610107,30.622253418,167.404724121
-76.963912964,26.970529556,414.660003662
-69.470932007,89.587097168,291.383270264
-71.755287170,88.756385803,485.981872559
-69.889137268,88.743888855,372.073699951
-72.449867249,88.385246277,389.569732666
-71.159454346,89.002502441,506.074035645
-71.298233032,89.242675781,503.959045410
-70.950607300,89.314720154,492.146606445
-71.237884521,87.476676941,350.842590332
-70.384338379,88.189331055,401.879425049
-72.084449768,89.858619690,415.281494141
-71.624137878,89.914451599,442.546813965
-70.652824402,88.437721252,451.957855225
-70.481834412,89.651100159,431.879486084
-70.545631409,89.365547180,457.764465332
-70.319053650,91.036994934,233.484817505
-71.171737671,88.951080322,505.905334473
-70.621345520,89.539962769,454.681610107
-71.934097290,88.747802734,471.376708984
-72.294227600,89.294059753,431.231079102
-69.796775818,88.998924255,361.471832275
-70.264335632,91.479797363,168.659530640
-72.002441406,89.149139404,469.288116455
-70.332481384,88.515304565,423.822448730
-70.937995911,89.213920593,495.134521484
-71.518127441,90.550849915,352.814697266
-70.946807861,86.942291260,255.857818604
-70.835159302,88.822242737,488.347808838
-71.246925354,89.173599243,505.709350586
-70.585403442,89.157119751,468.953613281
-72.033683777,91.774543762,148.102645874
-71.012161255,88.855690002,499.132049561
-70.317619324,87.536758423,312.025360107
-71.058883667,90.039176941,429.693450928
-72.184539795,89.133262634,449.207519531
-72.126106262,87.187324524,273.822814941
-72.788116455,87.964286804,305.554931641
-70.894546509,89.646179199,466.798583984
-68.773780823,89.150238037,194.256057739
-70.834350586,89.788635254,449.188079834
-70.795494080,90.811126709,298.375091553
-69.445243835,88.328041077,281.558380127
-71.621459961,89.310241699,493.328765869
-72.191955566,89.565040588,429.570770264
-71.132125854,89.828804016,457.858093262
-69.186088562,88.432823181,246.553314209
-71.416366577,89.233009338,503.154571533
-71.201972961,88.370285034,474.250579834
-70.441543579,86.720954895,200.758712769
-70.901298523,88.683433533,486.782012939
-71.388893127,88.834724426,503.956420898
-72.682861328,87.863830566,309.284149170
-70.369308472,89.284439087,441.006500244
-71.426559448,89.562652588,484.460327148
-72.680305481,89.044944763,378.974029541
-71.053054810,89.744598389,464.653564453
-71.504295349,89.551879883,483.374938965
-71.275558472,89.342117310,499.862487793
-70.535530090,90.307319641,360.067047119
-71.216384888,89.642539978,478.393768311
-71.074981689,88.193138123,452.609222412
-70.167663574,88.507896423,401.948852539
-70.823898315,88.525856018,472.090118408
-72.226654053,90.511123657,317.719146729
-71.232597351,91.474914551,201.924957275
-70.173210144,88.544296265,404.964599609
-73.285667419,88.561683655,269.165740967
-71.777915955,90.374549866,371.029174805
-69.032196045,88.826286316,233.512298584
-71.500007629,89.173141479,502.691345215
-72.619071960,88.649955750,380.680023193
-69.892646790,89.435920715,366.699645996
-72.641387939,90.270057678,304.040618896
-72.264259338,88.754196167,435.120971680
-71.049644470,89.261314392,498.695922852
-72.897636414,88.775665283,340.269775391
-71.760765076,89.459503174,477.248504639
-70.793228149,89.897094727,434.368347168
-71.290748596,88.708747864,499.641143799
-71.289848328,88.318641663,469.775939941
-71.769554138,87.155906677,287.911346436
-72.428077698,87.821990967,335.555358887
-72.788047791,88.373840332,339.441986084
-72.224945068,89.435577393,433.700256348
-71.657295227,89.072723389,497.372619629
-70.997917175,89.836791992,452.562622070
-72.479377747,87.019775391,223.798187256
-71.783454895,90.111198425,408.893035889
-70.974861145,90.085151672,420.314422607
-72.403060913,88.641777039,411.884460449
-72.732208252,90.439491272,273.177764893
-70.964256287,88.114028931,438.986541748
-72.029212952,89.314208984,461.723358154
-70.858047485,89.434356689,480.521514893
-71.125793457,89.905448914,448.705963135
-70.786102295,90.291175842,380.829315186
-72.339004517,90.554595947,301.114837646
-71.857063293,89.771003723,444.473419189
-69.430328369,88.989334106,300.268920898
-72.070808411,87.921867371,384.811462402
-71.515998840,89.755775452,464.441894531
-71.066711426,88.882041931,501.892089844
-70.232574463,89.396980286,418.459106445
-73.605697632,88.033210754,194.980606079
-70.879051208,90.201339722,399.332580566
-69.926437378,88.974800110,382.220214844
-70.867996216,89.816444397,448.260101318
-73.147972107,88.215919495,273.274841309
-71.450096130,90.410552979,376.979248047
-71.404922485,89.702667236,472.378723145
-70.848297119,89.628456116,465.552612305
-72.919799805,88.164573669,304.230285645
-72.812408447,86.352523804,122.995727539
-72.286140442,87.451744080,300.546508789
-71.976799011,88.441688538,448.909332275
-70.662635803,88.890319824,476.324493408
-71.828384399,90.033042908,416.334930420
-70.576812744,87.330558777,301.420135498
-70.771224976,90.241409302,387.249206543
-72.956535339,87.945297241,280.317626953
-71.709129333,87.536392212,352.319610596
-71.690841675,87.028373718,269.797149658
-72.624412537,88.677345276,380.988494873
-71.796073914,87.637893677,364.058441162
-71.882301331,88.984596252,481.498901367
-71.858215332,88.228202820,438.796112061
-70.117980957,89.328094482,405.443420410
-71.090614319,87.696304321,384.108367920
-71.059158325,88.535911560,484.860870361
-72.486579895,92.021675110,105.167007446
-70.527893066,90.779548645,287.612945557
-71.398254395,89.853202820,456.353851318
-69.067626953,89.583648682,227.767898560
-72.080841064,87.913497925,382.833404541
-71.683105469,89.317085266,489.738983154
-67.968887329,89.940956116,83.548629761
-72.522926331,89.201431274,401.537597656
-71.019905090,90.142471313,414.047454834
-72.616004944,89.650588989,366.474212646
-71.093101501,88.357254028,470.672363281
-70.575378418,90.150032043,385.409576416
-71.032272339,87.674713135,379.102203369
-72.459861755,89.542648315,396.257659912
-70.900764465,89.812828064,450.527648926
-70.299583435,88.918754578,436.085510254
-70.762092590,90.928153992,277.560974121
-71.619758606,91.221694946,238.972747803
-71.997650146,88.032356262,405.106201172
-70.209487915,88.542915344,409.786499023
-72.041252136,88.766555786,461.590118408
-73.206512451,90.417297363,216.301269531
-69.772674561,88.388092041,336.281372070
-71.728630066,87.076164246,276.389801025
-71.388473511,90.124290466,421.334808350
-72.082656860,90.298522949,360.718719482
-69.838249207,88.063072205,319.613922119
-72.532211304,89.128517151,401.408874512
-69.890480042,88.134292603,333.574737549
-71.451339722,90.249397278,402.064147949
-70.882789612,86.129928589,137.195159912
-72.962295532,89.426818848,324.098571777
-70.140373230,89.889007568,368.621398926
-72.135414124,87.706657410,350.064941406
-69.747726440,90.005592346,302.902282715
-71.244834900,89.965576172,443.083831787
-70.986099243,89.388946533,490.227752686
-71.037734985,87.727706909,387.530761719
-72.469810486,89.066291809,411.303039551
-72.482429504,90.377464294,309.906524658
-70.026512146,89.411247253,388.357513428
-73.554832458,88.508483887,224.472732544
-71.719131470,89.271293640,489.390777588
-70.492660522,87.415466309,308.659759521
-71.723579407,89.275596619,488.949096680
-72.319313049,90.667579651,286.930572510
-71.964973450,87.476486206,329.052307129
-70.222305298,88.553359985,412.127319336
-70.111747742,89.065612793,410.472167969
-71.006584167,88.614479065,488.159515381
-70.208686829,87.955551147,355.888061523
-68.782325745,88.906509399,195.994491577
-69.986900330,90.299415588,302.987274170
-71.136306763,89.397056580,495.079345703
-72.947227478,89.470252991,324.740844727
-71.847343445,89.762741089,446.040039062
-73.612182617,88.212974548,203.606674194
-70.822319031,88.952438354,490.201477051
-71.298530579,88.336425781,471.579040527
-71.680664062,88.655792236,485.822143555
-68.092262268,88.944343567,108.925689697
-72.405044556,89.918830872,372.469238281
-71.369369507,88.679611206,497.739379883
-71.084609985,88.822685242,500.880981445
-69.949775696,88.703804016,380.131561279
-70.328720093,89.461006165,427.569549561
-70.438827515,91.021080017,244.184310913
-70.676071167,88.557464600,462.924407959
-70.651153564,89.299468994,471.084014893
-70.398666382,89.175483704,447.738220215
-71.694839478,90.791320801,307.616943359
-71.196563721,90.347618103,387.456359863
-72.066825867,88.312515259,429.044647217
-72.432868958,87.147865295,245.031890869
-71.653015137,89.213531494,495.136291504
-73.042007446,89.308761597,314.826019287
-71.693168640,88.700607300,487.427795410
-70.839294434,88.771911621,486.886260986
-72.780052185,89.340103149,357.218536377
-71.433372498,89.730384827,469.119201660
-71.660232544,90.987792969,276.124420166
-72.148010254,89.028923035,454.391296387
-71.013221741,89.257492065,497.371429443
-71.626419067,89.017089844,499.142333984
-69.812614441,89.466659546,352.601898193
-71.026496887,87.513130188,352.960510254
-71.762313843,90.298568726,383.352508545
-71.349166870,90.054229736,431.426727295
-73.764144897,89.570404053,191.179702759
-71.685791016,89.547782898,475.766235352
-71.238800049,88.885017395,505.701110840
-72.032920837,89.282897949,462.544189453
-73.014183044,89.169509888,322.502288818
-70.157608032,88.085639954,364.288421631
-71.548843384,89.252471924,498.731933594
-71.055236816,89.306694031,497.111145020
-71.057800293,88.487937927,481.137786865
-71.706771851,89.594757080,470.848419189
-72.372840881,87.765472412,334.641265869
-71.106147766,88.831077576,501.793151855
-70.795959473,88.512306213,469.163452148
-72.199020386,88.382217407,420.948852539
-71.402313232,88.574920654,490.931274414
-72.119613647,89.224227905,454.946624756
-69.745552063,87.857452393,286.506835938
-71.291679382,87.421981812,341.953399658
-71.322410583,88.577354431,491.881896973
-70.725631714,89.030265808,483.180419922
-69.793098450,89.233299255,358.186248779
-70.107902527,89.722145081,379.592681885
-71.417335510,89.545486450,485.974822998
-71.631439209,87.109268188,284.812377930
-71.601814270,88.817344666,496.956451416
-71.855720520,89.139358521,482.934356689
-72.964469910,88.761657715,328.792816162
-70.835121155,88.285972595,451.599731445
-72.111351013,90.187187195,373.312133789
-72.276275635,91.004478455,241.573455811
-70.676025391,89.511238098,461.675659180
-73.263313293,89.694435120,262.371520996
-69.534866333,87.850494385,257.488098145
-70.621490479,87.392829895,314.129852295
-72.872070312,88.264549255,318.988037109
-70.306381226,90.353141785,332.068481445
-72.242698669,89.417793274,432.442108154
-72.304695129,89.152435303,433.559051514
-71.175758362,87.604911804,371.211853027
-71.012763977,88.129440308,442.877136230
-72.103126526,88.911262512,458.663787842
-73.460044861,88.932983398,248.316101074
-71.475639343,89.309631348,498.923217773
-71.877616882,88.643348694,471.324737549
-71.549682617,88.797706604,498.500061035
-70.398498535,89.505722046,433.330688477
-72.160125732,90.611785889,308.666381836
-72.519042969,87.797431946,322.028106689
-70.785003662,89.545463562,467.940979004
-70.354675293,88.552047729,428.909027100
-69.439292908,88.190238953,271.683990479
-68.829566956,89.190986633,202.067916870
-71.500419617,90.448974609,369.836059570
-70.903533936,89.727249146,459.638763428
-70.706214905,88.449684143,457.446014404
-72.249504089,88.450485229,420.294097900
-70.193115234,88.229827881,383.186279297
-70.518280029,89.553771973,443.419586182
-72.546684265,89.677093506,374.655975342
-72.560142517,89.750160217,367.045074463
-70.039466858,87.989768982,339.093994141
-70.616447449,89.317199707,467.079254150
-71.574150085,88.512886047,481.604644775
-70.251693726,88.016075134,367.898437500
-72.710266113,88.878852844,373.065216064
-70.896911621,89.823844910,449.101684570
-71.432907104,89.596298218,481.577941895
-72.481231689,89.217422485,407.378662109
-70.047149658,88.659805298,393.029571533
-70.928283691,88.613059998,484.298187256
-69.603187561,89.473785400,318.490264893
-71.158470154,89.617912292,479.647399902
-70.745506287,87.786277771,382.471069336
-70.367614746,88.406539917,420.038024902
-71.635520935,88.653541565,488.105590820
-72.598854065,87.291572571,249.443908691
-71.023468018,88.920913696,501.008331299
-73.958717346,88.575942993,167.417068481
-71.729652405,89.841270447,445.602569580
-70.394744873,89.901687622,398.030303955
-71.027458191,88.969970703,501.789642334
-71.231964111,87.326133728,325.532348633
-72.733551025,88.221931458,336.415008545
-70.773239136,88.897293091,485.747131348
-72.846626282,91.334533691,156.740203857
-71.497512817,88.020027161,431.726959229
-72.764869690,89.686233521,341.527221680
-69.141914368,89.438835144,244.856887817
-71.737533569,88.646797180,481.873535156
-72.110778809,88.015518188,392.796203613
-68.950195312,87.751342773,173.340377808
-71.293579102,87.928291321,421.588104248
-71.047340393,88.666664124,492.832794189
-71.493591309,90.345520020,386.432617188
-71.575386047,88.142745972,444.852935791
-70.358413696,90.146049500,365.055419922
-70.955703735,89.888458252,444.697418213
-71.848335266,89.768295288,445.406982422
-71.142822266,89.860549927,454.448211670
-72.122985840,88.740608215,451.698486328
-72.547515869,87.778846741,316.442810059
-71.640144348,89.316627502,492.111938477
-73.475540161,89.582817078,234.206619263
-69.162582397,89.453544617,247.638671875
-72.413764954,88.378616333,393.926544189
-70.735191345,89.769294739,444.237792969
-71.305541992,88.788116455,503.059173584
-73.082839966,89.955154419,273.073242188
-73.373672485,88.054298401,228.917510986
-72.206298828,88.707557678,440.538909912
-69.077674866,90.223129272,191.111846924
-72.479148865,87.010452271,222.560150146
-70.849746704,87.886093140,403.006744385
-71.489715576,87.546783447,360.860992432
-71.775947571,88.766777039,484.959625244
-72.588050842,88.266632080,361.007690430
-71.523216248,90.319496155,389.762878418
-71.002830505,89.244575500,497.363586426
-69.320014954,89.764923096,257.320434570
-71.692687988,89.854034424,446.251434326
-69.631134033,90.012329102,285.457366943
-72.529182434,89.977493286,350.443359375
-70.416412354,88.830108643,448.906799316
-70.421073914,88.824028015,449.296112061
-72.429824829,87.929878235,348.148406982
-71.891914368,88.231941223,436.625854492
-70.249221802,89.158813477,428.795867920
-70.677299500,88.692375183,470.840240479
-72.638938904,88.726081848,380.538208008
-71.203125000,88.353820801,472.673706055
-71.210128784,87.760543823,396.224060059
-70.418922424,87.824462891,361.658447266
-69.956680298,89.526382446,371.680969238
-71.865310669,89.721740723,448.682098389
-71.847137451,88.797828674,480.699645996
-70.456909180,90.160491943,373.163116455
-71.602005005,87.660034180,375.990264893
-71.014015198,88.565391541,485.248748779
-71.679557800,88.664199829,486.343200684
-71.712768555,88.185371399,443.498657227
-73.225875854,89.405586243,281.114776611
-70.492134094,87.123115540,263.563568115
-73.839370728,89.956626892,165.316619873
-71.586471558,89.389923096,491.066741943
-71.227867126,86.939819336,260.440338135
-69.802307129,91.667388916,120.600624084
-70.805175781,89.004409790,489.353393555
-69.792861938,89.390167236,352.947113037
-71.576965332,89.882041931,448.337066650
-70.910934448,89.399040222,485.788177490
-71.747901917,87.141326904,286.356079102
-71.410972595,89.056884766,506.443084717
-73.430717468,89.241355896,251.372940063
-70.359001160,87.791816711,351.457305908
-71.568443298,89.114540100,501.237792969
-69.976776123,86.794815063,181.291320801
-73.149391174,90.355895996,229.279937744
-72.181938171,88.754028320,445.325958252
-72.172454834,87.943641663,377.975585938
-69.577461243,88.330894470,302.330688477
-70.042060852,88.714622498,394.503448486
-70.333015442,87.848480225,356.291839600
-70.747924805,88.692230225,476.717651367
-71.624252319,88.795097351,495.133392334
-70.419654846,88.703987122,444.809600830
-71.841583252,89.559509277,464.433227539
-71.921630859,88.196868896,430.497131348
-71.390480042,88.436637878,480.343444824
-70.897239685,89.911659241,438.972290039
-71.208511353,89.183273315,505.080047607
-71.261947632,88.757041931,501.755584717
-70.342201233,89.214935303,439.769927979
-69.426528931,88.691040039,294.948181152
-72.241088867,87.605957031,326.453674316
-71.306083679,87.270378113,316.393310547
-70.759620667,88.144973755,431.029174805
-71.123641968,89.276702881,500.471771240
-72.085243225,89.852851868,415.811309814
-69.795158386,89.996940613,310.501983643
-72.038291931,90.787872314,290.656188965
-70.646911621,88.056137085,411.855895996
-72.309600830,91.327819824,193.934707642
-69.676574707,90.951942444,189.408874512
-71.262374878,91.670257568,173.543273926
-72.342338562,89.205444336,427.401428223
-71.438339233,88.876525879,504.181243896
-72.388275146,88.607254028,412.194335938
-70.999298096,88.933303833,500.158325195
-70.511222839,89.361999512,454.272003174
-73.833290100,89.054267883,190.099609375
-70.521446228,89.535903931,445.038543701
-72.194534302,88.780464172,444.728240967
-71.569831848,88.873016357,499.916046143
-70.796478271,89.698181152,455.747711182
-72.185424805,87.251441956,279.339538574
-70.676269531,89.864036560,429.408874512
-70.924156189,89.137786865,496.108673096
-72.152107239,87.656906128,341.603118896
-71.555778503,87.917732239,416.025939941
-71.986640930,89.227775574,469.036529541
-70.709289551,89.713417053,447.733428955
-70.874359131,87.630348206,365.947753906
-71.893791199,88.236648560,436.977478027
-70.291503906,90.493934631,310.829315186
-72.789550781,86.994110107,194.856292725
-70.802757263,90.594123840,334.317016602
-71.693153381,88.902740479,494.289459229
-71.692962646,90.175582886,404.860504150
-72.998016357,89.546997070,312.805755615
-71.285873413,89.050331116,507.495727539
-71.907943726,87.669105530,362.112487793
-71.446830750,88.448593140,480.380584717
-70.306274414,89.082138062,437.433135986
-71.358764648,89.809616089,461.736755371
-71.194534302,89.017845154,506.749664307
-70.436225891,88.795349121,450.222106934
-71.580871582,89.482810974,485.620727539
-69.673774719,87.606506348,250.483200073
-71.461868286,86.858299255,246.629257202
-70.726554871,89.419914246,471.764129639
-69.284370422,88.244308472,251.775955200
-70.950347900,89.323265076,491.755706787
-70.117164612,89.047439575,411.353363037
-72.367225647,90.440551758,314.010498047
-71.806114197,90.225418091,391.559509277
-70.033172607,90.048217773,337.912261963
-71.151977539,88.646240234,494.738739014
-69.872489929,89.783973694,340.744323730
-71.712425232,88.312477112,457.123046875
-69.120315552,90.012985229,211.744125366
-70.202514648,89.080230713,423.389190674
-72.373580933,89.245071411,422.068206787
-70.376609802,88.796882629,443.130157471
-71.171363831,89.880630493,452.647613525
-70.167434692,89.045494080,418.627166748
-72.584136963,88.937980652,393.733215332
-73.216423035,90.744705200,184.333770752
-70.082580566,87.763168335,317.927185059
-72.149200439,87.894935608,374.098785400
-71.708862305,89.180969238,492.731964111
-71.231506348,88.565017700,490.773193359
-69.901237488,87.666954041,284.866119385
-72.060813904,88.697586060,456.696594238
-71.393386841,90.518791199,360.099182129
-70.760932922,87.922500610,402.756347656
-72.490104675,90.572448730,283.619598389
-71.328323364,89.593742371,483.075622559
-71.833427429,90.694572449,317.445983887
-71.628059387,88.863815308,497.016021729
-71.568412781,88.981872559,501.655151367
-71.385498047,87.532554626,360.007995605
-71.736808777,89.979423523,428.845977783
-73.540931702,89.034149170,235.367965698
-72.501159668,90.928138733,234.527923584
-72.069793701,87.086547852,261.978576660
-71.695716858,90.611961365,337.181671143
-71.693778992,89.165390015,493.994873047
-71.964332581,87.874610901,387.429809570
-71.695938110,87.596694946,362.453338623
-70.023880005,88.988777161,397.401550293
-72.485931396,88.745956421,404.328521729
-73.044670105,88.652954102,312.174591064
-70.969108582,88.212532043,450.855010986
-70.808952332,89.553092957,469.074005127
-71.269622803,90.275772095,399.283843994
-69.568321228,88.504417419,310.777526855
-70.618835449,88.703865051,466.033874512
-72.524803162,90.477142334,292.421234131
-71.091430664,89.700996399,470.268920898
-73.439155579,89.575340271,240.216247559
-72.759796143,88.430511475,347.422729492
-71.510208130,87.963920593,423.797760010
-70.400718689,90.158355713,367.859771729
-72.182586670,89.321800232,444.242340088
-72.626914978,88.198120117,349.722381592
-71.132362366,90.217094421,406.391113281
-71.540016174,88.780754089,498.244598389
-71.528266907,89.589881897,479.551055908
-71.161796570,89.348800659,498.197448730
-71.623344421,88.524406433,480.299591064
-72.150955200,88.456855774,432.262512207
-70.425285339,90.147605896,371.736083984
-70.464126587,87.804573059,363.178588867
-70.259178162,88.791267395,427.884124756
-72.201812744,87.320724487,288.433624268
-71.254150391,89.361976624,498.773406982
-71.196220398,86.792709351,236.201354980
-72.235671997,88.569396973,429.887847900
-72.770538330,88.035469055,314.785217285
-70.910507202,88.309158325,458.352966309
-70.315628052,88.887809753,437.677124023
-72.544654846,88.052696228,347.149536133
-70.421920776,86.377792358,154.014389038
-69.171714783,88.474754333,246.104522705
-72.322372437,90.800743103,267.521057129
-71.746696472,89.907295227,437.029327393
-71.848754883,90.764907837,305.285217285
-71.543647766,88.607086182,489.331573486
-72.043266296,86.895683289,234.385253906
-71.835647583,89.605712891,461.251556396
-70.103820801,87.908523560,337.946441650
-71.037994385,88.342010498,467.376739502
-70.580520630,90.606246948,318.524627686
-70.489746094,90.651733398,304.690002441
-72.975212097,87.210281372,202.077239990
-69.651153564,89.561767578,321.773712158
-72.559402466,89.140151978,397.109344482
-69.585975647,89.168434143,325.218414307
-70.568626404,88.595222473,455.320983887
-71.539642334,88.939743042,502.355438232
-69.903266907,88.947998047,378.380462646
-71.770004272,89.204277039,488.095458984
-72.404083252,87.591133118,308.583129883
-71.501029968,87.689300537,383.411437988
-72.226791382,88.906478882,443.829895020
-69.980827332,88.654815674,382.897430420
-70.304168701,89.051872253,437.342926025
-71.707221985,88.719657898,487.489624023
-70.921501160,89.251152039,493.056701660
-70.959701538,85.381927490,66.196212769
-71.354316711,89.955322266,444.412261963
-70.717681885,88.060218811,417.790466309
-69.413536072,90.009597778,253.988479614
-70.288589478,88.807502747,432.262023926
-71.490859985,87.831253052,405.293182373
-70.612380981,90.845222473,282.773925781
-72.046859741,88.649925232,455.827209473
-71.147811890,88.984779358,505.723602295
-71.169242859,90.254386902,401.482971191
-73.336814880,90.074295044,227.012664795
-70.251876831,88.632766724,420.447479248
-71.345214844,89.228698730,504.221862793
-72.244888306,88.984916687,442.367340088
-72.247711182,89.339736938,435.466705322
-72.314125061,88.627418518,423.155639648
-71.052490234,89.613700867,477.034057617
-71.191902161,87.156967163,296.520080566
-70.283447266,87.433387756,294.053253174
-71.043380737,89.379463196,493.160797119
-68.617797852,88.965415955,172.704010010
-71.305587769,90.319725037,392.562805176
-71.539398193,89.459434509,488.793579102
-71.421920776,87.477134705,350.489746094
-69.721931458,88.521568298,336.209075928
-72.129440308,88.450881958,434.195831299
-70.616851807,91.063697815,248.382354736
-71.355308533,88.666305542,497.158660889
-71.855438232,88.779365540,479.381744385
-70.467384338,89.077056885,457.289031982
-70.133865356,88.526634216,398.467651367
-72.462783813,88.750991821,407.864715576
-71.446617126,89.076690674,505.595703125
-71.954971313,87.780517578,375.074188232
-72.032836914,89.501853943,451.357482910
-71.040473938,89.109420776,502.049774170
-70.748947144,88.420852661,458.387054443
-71.314361572,89.845428467,457.916595459
-71.436851501,91.257408142,235.939178467
-72.511466980,90.269851685,319.930572510
-70.751167297,89.221504211,482.404602051
-70.870468140,88.802116394,490.008636475
-71.324295044,89.464965820,492.790771484
-72.068023682,90.584152222,320.003967285
-70.443061829,90.202728271,366.195159912
-69.834289551,89.004234314,367.578857422
-70.418426514,89.028434753,451.747924805
-72.379127502,89.720504761,394.207672119
-71.110206604,89.748809814,465.986206055
-71.266281128,89.034225464,507.473419189
-69.833145142,89.315681458,362.235351562
-71.651031494,90.557029724,347.860473633
-70.866065979,89.281761169,488.618316650
-71.043869019,89.024322510,502.695678711
-71.321456909,90.075607300,428.613739014
-71.535751343,89.080192566,502.889190674
-71.491363525,87.815216064,402.898284912
-71.274238586,89.029380798,507.507263184
-71.137847900,88.689277649,496.787322998
-70.251953125,89.710968018,399.658233643
-73.332038879,87.545845032,195.242095947
-69.512527466,87.589637756,229.033523560
-71.520271301,88.680023193,494.380981445
-71.762702942,88.429412842,464.849060059
-72.522766113,89.822143555,366.140716553
-69.949668884,88.127944946,341.213409424
-70.699058533,87.477485657,332.344360352
-71.570648193,87.809883118,399.921417236
-72.172767639,88.322662354,418.799224854
-71.650764465,90.724449158,320.261199951
-71.624725342,87.834175110,401.580200195
-71.357345581,90.453376770,371.088562012
-70.890762329,88.862220764,493.033325195
-72.550910950,87.778678894,316.018524170
-71.841941833,89.441764832,472.396453857
-72.928131104,89.574493408,322.692443848
-70.102935791,88.381652832,384.203399658
-70.791030884,89.890312195,435.011230469
-72.479591370,89.393486023,401.490142822
-71.003295898,86.378334045,171.464431763
-71.275428772,89.929931641,447.754638672
-73.718788147,88.629615784,202.943908691
-71.597717285,88.043212891,431.553131104
-71.423812866,89.494354248,489.628936768
-70.586242676,88.316764832,435.195251465
-69.867462158,88.444114685,354.378326416
-73.006843567,89.861450195,291.680541992
-71.664375305,88.645942688,486.168762207
-71.079368591,88.100105286,441.476287842
-70.259773254,88.057807922,373.559234619
-70.448852539,88.492401123,435.855102539
-72.777053833,89.254493713,360.292724609
-71.995353699,88.929801941,470.419250488
-71.069740295,87.534927368,357.712799072
-71.307617188,88.617202759,494.525573730
-69.918884277,88.074813843,331.887939453
-70.947036743,89.445518494,484.992736816
-70.749435425,88.137260437,429.405761719
-72.408752441,88.387710571,395.293914795
-72.769264221,89.871124268,326.662567139
-71.954246521,88.201126099,428.254211426
-69.594055176,88.229881287,297.940704346
-72.191261292,89.211326599,446.816253662
-69.499557495,87.583320618,226.812759399
-71.161445618,90.592605591,346.989685059
-72.802009583,89.175086975,357.896850586
-71.417739868,89.789154053,463.239166260
-72.489555359,88.866645813,407.004486084
-71.112854004,86.940605164,259.254547119
-71.324020386,88.689643860,498.615936279
-69.587142944,89.195411682,324.941009521
-70.716621399,88.249763489,439.544799805
-71.721954346,89.429618835,481.608489990
-71.745094299,87.131736755,284.891204834
-70.794479370,88.487815857,467.192901611
-72.342552185,90.552185059,301.113433838
-69.438110352,90.370262146,225.247467041
-70.834220886,89.236816406,488.091918945
-70.725486755,89.581336975,460.599121094
-71.532890320,89.411987305,491.942779541
-70.487205505,90.605880737,311.535186768
-72.185905457,88.434219360,426.586578369
-71.408164978,91.552886963,190.459701538
-71.312065125,89.736816406,469.754302979
-69.408370972,89.538055420,283.739898682
-72.952316284,87.393974304,224.661544800
-70.113433838,88.884643555,409.698059082
-70.659187317,86.855178833,231.333984375
-71.089653015,88.767440796,499.056976318
-70.841964722,90.597335815,335.777526855
-72.048156738,86.537872314,182.571182251
-69.596618652,88.398818970,309.535034180
-71.402236938,88.638923645,495.007324219
-72.806762695,89.417228699,349.930358887
-70.961204529,89.916145325,441.633392334
-70.765281677,88.883239746,484.847625732
-71.025726318,89.909858704,445.089538574
-71.534637451,88.994171143,503.050933838
-71.352119446,89.389869690,497.179992676
-72.077278137,89.372428894,454.051086426
-69.752571106,90.196464539,284.469085693
-70.764129639,90.461372375,353.386871338
-71.314735413,88.103218079,445.076538086
-71.378639221,88.508506775,486.414733887
-70.093078613,89.021270752,407.856658936
-70.906700134,89.006164551,496.021789551
-71.421905518,88.381629944,474.862823486
-71.865814209,88.426727295,457.182556152
-71.217147827,87.803962708,402.917480469
-72.066505432,89.827049255,420.356109619
-71.993103027,89.389579773,461.900360107
-71.969039917,88.629447937,462.434661865
-72.527847290,88.426864624,381.708374023
-70.747467041,89.905090332,430.217864990
-71.927116394,88.948410034,477.198760986
-73.821083069,86.839408875,95.178382874
-70.081947327,86.962493896,210.842498779
-72.706672668,89.114532471,374.267303467
-70.053855896,88.285278320,369.692413330
-68.782722473,87.592567444,143.654617310
-71.133186340,90.670234680,333.444335938
-71.190917969,88.717353821,499.229125977
-69.895324707,87.766296387,295.806152344
-69.048843384,89.660972595,221.508575439
-72.969932556,87.172409058,198.456253052
-70.081527710,88.227142334,368.365356445
-70.873123169,89.944404602,433.644897461
-70.700424194,88.679267883,472.184692383
-70.521781921,89.927131653,408.378662109
-72.038444519,91.413085938,195.975280762
-71.435188293,90.396392822,379.479003906
-72.480590820,91.215782166,197.738357544
-71.131248474,86.894584656,251.971679688
-70.866996765,88.480964661,471.430267334
-71.632820129,89.559089661,477.691162109
-72.325408936,89.118659973,431.271575928
-71.130111694,90.330772400,388.961273193
-73.517326355,85.407890320,34.892784119
-71.679351807,89.094596863,495.944427490
-70.738243103,89.631729126,457.445922852
-71.738754272,89.040061951,492.577545166
-69.792533875,87.714660645,277.142822266
-71.470146179,88.561203003,488.574218750
-72.371520996,88.827590942,423.051086426
-73.151664734,89.626045227,283.829223633
-71.282722473,90.958335876,286.030639648
-69.488922119,88.402153015,292.720184326
-69.525466919,87.944595337,264.751708984
-72.116546631,87.973602295,387.128082275
-69.772148132,88.928619385,357.047821045
-69.728157043,88.787254333,347.415985107
-70.113273621,89.370147705,403.012512207
-71.297210693,89.662841797,477.016479492
-71.899337769,88.749305725,474.532989502
-71.418693542,89.386077881,496.493774414
-69.862388611,88.681556702,365.685638428
-70.863243103,90.377082825,372.041961670
-74.072792053,89.320541382,154.260940552
-73.342575073,90.620407104,181.708557129
-70.578620911,89.951042175,410.941680908
-71.578125000,89.692352295,468.558013916
-70.753746033,90.169029236,396.476257324
5.267489433,-15.770940781,359.707397461
3.712482929,-15.600431442,345.251251221
5.154984951,-16.691963196,466.593414307
4.989135742,-16.740327835,485.493194580
4.002032757,-17.094379425,508.438293457
4.128796101,-17.814464569,471.599792480
4.993698120,-14.882364273,236.620117188
5.491104126,-15.067485809,236.034957886
2.796375751,-17.085994720,350.678985596
3.560961485,-16.117849350,405.336700439
3.295220375,-16.077167511,369.493377686
5.843380928,-16.954298019,373.706481934
4.742444992,-17.569496155,489.493194580
5.052967072,-16.747465134,479.832336426
4.612495899,-17.871330261,465.118804932
4.597927094,-17.725038528,481.836364746
6.248336792,-17.795562744,273.323089600
4.893326759,-16.695487976,491.161071777
5.137680531,-16.338603973,442.160125732
2.724814892,-18.423114777,255.206405640
3.417639256,-16.341783524,412.969848633
4.120121002,-17.401985168,505.615081787
4.266078472,-18.628021240,353.436737061
4.316329002,-15.840976715,412.026428223
2.391645670,-18.351119995,217.555984497
5.467388153,-17.148595810,433.230102539
4.244218826,-15.843588829,411.157531738
5.185932159,-15.894727707,384.646942139
3.883950233,-15.002365112,256.113433838
3.307645798,-16.568817139,416.594024658
4.557192326,-17.228136063,516.016296387
4.667363167,-18.792999268,319.527648926
3.087467909,-17.613090515,382.192260742
3.698545456,-16.580408096,465.205047607
5.670905113,-17.125106812,401.970031738
5.454899311,-16.851198196,434.066131592
3.505842924,-17.064693451,460.798461914
3.969921827,-16.196775436,449.702117920
5.419157505,-15.855393410,355.761291504
5.450543404,-16.978702545,436.610198975
4.735637665,-16.440937042,482.352966309
3.648509264,-17.162374496,477.158020020
6.963847637,-17.714862823,167.234786987
4.280397892,-18.236413956,418.424652100
3.594100714,-17.256467819,469.099212646
4.831013203,-17.180961609,503.790863037
3.311727285,-17.433748245,425.687133789
3.435243368,-15.657057762,329.723388672
4.735869884,-17.247623444,508.000000000
3.540950060,-17.526472092,450.518035889
3.834798336,-16.874847412,493.163970947
4.200854778,-18.166177750,427.748107910
6.090530872,-18.062528610,276.727264404
4.376828194,-16.849502563,517.116760254
3.840339661,-18.315322876,389.451293945
3.947389364,-17.877899170,455.565093994
5.941974163,-16.280380249,328.474609375
2.646347284,-16.486907959,307.355987549
4.476025105,-17.601507187,496.397094727
2.204329967,-16.610073090,239.827285767
3.812094927,-17.884874344,445.335388184
4.029043674,-17.007270813,509.836364746
2.857661009,-15.890626907,290.004486084
4.126530170,-17.953685760,454.945037842
4.569938660,-17.005121231,517.936706543
2.090875387,-18.791898727,145.205688477
4.003646374,-18.646442413,343.993347168
3.441669703,-18.894189835,269.691467285
3.472114801,-16.783779144,450.465209961
6.290599346,-17.225223541,292.438171387
3.837895632,-18.693601608,328.438110352
4.384994984,-17.978706360,455.902954102
4.204281330,-17.498283386,502.658935547
3.764092684,-17.870223999,443.065307617
5.678684711,-18.283267975,311.832580566
4.317732811,-17.738977432,483.960723877
3.634324789,-15.654490471,347.541961670
5.486708641,-18.255760193,339.762725830
4.604661942,-17.291488647,512.416870117
4.615766525,-16.955547333,515.878967285
4.603353024,-17.591939926,493.997161865
2.225960016,-17.310773849,249.427825928
3.123164892,-16.600109100,391.285369873
3.616903543,-16.505191803,450.878631592
5.706251621,-16.338666916,369.397338867
6.165514946,-16.774805069,314.799438477
5.091320515,-16.128131866,423.536193848
3.760373831,-16.555292130,469.368316650
6.040391922,-15.313922882,216.796508789
5.582252026,-16.173227310,372.433410645
3.481588364,-18.430126190,343.382843018
4.157538414,-17.677249908,486.657012939
4.200366020,-16.904033661,515.678833008
4.228032112,-16.715322495,508.826507568
3.344336987,-16.969514847,438.211273193
4.172994137,-16.315073013,473.368621826
4.457191467,-17.533246994,502.124847412
3.885004282,-16.019578934,420.973693848
2.217953920,-16.654464722,243.510452271
4.604763508,-16.200983047,461.388702393
4.283405304,-18.429185867,387.477844238
4.722022057,-16.382280350,477.370635986
4.056061745,-16.879592896,508.838684082
4.779649734,-16.499523163,485.172790527
4.938580990,-15.447122574,333.123291016
4.210152626,-17.174291611,517.002136230
3.215652943,-16.456544876,395.432708740
3.654959917,-18.793474197,300.992034912
5.167945385,-17.794311523,432.761932373
4.537199974,-17.902214050,463.624938965
5.617823601,-17.978944778,355.681365967
2.853559971,-17.223659515,359.359283447
4.030433655,-17.226964951,508.129241943
4.186864376,-17.611820221,493.427154541
5.767284870,-16.025318146,331.815124512
4.126568794,-14.121136665,132.435989380
3.298580647,-18.358999252,334.344482422
4.833013535,-16.035591125,430.280395508
4.175299644,-16.662069321,504.010467529
5.187228203,-17.717370987,438.219390869
5.614823341,-16.767139435,407.659820557
5.537215710,-17.700954437,394.120971680
3.373146772,-15.971276283,366.146697998
5.760837555,-17.281137466,383.500305176
4.372566700,-17.014469147,520.505920410
4.673059464,-16.550306320,494.481323242
4.359394550,-17.162298203,519.739135742
4.663509846,-15.754096985,395.272247314
4.856037617,-17.966539383,440.601684570
3.650208473,-17.226636887,476.174377441
4.853980541,-18.170337677,412.800415039
4.454577446,-16.498783112,495.572021484
4.637641430,-16.586427689,498.575073242
3.656213522,-16.866716385,475.448211670
3.536111355,-17.787763596,428.998077393
4.893943310,-17.056594849,500.560485840
4.812383175,-16.593923569,490.467407227
3.831459522,-15.414918900,322.819061279
4.075415611,-17.558008194,493.486511230
5.643591881,-15.887056351,333.016540527
4.172093868,-16.583906174,498.487548828
1.995204210,-16.777902603,210.986877441
4.978162766,-18.688041687,322.269989014
5.683931351,-16.433168411,379.781463623
3.950662136,-17.556478500,486.569183350
4.976899147,-16.116720200,431.523834229
3.729652882,-15.569536209,341.574371338
2.182438850,-17.992956161,214.372238159
2.673619509,-15.513581276,224.991500854
5.477295399,-16.657335281,423.795379639
4.726836205,-17.043163300,511.648101807
5.512935162,-15.429789543,286.874786377
4.473555565,-15.876876831,418.155242920
3.668823957,-17.474027634,468.003265381
5.509646416,-16.219367981,386.723205566
3.541802406,-15.851019859,368.213836670
4.185445309,-16.529251099,494.631927490
4.383310795,-18.691009521,342.755615234
3.990552187,-17.918718338,453.219573975
3.083039761,-18.873527527,241.217300415
5.469923973,-17.760766983,398.402648926
4.160588741,-17.060821533,516.362182617
3.346480131,-18.537626266,314.584503174
5.912604809,-16.537025452,349.587127686
5.099638939,-16.614093781,468.071716309
4.537794113,-15.465196609,349.101013184
3.383997202,-18.740423203,288.269958496
5.550112724,-15.286209106,262.760040283
4.401002884,-16.943052292,519.611938477
5.903760433,-16.918855667,363.022796631
3.052160025,-16.495338440,373.666931152
3.513839960,-16.022962570,388.490478516
3.392262936,-15.666153908,326.719177246
3.081978559,-15.102303505,216.869735718
4.112202168,-16.193471909,456.666625977
4.562017441,-16.590499878,501.179687500
4.891636848,-16.010786057,423.438354492
4.497166157,-16.714130402,510.374176025
3.890557051,-17.014953613,500.460632324
5.201976776,-16.328535080,434.514923096
5.689448833,-16.746976852,395.191680908
3.518815041,-16.959661484,461.495452881
4.420743465,-16.244262695,469.305816650
4.092413902,-18.164037704,424.893402100
3.307851076,-17.051828384,433.678802490
3.433108330,-17.800281525,415.666534424
4.477441311,-17.274948120,516.205749512
2.052415133,-15.711536407,167.430923462
5.880047321,-17.263458252,363.814910889
5.420874119,-17.107051849,440.568542480
4.755479336,-17.070850372,510.013458252
5.283986568,-16.125425339,404.078765869
5.976064682,-16.602174759,342.029113770
4.115659237,-15.569702148,362.429687500
5.060627460,-16.626447678,472.716339111
3.356549501,-17.240997314,438.843872070
2.660968304,-17.393577576,322.000366211
2.367189169,-17.738304138,257.565093994
5.036485672,-18.983207703,269.502319336
4.055176258,-18.313304901,400.831237793
3.090039492,-19.276706696,188.163360596
5.109324932,-17.037952423,480.383148193
5.313055515,-14.944485664,230.083023071
3.283222437,-17.670656204,406.999877930
4.713494778,-17.728477478,476.574951172
3.283402920,-15.678889275,316.982147217
3.570799112,-15.760071754,357.875915527
5.324877262,-16.724409103,447.697357178
4.071203709,-17.196508408,511.025970459
5.109628201,-17.044422150,480.346405029
5.014712334,-18.368930817,371.302246094
3.067214966,-18.167205811,329.371459961
4.122976303,-17.445211411,503.277404785
4.861989498,-16.898172379,501.315887451
5.280120373,-16.401062012,432.326690674
3.852827787,-17.443817139,486.838500977
3.456743002,-17.346490860,449.229431152
3.909574270,-17.950059891,444.588989258
4.905854702,-16.456293106,473.274841309
5.715067387,-17.895153046,350.062927246
4.857868671,-16.247070312,455.407409668
5.249504089,-17.715408325,431.166473389
6.777160168,-16.488756180,204.140502930
4.325928688,-17.825513840,474.623443604
5.337707043,-16.563566208,437.429809570
5.533272266,-15.190437317,250.451400757
4.989706516,-15.475594521,335.044769287
2.519927979,-17.911222458,271.321563721
4.684661865,-17.526929855,495.769622803
5.217036724,-17.019742966,468.005310059
4.810155392,-16.729526520,498.719512939
3.239665031,-17.190923691,422.709320068
3.462971926,-16.637493134,441.858276367
4.023027420,-18.124116898,427.780914307
4.669000626,-19.290040970,234.203384399
3.256047487,-17.599367142,408.227386475
2.410971642,-15.780002594,218.241561890
4.923044205,-16.185455322,443.861572266
5.553681850,-17.267269135,417.278747559
2.641012669,-18.916805267,191.241760254
4.887533665,-15.268738747,305.379150391
4.117358685,-17.564643860,494.816528320
2.941859245,-16.727653503,368.495330811
5.072003841,-17.867429733,434.714111328
5.099843025,-16.531370163,462.432495117
5.227437019,-18.049360275,396.766387939
3.394107819,-16.737686157,438.100585938
5.867748737,-16.272068024,339.461395264
5.188203812,-17.010602951,471.425872803
4.224421024,-17.527463913,501.117340088
3.889305592,-17.749729156,465.527954102
4.832955360,-17.109991074,504.774932861
6.183874130,-15.677422523,238.796325684
3.299875259,-17.096609116,432.523223877
3.729098797,-16.992300034,485.778564453
3.842633247,-16.881700516,494.039459229
4.203335285,-16.562795639,497.908966064
2.637443066,-15.426302910,211.260925293
3.657591581,-17.559261322,461.321472168
5.180383682,-16.074991226,408.755767822
4.264400005,-17.155672073,518.649353027
5.038399696,-18.547714233,341.127227783
3.655908823,-17.446990967,468.180206299
4.209272385,-16.360721588,479.476989746
5.586675167,-17.477832794,402.632232666
4.848228455,-16.717519760,495.579986572
4.802214622,-17.749298096,469.351898193
4.628514767,-19.447935104,209.678619385
4.447112560,-17.590290070,497.721313477
4.021034241,-16.936847687,508.301879883
3.938860893,-16.035295486,426.674865723
5.100551128,-18.118539810,400.526458740
3.999084473,-18.520252228,365.067810059
5.127923489,-17.178855896,476.823333740
4.581998825,-17.237953186,515.003906250
4.938159943,-15.779681206,386.808563232
4.865241051,-16.091388702,435.866729736
4.966581821,-16.038202286,422.131683350
3.968053579,-15.632189751,366.590667725
3.917130947,-16.143194199,439.610168457
2.558315754,-18.922086716,182.154983521
5.041322231,-17.231367111,484.619384766
3.278370619,-16.029123306,361.750396729
2.337137938,-16.392576218,251.653015137
4.555595875,-15.632057190,377.505889893
5.296922684,-16.719432831,451.066345215
2.593164682,-16.421508789,294.773101807
4.704021931,-18.260818481,407.346771240
3.658254623,-18.178331375,395.411193848
4.601124287,-17.391292572,507.927246094
4.161587715,-18.516105652,370.957183838
4.842314243,-15.797023773,394.880889893
4.415873051,-17.887216568,467.354064941
3.929815292,-17.649011612,477.712860107
4.380569458,-17.425514221,509.798797607
3.969827175,-15.712752342,379.830688477
2.440343857,-17.699514389,271.527832031
3.591834784,-19.124540329,244.027557373
3.619739532,-16.111339569,410.588714600
5.122314930,-16.701648712,470.606262207
2.147548199,-17.568130493,229.640075684
4.399059296,-17.022504807,520.589721680
4.657487392,-15.959815025,427.160430908
1.837646842,-19.672830582,66.829124451
4.912540436,-17.400255203,489.197937012
4.071925640,-17.456237793,500.322723389
4.753382683,-20.152063370,112.591445923
4.337007046,-15.083539009,282.025329590
4.270571709,-19.148916245,262.264221191
5.306115627,-18.569433212,314.708007812
3.656929255,-17.486036301,466.036773682
2.761146545,-17.638883591,328.071258545
4.686730385,-15.697376251,385.360656738
4.617127419,-15.394318581,335.513458252
4.671608925,-17.578231812,492.387481689
2.739995241,-16.984903336,340.417236328
4.128196716,-17.055891037,515.071350098
3.971955061,-17.922748566,451.701385498
4.968859673,-16.651407242,482.592559814
5.952705860,-17.202032089,352.768981934
3.561629534,-16.240594864,419.581878662
4.151913643,-16.346303940,476.011138916
7.123941898,-18.971391678,84.531578064
3.193079710,-16.110116959,359.870300293
2.132606030,-17.231731415,235.117233276
2.862778187,-17.569593430,348.742126465
4.617291927,-18.419847488,385.151519775
5.967771530,-17.069234848,352.056640625
4.442375660,-18.546159744,367.523864746
3.516445160,-15.672483444,339.826934814
3.303246021,-16.623374939,419.392150879
3.963041306,-16.802274704,500.424468994
5.427311897,-17.276924133,435.753326416
4.466160774,-16.948822021,519.304382324
4.246099949,-16.946344376,517.887329102
3.763318062,-18.865247726,295.756134033
4.075209618,-16.526113510,489.766082764
4.945266724,-17.536191940,477.684936523
3.623402596,-17.414079666,466.372863770
4.592691898,-16.082151413,446.271270752
4.446459293,-17.555065155,500.573364258
4.247712135,-16.234863281,466.230010986
4.198056698,-17.462129593,504.865081787
3.190469265,-17.512880325,403.857147217
5.732567310,-18.174257278,317.647827148
4.726998806,-16.435228348,482.245269775
4.062559605,-15.426426888,335.936065674
5.233973980,-17.292133331,461.037170410
5.799370289,-15.700448990,291.034088135
4.598476887,-19.162439346,257.244079590
5.281864166,-16.951589584,459.463775635
4.343938828,-16.816627502,515.718933105
4.209654331,-17.671085358,488.774810791
4.231165409,-17.151544571,517.942687988
3.675082684,-15.125002861,265.434478760
4.414919853,-16.740940094,512.521545410
5.627219200,-15.958291054,343.410736084
5.227024555,-18.306606293,361.717773438
2.281325579,-14.944867134,129.110031128
5.521308899,-16.800077438,422.952758789
4.032741547,-17.543172836,492.448089600
3.180234194,-17.355003357,409.462249756
4.221884251,-17.254137039,515.364501953
5.331094265,-16.955398560,453.068511963
4.218924046,-17.817213058,473.960510254
3.503348112,-15.257202148,274.668640137
4.546824455,-17.816690445,473.506622314
4.406313896,-14.969226837,262.565399170
3.340599060,-17.650302887,416.409973145
5.535464287,-15.816950798,337.562377930
4.187374115,-17.041135788,517.268554688
3.040188074,-16.881849289,389.658294678
4.555674076,-16.386343002,483.483764648
4.293129444,-17.622741699,494.760894775
4.587996960,-16.029356003,439.060333252
3.617169380,-18.294332504,375.508056641
3.854172468,-18.063371658,426.394714355
3.539368629,-15.940305710,380.293426514
3.576516151,-17.038534164,469.406097412
2.494238138,-16.406492233,277.739471436
5.123427868,-15.617200851,348.914703369
4.802516460,-17.208936691,505.065521240
3.996796370,-16.438034058,477.627105713
4.087038040,-16.965864182,512.404663086
4.470153332,-17.827552795,473.832031250
5.528303146,-17.480047226,411.355621338
3.405474424,-16.070577621,382.191802979
5.015672684,-17.550848007,470.257385254
3.685499430,-17.097921371,481.708618164
4.926343441,-15.811557770,392.399810791
5.641615391,-17.093927383,407.072357178
4.376710415,-17.870025635,469.579864502
4.478525162,-18.956542969,295.080963135
6.077230930,-16.591243744,324.315277100
5.262026787,-17.225799561,459.709899902
4.699179173,-17.668136597,483.188659668
3.592787266,-17.512216568,457.416290283
6.396771908,-15.710959435,213.711257935
4.459126949,-19.601776123,188.359130859
6.748897076,-17.318201065,212.323684692
3.003238916,-17.632051468,367.822875977
2.176547766,-15.890667915,195.882797241
5.405827522,-15.261026382,271.473632812
5.754971027,-16.236574173,353.683044434
3.697784424,-16.983669281,482.463623047
4.962943554,-17.395408630,485.172729492
4.792383194,-18.065042496,431.547302246
4.494811535,-17.467798233,506.160980225
4.656291008,-18.792924881,319.899536133
4.847940922,-16.286964417,460.494628906
3.798865080,-16.573740005,474.250701904
6.506045818,-17.706295013,236.791290283
2.174835443,-15.841327667,192.075576782
4.318609238,-18.142074585,432.969604492
4.914802551,-19.045480728,265.830749512
5.293969631,-17.303920746,452.989074707
3.523387194,-17.501577377,449.961639404
5.891539097,-17.317241669,360.104278564
3.168094158,-16.632740021,400.023956299
3.599419355,-17.429212570,462.916107178
3.402840376,-17.845123291,407.614440918
6.028155327,-15.851820946,277.416381836
4.311455250,-16.580202103,501.704925537
3.934510231,-18.365724564,387.114501953
4.789287090,-18.218017578,409.616333008
2.998238087,-18.221336365,314.009613037
4.581049442,-16.072782516,445.264404297
4.310677528,-17.278150558,516.298522949
4.243196011,-18.089965820,439.622772217
4.260150433,-16.763870239,512.127014160
4.139269352,-17.424043655,505.165374756
4.077788830,-16.743350983,504.474945068
5.802967072,-15.214700699,229.131668091
4.583458900,-15.119747162,287.878448486
5.030641079,-16.856853485,485.933288574
4.280607700,-18.131601334,434.165679932
5.929724216,-18.171487808,289.871398926
3.114654779,-16.959218979,403.201782227
4.910348892,-17.319725037,493.311798096
4.867341042,-18.584123611,346.426788330
5.132349491,-16.850839615,475.286041260
5.036060333,-16.647504807,476.328948975
3.826269627,-16.760297775,487.991210938
5.121659756,-17.607904434,455.074432373
4.872904778,-17.801866531,458.942474365
3.425164938,-17.565900803,433.583831787
5.692538738,-17.213394165,396.734741211
4.875990868,-16.550355911,483.075683594
5.878576279,-15.187318802,218.270797729
3.234726906,-16.918960571,421.186523438
4.053727627,-18.023712158,442.971313477
4.221275330,-17.667842865,489.365356445
5.188020706,-16.142953873,416.156616211
4.098765850,-17.202056885,512.250122070
3.972074270,-16.808795929,501.300140381
3.476577759,-18.736263275,296.794433594
3.777654648,-17.093791962,490.927429199
3.365737200,-16.535182953,422.295928955
3.603594065,-18.594394684,329.083923340
4.324751854,-17.625434875,494.865020752
4.810861111,-14.231459618,145.937011719
3.284954548,-16.472503662,406.525909424
5.021037579,-16.518556595,468.967987061
4.608604908,-17.741891861,479.732604980
4.649965763,-17.646198273,487.464050293
3.915286303,-17.711652756,471.029022217
3.451832771,-16.724222183,445.157073975
4.291527748,-17.078678131,519.848693848
5.399816036,-16.775207520,439.627960205
5.314712048,-17.801891327,414.853607178
3.884310961,-17.082849503,500.184539795
4.699405193,-18.026777267,441.666656494
5.023220062,-16.400333405,458.772888184
4.917032719,-17.136644363,498.034606934
6.096267700,-17.750982285,301.519958496
4.292561054,-15.734928131,394.605041504
5.042536259,-16.209465027,437.361785889
3.570171356,-15.274446487,282.414550781
4.120796680,-18.011159897,447.281860352
3.014651299,-17.233375549,386.313323975
6.180008888,-15.425417900,213.374313354
3.838874102,-16.749847412,488.568176270
3.542210102,-18.595024109,324.034149170
5.389621258,-17.961593628,388.271026611
3.252803564,-15.713651657,318.341949463
4.630559444,-18.570158005,359.390441895
4.334618092,-15.430603981,343.177429199
4.167309284,-18.056098938,442.659484863
3.581973553,-16.764568329,463.180969238
3.515308857,-19.143589020,236.486175537
5.177138329,-17.058370590,472.719879150
3.621038437,-16.136993408,413.859771729
5.892537594,-16.005016327,311.963500977
3.305782557,-16.167562485,380.956542969
5.346989632,-15.576126099,323.918395996
3.415484190,-17.186416626,448.046752930
4.421670914,-17.790695190,478.511383057
4.821677685,-17.686794281,474.303405762
3.415149927,-16.879156113,446.179687500
4.675829887,-16.619951248,499.430480957
4.411474705,-17.198568344,519.047729492
4.787711620,-15.806247711,398.934295654
3.608725786,-16.699022293,463.021270752
4.168387413,-17.561225891,496.960418701
5.529471397,-16.693910599,417.883117676
4.227489471,-16.818094254,513.679443359
3.513743401,-17.764060974,428.675323486
4.132181168,-17.993282318,450.028717041
2.643026829,-16.798049927,319.998077393
2.962250710,-16.260808945,341.571929932
5.016857624,-17.660020828,461.111633301
4.481400013,-16.831012726,515.931884766
2.926716089,-16.196434021,330.490417480
5.887167931,-17.343875885,359.882263184
3.072838068,-18.297559738,314.980560303
5.348754883,-17.687400818,421.297485352
4.575276375,-15.878937721,417.116546631
5.039412022,-16.958898544,487.130645752
5.636082172,-16.876529694,407.062072754
4.069069386,-16.462451935,483.905426025
4.503464222,-14.768907547,228.746932983
4.070751190,-17.014261246,512.172241211
5.803361416,-16.707340240,375.228485107
2.879888296,-15.100675583,198.427627563
6.117124557,-16.357536316,305.461883545
4.664629459,-17.119052887,514.306396484
4.011837006,-16.709396362,499.009948730
3.022079706,-17.042083740,388.932525635
3.603518009,-16.434526443,443.442687988
5.802896976,-16.150661469,338.920806885
5.253595352,-16.315685272,427.608856201
4.245428562,-17.436725616,507.629638672
3.541802645,-16.724142075,456.479034424
5.852833748,-16.230934143,338.433624268
5.443589211,-16.060405731,378.189819336
3.752138376,-18.398504257,370.746002197
5.481765270,-17.884111404,384.647949219
5.253233433,-18.061508179,392.393005371
5.369518757,-16.605993271,435.882873535
3.232632875,-16.161344528,370.673095703
5.495382786,-18.987012863,234.574264526
4.646163940,-16.493856430,490.909942627
5.836600304,-15.640875816,279.261230469
5.377775669,-16.315738678,412.880798340
5.307087898,-16.465393066,434.327911377
5.333347321,-16.457124710,430.447814941
5.574084759,-16.099822998,365.998565674
3.804927588,-16.057044983,420.170471191
4.057440758,-16.734113693,502.940734863
2.466307402,-18.030654907,254.327148438
4.634888649,-16.547708511,495.745697021
3.215573549,-16.331497192,385.010711670
5.643487930,-16.879535675,405.937500000
2.072318792,-16.538461685,216.414581299
4.370599747,-17.670042038,491.013916016
4.146348953,-15.534504890,357.417480469
3.381174088,-15.559803009,310.116790771
5.109499454,-14.678856850,200.461746216
4.057651520,-16.524261475,488.708038330
4.398560524,-17.268827438,517.076110840
5.426040173,-17.022058487,440.289947510
4.262263298,-18.011194229,450.807556152
5.217123032,-14.952517509,236.964691162
3.848055840,-16.445264816,467.784637451
3.886065483,-17.035217285,500.248199463
4.502909184,-17.679328918,488.894866943
5.651851654,-16.384634018,381.071075439
6.164948463,-15.594075203,232.819030762
4.341521263,-16.733182907,511.866119385
4.419557571,-17.792947769,478.277282715
4.181388855,-16.317596436,473.933898926
4.678132534,-18.327220917,398.002716064
4.869495392,-17.366254807,494.362945557
5.154337406,-17.589132309,453.013397217
4.782377720,-18.490970612,366.538513184
4.728846550,-16.257526398,463.614959717
5.037052631,-18.543371201,341.929321289
2.070027828,-17.603033066,216.188415527
3.743625641,-17.006814957,487.381103516
3.449239492,-17.447198868,443.725616455
4.345098972,-16.603330612,503.807708740
4.153947830,-16.222024918,461.838256836
6.579506874,-17.470825195,235.429382324
5.626184464,-16.766481400,405.862884521
3.918126822,-19.319713593,227.300415039
4.667244434,-17.728593826,478.765014648
5.602147579,-17.327587128,407.570831299
5.069164276,-18.015861511,417.038299561
4.325452805,-17.235912323,517.808044434
6.147518635,-15.554745674,230.920059204
5.486211300,-18.025484085,368.461822510
4.955832958,-16.579917908,479.085266113
4.343855858,-16.245227814,469.093261719
5.392817020,-15.528097153,312.582336426
4.928043365,-17.590475082,474.895996094
5.252446175,-16.584070206,449.268035889
4.827387333,-16.554981232,486.702758789
3.628233910,-18.881662369,284.971588135
3.015206575,-16.196725845,343.646148682
5.386719704,-16.066535950,385.652770996
3.686797857,-17.165933609,481.233642578
4.602612972,-17.647554398,489.154968262
3.421508789,-15.676885605,331.239288330
5.011035919,-16.685247421,480.774169922
5.356677055,-17.540134430,431.821472168
2.791285992,-17.714654922,328.385131836
3.465885401,-16.967695236,454.833648682
3.753139019,-17.624349594,465.758392334
5.017588615,-16.504152298,468.158782959
4.825579166,-17.769414902,465.728088379
4.870424747,-17.850290298,453.695800781
4.721347809,-17.622110367,486.234130859
5.337765217,-17.720754623,419.740112305
4.320333481,-17.466409683,506.969665527
4.292840481,-15.864755630,415.410369873
5.274986267,-18.607217789,311.844146729
2.848639250,-17.058046341,359.685211182
4.771208763,-16.572336197,491.364349365
2.400106668,-18.058078766,242.308334351
4.374011993,-17.450908661,508.253295898
5.962068558,-16.905740738,352.746643066
5.493487358,-17.413301468,420.231658936
5.128617287,-17.323419571,472.111846924
4.259357452,-16.732805252,510.546142578
4.153081894,-18.783432007,324.611785889
2.132601738,-16.344932556,217.424270630
4.514274120,-17.422784805,508.574707031
5.161139965,-18.107398987,396.144195557
4.739809990,-15.534749031,356.485687256
4.540844917,-16.977571487,518.416625977
4.216339588,-16.340536118,477.528961182
4.540929317,-15.824505806,409.226928711
4.645585537,-18.542806625,363.563995361
4.546027660,-13.431509972,66.273689270
2.845365763,-17.095588684,359.127227783
3.409274340,-15.887639999,359.373748779
4.642364025,-17.300701141,510.618347168
3.686989069,-16.020490646,405.306121826
5.568581104,-17.472272873,405.727233887
3.623116732,-16.231950760,425.152160645
3.305291414,-17.409925461,425.863403320
5.724923611,-17.013826370,393.858886719
2.816221952,-17.663209915,335.708099365
5.512992382,-16.841024399,425.296234131
4.164179802,-15.618804932,372.303070068
3.426858425,-16.817966461,445.823364258
3.836343765,-16.147884369,434.381042480
4.386396408,-17.598508835,497.397216797
3.971512556,-16.870796204,503.480346680
5.626187801,-17.217613220,407.353454590
6.121527195,-17.638710022,304.745635986
3.608908892,-17.631626129,450.737518311
2.268134832,-16.833705902,256.414916992
4.725726128,-17.280992508,507.407623291
6.016129971,-16.189344406,309.798217773
5.064799786,-17.960639954,424.383758545
3.852305651,-18.137659073,416.162536621
3.754960060,-19.621089935,176.652450562
4.829085350,-19.992801666,129.393539429
3.685255527,-17.168678284,481.034149170
3.407248497,-18.081699371,382.213378906
4.293925762,-15.909230232,422.284790039
3.831193209,-18.015661240,430.981414795
5.339076042,-18.434522629,331.579864502
3.098881483,-16.308023453,366.113891602
5.289073467,-18.049331665,389.887756348
3.577304840,-18.019180298,408.266693115
4.560009956,-17.726573944,482.857330322
4.654071808,-17.154258728,514.278137207
5.841732502,-17.183227539,372.392303467
1.190271139,-15.524490356,74.765342712
3.742922068,-17.608428955,466.086181641
2.962289810,-17.065574646,379.035675049
3.409149885,-17.002256393,447.674774170
4.362413883,-17.272413254,516.916503906
3.493813515,-16.388122559,426.650543213
3.841647148,-17.364061356,489.999511719
3.689116240,-16.288097382,437.916168213
6.280711651,-18.448535919,212.493087769
4.320666790,-15.666842461,383.697265625
4.778057098,-16.841533661,505.320983887
3.719923019,-18.160940170,403.040710449
4.138535500,-15.929730415,421.303161621
3.570634604,-17.848114014,426.789581299
6.529070854,-16.980352402,253.175262451
4.062873840,-17.654481888,484.889709473
4.834863663,-17.039831161,504.964996338
4.729233742,-18.850963593,307.231567383
3.446145535,-17.198123932,451.968444824
5.611784935,-16.307392120,380.692840576
5.765043736,-16.762639999,383.391510010
3.813907623,-18.127698898,414.862243652
2.826227427,-17.552478790,343.569885254
5.045894623,-16.670032501,476.678131104
5.809236526,-16.386444092,357.126220703
2.861778498,-17.330345154,358.384643555
4.805830002,-17.068502426,506.899475098
5.388376713,-18.105127335,371.179077148
2.764898539,-17.152353287,344.915069580
3.020983934,-18.966688156,222.903244019
3.634736300,-17.174144745,475.461181641
5.036230564,-16.546157837,469.646331787
4.363507271,-16.101673126,450.900848389
5.122139931,-17.156793594,477.900939941
4.496986866,-16.240741730,468.364654541
4.252007961,-17.776847839,479.080261230
4.664913654,-17.297567368,509.778869629
3.327164173,-15.768793106,334.185607910
4.912288666,-16.593633652,483.497680664
5.175694942,-15.482755661,323.895019531
4.354173660,-19.027286530,283.542083740
4.430531025,-17.890024185,466.901458740
4.575397968,-17.402130127,508.177642822
3.649710178,-18.082477570,407.380554199
5.626673222,-15.334388733,262.383209229
7.076503754,-16.534086227,161.545837402
2.355098248,-15.682570457,202.457885742
3.510431528,-16.407558441,430.397308350
3.947805166,-17.078321457,504.921600342
3.723895073,-16.111585617,420.465393066
4.948672771,-17.005813599,495.945983887
4.692339897,-15.999057770,431.647491455
3.107605457,-17.302337646,399.773590088
4.127509117,-18.405599594,388.463958740
5.323680401,-16.530069351,436.986907959
4.184156418,-17.883209229,465.431030273
5.612545490,-18.862157822,241.488967896
4.277518272,-18.511072159,373.650726318
4.512254238,-17.038768768,519.498962402
3.621156216,-18.070829391,406.192077637
5.088561535,-18.031961441,413.148132324
5.518424988,-16.363412857,398.539459229
5.380140781,-18.369493484,336.563385010
6.080099106,-17.331134796,326.748474121
3.011403799,-18.571620941,273.423431396
3.342697620,-17.688938141,413.718017578
4.552936554,-17.454080582,505.728515625
-46.681758881,55.317333221,477.845275879
-47.512561798,54.666584015,488.673095703
-46.335906982,55.732620239,412.906127930
-46.819080353,56.258605957,369.396301270
-44.716670990,53.927574158,190.819335938
-48.019664764,55.149684906,435.827423096
-46.098457336,56.075691223,347.038513184
-46.679946899,54.011730194,444.290679932
-46.546905518,54.293090820,462.993469238
-46.986072540,55.210845947,495.237640381
-50.002441406,53.649108887,111.888267517
-45.362007141,55.901550293,272.348449707
-46.093166351,53.398635864,317.339050293
-49.288948059,55.321407318,235.074203491
-47.390239716,57.439926147,179.050567627
-46.910377502,53.942516327,444.653167725
-46.366859436,55.394714355,447.860290527
-46.279922485,55.129238129,454.211669922
-45.458698273,53.917808533,298.206115723
-46.313045502,56.634090424,283.975219727
-48.814094543,52.244663239,113.767608643
-46.577335358,58.096446991,97.858963013
-47.608116150,53.804374695,409.834411621
-47.056404114,55.275508881,491.924468994
-46.190620422,56.181671143,341.746368408
-46.776729584,54.453006744,487.562988281
-45.025794983,53.416236877,195.097152710
-48.404781342,54.822578430,387.141113281
-47.818256378,54.481235504,455.345123291
-45.686115265,54.972373962,376.562347412
-47.175537109,56.516586304,330.090118408
-46.474140167,56.998172760,236.067077637
-47.174884796,55.428817749,479.707580566
-48.349246979,54.883296967,395.659637451
-46.979465485,53.793327332,426.363830566
-46.728141785,53.850914001,427.030303955
-48.520442963,55.626113892,336.943817139
-46.942768097,54.683921814,502.557373047
-46.778118134,56.215503693,374.910217285
-46.511619568,54.413063049,468.720581055
-45.971378326,54.575298309,416.080688477
-47.192329407,54.571304321,498.866912842
-46.181934357,54.818401337,448.432525635
-47.268901825,54.681579590,500.753967285
-47.675064087,54.386585236,463.242218018
-47.149532318,56.423118591,345.951873779
-48.167366028,55.803234100,367.671295166
-46.143356323,55.623100281,404.257263184
-46.598583221,54.590244293,484.117126465
-48.090404510,55.207118988,424.396942139
-47.827072144,55.057182312,461.108215332
-47.361484528,53.380062103,359.459991455
-49.145652771,55.957279205,220.930206299
-46.713989258,53.965648651,440.652038574
-47.149841309,53.653446198,406.475189209
-47.075920105,55.389877319,483.672546387
-46.431610107,54.208541870,446.714996338
-46.406162262,55.052299500,469.859985352
-47.564357758,57.531646729,162.890701294
-46.097999573,55.269046783,425.926849365
-48.042152405,53.415119171,320.227294922
-46.660518646,53.478622437,370.472381592
-47.184753418,55.390911102,482.688018799
-46.007808685,54.805229187,425.704071045
-44.519645691,54.523979187,184.536209106
-46.664768219,56.280590057,360.133148193
-47.500305176,54.847923279,491.991760254
-46.749183655,54.143466949,461.703155518
-47.051914215,56.843208313,275.405761719
-48.108547211,55.087768555,426.589019775
-47.753429413,52.863464355,258.602050781
-44.960212708,54.565067291,253.278533936
-46.468784332,52.317012787,180.494842529
-46.810573578,52.587776184,230.108825684
-45.586109161,54.167579651,336.862579346
-46.294200897,55.406166077,439.685394287
-47.504348755,54.933574677,491.207061768
-48.262065887,53.750186920,339.184295654
-46.622100830,55.194690704,481.561584473
-46.497154236,54.725879669,480.094055176
-49.078464508,54.923469543,276.781951904
-47.006099701,53.297893524,350.498260498
-46.592601776,55.543106079,453.526031494
-47.700138092,52.889003754,265.406341553
-46.121417999,55.600521088,403.853118896
-44.632545471,54.821502686,204.150390625
-48.602161407,56.068504333,283.929656982
-47.857975006,54.633686066,457.415618896
-48.311195374,54.309616089,383.527038574
-48.116344452,56.022033691,348.069976807
-47.030174255,53.609214783,400.181243896
-46.608963013,53.997894287,438.661926270
-47.693214417,55.977111816,392.986999512
-47.412277222,54.181930542,464.344543457
-46.134887695,54.503456116,434.817596436
-47.634567261,56.139545441,373.959838867
-46.430622101,54.510005951,467.144256592
-46.966831207,53.293457031,349.417236328
-48.808414459,53.812622070,272.069335938
-46.788978577,55.651416779,452.654418945
-46.592685699,54.178268433,456.338867188
-48.589817047,56.078571320,284.449127197
-46.724548340,55.302543640,481.166290283
-47.835849762,54.740253448,462.269714355
-48.215602875,55.111854553,411.179046631
-47.471618652,54.038078308,446.501312256
-47.042678833,56.259132385,373.033569336
-46.937290192,56.403945923,348.347229004
-45.764778137,53.309501648,271.570587158
-47.353733063,53.260639191,340.287689209
-47.056896210,53.929191589,444.684600830
-47.913543701,54.598373413,450.065124512
-46.963336945,54.260986328,479.122894287
-49.083152771,54.865005493,276.164611816
-48.849079132,55.179111481,310.176208496
-48.512420654,54.769763947,369.870361328
-47.733718872,56.025012970,383.415863037
-47.892734528,55.428951263,434.233184814
-48.524257660,54.963752747,367.772308350
-47.907814026,53.600082397,358.380706787
-46.441909790,55.821731567,411.581207275
-45.864475250,54.574665070,400.695831299
-47.180435181,54.232791901,476.559295654
-44.353080750,55.478904724,153.796585083
-47.535720825,54.913806915,489.341125488
-47.104141235,56.246841431,375.036346436
-46.272460938,55.139812469,452.963073730
-47.696990967,53.927520752,418.618896484
-47.213455200,57.236083984,211.394088745
-49.566680908,55.444389343,190.061416626
-48.517276764,55.262172699,360.333007812
-47.534343719,55.236099243,478.717651367
-46.884296417,54.966453552,502.116333008
-47.161575317,54.757534027,504.624420166
-46.845981598,55.475524902,472.558166504
-47.962272644,55.001556396,447.282958984
-47.889087677,53.452133179,339.222412109
-46.489833832,53.673141479,389.349304199
-44.539398193,54.087665558,174.313568115
-46.894809723,54.403560638,488.571014404
-48.504524231,52.899845123,207.457748413
-46.743770599,55.442623138,471.369201660
-45.953128815,55.672615051,376.202270508
-47.654953003,56.836948395,262.855102539
-45.708713531,53.063316345,234.134658813
-46.224746704,52.456439972,189.601593018
-46.472400665,53.792236328,404.191650391
-46.452339172,54.168491364,444.887359619
-46.532558441,55.583122253,445.364105225
-48.978034973,54.868228912,293.576019287
-47.871307373,54.640640259,456.166351318
-46.712532043,56.317478180,356.305145264
-46.684883118,55.521022797,461.251220703
-47.691738129,56.118736267,373.217193604
-47.827957153,52.424282074,189.788757324
-48.301219940,57.168956757,177.157821655
-47.549377441,57.981998444,109.906547546
-46.809448242,54.297409058,478.052917480
-46.037597656,54.948066711,429.163970947
-46.786094666,55.568546295,461.385589600
-46.792957306,55.458755493,472.119903564
-49.435684204,53.680404663,176.940856934
-47.903633118,54.387538910,440.858886719
-45.749923706,54.838424683,387.633728027
-47.026760101,56.086631775,399.937133789
-48.248825073,54.866844177,410.585845947
-45.494560242,53.351379395,245.736740112
-47.005828857,55.093746185,500.902954102
-49.000934601,54.731380463,289.008209229
-47.511577606,55.656673431,444.726928711
-47.016223907,55.725708008,449.416473389
-46.434822083,54.163906097,442.981689453
-47.513694763,55.240894318,479.791442871
-47.754154205,54.920406342,471.138885498
-46.590248108,56.124069214,380.356079102
-47.316558838,53.142326355,321.693145752
-48.051692963,57.197124481,188.700820923
-47.997417450,54.709762573,443.111694336
-46.588890076,52.395591736,195.484512329
-47.246341705,53.633441925,401.966339111
-46.383419037,54.022518158,424.366333008
-46.150440216,54.868938446,444.553161621
-46.504158020,56.608440399,299.503692627
-47.845012665,54.749805450,461.433868408
-45.038272858,54.194545746,252.394287109
-47.613674164,53.965187073,429.300750732
-47.304336548,53.323543549,351.948394775
-46.971565247,55.745128632,446.556915283
-48.684062958,53.107376099,214.564392090
-47.516014099,55.093612671,486.544860840
-47.776573181,53.976718903,417.521453857
-47.458251953,53.816844940,420.251068115
-46.686386108,54.369235992,477.686248779
-47.903079987,56.336143494,325.248626709
-46.404064178,54.178474426,441.614898682
-46.573234558,54.763114929,486.652160645
-47.248458862,53.918312073,441.152893066
-45.454166412,54.306774139,324.786743164
-46.071544647,55.109043121,429.768646240
-47.526252747,56.143955231,379.522674561
-46.113956451,55.817386627,380.440155029
-46.444255829,55.663372040,430.082427979
-45.980384827,54.731628418,421.167083740
-47.185943604,53.156291962,326.383697510
-45.766353607,54.072093964,356.091705322
-49.310077667,55.982841492,197.231552124
-48.423545837,55.322498322,371.690643311
-48.056579590,54.383674622,422.513427734
-47.019359589,56.185676575,384.593627930
-47.227214813,53.514801025,384.255065918
-46.448368073,56.080768585,377.496002197
-47.775794983,54.370925903,453.062225342
-49.036003113,53.558074951,218.817214966
-45.880458832,54.315677643,390.460784912
-48.411632538,54.069568634,351.267974854
-47.125728607,55.262619019,492.554077148
-46.707473755,55.931137085,414.112640381
-43.676807404,56.581272125,54.757995605
-47.186504364,54.570964813,498.959136963
-47.924713135,54.982295990,452.075897217
-46.357013702,54.482273102,458.743835449
-46.767929077,55.125339508,492.971099854
-46.295722961,54.295539856,440.749755859
-47.525291443,53.612178802,388.176300049
-46.735687256,54.720890045,496.104125977
-45.116249084,56.353698730,198.273864746
-46.014377594,55.597972870,390.999511719
-46.516185760,54.892719269,482.564727783
-46.463943481,56.561096191,304.880340576
-46.184062958,54.651252747,446.176147461
-47.072990417,54.382404327,489.398468018
-48.257190704,52.619113922,191.644760132
-46.275505066,54.299007416,438.876556396
-45.960109711,55.273559570,407.363952637
-47.523361206,55.443164825,464.801605225
-47.659656525,54.950984955,479.366668701
-47.328117371,54.453315735,489.003631592
-44.785263062,53.896255493,198.504501343
-47.735870361,53.792613983,398.851867676
-47.055149078,54.065677643,460.720550537
-46.119903564,56.749866486,252.737609863
-46.836357117,55.030597687,499.086975098
-47.328437805,54.322940826,480.095123291
-48.242172241,55.310626984,398.649841309
-46.603775024,56.952873230,248.408432007
-48.677227020,55.524085999,320.922729492
-46.178951263,55.314311981,433.179779053
-47.664073944,55.723075867,427.002960205
-46.344615936,54.887371063,466.694458008
-49.357830048,55.555576324,215.406570435
-46.880283356,53.200687408,332.690399170
-48.307327271,54.031322479,362.354919434
-47.369518280,55.085128784,494.899475098
-46.310874939,55.573745728,427.020629883
-48.444629669,56.117553711,298.328582764
-47.228153229,54.459030151,492.440185547
-48.506374359,55.186779022,365.119873047
-47.971794128,52.904438019,251.360229492
-45.678356171,55.266563416,366.014556885
-46.764305115,54.849979401,498.696075439
-47.499259949,54.685485840,490.023773193
-47.478263855,55.439216614,467.844207764
-47.012031555,55.105892181,500.494384766
-47.850357056,54.364887238,445.146545410
-46.701263428,53.039493561,301.005462646
-46.444046021,54.347637177,458.743438721
-46.789783478,55.607875824,457.433319092
-46.820865631,56.846176147,272.133544922
-46.724803925,54.587303162,491.659484863
-48.201988220,54.024768829,375.620697021
-45.899768829,54.652832031,408.109313965
-48.806259155,55.048946381,320.432495117
-47.671798706,55.382305145,458.804656982
-48.583511353,55.833324432,309.958343506
-47.960552216,53.908954620,391.913604736
-46.699604034,55.514255524,462.686065674
-45.052570343,55.768299103,237.718322754
-49.188064575,53.830177307,219.747711182
-45.072959900,55.271347046,267.210266113
-48.453845978,55.664493561,343.331268311
-46.948116302,54.047447205,457.696563721
-47.356166840,55.610927582,457.284454346
-47.426460266,55.089813232,491.962554932
-47.301902771,54.372642517,484.720458984
-45.422882080,56.415618896,228.219390869
-46.904739380,55.310691833,487.479553223
-47.631366730,56.321708679,346.466278076
-48.449607849,54.234966278,358.391571045
-48.375350952,55.564041138,362.694000244
-47.909549713,54.030128479,410.352905273
-48.208892822,54.689796448,414.592803955
-46.618503571,54.140220642,454.356719971
-46.661281586,54.499225616,484.118255615
-47.806621552,56.079856873,370.067260742
-46.959045410,53.935729980,444.696105957
-47.204933167,54.746036530,503.710205078
-46.941528320,54.820186615,504.539489746
-47.202308655,54.213203430,474.392242432
-46.052154541,56.048664093,345.614654541
-46.798500061,55.733917236,443.452331543
-48.409980774,53.583003998,301.707275391
-47.436759949,57.477996826,172.908218384
-47.166805267,54.843395233,505.186920166
-47.765087128,54.602760315,465.975006104
-46.271095276,56.307163239,330.692047119
-48.656860352,54.712753296,345.783447266
-47.252040863,56.421489716,344.899932861
-46.980377197,56.250595093,373.933959961
-48.722629547,54.864494324,336.076141357
-46.072082520,53.151760101,280.027160645
-47.013156891,56.288642883,368.103179932
-46.833271027,54.187377930,469.267730713
-47.343780518,53.902748108,436.301910400
-48.952480316,55.154769897,293.911895752
-46.655998230,54.053398132,447.608123779
-47.328136444,55.292320251,486.044158936
-48.198028564,55.530044556,389.607177734
-47.204269409,53.416759491,369.103759766
-49.519531250,54.387836456,199.770187378
-48.065582275,53.694179535,355.045989990
-48.200298309,54.224010468,392.906005859
-47.482906342,53.659641266,397.271331787
-46.734802246,55.668045044,448.460479736
-46.576499939,54.836971283,487.397125244
-46.336078644,55.319587708,450.114013672
-45.803218842,53.328483582,278.186218262
-46.354179382,54.662025452,465.411163330
-47.810565948,56.175914764,356.119903564
-45.962520599,54.098335266,385.129302979
-47.352561951,54.868473053,499.832763672
-48.026454926,54.121994019,406.284393311
-47.130378723,54.895999908,505.444976807
-47.834812164,55.968826294,382.697113037
-47.604316711,54.369045258,467.739562988
-45.508392334,55.650756836,315.059020996
-44.843666077,56.580238342,148.577133179
-49.492248535,54.555984497,207.985900879
-46.026824951,55.823528290,369.700103760
-46.825645447,55.370498657,480.680358887
-47.624614716,55.333541870,466.087585449
-49.515899658,56.103752136,163.706100464
-46.887805939,55.470245361,474.283264160
-46.381725311,53.629135132,375.199981689
-47.604129791,55.244869232,473.244476318
-46.833229065,54.267032623,476.406860352
-47.715595245,53.878265381,411.221588135
-46.878437042,54.034286499,454.717163086
-46.302131653,55.349395752,444.616699219
-47.147071838,56.468097687,338.464324951
-47.171714783,56.779571533,285.751800537
-45.293449402,55.090904236,309.297119141
-46.612510681,52.214641571,170.616516113
-47.149818420,55.260578156,492.452728271
-49.911285400,55.701148987,137.196517944
-46.748226166,53.525115967,381.321502686
-47.205505371,54.908237457,504.235290527
-48.011650085,54.069107056,403.052978516
-46.462734222,55.491416931,448.559234619
-47.374130249,55.333427429,481.354034424
-48.809673309,55.149963379,317.494689941
-47.837482452,55.090545654,458.967895508
-47.355995178,54.456802368,488.085235596
-47.008838654,56.023925781,409.170745850
-49.986660004,55.388515472,137.470886230
-46.504608154,55.348320007,463.477081299
-47.582950592,53.419868469,355.992706299
-45.319915771,56.586013794,198.257797241
-47.473857880,53.882110596,427.887695312
-47.256980896,55.029006958,500.763214111
-46.459381104,54.386001587,462.668121338
-47.510639191,55.295875549,476.622741699
-49.065158844,54.023124695,250.472381592
-47.699337006,54.479206085,466.636749268
-47.834377289,57.254066467,191.749404907
-45.982540131,57.257583618,173.212585449
-46.798450470,54.814811707,500.124145508
-47.278682709,53.686244965,408.942199707
-45.984569550,54.424442291,411.303680420
-46.958770752,55.242656708,493.001220703
-47.250633240,55.878948212,428.005645752
-48.833965302,55.094867706,314.904205322
-46.587867737,53.757114410,407.233489990
-45.797050476,54.972152710,393.929626465
-48.032699585,55.366500854,422.679290771
-46.275177002,54.309108734,439.577667236
-46.842144012,54.149494171,465.892578125
-46.185188293,53.145488739,288.407989502
-46.939861298,56.498191833,332.678955078
-47.389171600,55.474948883,469.272705078
-47.167858124,54.281806946,480.985687256
-45.952610016,54.705764771,416.827911377
-46.345520020,54.380565643,451.722717285
-46.077728271,54.715267181,434.146514893
-47.368350983,54.288784027,475.772430420
-50.169612885,55.509563446,114.537223816
-47.579692841,55.136684418,480.439575195
-47.184547424,55.283992767,490.474090576
-48.132678986,54.705268860,425.473815918
-47.044536591,54.790714264,505.580749512
-47.544811249,52.921794891,277.775024414
-49.146213531,54.813320160,265.702972412
-46.995819092,56.200920105,381.998626709
-47.102096558,54.951168060,504.999786377
-46.815708160,53.780010223,420.923187256
-48.449497223,54.468284607,371.563568115
-45.598312378,56.189697266,274.783508301
-47.869804382,54.534278870,452.418487549
-46.928573608,55.563076019,466.312744141
-47.616710663,53.984970093,431.358642578
-47.018146515,55.354564667,486.190155029
-46.554531097,57.638790131,148.018814087
-45.980834961,55.473972321,397.039062500
-47.363010406,55.418720245,475.256866455
-46.333850861,55.741050720,411.763214111
-46.965961456,54.170227051,470.836944580
-45.563465118,57.240421295,148.074234009
-46.265186310,54.680839539,456.354156494
-47.645931244,54.991466522,479.800415039
-47.100727081,55.083885193,501.540557861
-46.828125000,54.509418488,492.700714111
-47.055423737,55.269222260,492.323425293
-44.730949402,54.605857849,217.487823486
-49.064144135,53.810310364,235.641571045
-43.257087708,53.926647186,48.953514099
-47.756813049,53.167343140,306.021575928
-45.903800964,54.852977753,410.976135254
-46.160419464,54.692134857,444.255889893
-47.895435333,54.459350586,445.942474365
-46.446445465,55.053558350,473.558990479
-46.935104370,52.778362274,262.810760498
-48.868309021,53.938903809,273.770172119
-46.761203766,54.878490448,498.474121094
-48.005149841,53.908489227,387.062622070
-46.229690552,54.867336273,454.132904053
-46.772777557,55.325847626,481.851440430
-44.730281830,56.073387146,173.140884399
-47.021373749,54.776115417,505.299285889
-46.955627441,53.634231567,403.244842529
-46.152332306,54.960525513,443.909667969
-46.876758575,55.765457153,442.105224609
-48.009937286,53.484920502,333.000701904
-47.907508850,55.099906921,450.981567383
-46.081901550,55.690082550,390.441619873
-45.890960693,54.291404724,390.369934082
-46.011592865,55.171134949,419.357604980
-45.687908173,54.125522614,349.057556152
-46.872379303,55.010280609,500.817199707
-47.576744080,55.048400879,483.807128906
-46.418392181,54.981101990,472.781463623
-46.150081635,54.896221161,444.366546631
-47.192752838,56.267406464,371.025451660
-46.930660248,53.169456482,328.305297852
-45.075492859,54.987361908,274.522003174
-47.524780273,56.842655182,267.306488037
-47.064590454,53.864048004,436.364746094
-47.938583374,55.820564270,391.220062256
-48.001296997,56.377815247,310.894653320
-45.898086548,55.728610992,363.591461182
-47.340103149,54.446594238,488.134582520
-48.703083038,55.562911987,314.368408203
-46.978912354,54.077972412,461.512847900
-46.942790985,53.587360382,395.996520996
-48.246623993,53.972789764,364.844909668
-47.287109375,54.439350128,489.609741211
-48.390995026,54.733135223,388.433441162
-48.679580688,53.703861237,279.865112305
-46.967533112,55.155941010,497.768402100
-47.055473328,52.426677704,207.461212158
-43.765075684,56.034667969,76.718070984
-45.145866394,55.146011353,283.170989990
-45.417964935,54.519348145,328.068725586
-45.598731995,54.230869293,343.068145752
-46.169406891,53.092685699,279.266052246
-46.605064392,56.129760742,380.336334229
-46.561294556,55.739246368,430.323486328
-47.529598236,54.836868286,490.048431396
-45.547824860,55.125461578,350.668029785
-46.459056854,53.577041626,373.536163330
-47.257934570,53.493747711,380.337188721
-46.663822174,56.791770935,276.644104004
-46.097450256,53.208484650,290.465606689
-47.539009094,54.799274445,489.226196289
-48.758647919,56.161300659,254.133239746
-47.905887604,54.035556793,411.289855957
-48.167301178,54.501083374,414.176452637
-46.588905334,54.381866455,472.461486816
-47.822246552,54.931606293,464.143707275
-48.696998596,54.864101410,340.309143066
-47.099231720,55.693561554,453.441955566
-48.230148315,55.212890625,405.238800049
-47.533901215,55.675830841,441.269622803
-45.892078400,55.394298553,390.587158203
-47.002689362,55.406921387,481.915496826
-48.610031128,54.309726715,338.590362549
-47.685276031,54.325366974,458.108673096
-46.083240509,55.162113190,429.249603271
-47.988079071,54.307064056,425.808471680
-46.130722046,54.270954132,420.358947754
-48.140232086,56.007862091,347.199401855
-45.225414276,55.294483185,291.334716797
-47.333850861,56.423736572,342.690002441
-47.320400238,54.476436615,490.622039795
-47.083232880,54.347274780,486.855316162
-47.059322357,54.842559814,505.874450684
-46.259578705,54.839794159,457.604522705
-46.593441010,54.121944427,450.945678711
-45.920661926,54.921283722,413.056152344
-46.994701385,54.129131317,467.092163086
-46.260864258,53.188518524,300.712554932
-46.445835114,54.983531952,475.267730713
-46.383934021,54.903877258,470.546539307
-45.925754547,55.476406097,389.435943604
-47.153606415,53.567058563,393.409301758
-47.678390503,55.707820892,427.629119873
-46.714500427,54.039543152,449.158905029
-45.782756805,53.966403961,348.935577393
-47.096790314,54.283363342,481.775573730
-46.697673798,54.665115356,492.785888672
-47.248394012,54.014541626,452.726776123
-46.792427063,55.769718170,438.849853516
-45.618724823,55.520381927,341.590393066
-46.535625458,54.735992432,483.394805908
-45.359519958,54.331371307,310.765380859
-47.765266418,55.080883026,466.626342773
-47.594268799,54.698188782,483.668029785
-45.884956360,55.279758453,396.416442871
-45.421577454,55.226596832,326.405761719
-46.489452362,54.477207184,470.613037109
-46.479835510,52.961025238,278.749572754
-46.053131104,54.205776215,405.781890869
-46.580692291,55.680366516,438.382141113
-46.842453003,55.035964966,499.148742676
-48.666259766,55.610301971,316.581787109
-45.417831421,54.474380493,326.481292725
-47.182388306,55.247203827,492.816314697
-45.437248230,54.822822571,336.590362549
-45.742858887,54.791126251,386.371704102
-46.387397766,53.705738068,386.164337158
-49.073818207,55.633056641,253.369812012
-46.984817505,54.335422516,485.448120117
-47.703678131,54.713298798,474.837280273
-47.946666718,53.157070160,290.950225830
-47.058540344,55.881668091,429.595520020
-48.477645874,56.293247223,273.567504883
-45.642658234,55.816291809,320.204559326
-48.068485260,55.906661987,367.360198975
-47.470668793,55.419319153,469.930358887
-48.169750214,55.546104431,391.965332031
-47.030406952,54.331485748,485.562896729
-47.466247559,53.923583984,433.442932129
-47.149600983,57.302253723,201.758026123
-49.296669006,56.351863861,171.343963623
-48.314918518,54.613780975,397.295501709
-48.325569153,54.523777008,392.597808838
-48.508426666,54.663578033,368.812835693
-45.298252106,55.076293945,310.445312500
-46.870914459,55.193897247,493.648345947
-46.857482910,54.785816193,502.102661133
-47.196727753,55.313240051,488.293548584
-45.964477539,55.764236450,368.480712891
-46.879497528,56.485744476,333.720642090
-48.408458710,54.678703308,384.777740479
-47.606216431,55.476341248,456.300811768
-45.995948792,53.340057373,299.733184814
-45.820621490,54.479740143,390.540161133
-47.151729584,54.487888336,495.448486328
-47.919090271,55.100978851,449.628509521
-47.443065643,55.697460175,443.839782715
-47.708496094,53.745983124,394.907440186
-46.587432861,53.986072540,435.959045410
-46.639015198,55.065925598,488.098907471
-48.541461945,54.689407349,364.076721191
-47.455917358,56.041721344,398.056610107
-45.810775757,54.469795227,388.631652832
-47.988773346,54.713691711,444.251007080
-49.200584412,54.451786041,250.283111572
-45.674530029,54.860637665,375.672180176
-45.043201447,53.072299957,166.377609253
-47.098033905,52.163715363,169.342407227
-47.371898651,55.430202484,473.923248291
-44.742889404,53.913074493,193.619506836
-48.143321991,55.844573975,366.013092041
-46.275203705,55.717311859,408.739837646
-47.537929535,54.400711060,474.607574463
-47.930789948,55.105201721,448.135986328
-46.834255219,54.929687500,501.063690186
-46.891632080,52.583007812,230.636672974
-47.418865204,52.918193817,281.623107910
-46.061851501,53.296028137,299.871520996
-47.565666199,55.234424591,476.655761719
-46.107933044,54.197555542,411.885833740
-46.885730743,55.708076477,449.300476074
-46.160942078,55.163345337,438.986053467
-46.729255676,54.902397156,496.736389160
-44.428409576,54.490768433,171.123123169
-47.902935028,56.107727051,357.981353760
-46.387924194,56.449085236,317.819946289
-48.775497437,54.492782593,320.609344482
-46.883537292,54.729400635,502.120025635
-47.002750397,51.357208252,79.898429871
-47.585613251,54.832214355,486.022003174
-46.714439392,53.929199219,436.281097412
-48.545692444,55.634460449,332.599212646
-46.392002106,53.680679321,383.132904053
-45.613677979,54.652904510,363.840484619
-47.115352631,53.520439148,386.488159180
-47.065105438,52.436302185,208.935913086
-47.736595154,55.352733612,455.312561035
-46.737796783,55.234249115,486.101593018
-45.870159149,54.605930328,402.510742188
-46.479980469,54.515804291,471.759735107
-45.256191254,55.083736420,303.199859619
-47.417095184,54.619266510,492.795501709
-47.296211243,53.762851715,419.324859619
-49.272964478,54.380386353,236.547210693
-45.067035675,55.791721344,238.220932007
-48.086776733,56.212985992,326.179748535
-45.373958588,54.576587677,322.433685303
-47.934024811,53.216259003,300.788330078
-47.884948730,56.074443817,364.144256592
-48.874153137,56.094825745,245.691436768
-47.487064362,54.110031128,453.295684814
-47.502403259,55.354644775,473.074645996
-46.998813629,53.547641754,390.561309814
-47.784996033,55.224773407,458.559967041
-46.126911163,57.028545380,212.854660034
-46.665172577,55.530754089,459.215057373
-46.390380859,54.595314026,466.937133789
-48.818256378,55.213512421,314.101196289
-45.956352234,55.615116119,381.980621338
-48.241855621,55.279121399,400.394866943
-44.773693085,55.154842377,222.567214966
-47.713775635,55.351520538,457.441802979
-46.439075470,56.644615173,290.131561279
-46.698902130,54.346965790,476.782836914
-47.246685028,52.879489899,279.085235596
-47.406475067,54.761104584,496.757080078
-48.007644653,55.793033600,387.101257324
-47.277908325,54.899341583,502.433380127
-46.321685791,54.851951599,464.417572021
-46.478897095,55.397533417,457.716094971
-48.424549103,55.965251923,317.959381104
-48.180221558,56.055885315,336.807922363
-46.348896027,54.959251404,466.331329346
-49.185245514,54.593128204,256.510437012
-48.580509186,55.545566559,334.133911133
-46.038566589,54.143150330,398.766906738
-47.553852081,55.226173401,477.940124512
-46.322711945,54.249511719,439.947631836
-48.151218414,54.818305969,424.298980713
-45.786998749,53.903919220,343.467987061
-47.314098358,54.465404510,490.229309082
-48.039142609,54.923500061,438.932220459
-46.319919586,54.767314911,463.803161621
-46.846843719,56.280391693,366.676300049
-45.563777924,53.491676331,269.997863770
-46.546855927,55.606246948,444.040191650
-46.903823853,55.772510529,441.901885986
-46.818675995,56.016418457,406.415344238
-46.278247833,53.762886047,384.183197021
-46.615440369,54.390167236,474.804107666
-45.783107758,56.294811249,284.132293701
-47.616836548,55.493476868,454.000732422
-45.434066772,54.787902832,335.925415039
-48.560977936,53.946304321,319.259857178
-46.992446899,54.197254181,473.767578125
-48.340549469,53.303710938,275.048828125
-45.418933868,54.634822845,331.336059570
-47.470638275,55.240573883,482.435394287
-44.697322845,53.768207550,179.156524658
-45.705574036,54.275505066,362.247558594
-46.997676849,55.848705292,433.638427734
-46.650588989,55.994152069,402.510375977
-45.919483185,54.949924469,412.550445557
-46.293376923,56.187263489,350.046539307
-47.067974091,56.472740173,337.922943115
-46.694286346,54.463481903,484.089691162
-46.296432495,54.877967834,461.624969482
-46.378597260,53.083332062,292.474121094
-48.483276367,54.069763184,341.017761230
-49.345981598,53.647277832,186.006408691
-46.043827057,55.173564911,423.586914062
-47.777912140,52.818714142,250.351150513
-47.509323120,55.299873352,476.443664551
-46.964923859,53.791767120,425.967620850
-47.507907867,55.942111969,409.535430908
-46.887004852,55.645530701,456.526611328
-47.381820679,54.679084778,496.343841553
-46.491844177,53.569370270,374.650695801
-45.865245819,55.830780029,348.852478027
-46.966304779,56.043563843,405.797729492
-47.430465698,54.206214905,465.699859619
-46.325016022,56.390384674,322.404449463
-48.089511871,54.960586548,431.954742432
-48.163047791,53.305538177,293.366302490
-47.863910675,53.864330292,396.454620361
-46.067924500,55.602458954,397.255615234
-46.036468506,55.100299835,425.404479980
-47.400173187,56.640037537,304.872650146
-48.302803040,56.941429138,206.385940552
-47.097923279,55.491493225,474.800933838
-47.848320007,54.711242676,460.415832520
-47.022808075,53.780708313,425.003997803
-46.270130157,54.487957001,449.921630859
-46.641689301,55.687854767,441.332672119
-46.519554138,53.365070343,345.408874512
-47.857795715,54.067897797,419.476837158
-48.010112762,55.604347229,406.233673096
-48.327808380,55.451885223,377.741271973
-48.264514923,53.566802979,316.989135742
-48.902050018,54.792240143,306.008239746
-48.683635712,55.040248871,340.784149170
-47.462966919,53.658153534,398.032257080
-47.168117523,55.959304810,418.284851074
-46.709499359,55.430858612,470.663574219
-47.031703949,54.733051300,504.750274658
-47.654167175,55.624721527,438.480987549
-46.656147003,53.764469147,412.050628662
-46.062545776,54.360164642,417.937469482
-47.040122986,54.612358093,501.541015625
-47.324501038,54.872619629,500.955169678
-48.638851166,55.130722046,345.896759033
-47.074344635,54.702342987,504.250366211
-45.939491272,54.220485687,392.052917480
-48.808509827,53.133232117,204.224685669
-46.659355164,53.480461121,370.705505371
-47.578468323,55.096042633,482.120635986
-50.399135590,55.267162323,95.979042053
-48.179935455,53.870864868,362.669708252
-47.232555389,52.647827148,241.254379272
-46.788711548,53.104415894,314.487274170
-47.654113770,56.267059326,353.550567627
-46.743412018,53.998500824,445.853271484
-48.089984894,55.703891754,387.254547119
-47.588127136,55.602058411,445.637268066
-47.959266663,55.592151642,413.072052002
-45.614562988,54.448383331,357.351837158
-7.870665550,12.814382553,409.709442139
-9.229429245,13.397649765,501.264831543
-7.123529911,13.106735229,323.123229980
-8.650695801,14.011969566,507.054046631
-7.198024750,13.930158615,346.730407715
-7.146058083,14.603687286,296.185607910
-10.482687950,14.117820740,321.186492920
-9.046561241,15.281312943,335.290161133
-8.063883781,13.430179596,475.910217285
-7.758873463,15.096248627,315.518554688
-7.861933231,15.861903191,209.108596802
-7.164436817,14.648456573,294.816284180
-6.488838673,14.098917007,222.995132446
-8.785273552,13.378714561,515.334167480
-7.333243370,13.282938957,366.632904053
-8.049734116,12.954046249,443.767608643
-6.675009727,13.726107597,260.602966309
-6.553243160,14.935169220,185.817626953
-8.298796654,13.285708427,491.497314453
-7.994582653,13.169574738,455.368164062
-8.465872765,13.436752319,508.724334717
-9.836882591,13.597653389,439.465606689
-8.764339447,12.709466934,455.240844727
-7.667613983,14.180639267,408.266357422
-9.324263573,13.777422905,496.584625244
-8.719408989,14.213555336,492.883178711
-9.317544937,12.381835938,390.532379150
-7.912097931,11.656895638,248.229492188
-8.937384605,12.619683266,441.772033691
-10.182087898,12.715887070,338.420623779
-9.085030556,15.611235619,276.749023438
-8.276017189,13.640266418,499.159210205
-8.350147247,13.231301308,492.044982910
-9.658828735,13.203863144,450.528930664
-10.751474380,13.580736160,286.295166016
-10.246974945,14.347915649,345.016235352
-9.570011139,13.685938835,473.803222656
-8.679501534,11.367459297,231.406829834
-7.496085167,14.582824707,348.762603760
-8.436118126,12.832674980,461.182769775
-8.451947212,13.391942978,506.418273926
-6.343676567,13.084030151,196.605407715
-8.883684158,14.078180313,503.636627197
-10.265668869,14.149990082,355.673980713
-10.276101112,13.646162987,369.647247314
-7.402645588,14.595666885,334.363006592
-8.741913795,13.310863495,511.962738037
-9.296563148,12.008450508,331.014465332
-7.981355190,14.075271606,455.641174316
-8.219346046,13.474020958,492.394042969
-7.264200687,13.349271774,357.594757080
-9.211780548,14.453770638,455.029876709
-8.305387497,13.213399887,487.703308105
-8.703271866,14.292928696,485.070434570
-9.256788254,14.091775894,486.753784180
-10.428159714,15.178021431,234.581253052
-8.644754410,12.418284416,411.196350098
-8.411474228,13.680617332,508.535095215
-8.651680946,13.240797043,506.526702881
-8.704966545,13.104010582,497.590728760
-9.760477066,12.770444870,401.036315918
-6.996187210,13.244803429,308.159515381
-6.821856499,15.102044106,205.273880005
-7.781405449,12.891358376,406.510467529
-9.436175346,12.507786751,400.684509277
-9.044084549,11.618889809,272.585754395
-8.443303108,15.017160416,377.509368896
-9.056724548,12.784608841,460.242401123
-8.498461723,13.102479935,491.207489014
-7.560165882,13.983420372,403.619506836
-9.832221985,14.320160866,407.997497559
-8.386547089,13.978525162,497.678375244
-9.280315399,13.362372398,496.266540527
-7.512275219,14.678101540,340.740295410
-8.901642799,13.180826187,503.356292725
-7.661407948,13.839086533,423.972534180
-7.605393887,12.482000351,338.283477783
-6.528413296,13.787753105,235.796142578
-8.888851166,13.361200333,513.934326172
-10.278770447,13.510643959,368.443878174
-10.065788269,14.149990082,387.487762451
-10.213117599,13.605267525,380.341705322
-8.743521690,13.673310280,520.130371094
-10.505900383,12.846226692,299.593780518
-8.787122726,12.165500641,370.974334717
-10.097154617,14.016294479,390.087005615
-9.085907936,13.246283531,502.017120361
-10.047444344,11.620749474,216.665908813
-10.165086746,13.299683571,381.947906494
-10.733475685,14.074629784,280.430694580
-8.545924187,13.055645943,489.204498291
-7.655762672,13.969759941,418.538238525
-8.637985229,12.771424294,461.422210693
-7.334801197,13.005587578,351.179626465
-8.635159492,14.515756607,458.250396729
-8.933782578,12.811560631,466.983947754
-8.095738411,12.838649750,436.478424072
-9.188901901,12.863296509,463.316711426
-8.482283592,13.742114067,511.650329590
-10.128131866,13.859324455,391.138854980
-7.344173431,13.994479179,368.820465088
-9.379629135,13.026391029,466.224822998
-8.504231453,13.349280357,507.262939453
-7.750614643,13.993644714,430.959808350
-8.464963913,12.886013985,468.695648193
-10.224921227,12.948292732,351.972656250
-10.116941452,11.855379105,242.129867554
-8.698026657,13.229687691,506.724487305
-7.690684319,15.972700119,183.360794067
-8.542025566,12.697607994,449.026947021
-9.379898071,13.033649445,466.841033936
-8.272202492,14.513091087,441.601348877
-6.954136372,11.330615997,132.292861938
-8.066465378,14.008481026,468.935852051
-8.997175217,12.884076118,473.858703613
-11.550909996,12.961061478,148.673522949
-8.997245789,13.977321625,507.417877197
-9.091464996,11.881196022,317.175964355
-7.335616112,12.781904221,333.168273926
-8.579417229,13.733686447,515.885253906
-7.921846390,15.395322800,284.403198242
-8.336657524,13.323922157,496.233367920
-9.443462372,12.570455551,408.800689697
-7.370489597,13.238306999,370.757812500
-9.671215057,13.226771355,450.358886719
-9.203107834,13.840672493,503.620697021
-6.500901222,13.493011475,231.023376465
-8.668366432,13.186690331,503.292602539
-8.660748482,14.310256958,482.596527100
-9.194605827,13.625394821,507.766967773
-9.660079002,12.547055244,385.478179932
-9.650825500,12.653582573,399.983337402
-9.929886818,13.745045662,424.900665283
-7.323965073,13.810601234,371.033416748
-10.752693176,12.170921326,205.381591797
-9.440966606,11.874945641,300.628509521
-10.393732071,13.754716873,348.405883789
-10.074028015,13.988612175,395.041870117
-7.579199314,13.645271301,414.139617920
-11.839034081,12.314802170,94.162826538
-7.703595638,14.168043137,414.174041748
-8.338923454,15.169642448,347.543243408
-9.349659920,14.144999504,475.697631836
-9.390048981,13.796440125,490.423217773
-9.469359398,14.079117775,469.595855713
-7.183524609,12.764755249,308.474273682
-11.408238411,13.884019852,177.468307495
-10.547514915,15.376614571,198.514801025
-8.198934555,13.142252922,474.102813721
-8.974916458,13.241168976,505.760467529
-8.285593987,12.284677505,375.041442871
-9.884778023,15.085710526,309.118591309
-8.880663872,15.684507370,267.572357178
-8.765110970,14.367283821,477.707580566
-9.264320374,13.692385674,502.675537109
-9.587834358,14.301907539,439.272766113
-7.022833347,14.249626160,302.995117188
-9.383512497,13.885087967,488.092346191
-8.388567924,13.844738007,503.703643799
-9.502787590,13.611735344,481.470123291
-8.952376366,14.692204475,433.943817139
-8.792762756,13.338069916,513.551513672
-9.863984108,12.964536667,406.539398193
-9.379131317,13.083141327,471.072326660
-8.974993706,14.818063736,414.498413086
-6.701766968,14.873233795,209.862365723
-8.993622780,12.824229240,467.076446533
-9.496290207,13.990366936,472.245971680
-8.705709457,14.120493889,500.534729004
-9.043861389,13.290499687,506.318359375
-7.929585457,14.735699654,383.164184570
-9.263678551,13.164587021,486.299804688
-6.158267975,13.822088242,178.680633545
-8.708069801,13.384325981,514.936462402
-9.598612785,13.831912041,467.629913330
-8.181849480,13.077301025,467.519836426
-8.448009491,12.317219734,388.738067627
-8.828451157,13.856855392,516.205200195
-8.273464203,12.754685402,441.658905029
-8.920675278,13.350661278,512.921020508
-10.716537476,14.859701157,229.852966309
-9.043844223,15.318107605,328.940277100
-8.902853966,13.890625000,514.013549805
-9.499027252,14.529144287,423.861541748
-8.922151566,13.758080482,517.851440430
-7.800088406,12.982209206,417.208740234
-9.126036644,13.775156021,510.002716064
-9.200140953,12.438918114,405.930114746
-8.270991325,11.919793129,313.569763184
-9.189825058,14.384333611,464.269378662
-8.296072960,13.621681213,500.733215332
-7.747678280,13.134809494,421.963623047
-9.108864784,15.263198853,336.535552979
-9.475287437,12.397985458,381.653930664
-8.446466446,13.545055389,510.139587402
-7.842081070,13.459369659,449.944641113
-8.019088745,15.133422852,333.125579834
-8.121107101,12.691327095,421.440429688
-9.435141563,13.973277092,479.245605469
-9.137236595,12.190972328,368.936065674
-8.537232399,12.138782501,362.291320801
-10.132985115,13.242434502,384.695343018
-7.167472839,12.681460381,298.658630371
-8.035115242,14.566838264,415.130249023
-7.928027153,13.786327362,461.618896484
-8.994797707,13.157371521,499.465728760
-8.453901291,13.779190063,509.414031982
-9.174237251,14.581930161,441.031646729
-9.989816666,13.619917870,416.661529541
-8.278211594,14.275748253,467.893402100
-10.642483711,11.887926102,190.362442017
-8.454803467,12.355619431,395.195312500
-9.256236076,13.355269432,497.724243164
-8.964150429,15.438548088,309.533416748
-8.533089638,14.252463341,484.596343994
-8.798199654,15.469157219,305.685333252
-8.941981316,12.330538750,397.514892578
-7.753765106,12.768632889,390.488220215
-9.447065353,13.418986320,483.881378174
-9.411442757,12.696151733,427.908050537
-7.435286045,12.954771996,363.032073975
-8.076584816,13.376278877,475.389709473
-8.676163673,14.223647118,491.340698242
-8.756924629,12.719450951,456.514282227
-8.231286049,13.787308693,493.590362549
-6.737446785,14.892334938,213.038711548
-7.947849751,12.130787849,325.443939209
-8.581686974,15.300283432,333.408172607
-8.827921867,13.257381439,509.154541016
-6.453495979,15.033592224,166.448776245
-8.067689896,13.964737892,471.343750000
-9.270274162,14.581322670,435.463653564
-8.562484741,13.703441620,515.706604004
-7.834078312,13.361801147,445.750030518
-7.300076962,13.270103455,360.595397949
-9.352311134,14.355282784,456.247985840
-8.741868973,13.351180077,513.916870117
-8.238117218,12.208166122,359.764801025
-9.784736633,14.871751785,349.885467529
-8.530758858,13.067964554,489.686981201
-7.741282940,12.985744476,409.766143799
-9.341890335,13.842156410,493.277221680
-7.701030254,13.700956345,432.233062744
-8.851726532,14.973938942,391.397094727
-7.872596264,14.720330238,379.253021240
-8.238759041,13.903594017,490.402587891
-8.398831367,12.960616112,472.996002197
-9.453594208,13.256459236,476.117431641
-9.732282639,13.463541985,452.052917480
-11.578061104,13.555724144,155.474136353
-8.905337334,15.006732941,385.352355957
-9.207175255,14.086690903,490.426727295
-11.471295357,13.948726654,167.491485596
-8.619233131,13.758340836,516.666870117
-7.940947056,14.926968575,357.663482666
-9.824679375,13.672897339,441.111114502
-9.872512817,12.336347580,334.197540283
-7.300153732,13.279299736,360.995666504
-9.890667915,13.785469055,429.982940674
-8.445326805,12.847561836,463.381347656
-7.711703777,13.910304070,429.027709961
-9.309682846,14.855667114,393.864501953
-8.568943977,13.790694237,514.302856445
-9.770859718,12.811880112,404.165954590
-9.038451195,12.655772209,444.168731689
-9.174916267,10.566282272,116.440795898
-9.079753876,14.280318260,480.713226318
-8.579617500,14.867205620,406.261596680
-9.117279053,14.501783371,454.171875000
-9.531144142,12.860495567,436.065673828
-8.077484131,12.350225449,370.174133301
-9.559168816,13.821131706,472.483459473
-7.977327347,13.554540634,468.751403809
-9.198680878,13.322498322,500.086639404
-8.639547348,13.544981003,517.936279297
-10.361185074,13.659183502,354.930541992
-8.333806992,14.696331024,421.417144775
-8.844875336,13.915349960,513.655456543
-8.953054428,13.640711784,518.492614746
-8.491438866,11.879149437,315.815155029
-9.094839096,12.979603767,480.304443359
-9.902720451,13.616740227,429.912536621
-6.897159576,12.783500671,265.536010742
-9.204894066,14.097223282,489.811431885
-8.138304710,14.694454193,407.865692139
-9.647065163,12.718587875,408.176544189
-8.272297859,14.495891571,443.695556641
-8.851387978,13.845587730,516.442871094
-8.260133743,14.275087357,466.593048096
-8.239040375,13.601841927,496.018249512
-7.227211475,13.287407875,349.105834961
-9.442165375,14.366521835,447.425292969
-8.442219734,13.678199768,510.339050293
-9.136097908,12.779565811,456.260498047
-9.232263565,13.484468460,503.644256592
-8.109977722,12.932802200,447.697143555
-7.967969418,13.577135086,467.872406006
-8.751152039,13.392486572,515.725402832
-7.665015221,14.536870003,376.276275635
-9.578976631,12.703768730,413.531097412
-9.023302078,15.249265671,341.481079102
-9.574184418,13.786383629,471.689117432
-9.800259590,14.759961128,363.105773926
-8.257283211,13.299717903,488.955261230
-9.817217827,13.994512558,432.960662842
-10.541536331,13.516453743,322.755004883
-9.150871277,13.918799400,503.634857178
-9.787701607,14.911394119,344.075622559
-9.413603783,13.468653679,488.496429443
-7.227873802,12.467958450,286.261779785
-8.178626060,12.617267609,416.708160400
-9.847337723,14.131685257,420.726318359
-7.640976906,12.454572678,339.248748779
-9.766078949,13.812128067,446.974945068
-10.055722237,14.489868164,361.117736816
-8.211617470,13.008699417,464.141815186
-8.799189568,14.302463531,484.684509277
-8.106187820,13.427469254,480.277954102
-8.612220764,13.061266899,491.928771973
-9.286503792,15.030199051,367.742095947
-8.907310486,14.542566299,455.519744873
-8.000000954,13.745101929,471.018737793
-10.313585281,14.983416557,271.467437744
-8.187548637,13.380954742,486.562286377
-8.900013924,13.294865608,510.526336670
-9.962182045,12.642474174,361.392669678
-10.322901726,10.890346527,112.286918640
-7.517640591,14.916074753,313.169708252
-9.019617081,11.999197006,339.634674072
-8.986609459,12.550104141,430.693267822
-7.635124207,14.716020584,352.219726562
-8.476793289,13.646632195,512.341247559
-9.686785698,16.807664871,93.918449402
-11.794638634,13.802123070,127.485008240
-9.028998375,13.105176926,494.259735107
-6.934010983,14.522945404,270.715576172
-7.397526741,15.618825912,208.473541260
-9.639886856,14.019094467,454.597625732
-7.844480038,14.605866432,390.371032715
-6.731791496,14.778256416,221.486389160
-8.029974937,14.327897072,440.740875244
-8.652079582,12.832785606,469.208465576
-7.565249443,11.936946869,260.358215332
-8.600976944,12.933382988,479.170196533
-10.177953720,14.996886253,287.066162109
-6.608880520,13.046216011,235.598297119
-9.874894142,13.141801834,418.247314453
-9.056002617,14.011879921,503.258544922
-9.690017700,14.675235748,386.318115234
-9.303297043,13.001609802,470.030792236
-9.770300865,12.157454491,319.462524414
-8.707781792,13.628981590,519.880554199
-8.142634392,15.748650551,241.427017212
-9.049383163,13.238780022,503.102539062
-8.599130630,14.535636902,454.810272217
-8.815940857,14.806825638,418.436584473
-8.384042740,13.540476799,506.323547363
-9.619942665,14.874454498,366.290985107
-7.941218853,13.307982445,457.039611816
-8.499937057,14.470901489,459.559051514
-7.807824135,14.775398254,365.077636719
-10.190725327,14.554776192,335.193908691
-7.632914066,14.834599495,337.357177734
-8.859195709,14.128843307,500.133422852
-8.333076477,13.525123596,502.591308594
-7.549168110,14.007373810,400.856475830
-10.148120880,13.142844200,377.091857910
-8.106678963,13.418145180,480.031951904
-9.773745537,13.585302353,448.240661621
-8.219540596,12.296872139,372.729431152
-8.768898010,15.260163307,342.571228027
-8.336384773,13.732437134,502.963104248
-6.857115746,16.302558899,97.036087036
-8.414868355,16.390626907,154.221847534
-7.753677368,14.343506813,406.890045166
-7.298541546,12.375026703,285.591156006
-7.748343468,12.783481598,391.380401611
-8.896537781,12.247405052,384.403106689
-7.506027699,14.445708275,363.577850342
-7.897519588,14.081999779,445.284973145
-6.570726395,13.130411148,233.088180542
-7.736902714,15.973528862,186.017440796
-9.374697685,15.466056824,290.074798584
-9.577278137,14.174589157,451.363464355
-8.980339050,12.985157967,484.961181641
-7.326533318,13.710147858,372.842254639
-8.313635826,13.211621284,488.199218750
-8.279178619,13.557349205,498.959411621
-8.231684685,12.310303688,375.663970947
-10.087983131,14.346636772,369.497802734
-9.746782303,13.125975609,434.498657227
-8.052294731,14.861845016,377.064239502
-8.878717422,14.547574997,455.275207520
-8.746248245,12.121777534,363.256317139
-9.596319199,13.924447060,464.477020264
-9.091575623,13.624970436,513.464477539
-8.175395966,14.009099007,479.629913330
-7.336049080,11.927113533,235.199325562
-8.717792511,14.364928246,477.620574951
-10.009432793,12.709244728,362.277862549
-6.984403610,14.162220001,301.292663574
-7.698310852,13.594833374,431.966308594
-7.752709866,13.315842628,432.757781982
-8.652396202,14.039195061,505.377136230
-8.853104591,12.195105553,375.923217773
-8.820333481,13.026866913,491.432739258
-9.052602768,15.387421608,316.582916260
-9.401648521,13.353233337,485.766998291
-10.640571594,14.128655434,293.864715576
-9.714056969,13.308465004,449.128295898
-9.762725830,13.332072258,443.753997803
-9.392991066,13.888004303,487.120239258
-9.231483459,14.308939934,469.710845947
-9.021058083,12.285956383,388.487060547
-8.454612732,13.553997993,510.702056885
-10.700581551,13.975632668,289.629241943
-8.923212051,12.943625450,482.055877686
-8.380542755,14.187174797,482.788269043
-8.211209297,12.986223221,462.014739990
-9.284992218,14.330358505,463.909454346
-8.445051193,12.856389999,464.375885010
-9.415103912,12.123427391,343.209716797
-8.326251030,13.103322983,481.223052979
-7.362093449,14.652880669,322.824340820
-9.052441597,10.738139153,138.193740845
-8.307423592,13.993091583,491.470489502
-9.236815453,12.813551903,454.789184570
-9.087741852,15.002460480,381.522735596
-7.596632004,13.700694084,416.589782715
-9.543213844,15.302234650,306.559051514
-9.507931709,13.893323898,475.593109131
-9.724273682,14.490839005,404.439300537
-9.188644409,14.996928215,378.256500244
-8.826190948,14.726492882,430.597351074
-7.961197376,14.724487305,387.811035156
-8.149202347,13.650017738,487.850067139
-8.666663170,12.920373917,479.412200928
-7.991956711,11.967370033,303.282928467
-9.766150475,13.226799965,438.214752197
-9.843694687,14.179230690,417.899505615
-8.263634682,11.310483932,212.382980347
-8.444254875,14.716295242,424.331695557
-9.866292000,14.737686157,358.203613281
-6.556828976,13.384725571,238.367568970
-8.441858292,13.672536850,510.360473633
-8.695816040,14.010087013,508.024871826
-6.918824196,13.593571663,302.562438965
-8.944652557,11.709393501,289.952819824
-7.948654175,15.057785034,338.951049805
-7.468219757,14.208150864,376.968292236
-10.619103432,11.418578148,144.595748901
-7.996538162,13.905540466,466.124084473
-7.418396473,13.088906288,370.056610107
-8.955983162,14.461886406,464.751831055
-9.931357384,14.201859474,403.939788818
-11.081449509,12.490179062,188.122283936
-8.589740753,13.959423065,508.376403809
-8.939162254,13.091573715,495.703155518
-8.769410133,14.295631409,485.346984863
-9.133829117,11.474883080,246.106887817
-9.378686905,14.577489853,428.189147949
-9.545237541,13.883724213,471.936004639
-8.349226952,12.853707314,458.525268555
-8.721545219,15.641780853,275.246246338
-10.404122353,13.834215164,345.128356934
-8.406219482,14.637989044,433.542663574
-9.875165939,12.691391945,378.118011475
-10.256542206,13.394289970,369.871429443
-8.845599174,14.521484375,459.011993408
-8.792508125,11.602728844,272.072967529
-8.274979591,13.305302620,490.671722412
-7.608602524,13.351346970,413.198455811
-9.773878098,12.526804924,370.523193359
-6.243433475,13.367650032,189.330520630
-8.381498337,13.790103912,504.854583740
-7.336894035,13.670950890,374.803344727
-9.315162659,13.577205658,498.882385254
-9.505205154,12.764085770,427.879547119
-8.692490578,13.782093048,517.763549805
-9.142672539,12.621929169,435.377349854
-9.066443443,14.493190765,457.409301758
-7.905901909,14.748273849,379.085296631
-9.243199348,12.713350296,442.136657715
-9.210865974,13.196064949,492.017303467
-9.195956230,13.365368843,502.182250977
-10.039198875,13.002440453,384.578643799
-9.814966202,14.613589287,379.550201416
-7.765604496,11.743424416,250.407287598
-8.893393517,13.650916100,519.693725586
-9.847830772,14.529828072,385.028930664
-10.399714470,14.154000282,333.248809814
-8.639667511,12.381972313,405.326324463
-8.053321838,13.246249199,466.637664795
-10.425562859,12.932903290,318.743225098
-9.575332642,15.426606178,284.191101074
-7.922876835,12.654728889,397.242797852
-8.120074272,14.299639702,452.324890137
-8.979692459,15.413628578,313.636718750
-9.203378677,12.709296227,443.944122314
-8.752598763,12.834794998,470.893951416
-9.043611526,14.869068146,404.587677002
-9.522847176,14.980575562,359.093719482
-9.204145432,13.208445549,493.257202148
-8.906677246,14.851676941,410.568176270
-10.130661964,12.461992264,318.393127441
-8.263681412,13.336608887,491.278137207
-11.159178734,13.331481934,214.659774780
-8.691354752,13.218338966,505.873596191
-9.683781624,12.935198784,426.831756592
-8.378887177,15.550113678,284.234069824
-8.671554565,13.133830070,499.419189453
-9.589193344,13.699118614,471.457183838
-7.864779949,13.157140732,438.929229736
-8.150557518,12.929254532,451.132354736
-9.428796768,15.135086060,341.752319336
-8.589481354,13.589835167,516.942382812
-9.626091003,13.523145676,466.657073975
-7.970044136,14.143957138,449.711273193
-8.817572594,12.244182587,384.356506348
-8.944162369,13.163407326,501.264221191
-7.981557846,14.072009087,455.869842529
-8.460821152,14.229853630,483.505004883
-8.296199799,12.595062256,422.348236084
-9.860065460,14.093800545,421.400817871
-9.678390503,12.914991379,425.559326172
-8.750698090,14.592949867,449.636932373
-8.257298470,12.290006638,374.129943848
-7.992484093,14.224474907,445.995422363
-8.658757210,12.818072319,467.600402832
-9.434720993,13.607971191,488.386993408
-9.063686371,11.712530136,288.413879395
-7.817082882,13.047705650,424.829467773
-7.499207497,13.018558502,377.658843994
-8.298401833,11.592525482,259.414001465
-6.979074478,13.894205093,310.213562012
-9.201063156,14.156449318,485.509460449
-9.424736977,14.172662735,466.966247559
-9.922240257,14.246420860,401.853393555
-10.260154724,11.887190819,231.610336304
-7.107640743,13.462285995,333.779205322
-9.296839714,13.643945694,500.517181396
-10.049206734,12.939134598,378.107299805
-8.676082611,14.519901276,458.500976562
-7.463913441,14.080666542,383.986877441
-7.777556419,12.005683899,290.950317383
-9.899451256,13.960238457,422.896118164
-10.439679146,13.048334122,323.840362549
-7.774985790,13.180548668,428.644042969
-7.766505241,13.786191940,440.341644287
-8.842313766,13.664080620,520.230529785
-6.594184875,13.790157318,246.564834595
-10.066136360,15.316613197,257.710906982
-8.738850594,13.691130638,519.936584473
-9.555148125,12.906949997,438.387878418
-9.558224678,12.603260994,402.971710205
-8.466133118,13.594679832,511.696472168
-10.232516289,12.100336075,261.535278320
-9.810082436,14.044589996,431.258422852
-9.413908958,14.299090385,456.735565186
-9.630199432,13.618805885,466.947723389
-10.745501518,14.745080948,235.703109741
-8.670153618,12.529021263,428.678039551
-10.311267853,13.302981377,357.712097168
-8.348933220,14.151065826,483.720733643
-8.803918839,13.816676140,517.638549805
-9.158398628,12.800196648,457.649627686
-10.384257317,17.292448044,43.066024780
-8.623686790,15.208122253,350.283172607
-9.833147049,13.120395660,422.636840820
-8.965135574,12.383238792,405.580413818
-8.813556671,13.198488235,505.417785645
-9.828091621,15.327171326,279.314331055
-9.024615288,14.074242592,500.376770020
-8.492203712,14.865753174,403.734893799
-9.066327095,11.356845856,228.053588867
-9.798326492,14.102939606,429.310852051
-8.069292068,15.404836655,293.164184570
-7.740461826,14.536720276,385.886230469
-8.965669632,11.599411964,270.505523682
-9.743186951,14.038517952,440.546997070
-8.141730309,14.468730927,436.547454834
-9.453138351,12.660116196,419.845306396
-7.264211655,12.753622055,319.816009521
-10.797004700,12.915772438,257.257537842
-9.411173820,13.469149590,488.735595703
-6.773862839,13.818004608,276.433715820
-8.030508041,15.067193031,344.351348877
-11.893621445,14.535646439,102.290496826
-7.986912727,12.395049095,368.755065918
-8.277386665,13.845527649,495.741302490
-9.886407852,15.251973152,284.945068359
-9.867717743,13.025580406,410.996337891
-6.875153542,12.921437263,271.400238037
-9.071199417,14.158726692,492.095672607
-9.661890984,13.801842690,460.804779053
-8.493674278,13.202636719,498.484985352
-7.455556870,13.956487656,388.363220215
-8.983129501,13.028445244,489.023437500
-10.112453461,13.963109016,390.026580811
-7.596149921,12.875421524,379.968109131
-8.289091110,12.807604790,449.134124756
-8.506436348,13.045706749,486.675323486
-8.851175308,13.005377769,489.216400146
-7.259507179,14.204580307,344.274963379
-9.448280334,13.561112404,486.752960205
-9.064888000,12.928017616,476.299621582
-9.635313034,14.072875977,451.918273926
-7.553365707,14.953907013,312.636352539
-8.484686852,13.160571098,495.084381104
-7.553884506,13.389964104,406.140502930
-8.154603004,13.010746002,459.290740967
-8.849609375,14.740016937,428.424194336
-7.415590763,15.207460403,263.933654785
-9.043368340,15.293617249,333.230560303
-9.985836983,14.103809357,402.521484375
-9.219586372,14.269453049,474.351837158
-8.967005730,13.437182426,515.134704590
-10.014959335,13.490283966,411.534057617
-9.297118187,14.123981476,481.453155518
-10.885034561,13.425916672,261.581848145
-8.754663467,14.259162903,488.907958984
-8.701779366,13.748188019,518.652709961
-8.428809166,12.409955025,402.582275391
-8.436667442,14.229832649,482.268188477
-8.813142776,15.365362167,324.000518799
-9.541518211,13.515310287,476.335632324
-9.137380600,14.307391167,475.293823242
-10.452814102,14.846755028,267.801940918
-8.295800209,14.536210060,440.365509033
-7.704415321,14.553232193,379.563476562
-7.915702820,13.939858437,455.072479248
-7.309133530,12.222685814,268.987121582
-7.783271790,15.390040398,274.188201904
-7.848888397,14.488278389,404.250671387
-8.437691689,12.184419632,366.412536621
-9.120479584,13.725775719,511.262237549
-8.686833382,13.301071167,510.722137451
-10.305919647,14.948353767,276.533172607
-7.494071007,13.834829330,398.339996338
-7.474487305,12.900769234,364.518768311
-9.955941200,11.480595589,204.655075073
-9.816963196,14.022014618,431.563629150
-8.239684105,13.646260262,496.139617920
-7.357933521,14.088418961,366.717498779
-8.923849106,14.599308968,447.631439209
-9.314534187,14.905058861,385.957275391
-9.656370163,14.878610611,362.185760498
-7.765383244,12.049139023,296.300720215
-7.833860874,12.479492188,364.932891846
-9.536004066,14.218280792,452.257141113
-9.663201332,14.875829697,361.910980225
-8.451228142,15.307806969,328.539794922
-8.354189873,13.242127419,492.982086182
-9.454393387,12.872223854,444.630920410
-8.116812706,14.502600670,430.410644531
-7.290110111,14.087429047,355.739990234
-9.536576271,14.612200737,410.014892578
-9.118335724,12.539858818,424.785369873
-9.473597527,13.642566681,484.515472412
-9.008153915,14.098136902,499.221771240
-9.348918915,14.398820877,451.844879150
-9.371454239,12.547552109,411.230743408
-7.652190685,14.146265984,408.391510010
-7.178482056,12.624908447,295.030578613
-9.591459274,12.937374115,437.500061035
-8.066677094,13.563354492,478.990875244
-8.699751854,13.131435394,499.727081299
-8.693814278,14.020726204,507.340240479
-10.961834908,13.375137329,247.685501099
-7.953424931,13.976789474,457.922271729
-8.483092308,15.799223900,245.033538818
-9.918659210,12.251008034,317.399383545
-9.117625237,12.287345886,385.618713379
-7.929432392,12.775303841,412.182647705
-8.330747604,11.999017715,330.097961426
-8.989588737,15.085598946,370.480987549
-9.410766602,13.494491577,489.344299316
-9.035360336,13.772837639,514.187683105
-8.523347855,13.938829422,506.941345215
-5.862298012,12.198063850,99.740989685
-8.080847740,14.132226944,462.514007568
-8.150445938,13.590084076,487.836090088
-7.625811100,13.831755638,418.848236084
-9.344033241,13.738372803,495.733062744
-5.958742142,13.936870575,150.256774902
-9.786770821,13.732692719,445.774108887
-8.269292831,14.911127090,385.629852295
-9.329427719,15.210212708,335.576202393
-9.355632782,14.533378601,435.544799805
-8.876193047,14.456762314,466.816375732
-8.019100189,13.126145363,455.056579590
-10.530200005,14.123847008,312.828002930
-8.467811584,13.833535194,508.623870850
-8.159779549,15.238956451,326.091735840
-8.757741928,13.686983109,520.124023438
-9.511930466,12.306635857,364.996337891
-8.845427513,14.854238510,410.847076416
-8.798262596,12.461353302,419.551269531
-7.076156139,14.387670517,302.746551514
-8.622730255,13.477934837,516.180541992
-9.688003540,12.695938110,401.025024414
-9.625891685,14.261193275,438.725372314
-8.472761154,14.446065903,461.357727051
-8.190229416,13.363923073,486.125091553
-9.112700462,13.568090439,512.131408691
-8.551640511,14.665477753,435.769317627
-10.236058235,14.452461243,337.969604492
-9.161399841,13.216032982,496.295532227
-8.793395042,11.530941010,259.656555176
-9.603966713,13.210597992,457.425231934
-8.928322792,12.379155159,405.593444824
-8.150794983,13.319404602,480.439788818
-8.348760605,13.726319313,503.935272217
-8.987843513,13.824892044,514.400085449
-8.801730156,13.222861290,507.066955566
-8.834097862,12.532768250,430.344909668
-9.732719421,12.009753227,300.691528320
-9.355805397,13.604222298,495.638214111
-10.365509033,13.636773109,354.235717773
-8.846018791,13.663059235,520.207702637
-8.796745300,13.895396233,514.751525879
-10.381220818,13.721884727,350.993560791
-10.193723679,12.411170006,304.120605469
-10.444387436,12.292584419,257.496032715
-10.171056747,14.244014740,364.733886719
-10.395132065,13.749226570,348.238769531
-9.743379593,15.685915947,231.916351318
-8.372391701,15.627634048,270.807556152
-9.194345474,12.941861153,471.415161133
-7.205088139,13.555289268,351.970764160
-9.947030067,13.499370575,422.176239014
-9.852765083,13.259376526,428.050262451
-9.146258354,11.816048622,304.167785645
-9.123404503,13.662468910,511.785827637
-6.844439983,14.186864853,276.935363770
-8.779001236,13.563879967,520.122741699
-8.925441742,14.811577797,416.533233643
-95.591178894,24.870132446,362.013061523
-95.859184265,22.802967072,460.895446777
-96.262466431,22.321073532,407.515136719
-94.436515808,23.496158600,314.479644775
-94.588706970,24.443876266,298.592681885
-95.583732605,26.020626068,182.002639771
-96.059974670,23.111715317,494.631378174
-97.977958679,22.626747131,286.158386230
-94.922523499,24.674369812,321.505798340
-96.620887756,23.909574509,486.029968262
-95.728134155,25.239208221,310.877593994
-95.079353333,23.674737930,417.067321777
-96.823684692,23.767887115,478.257904053
-97.799285889,22.539279938,304.868896484
-97.921157837,23.384489059,330.947052002
-96.901062012,22.906028748,449.633544922
-95.282592773,23.813867569,440.382080078
-96.317611694,23.432592392,508.468231201
-94.379501343,24.579929352,256.370941162
-96.875488281,23.019248962,460.707214355
-97.569496155,22.816356659,361.494140625
-96.534645081,21.523487091,270.263275146
-96.130508423,23.479494095,508.905334473
-97.574501038,22.746555328,355.171722412
-95.920036316,24.471714020,436.899963379
-94.593673706,23.276317596,337.800201416
-97.714576721,20.920299530,129.290466309
-97.243453979,22.508794785,373.814117432
-95.030105591,22.644060135,363.705810547
-95.666023254,23.959770203,472.206634521
-96.922508240,25.420637131,270.799072266
-95.206077576,21.110483170,173.776000977
-95.058090210,23.300220490,412.026092529
-96.748229980,24.464813232,425.565704346
-97.453514099,22.776407242,374.555358887
-95.743995667,24.403224945,436.444488525
-96.656867981,24.667398453,403.830810547
-96.057220459,21.673078537,297.552947998
-97.114990234,24.401050568,400.815673828
-94.283874512,25.945762634,115.506217957
-97.374717712,24.120264053,394.974517822
-97.387489319,23.657730103,415.066894531
-96.989135742,23.021310806,449.996368408
-97.173698425,23.626491547,444.597686768
-96.997406006,23.649021149,464.822784424
-96.487541199,23.892761230,493.512329102
-97.103675842,23.727052689,450.857116699
-96.088806152,22.826436996,471.604461670
-95.780723572,24.905685425,367.651733398
-95.569892883,23.900522232,467.533752441
-97.627601624,24.020467758,364.842010498
-98.300712585,21.695823669,161.945999146
-96.779914856,23.700572968,484.110076904
-95.065567017,21.920875549,277.319488525
-95.257827759,23.411859512,442.040832520
-96.250083923,25.681665421,247.339813232
-95.286605835,23.703182220,444.440582275
-96.668182373,22.495784760,421.178131104
-96.686965942,21.875556946,324.836669922
-95.375679016,23.130327225,446.395446777
-96.549613953,22.653556824,446.958831787
-95.580009460,22.490198135,405.097747803
-95.707351685,21.978759766,336.962371826
-96.602737427,21.999540329,348.791778564
-96.368133545,24.709848404,407.865447998
-97.542198181,22.632425308,349.507110596
-96.710586548,22.486373901,417.521636963
-96.006034851,23.358905792,504.026214600
-95.509773254,23.369842529,470.347442627
-95.029327393,23.564615250,411.066314697
-97.253570557,23.447826385,434.884918213
-97.250740051,23.240854263,430.694244385
-95.251411438,24.759883881,348.633483887
-94.902442932,23.365358353,390.144531250
-99.361839294,24.802310944,90.884796143
-97.200790405,23.572364807,441.803283691
-97.257308960,23.005010605,417.892089844
-95.021148682,23.466648102,409.694824219
-95.639549255,24.021993637,465.834716797
-96.202056885,23.273548126,504.918365479
-94.718757629,22.318881989,287.340820312
-96.092613220,24.310684204,461.386871338
-96.452407837,23.478868484,505.641723633
-96.088317871,24.773479462,398.447601318
-95.542617798,24.058620453,454.673919678
-94.057014465,23.940166473,243.816452026
-98.185295105,24.688348770,231.852935791
-95.708198547,23.480640411,489.609680176
-95.043167114,22.575248718,358.229400635
-96.060523987,22.741451263,461.865570068
-97.572792053,24.761547089,305.378387451
-95.220390320,24.222000122,406.157623291
-94.922042847,23.180374146,387.384613037
-96.894699097,23.274772644,472.455902100
-96.642860413,24.419372559,437.642181396
-96.738220215,23.322187424,487.194976807
-94.614341736,23.408037186,343.936096191
-96.046722412,23.479751587,507.174438477
-96.624183655,24.606393814,414.135894775
-96.776184082,22.770223618,447.011840820
-96.466255188,21.616468430,287.492401123
-95.747108459,24.367488861,440.839996338
-95.784667969,22.638891220,438.272277832
-96.787467957,24.850091934,369.216156006
-96.337402344,23.688634872,506.431182861
-95.930892944,22.325464249,402.400299072
-97.364891052,25.118499756,282.181915283
-95.786537170,23.442468643,494.777923584
-96.172363281,24.925539017,375.136474609
-95.344268799,23.452783585,453.350006104
-97.103118896,23.523664474,454.172210693
-95.777671814,24.177133560,462.780822754
-95.844802856,24.132705688,470.709106445
-97.355804443,24.789293289,327.438720703
-97.245040894,24.272514343,398.963104248
-97.221763611,22.504850388,375.768157959
-96.013854980,23.299186707,502.490264893
-94.944732666,24.228065491,368.934722900
-96.365783691,24.187295914,474.084289551
-94.625175476,23.386564255,345.443725586
-95.787651062,22.619760513,436.111053467
-97.577384949,22.114234924,287.312347412
-97.108924866,23.741155624,449.796966553
-95.571624756,23.825485229,471.418182373
-96.070915222,23.531137466,507.903808594
-96.014549255,22.964164734,482.510803223
-96.456565857,22.877010345,474.468322754
-95.223869324,22.428392410,362.810302734
-97.411605835,24.972835541,297.320007324
-95.333374023,24.052177429,433.247436523
-95.120956421,22.945672989,402.461639404
-98.148902893,24.798856735,227.123931885
-95.864089966,24.714654922,400.791809082
-94.130805969,24.896383286,195.847824097
-95.751296997,23.421701431,492.105041504
-94.470016479,23.845087051,315.334716797
-95.639884949,25.579315186,251.150955200
-97.054039001,22.236408234,357.399475098
-94.319885254,23.789045334,291.556976318
-94.787635803,23.500097275,373.408935547
-97.321884155,25.980293274,167.075378418
-95.760368347,25.884769440,207.683135986
-95.420829773,24.215633392,429.448181152
-97.365966797,23.142251968,410.993988037
-96.777404785,24.800756454,377.282958984
-96.703010559,23.723962784,489.213562012
-95.691970825,25.568861008,255.055480957
-95.714286804,23.104076385,476.955596924
-97.758789062,23.041896820,347.024108887
-95.172592163,23.884986877,423.043060303
-95.874961853,23.911840439,488.758911133
-95.697883606,22.375244141,397.821838379
-96.604759216,23.303466797,495.338317871
-96.372985840,23.846097946,499.587982178
-95.517677307,24.139913559,445.781585693
-95.558708191,23.632976532,476.042755127
-97.289710999,24.761997223,338.196350098
-96.057060242,22.466760635,426.859527588
-93.495903015,24.538543701,140.134475708
-94.885437012,22.828514099,360.192413330
-95.250053406,23.407590866,440.968872070
-96.819099426,21.865909576,316.861358643
-97.691139221,23.373067856,368.711639404
-96.281532288,21.972118378,350.768920898
-95.840560913,22.081016541,360.230285645
-95.858535767,23.250143051,493.874328613
-96.424598694,22.147510529,378.239593506
-97.326576233,23.810932159,419.235412598
-98.175407410,22.020460129,205.861068726
-97.051071167,21.174552917,196.359054565
-95.898857117,21.694402695,297.351867676
-95.746162415,22.917488098,465.136627197
-96.370277405,23.582691193,507.744598389
-95.415573120,22.995143890,442.128417969
-97.591506958,23.544921875,385.535491943
-95.976303101,25.062921524,349.325622559
-94.804229736,21.984203339,258.068267822
-97.244125366,23.360666275,434.909698486
-95.869979858,22.554800034,432.220947266
-95.794197083,22.966646194,472.430633545
-99.068778992,23.353870392,151.778549194
-97.561531067,24.251657486,358.519042969
-96.653511047,22.508504868,423.656616211
-96.224929810,23.199623108,501.700256348
-95.342704773,23.943607330,441.336486816
-96.682945251,25.858987808,211.950942993
-95.211906433,23.537727356,436.920288086
-95.725509644,23.896530151,480.479492188
-96.958999634,21.511011124,251.959732056
-97.831962585,22.799186707,321.016693115
-95.153282166,23.791725159,424.278289795
-96.499534607,23.764020920,499.195343018
-96.382614136,24.667955399,413.813476562
-94.867126465,23.139806747,377.122711182
-95.867851257,22.353946686,404.057952881
-97.119148254,25.229940414,287.315948486
-95.499778748,24.322389603,426.585296631
-96.877990723,23.589675903,477.749267578
-97.680801392,24.279741287,338.877990723
-95.647659302,22.843606949,451.087585449
-95.806793213,23.563234329,496.432495117
-96.587974548,22.198883057,381.545410156
-96.634544373,23.139511108,486.294799805
-96.684799194,24.161890030,462.870025635
-95.481704712,23.080869675,454.960449219
-95.992630005,21.807241440,319.337402344
-98.766143799,24.566537857,163.640472412
-97.054924011,22.183006287,349.670745850
-97.193023682,24.045700073,423.937805176
-95.580810547,23.150512695,468.667419434
-94.983520508,23.254186630,399.538208008
-96.401489258,22.644659042,450.655212402
-95.862564087,24.535631180,426.049652100
-95.910385132,24.048101425,481.037841797
-96.495498657,21.876604080,331.447601318
-96.051521301,23.869714737,497.890777588
-96.657012939,23.950059891,481.341278076
-95.741432190,22.838642120,457.481170654
-96.250572205,23.730699539,506.104034424
-94.579223633,22.784885406,310.335266113
-95.787071228,24.497234344,427.282836914
-97.709182739,24.557764053,309.699676514
-96.417144775,23.218927383,499.931457520
-96.350662231,23.182508469,499.691406250
-95.940185547,24.060211182,481.343566895
-97.660453796,22.221183777,290.287200928
-96.228713989,23.070903778,494.053039551
-94.231323242,23.543945312,279.522430420
-96.768920898,23.010791779,468.858093262
-96.528259277,25.435274124,284.878631592
-95.861160278,24.632404327,412.615234375
-96.412185669,25.329977036,305.278320312
-94.896598816,22.555482864,336.683410645
-94.226898193,23.962444305,270.767608643
-96.039909363,23.836595535,499.290405273
-97.455070496,22.920923233,385.525756836
-97.099967957,22.937618256,432.039337158
-96.078895569,23.645883560,506.841491699
-96.741249084,24.220882416,453.418884277
-96.613037109,23.852878571,489.611968994
-96.640754700,22.778503418,456.556579590
-96.471389771,22.512487411,431.755981445
-96.230995178,25.259929657,318.949005127
-95.174293518,24.747816086,342.119476318
-98.168449402,25.049425125,201.522201538
-95.862434387,23.148933411,489.083984375
-96.042930603,22.239231110,392.498168945
-94.800781250,23.194976807,369.033477783
-96.257339478,22.449041367,426.422973633
-95.261276245,23.418741226,442.592742920
-95.920104980,22.525960922,430.615112305
-97.335952759,24.539615631,360.089721680
-95.980247498,21.549674988,274.828735352
-95.424385071,22.987081528,442.482513428
-95.389739990,23.554811478,459.026916504
-94.138031006,22.093885422,189.946624756
-95.426681519,23.960773468,449.745727539
-95.559089661,24.187393188,445.353729248
-95.814353943,20.654462814,136.338607788
-97.165817261,23.081905365,434.037994385
-96.371200562,23.609760284,507.392456055
-95.951881409,23.677860260,502.144226074
-95.744346619,25.457633972,275.369110107
-95.551460266,24.653245926,390.483245850
-96.128349304,24.019819260,489.611846924
-94.042770386,22.793039322,227.265029907
-96.889335632,24.775733948,373.260528564
-95.759918213,21.493030548,258.549560547
-96.965972900,23.482732773,469.438934326
-96.067466736,22.868835449,475.353332520
-95.778007507,22.264152527,386.123199463
-97.903869629,23.707107544,332.489410400
-95.314292908,23.268001556,445.408111572
-96.983428955,22.833528519,435.508178711
-96.829635620,24.764827728,379.141235352
-95.915367126,23.605817795,501.909912109
-96.796257019,22.552927017,420.615753174
-96.657051086,21.975563049,342.684204102
-95.177253723,24.150615692,406.731689453
-94.912010193,23.178153992,385.752929688
-94.870208740,22.850280762,359.652404785
-94.856880188,24.362871170,344.856140137
-96.930267334,22.496524811,403.158660889
-96.170814514,23.840167999,501.403320312
-96.911331177,24.432376862,416.976104736
-94.262023926,24.482187271,246.993896484
-97.001029968,21.940843582,317.396209717
-94.681632996,24.598266602,297.611022949
-96.347091675,24.713388443,407.687103271
-98.570045471,21.868833542,148.876022339
-96.597595215,24.413064957,440.794311523
-94.090156555,22.782861710,233.926803589
-95.573448181,22.402015686,392.678466797
-98.955909729,23.540845871,167.270904541
-94.905395508,23.066730499,379.290924072
-97.081977844,23.076320648,443.534698486
-97.740417480,22.724378586,329.246154785
-94.545379639,23.956687927,323.722381592
-94.733596802,23.961307526,354.108734131
-96.073280334,23.283054352,503.547119141
-96.348678589,24.650979996,416.914978027
-97.924308777,22.575311661,289.952789307
-95.753913879,23.431236267,492.428070068
-96.715827942,23.940153122,478.052215576
-97.528869629,23.555326462,395.230682373
-96.295890808,22.917089462,481.490203857
-96.678848267,24.068513870,471.338653564
-96.876869202,22.899950027,451.253326416
-95.096794128,23.139677048,411.165832520
-97.332656860,23.880456924,415.392242432
-97.991027832,24.337993622,287.704498291
-96.113906860,24.503131866,437.944763184
-97.311668396,24.360225677,382.261840820
-97.154922485,22.940343857,425.938140869
-96.427452087,22.725460052,459.554870605
-96.254287720,23.245944977,503.786224365
-94.669586182,24.420442581,312.561065674
-94.718429565,24.658939362,296.445800781
-98.406402588,22.359207153,204.973083496
-96.772346497,23.627201080,486.367431641
-94.659301758,23.182744980,345.648895264
-95.812057495,22.839059830,461.959442139
-93.893867493,24.407001495,198.344299316
-96.362899780,23.843221664,499.953674316
-96.056068420,24.837421417,387.882476807
-95.704940796,23.739904404,485.929626465
-97.850257874,22.466045380,290.913574219
-96.549713135,22.135873795,372.941986084
-94.221641541,24.811084747,214.765045166
-96.384750366,24.251815796,467.076385498
-97.722953796,23.942298889,354.069213867
-95.528732300,22.544853210,407.840942383
-95.216438293,24.423166275,385.878692627
-95.996383667,25.814296722,223.990829468
-97.375267029,22.533622742,361.106414795
-96.161903381,22.099184036,371.779937744
-96.409393311,25.482347488,279.396728516
-97.006950378,23.405654907,464.335815430
-97.092544556,23.539152145,455.379974365
-96.508522034,23.628101349,502.605072021
-96.266990662,23.988061905,492.430511475
-96.713035583,24.256484985,451.755859375
-95.873207092,21.316137314,233.241943359
-94.955108643,23.153032303,391.184020996
-96.240303040,23.654527664,508.221221924
-96.296920776,24.025251389,489.401306152
-94.190551758,23.172216415,267.067352295
-96.809944153,21.261936188,219.442687988
-97.235435486,23.104473114,426.600494385
-95.669624329,24.173864365,455.677551270
-96.748039246,24.151451111,459.499511719
-97.608909607,22.969018936,366.207641602
-96.472930908,23.112464905,492.377593994
-97.083457947,22.639617920,405.869720459
-95.433502197,22.754083633,422.744537354
-95.165077209,21.262647629,191.907516479
-98.041290283,22.007720947,220.527893066
-95.590873718,25.528173447,257.043853760
-96.677154541,24.039440155,473.733703613
-95.762237549,23.148870468,483.005706787
-95.937446594,24.535291672,429.171142578
-94.133132935,24.946588516,191.878738403
-97.025436401,22.782407761,426.534210205
-96.061050415,22.106931686,371.569427490
-94.705444336,25.060300827,249.286880493
-96.337608337,23.447908401,508.340454102
-94.962661743,23.761787415,397.696685791
-95.633483887,22.797039032,445.364440918
-96.996482849,23.429956436,465.790924072
-94.479225159,22.958076477,305.550567627
-96.520820618,23.282835007,498.819763184
-94.862533569,24.161510468,362.040100098
-95.817199707,23.395404816,495.956298828
-96.643074036,24.523035049,424.462860107
-95.836273193,24.551858902,422.624786377
-97.873077393,23.342752457,338.367675781
-96.317153931,24.575405121,428.176269531
-95.383697510,24.585287094,384.710449219
-95.671066284,23.639291763,485.817626953
-97.506286621,22.759666443,365.867584229
-98.345748901,23.206859589,256.945129395
-96.913978577,22.700984955,428.680847168
-95.531913757,26.139577866,163.891906738
-96.383872986,22.199380875,387.328979492
-95.163307190,22.298871994,339.462829590
-96.363105774,23.818290710,501.161712646
-95.623977661,22.103813171,352.027282715
-95.647911072,24.528497696,414.388061523
-96.325225830,22.112041473,373.914276123
-96.556495667,23.802045822,495.043914795
-94.737648010,22.677747726,325.771575928
-96.585563660,23.636230469,498.724975586
-97.676910400,22.917642593,352.700256348
-96.641105652,23.697725296,494.077362061
-97.331130981,24.847656250,322.517303467
-95.944801331,22.754837036,459.666412354
-96.565650940,23.973772049,484.912414551
-96.700553894,24.417835236,434.430358887
-95.930686951,22.497219086,427.143524170
-95.582618713,25.677892685,233.000427246
-96.809837341,23.832290649,476.714416504
-96.619155884,22.933044434,472.453338623
-95.026809692,21.801168442,256.759582520
-97.324424744,24.852672577,322.568145752
-97.133049011,23.500164032,450.564605713
-96.394935608,24.945486069,370.310882568
-97.887809753,24.413978577,297.263305664
-97.089530945,22.133443832,339.525146484
-96.180152893,23.009881973,489.400634766
-93.141815186,22.031280518,83.441535950
-95.931823730,22.549125671,434.168426514
-95.131416321,24.270862579,390.604431152
-94.748771667,24.532690048,313.488342285
-97.004539490,23.071266174,451.651733398
-94.994140625,23.475732803,405.713378906
-97.327308655,26.033449173,160.128616333
-94.771644592,23.177076340,363.667907715
-95.574546814,23.750329971,474.613800049
-95.499031067,25.001020432,335.450622559
-96.522590637,23.623033524,502.077056885
-97.506843567,22.681238174,358.876251221
-95.629882812,23.892517090,473.248291016
-96.779022217,23.087961197,473.320892334
-98.386657715,24.385242462,225.316497803
-94.908920288,23.557483673,392.748504639
-95.632919312,24.639991760,398.384582520
-96.911605835,23.256072998,470.171997070
-97.862838745,22.902206421,322.905975342
-95.730903625,23.964576721,476.728790283
-96.302169800,23.204883575,501.538665771
-94.720054626,23.322711945,359.941802979
-95.512596130,24.045513153,452.811798096
-94.765693665,24.504348755,318.640838623
-97.367797852,23.644298553,418.136871338
-96.834396362,23.191528320,474.471038818
-97.316154480,23.002428055,410.042755127
-98.463371277,23.387882233,240.721649170
-96.661186218,22.518106461,424.519592285
-96.582427979,24.075395584,476.377471924
-97.406082153,23.150308609,405.700073242
-95.737686157,24.762306213,387.423889160
-96.252464294,23.425931931,508.966491699
-97.718986511,24.626264572,301.422393799
-95.278884888,23.418527603,444.834106445
-96.570999146,23.348503113,498.466552734
-96.414237976,22.616420746,446.857299805
-96.317802429,25.128406525,340.940704346
-93.359481812,23.555400848,146.121978760
-97.684066772,22.470418930,314.300598145
-95.923545837,22.810659409,464.738403320
-96.891357422,22.612016678,420.549713135
-96.141952515,24.147954941,478.924346924
-96.419845581,24.704139709,407.621490479
-97.635322571,24.948371887,275.556610107
-95.704933167,23.981771469,473.717102051
-95.837081909,23.925216675,485.932220459
-96.193153381,24.389179230,453.211639404
-97.437583923,24.781141281,319.190185547
-98.280662537,23.501209259,271.186401367
-97.636680603,25.276384354,234.466674805
-96.564788818,23.435581207,500.450225830
-97.718605042,23.455629349,365.115661621
-96.727676392,23.211038589,483.825164795
-97.343971252,22.045047760,303.263153076
-95.790298462,22.179229736,373.601196289
-97.839210510,23.948585510,335.146301270
-97.523796082,23.134078979,387.739990234
-96.400184631,24.158571243,476.055938721
-97.537200928,23.353057861,392.646209717
-97.252929688,24.808027267,336.022583008
-95.558731079,24.188737869,445.197448730
-94.526664734,22.911767960,310.522918701
-94.657752991,24.281499863,322.155120850
-94.611709595,23.657291412,343.439239502
-98.963783264,23.866958618,162.915481567
-97.058418274,23.673671722,457.535491943
-97.532608032,23.116905212,385.639526367
-94.576591492,23.315124512,335.907592773
-97.018081665,23.104372025,452.184356689
-95.585708618,23.793054581,474.071746826
-96.245796204,22.513938904,435.501159668
-96.476974487,24.453247070,440.834472656
-95.910156250,23.852472305,493.735900879
-98.879257202,23.794559479,175.663726807
-96.436088562,24.884279251,379.299438477
-97.933624268,24.104354858,311.951049805
-95.342292786,22.186771393,342.181579590
-95.507415771,25.033340454,331.056701660
-96.409973145,24.741220474,402.269287109
-97.890907288,24.218618393,311.524383545
-96.499244690,23.328004837,501.209838867
-95.992156982,24.772176743,396.585693359
-95.893554688,23.268146515,496.423767090
-95.530441284,23.505207062,474.147216797
-95.671836853,22.581323624,423.775146484
-95.571731567,23.350425720,475.905883789
-94.928634644,23.356004715,394.018157959
-96.534103394,24.515987396,430.537689209
-95.610595703,22.865674973,450.150604248
-95.312622070,23.777978897,445.428222656
-95.700614929,23.822559357,482.381072998
-95.361450195,23.453907013,455.411712646
-94.514366150,23.841648102,322.881011963
-95.081428528,24.627010345,346.628967285
-97.746376038,21.940486908,246.971466064
-96.204948425,24.848583221,387.666625977
-96.167427063,24.517732620,436.540435791
-96.092117310,24.451282501,444.388763428
-97.647819519,22.257690430,296.055358887
-97.473640442,22.447893143,339.436676025
-95.318145752,23.893245697,441.152984619
-97.897941589,23.882358551,328.334320068
-96.082954407,21.443471909,258.638000488
-96.617156982,24.393890381,442.112335205
-96.031761169,25.002758026,360.602722168
-96.760452271,23.490470886,488.231384277
-95.358825684,22.472480774,382.698974609
-96.423225403,23.406017303,505.729858398
-98.418495178,21.957885742,172.218734741
-94.171348572,22.551824570,231.275100708
-96.095771790,23.348405838,506.128021240
-97.165740967,23.737495422,442.988281250
-96.386245728,24.753293991,400.935852051
-97.753326416,25.033355713,251.753829956
-96.147605896,24.257762909,467.975982666
-95.577713013,25.740427017,223.113967896
-95.408943176,22.045602798,327.055053711
-96.610321045,23.027936935,480.448211670
-95.689346313,23.887062073,478.321685791
-95.617553711,22.465335846,404.710662842
-97.287559509,22.387260437,354.319976807
-97.564208984,23.545499802,389.806060791
-96.808815002,25.339227676,290.016906738
-97.174682617,22.792947769,411.339080811
-97.401283264,24.757078171,326.379699707
-94.507209778,22.793565750,299.704345703
-95.343109131,24.729812622,361.768859863
-95.045379639,23.364534378,411.798461914
-96.343818665,23.810272217,501.911132812
-95.772506714,24.656221390,404.834259033
-95.561485291,23.428020477,476.497314453
-96.952651978,23.766649246,466.194305420
-96.139549255,25.249565125,320.402008057
-97.193923950,21.801965714,281.519714355
-95.250564575,22.541555405,379.554321289
-96.542938232,24.435354233,440.568878174
-96.201034546,23.466577530,509.445800781
-95.076210022,22.596273422,364.719665527
-95.368301392,22.318582535,363.239318848
-95.207420349,22.992624283,417.221557617
-96.475288391,24.217403412,467.986450195
-96.139152527,24.409914017,450.266510010
-94.351158142,22.791004181,274.994140625
-96.468627930,23.009994507,485.441070557
-95.545364380,23.871828079,466.761077881
-96.274436951,22.838474274,474.162811279
-99.512947083,22.651325226,90.770683289
-97.644172668,23.710880280,374.860504150
-97.199752808,24.752246857,348.930664062
-96.529624939,23.315647125,499.528503418
-97.667686462,24.391269684,331.307159424
-96.189201355,23.452642441,509.260955811
-94.662261963,22.353630066,283.521911621
-96.320419312,23.800090790,502.753784180
-95.656372070,22.524864197,415.455078125
-97.496620178,24.557378769,338.107971191
-96.600090027,22.592853546,437.239837646
-98.223342896,21.927272797,191.542221069
-94.935401917,24.010156631,382.736999512
-94.609580994,23.635061264,343.360595703
-96.739395142,23.007648468,470.798614502
-96.553504944,23.646360397,500.190307617
-98.294601440,23.745786667,266.455108643
-97.774765015,23.030389786,343.916076660
-96.347053528,23.469205856,508.371459961
-98.388046265,24.886627197,189.424896240
-96.009407043,23.360515594,504.175659180
-96.731948853,24.252449036,450.888641357
-96.466156006,23.561216354,505.108978271
-97.982444763,24.027444839,308.200164795
-95.773307800,25.060562134,342.397033691
-95.956817627,22.025629044,355.417846680
-96.666213989,22.291542053,392.265441895
-96.176284790,24.816390991,392.666870117
-94.950866699,24.138149261,376.694488525
-96.262588501,22.300167084,404.310058594
-96.153724670,22.437726974,424.370330811
-96.879722595,24.083229065,454.631805420
-96.158782959,25.199991226,329.023101807
-97.485694885,23.699283600,399.697509766
-95.617813110,23.840913773,474.837432861
-98.448715210,23.806718826,240.155441284
-95.170967102,24.842731476,329.155731201
-96.337081909,21.934949875,344.082153320
-97.233436584,23.656887054,436.355560303
-94.775657654,23.371402740,370.048004150
-97.108123779,23.106882095,442.298614502
-97.239936829,24.071638107,416.245056152
-97.756217957,25.498292923,195.851867676
-95.650985718,22.599081039,424.452850342
-96.879348755,23.955711365,463.810119629
-95.460494995,23.440908432,466.448028564
-96.226638794,25.085449219,348.687103271
-96.795242310,23.769977570,480.572052002
-97.544273376,22.890174866,370.600128174
-96.412399292,23.184495926,498.382629395
-95.365600586,24.092266083,433.950408936
-97.395187378,24.841436386,316.355743408
-96.895339966,24.869541168,358.994079590
-96.835273743,23.212261200,475.344573975
-95.900299072,23.607845306,501.171569824
-95.503517151,23.705610275,469.066040039
-97.279762268,26.099153519,154.431655884
-97.844215393,23.900197983,336.417541504
-97.251022339,23.734558105,432.100250244
-95.473007202,23.668542862,466.787689209
-96.307929993,24.825271606,390.926239014
-95.678253174,22.735551834,442.334228516
-95.070579529,22.494352341,352.701507568
-94.944007874,21.707960129,236.121292114
-97.837043762,23.479593277,345.711029053
-96.071929932,23.409759521,506.974853516
-97.406288147,21.267845154,189.477523804
-97.265007019,23.554313660,433.471466064
-96.276695251,25.443450928,287.361480713
-96.592842102,23.007505417,479.865814209
-95.477783203,20.984653473,169.776779175
-96.149986267,23.016290665,489.610229492
-97.106567383,24.396797180,402.180694580
-94.708518982,23.684570312,359.131072998
-95.378631592,22.729799271,414.527587891
-96.969696045,23.518833160,469.108459473
-95.625076294,24.809082031,373.495300293
-95.171485901,23.179439545,423.361572266
-95.438453674,23.271686554,459.924743652
-94.717300415,23.184333801,355.185028076
-96.520240784,23.488372803,503.008911133
-96.454521179,22.513208389,432.345092773
-95.042465210,23.150220871,403.941040039
-97.304580688,24.768377304,335.760650635
-96.297294617,22.784549713,468.390686035
-95.691688538,23.300598145,484.712951660
-96.819656372,22.484422684,410.154144287
-96.178512573,22.448183060,426.093933105
-96.272583008,23.115617752,496.841735840
-95.390525818,22.723217010,415.102661133
-96.047218323,23.644613266,506.099243164
-97.426177979,25.027097702,288.542022705
-95.516311646,24.675813675,384.567352295
-94.588912964,22.563112259,293.670227051
-95.300010681,22.878475189,419.762664795
-96.006202698,23.772281647,501.128021240
-97.236640930,23.124979019,427.513610840
-95.581100464,22.874252319,448.407531738
-96.953392029,23.792108536,465.145202637
-95.548896790,22.001377106,330.788208008
-96.772056580,23.950189590,473.241119385
-96.420097351,22.818597794,469.786590576
-98.274665833,24.681486130,220.322753906
-96.880264282,23.653818130,476.509704590
-95.074661255,23.407678604,416.859710693
-95.724647522,24.885665894,367.886016846
-95.066276550,24.814624786,321.513916016
-94.540069580,23.203001022,326.596191406
-95.856422424,22.999214172,478.634613037
-97.681625366,23.046745300,359.392852783
-97.025291443,26.099975586,165.572982788
-95.629989624,23.635955811,482.451416016
-97.656631470,23.437709808,375.004486084
-97.439247131,22.681432724,367.976959229
-93.699935913,24.341302872,174.761611938
-96.662055969,22.149244308,370.551818848
-96.411598206,22.105688095,371.674133301
-95.903404236,24.003303528,484.108276367
-97.056457520,21.512575150,246.747116089
-94.867568970,23.435895920,385.764556885
-96.769767761,23.853961945,478.905090332
-96.228652954,23.002599716,489.014038086
-98.843750000,25.431463242,104.167991638
-95.140159607,22.082181931,307.503021240
-96.143165588,23.635129929,508.141967773
-95.954765320,22.509412766,429.718322754
-97.807914734,22.051736832,252.965515137
-95.628768921,22.916173935,456.196655273
-95.446586609,23.883218765,456.229034424
-96.883735657,22.723320007,433.664703369
-97.340660095,24.131364822,398.721740723
-96.278266907,23.104505539,496.102844238
-96.313224792,22.952125549,484.379058838
-95.212829590,23.512933731,437.037689209
-95.903923035,23.742149353,498.137329102
-96.678642273,24.711883545,396.221954346
-95.028625488,23.624120712,410.456146240
-96.640731812,23.186096191,488.405883789
-95.657135010,24.359836578,435.577453613
-96.605346680,24.668445587,406.246490479
-96.576789856,22.048519135,357.802246094
-96.851531982,24.420774460,423.312927246
-96.497650146,23.331932068,501.389068604
-96.905738831,22.550910950,412.006683350
-95.724807739,24.577604294,412.992248535
-95.206863403,24.479925156,378.499572754
-96.907089233,23.011802673,457.315246582
-96.753479004,23.013380051,470.199768066
-96.107780457,23.121517181,496.267242432
-95.254966736,24.631084442,365.780914307
-95.451431274,23.630250931,465.181091309
-96.831146240,23.944799423,468.753845215
-95.076194763,24.493070602,361.289459229
-96.167404175,22.473176956,429.539428711
-95.381446838,24.620803833,379.930389404
-94.776382446,23.463956833,371.377990723
-96.485679626,24.049104691,482.855041504
-96.767784119,23.175947189,479.149871826
-96.052352905,24.650394440,416.287658691
-95.333709717,24.159257889,424.966156006
-96.471817017,23.966457367,489.479339600
-97.375602722,23.350318909,416.595275879
-97.229797363,22.893459320,413.313964844
-95.614974976,24.114854813,456.548248291
-96.539581299,22.894111633,472.924102783
-95.334442139,23.669164658,451.093811035
-95.823913574,22.685123444,446.016662598
-94.859298706,23.270675659,380.953552246
-95.750595093,22.308286667,391.253021240
-97.953674316,21.722249985,199.663513184
-98.088340759,23.919975281,295.559692383
-94.797416687,25.301292419,229.327697754
-96.475997925,24.378524780,450.110107422
-97.028572083,23.048303604,447.669128418
-95.430862427,24.072679520,442.531066895
-97.728652954,24.046350479,347.711273193
-95.674720764,23.273935318,482.422821045
-95.762275696,21.763010025,303.804473877
-98.001495361,22.486574173,271.310028076
-96.886428833,23.480722427,477.313507080
-94.649734497,22.542196274,300.602111816
23.346027374,23.053539276,441.504608154
22.594501495,22.920305252,488.876800537
23.592700958,22.891952515,401.227020264
21.834688187,24.177341461,432.194335938
23.402631760,22.847011566,423.120666504
22.093004227,23.926038742,473.184906006
21.844017029,23.162019730,476.137359619
21.278812408,22.471567154,364.434173584
22.099180222,22.330438614,420.135986328
22.899003983,21.837297440,340.942443848
22.150815964,24.437799454,418.175415039
21.551967621,21.596359253,275.418273926
21.953571320,22.561220169,440.809020996
23.674072266,22.874000549,388.679168701
22.817186356,23.947465897,470.576354980
22.634420395,21.686836243,324.318664551
22.390031815,25.251688004,292.314727783
23.033067703,23.411256790,480.542663574
21.469579697,23.379352570,438.989776611
21.442092896,21.999597549,325.136352539
22.529764175,21.802188873,345.165588379
21.965183258,22.262207031,403.899536133
21.149532318,24.713264465,297.135955811
21.770927429,24.406553268,399.749084473
21.623096466,23.439455032,457.023864746
22.600280762,21.786661148,341.728027344
21.140083313,22.649526596,362.272949219
23.228919983,25.252010345,266.997314453
23.019308090,23.790552139,468.623077393
22.369907379,24.509634018,413.079467773
21.769262314,24.398405075,400.661590576
22.164968491,22.859001160,480.201538086
22.178894043,23.273782730,499.888488770
23.553005219,22.666551590,390.253265381
22.969093323,22.413820267,421.706481934
21.543361664,21.571426392,271.011627197
21.735094070,23.482791901,468.266174316
22.944522858,24.448028564,406.985015869
22.427221298,24.844516754,361.064666748
21.118700027,25.287343979,219.462966919
21.653282166,23.376256943,460.708770752
23.255882263,22.719137192,429.788726807
23.348899841,24.355335236,385.021514893
22.380498886,22.933633804,491.005004883
22.527107239,23.294345856,505.096893311
23.087749481,25.146343231,292.012390137
23.236185074,22.760051727,435.287017822
19.883775711,22.765935898,180.911422729
22.460441589,23.928083420,481.948822021
21.747726440,23.263919830,469.662689209
22.087478638,23.221487045,494.653961182
23.873273849,23.992504120,350.571716309
23.217395782,23.524885178,461.194915771
20.937288284,25.285732269,203.351409912
21.433160782,22.172298431,347.434936523
23.180608749,22.618476868,427.868438721
22.004585266,22.979158401,479.955963135
22.178791046,22.839698792,479.248352051
23.415620804,21.564468384,265.184631348
22.893869400,24.953351974,333.016571045
23.333169937,23.559720993,447.239105225
22.963590622,23.223163605,484.660186768
21.531801224,23.830741882,432.080047607
23.041856766,25.142208099,295.171325684
21.920331955,22.067487717,372.948699951
19.847637177,23.561697006,184.726669312
21.259431839,24.318492889,356.388244629
22.537479401,24.405712128,427.697326660
23.443571091,22.801439285,414.865814209
23.342702866,24.658958435,346.582305908
23.271045685,22.950386047,444.915924072
21.204732895,23.651039124,397.348876953
22.025156021,23.306262970,492.439025879
22.836130142,21.756896973,330.412017822
20.512838364,22.442354202,254.410079956
23.405607224,20.102312088,84.604248047
22.858577728,23.934164047,469.409057617
22.217945099,24.037239075,468.331542969
22.759727478,23.913587570,476.156616211
24.196147919,23.909027100,304.720977783
23.347343445,23.167854309,445.382019043
22.792625427,22.186170578,399.998565674
22.711702347,24.585643768,398.008422852
23.142614365,22.926073074,456.645568848
21.523786545,23.317901611,445.581604004
22.219526291,25.957218170,178.814392090
22.647844315,24.892116547,351.162933350
22.517852783,23.807596207,490.691619873
22.252313614,22.995374680,492.347015381
22.466379166,24.283061981,444.362304688
21.814647675,23.152767181,473.284637451
22.814868927,21.898666382,354.458190918
22.820035934,23.158872604,492.261077881
24.491132736,22.857898712,258.774078369
22.743331909,20.704532623,166.251846313
24.123708725,23.203590393,329.981384277
21.075263977,23.198781967,381.010070801
23.492153168,23.738986969,420.362792969
22.630611420,23.948030472,477.860015869
23.392164230,21.914718628,318.770965576
22.346576691,21.915054321,363.693115234
24.059686661,21.897111893,244.410736084
22.472013474,21.610013962,312.840209961
23.349264145,25.170560837,271.187286377
22.697311401,23.527359009,499.329956055
22.113433838,23.178823471,494.873382568
22.942581177,22.823081970,465.802307129
20.977514267,22.381986618,315.597961426
22.841892242,24.411569595,417.581054688
20.004291534,24.615594864,163.187988281
24.469787598,23.007190704,267.522216797
23.852163315,21.760679245,251.686630249
21.988124847,23.021684647,481.238464355
21.605955124,23.527664185,453.654632568
22.332910538,22.302524567,423.134948730
21.921560287,22.555406570,438.028717041
22.086648941,20.436830521,131.124725342
21.057741165,23.321590424,379.850219727
23.952838898,24.048860550,334.554718018
21.005350113,24.476888657,306.654266357
22.614408493,23.848190308,486.186370850
21.116622925,24.504079819,318.026214600
21.351600647,21.831850052,293.002960205
22.194707870,23.953453064,475.239013672
20.613784790,23.645978928,303.689178467
23.529645920,21.397983551,232.202667236
21.118656158,24.335235596,336.406860352
22.314622879,23.251333237,503.602905273
23.203619003,23.073545456,458.276672363
20.707307816,23.187831879,321.468597412
22.146617889,24.931877136,341.828491211
21.151823044,25.078763962,250.022308350
22.636299133,25.589387894,235.268539429
23.917545319,23.937168121,347.387084961
23.759323120,24.841224670,279.070159912
20.486145020,23.506843567,285.300689697
21.475080490,22.987054825,429.832397461
23.176439285,23.357807159,467.272155762
22.917177200,23.884984970,469.649230957
23.028051376,23.608367920,476.784942627
25.265140533,23.037254333,149.457351685
22.808971405,22.075681686,382.690307617
20.924175262,24.929178238,245.096298218
22.854679108,23.120073318,488.930816650
21.722702026,23.355264664,467.969482422
22.350698471,24.667266846,389.021728516
22.071493149,23.754766464,484.091766357
20.461448669,21.833217621,195.500442505
22.719205856,22.382947922,430.320312500
22.494268417,23.410524368,505.700164795
24.223743439,22.441419601,275.305603027
22.218980789,25.548236847,241.049224854
21.441032410,22.361013412,371.577362061
22.742036819,23.321153641,499.315490723
21.881511688,22.878187180,464.689910889
24.534387589,22.912611008,253.917266846
23.352739334,22.466617584,394.466125488
20.866577148,22.561832428,315.699432373
22.142360687,23.782274246,485.916717529
19.906343460,22.868049622,187.247207642
24.167469025,21.866731644,228.231384277
25.135787964,22.989767075,165.716186523
21.575756073,25.814027786,179.162628174
22.716840744,21.986862183,372.014160156
23.352304459,22.726915359,419.915710449
23.123844147,23.848516464,455.801300049
23.624067307,22.926797867,398.821533203
23.215414047,24.868642807,326.948394775
22.820030212,22.983146667,484.337921143
24.260375977,23.226367950,307.312988281
22.518308640,23.849637985,487.742980957
21.514791489,22.495187759,394.776794434
22.850717545,24.719367981,372.250488281
24.345556259,22.698226929,274.176452637
22.751281738,23.145444870,495.250732422
23.510433197,24.530466080,346.267883301
20.924757004,23.809432983,347.962188721
22.021430969,23.993486404,463.476257324
22.600839615,23.358919144,504.227386475
21.706909180,24.164150238,422.590850830
22.082048416,23.304822922,495.720916748
22.805124283,23.406545639,496.304046631
23.203041077,24.492218018,381.850311279
22.369892120,22.268451691,418.757049561
24.464916229,24.830852509,196.190292358
23.827991486,23.036193848,373.507049561
23.361049652,22.935106277,433.711059570
22.395956039,23.155651093,502.254211426
21.888433456,22.777095795,457.362884521
23.987981796,23.324972153,353.858154297
22.035085678,23.240583420,492.088989258
21.670063019,22.918357849,448.127166748
21.245714188,23.662946701,402.859161377
24.065988541,22.949810028,331.974487305
23.037843704,23.894357681,460.017944336
22.628538132,23.379470825,503.526977539
23.835031509,24.781106949,277.891479492
21.258516312,23.194240570,408.311126709
23.205209732,23.261217117,463.476959229
23.148263931,23.348596573,470.087677002
23.298818588,26.653398514,87.170936584
22.261861801,24.669500351,387.196228027
22.217445374,23.415838242,501.851959229
23.625701904,23.888851166,393.666412354
22.343336105,22.825981140,482.562164307
19.935522079,24.143600464,180.398696899
24.200283051,25.070322037,203.216537476
21.308067322,23.695562363,410.367340088
21.888513565,24.828176498,347.004333496
22.513219833,22.237751007,414.462707520
24.171052933,24.553352356,259.805633545
21.821901321,22.422206879,415.164428711
20.536012650,23.759948730,287.369049072
23.128877640,24.250141144,418.293029785
22.476385117,23.019504547,496.452972412
22.493436813,22.834383011,483.898468018
22.320075989,24.662187576,389.410980225
22.520591736,23.114757538,500.571899414
23.168148041,23.354988098,468.110748291
19.907255173,22.637767792,179.339340210
24.108022690,21.823511124,230.513229370
22.731201172,25.821945190,197.934722900
23.363088608,25.155364990,272.435607910
20.659774780,22.439689636,275.581146240
22.073966980,24.156587601,449.985504150
21.744581223,23.229158401,468.731811523
21.654184341,24.091911316,424.727264404
22.871391296,23.546480179,490.148223877
22.028125763,25.278244019,280.291412354
22.531303406,21.661115646,321.268615723
24.949213028,23.595067978,194.563003540
20.559217453,24.162250519,270.053680420
24.034557343,24.727470398,259.853759766
23.181043625,23.215610504,465.144622803
22.388076782,23.337156296,505.662322998
22.839221954,21.845369339,344.830688477
22.043682098,24.411670685,417.053619385
23.201137543,24.281124115,408.286193848
21.384283066,22.993165970,418.528106689
24.886743546,24.565679550,164.269989014
19.976968765,22.680559158,190.624832153
21.999294281,23.467102051,490.350585938
21.755844116,23.279262543,470.666534424
21.968303680,23.794202805,475.401702881
21.634199142,22.115673065,359.064758301
23.738456726,23.869499207,378.617950439
22.957916260,23.123100281,482.155944824
20.363687515,23.705060959,261.147888184
22.275190353,23.356847763,503.756072998
22.908061981,24.079120636,453.179504395
23.032789230,22.192720413,387.821014404
22.884950638,23.358747482,491.717926025
22.054132462,22.852916718,474.403320312
23.151235580,24.076478958,434.551544189
21.192922592,24.048130035,372.658050537
21.538143158,23.454748154,446.981262207
22.726985931,22.832550049,478.319366455
21.329242706,23.217966080,418.799896240
23.055524826,24.309438705,417.245086670
22.624631882,23.632843018,498.183258057
21.500577927,23.505710602,441.595214844
22.363462448,24.675971985,387.796630859
20.005661011,21.881397247,148.520950317
21.304281235,23.940441132,395.976715088
21.660905838,24.923936844,316.933013916
22.972978592,23.605079651,481.279724121
21.242824554,23.961771011,386.086975098
23.201049805,24.193010330,418.093017578
22.273900986,23.185314178,501.112548828
22.944545746,23.547351837,485.196502686
20.661001205,23.899024963,301.575775146
21.757698059,22.795259476,447.874114990
24.420898438,21.919069290,202.835800171
20.593404770,24.393217087,257.660491943
21.836336136,22.972606659,467.092041016
20.505094528,23.325132370,289.297393799
22.401123047,22.982976913,494.283569336
23.050416946,24.593467712,379.738037109
21.974180222,20.516153336,138.734527588
21.216621399,24.479330063,333.266845703
23.201831818,22.625663757,426.558532715
22.749441147,23.984155655,470.584808350
22.385482788,23.884798050,485.180236816
21.730085373,22.117240906,367.208038330
23.352533340,24.508871078,365.693786621
21.713981628,23.040054321,459.300933838
23.414470673,23.942344666,417.705627441
22.327775955,24.377944946,431.053466797
22.475639343,24.563190460,405.495758057
22.845954895,21.702077866,320.950073242
22.857202530,22.546554565,444.308959961
23.246170044,23.355802536,459.847229004
21.703247070,23.594482422,462.302703857
22.633983612,22.751321793,474.452270508
22.160089493,25.294858932,281.528442383
19.771697998,21.691062927,113.349807739
22.486785889,23.202707291,503.736358643
22.433584213,22.663755417,468.356811523
20.969184875,23.043655396,360.028808594
23.120372772,24.986873627,315.336791992
21.297069550,24.034444809,387.892517090
23.641897202,22.760646820,385.725006104
20.407295227,23.945577621,259.012237549
22.977897644,22.677268982,450.485809326
23.388195038,23.325511932,442.968566895
21.402214050,21.545364380,256.374267578
23.858022690,24.662733078,289.145050049
21.901458740,23.080209732,477.803466797
22.313667297,22.493436813,447.934387207
24.132104874,22.326782227,278.885589600
20.698818207,25.561571121,151.817764282
22.980012894,22.385835648,417.450134277
20.787878036,23.243106842,335.625335693
23.501413345,22.488756180,379.890930176
21.248271942,24.197971344,367.059722900
23.850988388,24.149045944,342.038116455
22.252574921,22.634805679,462.683288574
23.354619980,23.866233826,430.250732422
21.426246643,24.596996307,342.564971924
20.932430267,24.001478195,338.046478271
22.145170212,24.132614136,455.855621338
21.991500854,22.673833847,455.021911621
23.448276520,23.549707413,433.105377197
22.939622879,23.836875916,471.592315674
23.078855515,21.239149094,235.783721924
23.154590607,25.420585632,245.213623047
21.966257095,23.433839798,488.530487061
21.772445679,20.954635620,191.291687012
23.364351273,22.486803055,395.420379639
22.217397690,23.907735825,479.835021973
22.541414261,23.723535538,495.522552490
21.796665192,25.705724716,204.166244507
23.287183762,22.869173050,438.034179688
22.936660767,21.962043762,359.020751953
22.622331619,20.859756470,189.776473999
21.279121399,24.677976608,316.221740723
22.876325607,24.927949905,337.912994385
22.796655655,24.400751114,421.151550293
21.501831055,21.215608597,215.453979492
22.371044159,21.796827316,344.264892578
22.543663025,23.240121841,504.016204834
23.568292618,25.193634033,250.403747559
21.142831802,23.634378433,388.730712891
23.384183884,21.820995331,305.825805664
23.624872208,21.208017349,198.998245239
20.502866745,23.749010086,282.352142334
21.804283142,25.611167908,218.540939331
21.324979782,23.254880905,418.843048096
22.733144760,23.536483765,497.670989990
20.907938004,24.950695038,240.733581543
22.340791702,24.495727539,414.764343262
22.468511581,23.051181793,498.112579346
22.659778595,23.129472733,498.182525635
20.727109909,23.031011581,320.679229736
22.955776215,24.326856613,422.117004395
21.456701279,24.463708878,362.767517090
21.366811752,23.299005508,425.134216309
22.413923264,24.814657211,365.917053223
23.205278397,22.030317307,351.568756104
22.532428741,23.729249954,495.329315186
22.994958878,22.655260086,447.098022461
22.189512253,24.186521530,451.537292480
21.414457321,23.090967178,426.695770264
23.622606277,21.401447296,225.437683105
22.379102707,22.677124023,469.392639160
22.922088623,23.754699707,477.983306885
21.772449493,24.229722977,421.293914795
22.066270828,22.495454788,439.706848145
24.840444565,23.809364319,206.249694824
24.006875992,24.387851715,298.346038818
23.306684494,23.484685898,451.994018555
23.357849121,24.307010651,389.654296875
21.129384995,25.405658722,204.995025635
23.840311050,22.754138947,356.549591064
22.724893570,25.409015656,263.091766357
23.373859406,23.265781403,444.171905518
23.512817383,23.876316071,409.830261230
22.016660690,24.678602219,377.099578857
21.691911697,23.914892197,443.696441650
23.398412704,22.471546173,390.010406494
21.997283936,24.088144302,452.967895508
23.129676819,23.836576462,456.061248779
22.268968582,23.806135178,488.826904297
22.490564346,23.315248489,505.647094727
22.064867020,23.071969986,488.346862793
22.619863510,23.839466095,486.676422119
23.702856064,24.015600204,373.946228027
23.918556213,23.569221497,362.955749512
23.325281143,24.949375153,306.210174561
22.022039413,23.095502853,486.852416992
22.418098450,24.053907394,470.320281982
21.630954742,20.641721725,144.611343384
22.825214386,23.265085220,494.518829346
22.366413116,22.827199936,482.975555420
21.352779388,21.772331238,284.735626221
21.574035645,22.638477325,415.724273682
21.989938736,22.670019150,454.548950195
22.744104385,24.402816772,423.015899658
22.935234070,23.983160019,460.428955078
24.245950699,23.109121323,307.535125732
22.010730743,24.518478394,400.516540527
22.405834198,20.938550949,202.365722656
22.360475540,22.498960495,449.311645508
23.786653519,23.367868423,386.362640381
22.104640961,21.076835632,219.945632935
20.627815247,22.899982452,299.497039795
21.427591324,22.525701523,388.096099854
22.926214218,22.694864273,455.709167480
22.899692535,25.445344925,252.313522339
22.701372147,22.735351562,470.898010254
22.250644684,22.432783127,438.961914062
21.829568863,22.981746674,467.034210205
20.525642395,23.127517700,290.224761963
21.862722397,22.854661942,461.496582031
22.058071136,24.138326645,451.160461426
21.372674942,23.649087906,421.022125244
24.406833649,23.743625641,277.148315430
21.684610367,23.367248535,464.060211182
21.042161942,23.716487885,370.389801025
22.152893066,23.817316055,484.095367432
23.273157120,23.347717285,456.812011719
22.726362228,23.612604141,495.527679443
23.068387985,21.267011642,240.602401733
21.635402679,24.625196457,358.819519043
22.890211105,24.559610367,394.360687256
21.468431473,23.618463516,434.584716797
24.004325867,24.362960815,301.033416748
21.793361664,24.157745361,430.927185059
21.208524704,23.229164124,401.727783203
25.011350632,23.981439590,176.177932739
21.599147797,24.748437881,338.119995117
23.307283401,23.548183441,450.592407227
21.634386063,23.262296677,457.835479736
22.111162186,23.156066895,494.058776855
23.444946289,23.032327652,428.311218262
22.879524231,23.502635956,490.682769775
20.884155273,23.919380188,335.757995605
22.095325470,22.602031708,453.280181885
21.330831528,23.026803970,412.919189453
22.767026901,24.221694946,445.070037842
22.227083206,21.770998001,337.710388184
21.991615295,22.471193314,432.717041016
20.871946335,23.353034973,350.218963623
22.748874664,23.538032532,496.942596436
22.301536560,23.430854797,504.095184326
22.491275787,23.339895248,505.799804688
21.870346069,22.706909180,449.755767822
22.593360901,22.442844391,441.474670410
23.010913849,23.386085510,482.496124268
21.742168427,24.292301178,411.471618652
23.706470490,24.195734024,358.343231201
22.529222488,24.377460480,431.632690430
22.995298386,23.763113022,472.159912109
23.500928879,23.147260666,425.153900146
23.297128677,23.543289185,451.891937256
22.043313980,22.459541321,434.171447754
24.335836411,22.354005814,251.949111938
22.570241928,22.798683167,480.020965576
23.212455750,22.809896469,441.671936035
24.441179276,22.636291504,255.666656494
23.339160919,23.778419495,437.449737549
22.665975571,25.005889893,331.856597900
22.349929810,26.301818848,134.705596924
23.043354034,24.072954178,444.154937744
22.748197556,23.340206146,499.151763916
22.250074387,23.601867676,498.826660156
23.221368790,22.929784775,449.014312744
22.060609818,22.557758331,446.660278320
23.341186523,23.703432083,441.033660889
23.797895432,22.962919235,375.026458740
21.735866547,20.994123459,195.473739624
23.762535095,22.956377029,380.086181641
22.429761887,23.405796051,505.871490479
22.550731659,23.626811981,499.977935791
22.754709244,22.979534149,487.353485107
23.409528732,23.562702179,437.756469727
23.583580017,23.486852646,415.866821289
21.951135635,22.007724762,365.544952393
22.769622803,23.478019714,497.276336670
21.709556580,23.869342804,448.757080078
20.448390961,21.612989426,173.310287476
23.697250366,24.457704544,332.690582275
21.261137009,23.305427551,410.367218018
21.056787491,23.739353180,371.680023193
21.709285736,22.056503296,356.805053711
21.345863342,24.089921951,389.569244385
24.047004700,23.708492279,337.896301270
20.756862640,22.800626755,315.123626709
23.135406494,23.946485519,447.457733154
22.815158844,23.230472565,494.434173584
23.175493240,24.265092850,412.476226807
23.080505371,22.470493317,420.479125977
24.412830353,24.091402054,260.136627197
22.949041367,23.035051346,479.004516602
22.166173935,22.704864502,466.908752441
22.870306015,23.017293930,483.335968018
22.702728271,23.483306885,500.068695068
23.369272232,20.825351715,163.315475464
22.998231888,23.795591354,469.977996826
21.171554565,22.068195343,305.316345215
24.725934982,22.857755661,221.810684204
21.965917587,21.964801788,359.635040283
22.843391418,22.272087097,410.060394287
23.580938339,24.747558594,310.647308350
22.254356384,22.736289978,472.829772949
23.719316483,22.964159012,386.932098389
22.429265976,24.204860687,453.891937256
22.271278381,22.247934341,414.222595215
21.494844437,25.044967651,285.663360596
23.034803391,22.031192780,363.974060059
23.458862305,23.392541885,433.929290771
21.345537186,23.237440109,421.408355713
22.494310379,23.872013092,486.284484863
22.355360031,24.589654922,401.019683838
22.450189590,23.223623276,504.362457275
22.924575806,22.779977798,463.488433838
21.693080902,24.320501328,403.764617920
22.868188858,24.348016739,424.602111816
21.947772980,23.462499619,486.872497559
21.168956757,23.485326767,396.172454834
22.350824356,24.837043762,361.785369873
22.604053497,22.630750656,463.252349854
20.590578079,23.996126175,285.214324951
22.477807999,23.589658737,502.094360352
23.075450897,22.821559906,455.400207520
24.695804596,22.478271484,208.518157959
23.054832458,23.898448944,458.307983398
20.826208115,23.519500732,341.473999023
22.600427628,25.137525558,310.836639404
23.342975616,25.190465927,268.657897949
22.689027786,23.250740051,500.543975830
20.569988251,21.859884262,210.618804932
21.010017395,22.980857849,363.876159668
23.587514877,23.781879425,405.224304199
22.046100616,24.330095291,427.892761230
21.968378067,25.534091949,236.802597046
22.893068314,25.017864227,322.522888184
22.839805603,21.811086655,339.196166992
21.516517639,24.812019348,321.682922363
23.505435944,22.872516632,411.806579590
23.341989517,22.424545288,390.867248535
22.971138000,23.354095459,485.646148682
23.625375748,23.205972672,409.147186279
20.999738693,24.349927902,318.859588623
21.759439468,22.311840057,396.240844727
23.889612198,25.211570740,218.811141968
21.698829651,22.361328125,397.420959473
23.833330154,26.441040039,89.277526855
21.339195251,22.713323593,394.351196289
22.264406204,24.196788788,452.581176758
22.360746384,22.379243851,434.017761230
20.682764053,23.168184280,317.040344238
25.024616241,23.034732819,182.050582886
21.006597519,22.400106430,321.341949463
22.105512619,23.662662506,490.615692139
22.380891800,23.095897675,499.859924316
21.185709000,22.692625046,372.081329346
22.865167618,23.052360535,485.414550781
22.673273087,22.611356735,459.362792969
23.117364883,23.189729691,470.799255371
21.995927811,23.102521896,485.482910156
20.293729782,21.688072205,164.109695435
23.310438156,23.423742294,452.303497314
21.943746567,24.334199905,421.493347168
21.249689102,23.482570648,408.118896484
20.454431534,24.231866837,249.644912720
21.355245590,21.590888977,259.095611572
23.452724457,22.351726532,370.394805908
23.762241364,23.948150635,370.151977539
21.033246994,23.664081573,370.972045898
22.622873306,22.913576126,487.750946045
21.478569031,24.123432159,402.687683105
23.780477524,23.407697678,387.219451904
22.828523636,23.473981857,494.272491455
20.372121811,22.768239975,252.937805176
22.956071854,22.430929184,424.682128906
22.898717880,21.393749237,267.849578857
23.666587830,23.393695831,404.652832031
23.998176575,24.484853745,290.112701416
22.355360031,22.796503067,480.268249512
22.413019180,25.450538635,259.052368164
21.878438950,22.545728683,433.888641357
22.100580215,23.042900085,488.864257812
20.393989563,23.545257568,269.564849854
21.953760147,23.877063751,468.722686768
23.577831268,22.748741150,393.582977295
22.080917358,23.558650970,493.194030762
24.224044800,22.773401260,297.725494385
23.601903915,22.932168961,402.232513428
22.973794937,22.310945511,408.049682617
22.745376587,21.774257660,336.378936768
23.559652328,24.383064270,358.043151855
22.028282166,23.641006470,487.269287109
21.888284683,24.208879471,432.747650146
23.892141342,24.084838867,341.079406738
24.380649567,24.674497604,220.671859741
22.637428284,25.516580582,247.003784180
21.313333511,22.493839264,371.022491455
20.732053757,22.427316666,285.044952393
24.053716660,23.163351059,340.882904053
22.696128845,22.904073715,484.843750000
23.038011551,22.633893967,441.704040527
20.567760468,22.841833115,287.232360840
22.190210342,23.159240723,497.632415771
22.577617645,22.472808838,445.523376465
21.999370575,24.323041916,426.253936768
23.286153793,23.364967346,455.353698730
22.305418015,24.210826874,451.839019775
21.325649261,23.192270279,417.753479004
23.219497681,23.147102356,459.297515869
23.573568344,23.571174622,415.513214111
24.233968735,22.098833084,243.526336670
22.198171616,24.191383362,451.274078369
22.323488235,22.865131378,485.320739746
22.457826614,23.378343582,505.989868164
23.172416687,22.831960678,447.313873291
21.159488678,24.057744980,367.228332520
22.941875458,23.750864029,476.830078125
22.000616074,23.112060547,486.168548584
21.065635681,22.670108795,353.312683105
21.950334549,22.680332184,453.006591797
22.548934937,23.868843079,485.935791016
24.041978836,23.322210312,344.899841309
23.525157928,24.734209061,318.284423828
22.402387619,23.558683395,503.010131836
21.704849243,21.788360596,315.945556641
21.055915833,23.878547668,364.470458984
22.625597000,24.176933289,455.001007080
23.232944489,24.167196274,417.717132568
21.228250504,24.152690887,368.605651855
22.707040787,22.931516647,486.311218262
22.399864197,23.645347595,499.832122803
22.278985977,23.852804184,485.820068359
22.173395157,22.333732605,423.501556396
22.265676498,21.888982773,358.148132324
22.923517227,23.541038513,486.855926514
21.885332108,23.040699005,474.735137939
22.568265915,24.135356903,460.823333740
22.334627151,23.087882996,498.892730713
20.914140701,23.162761688,354.780120850
22.549209595,23.734323502,494.804748535
22.269123077,24.032117844,470.290679932
22.463024139,24.024442673,473.259948730
21.854248047,24.076457977,444.155426025
24.442424774,22.288736343,231.636047363
22.261291504,24.483251572,415.104644775
23.054214478,25.009815216,315.717437744
21.165187836,21.513526917,231.980316162
22.638645172,21.975265503,372.133514404
22.099178314,23.910717010,474.732116699
20.945383072,22.493480682,321.415863037
21.032424927,23.521320343,374.603393555
21.397455215,24.340539932,370.699340820
22.006214142,23.125589371,487.038909912
20.378177643,23.353385925,268.367645264
22.385742188,24.303796768,441.492553711
21.628658295,24.612789154,359.960266113
23.594308853,22.958290100,404.672760010
22.936048508,21.953151703,357.654541016
21.566453934,23.870452881,433.498931885
22.981897354,24.619112015,380.461303711
23.899818420,24.233787537,327.717041016
22.861730576,22.401451111,426.494903564
22.448455811,21.875391006,357.723632812
23.413076401,22.873168945,423.589141846
24.261459351,23.064310074,303.756469727
23.767782211,23.547624588,387.303588867
24.747257233,23.755048752,222.014678955
23.269184113,22.178178787,367.006835938
24.061717987,25.043588638,221.212615967
24.935523987,22.835126877,189.857131958
21.710142136,23.940406799,443.518035889
22.523582458,23.971691132,477.766510010
21.845315933,22.253311157,394.930023193
22.915590286,22.943828583,476.197692871
21.874719620,23.368350983,481.894165039
23.468011856,22.008176804,324.716003418
21.078245163,22.530735016,343.458374023
20.406913757,25.524065018,131.886367798
22.926839828,22.476284027,432.057434082
23.422630310,22.837432861,420.016510010
23.229846954,23.898376465,441.850067139
23.854137421,23.124662399,372.330261230
21.577501297,22.988243103,442.089874268
23.864185333,22.829935074,357.767730713
20.472984314,23.503429413,283.163604736
22.328187943,24.106334686,463.977478027
22.643781662,22.781009674,476.832916260
21.125574112,23.058662415,384.682403564
22.481462479,26.070098877,164.648620605
21.442773819,23.256528854,434.707183838
21.920089722,23.427417755,485.220031738
21.669857025,23.433036804,462.199127197
22.556211472,24.370412827,432.251007080
21.118577957,23.043798447,383.064849854
20.721242905,22.739570618,306.005218506
21.854511261,23.697441101,472.188873291
21.430202484,21.671131134,276.992797852
23.050540924,21.388883591,260.735961914
22.802745819,22.998519897,486.126037598
20.635101318,24.129871368,283.792694092
23.218618393,22.133037567,365.196319580
23.768451691,22.351703644,331.606750488
21.317308426,21.517852783,245.556686401
21.015918732,23.583990097,370.651855469
21.939741135,23.603046417,482.800567627
23.592008591,23.628206253,411.190521240
20.543949127,22.780923843,280.457550049
22.808652878,23.023778915,487.180572510
21.658046722,21.992086411,343.295074463
22.793779373,22.606281281,454.129394531
21.618249893,22.282295227,380.055236816
21.556636810,23.649293900,444.213104248
21.604682922,22.246488571,374.140960693
20.986631393,22.089841843,285.781494141
23.527036667,24.625473022,332.398651123
21.409437180,23.853477478,415.615997314
20.513721466,23.048854828,286.304565430
21.471334457,23.205282211,437.406280518
20.293716431,23.767419815,248.095001221
22.780467987,23.006071091,487.659606934
23.070060730,22.272762299,396.264190674
20.799636841,23.524072647,337.036163330
23.236879349,21.720420837,302.253967285
24.035594940,23.916683197,330.077331543
21.776147842,23.831832886,457.634124756
22.057823181,23.812005997,479.781494141
22.100009918,22.756429672,468.796997070
21.769668579,23.780921936,460.222137451
23.198369980,22.668933868,431.050598145
22.954076767,23.006984711,477.197570801
22.075227737,23.998308182,466.013763428
23.243652344,23.535167694,458.113983154
23.285057068,22.944519043,443.022247314
22.655750275,22.560453415,454.215209961
22.164733887,24.097362518,460.382720947
23.712810516,23.380681992,397.734466553
87.350502014,36.095581055,379.884155273
89.297439575,35.777862549,475.215301514
89.960449219,37.647159576,307.922485352
91.211944580,38.144393921,118.956504822
88.830131531,36.168033600,515.350280762
88.785842896,36.220932007,516.363220215
89.215034485,35.652011871,470.849426270
87.297866821,35.981540680,368.145843506
89.126396179,36.120052338,504.001861572
89.014389038,35.837604523,496.501281738
88.564430237,35.827362061,498.170349121
89.963897705,36.402282715,411.255340576
89.047973633,34.997920990,395.043457031
89.407814026,35.995098114,478.021606445
87.597244263,36.584781647,413.846405029
88.390792847,35.855567932,492.696319580
89.173332214,36.112594604,500.947326660
87.275871277,36.762748718,355.348419189
90.184242249,35.752593994,360.883422852
88.702430725,37.073211670,466.384582520
87.545913696,35.116485596,334.169433594
88.506668091,36.374542236,510.798126221
89.738403320,35.840770721,432.107971191
88.095550537,39.335830688,110.101783752
87.939750671,35.141967773,381.320495605
89.386291504,36.707763672,471.634521484
88.988105774,34.779178619,360.818115234
88.917846680,37.103134155,461.304901123
87.597259521,36.879081726,396.334167480
89.037185669,35.999118805,504.498382568
89.314788818,34.874385834,362.083099365
89.626892090,35.030387878,360.490966797
87.971595764,38.213798523,258.687133789
89.010673523,37.139957428,454.153076172
88.770286560,35.335857391,450.254394531
91.946250916,36.645950317,105.012969971
87.538696289,35.531917572,377.593017578
87.432144165,37.602058411,298.023834229
88.518188477,35.500488281,466.568817139
88.566589355,35.546512604,473.157196045
88.336235046,34.813175201,359.496765137
88.912071228,35.324039459,447.004852295
88.467277527,35.610904694,476.358093262
86.059989929,34.121025085,82.951385498
88.695060730,36.526145935,510.963531494
88.610374451,35.275894165,440.666107178
88.516174316,37.371402740,422.756561279
89.727478027,36.449356079,444.370330811
88.380233765,35.210243225,423.428894043
89.668472290,35.154102325,373.111572266
88.071403503,36.250186920,480.703155518
88.254203796,35.661643982,468.902252197
88.905448914,36.178195953,514.173767090
90.313011169,36.607643127,349.110137939
88.965957642,34.433712006,301.337066650
88.275291443,35.414234161,444.223937988
89.073371887,36.118000031,506.805816650
88.294258118,35.634239197,469.160644531
88.391387939,38.481590271,234.257400513
87.873054504,36.927513123,427.843780518
88.812164307,35.394767761,457.685089111
89.933830261,36.787113190,400.226745605
89.237052917,35.795341492,481.068603516
90.643402100,36.169479370,297.027679443
90.229057312,35.037799835,290.275726318
87.888938904,36.583190918,453.111114502
89.468421936,36.364978790,477.031890869
89.407295227,37.170455933,426.422241211
89.630630493,35.860553741,446.908599854
87.973533630,36.530715942,465.139038086
88.864952087,35.528400421,472.909912109
88.159416199,36.042465210,485.202789307
87.752059937,35.745342255,423.785034180
89.019645691,37.646526337,379.658203125
88.591476440,34.210697174,263.121093750
88.032516479,35.699245453,452.877075195
89.017654419,35.881893158,499.218658447
88.819450378,37.042869568,469.905853271
90.001327515,36.368694305,405.917175293
88.758232117,35.722290039,492.830902100
86.333984375,35.948501587,207.872299194
88.115745544,37.114131927,433.184326172
88.236587524,36.938751221,461.626708984
88.631210327,36.099231720,513.064025879
86.667778015,35.650295258,249.706497192
87.775650024,37.117782593,397.623168945
89.003196716,36.981033325,472.692291260
87.294136047,36.714706421,360.848266602
89.492919922,37.732742310,340.361145020
90.158142090,37.300998688,323.786895752
87.598587036,35.534580231,386.156860352
85.663757324,37.517875671,95.057884216
87.718078613,36.771236420,420.691009521
86.415702820,33.926731110,94.207786560
87.181846619,36.961975098,327.613861084
89.699188232,35.233810425,379.957061768
90.319480896,36.352817535,353.611785889
88.263015747,35.731826782,475.534698486
90.969444275,36.180606842,241.524749756
87.623100281,37.664550781,311.691253662
87.877784729,35.346481323,401.026184082
88.872688293,37.648574829,382.395355225
88.350425720,35.182025909,417.877868652
87.172256470,34.472518921,210.515579224
89.797889709,36.827224731,416.486846924
89.294944763,35.142421722,404.206451416
87.488601685,36.736389160,390.077606201
88.043937683,36.913986206,447.373809814
87.342041016,36.116931915,378.921600342
88.549957275,35.722637177,489.667968750
86.667320251,37.421337128,215.162643433
88.506515503,37.331775665,428.187225342
89.028457642,36.306266785,510.631805420
89.424285889,35.595275879,448.706909180
88.920616150,36.594882965,505.968505859
87.348724365,34.798515320,270.356872559
86.459678650,37.561645508,177.603622437
89.515350342,34.758132935,329.504058838
89.442794800,36.965560913,445.505889893
87.185882568,36.005535126,350.306976318
90.484291077,35.936836243,319.418731689
89.406906128,37.084880829,436.340942383
89.166656494,38.062564850,304.387664795
88.142631531,36.562633514,480.944396973
90.089714050,36.518947601,388.800811768
89.856086731,37.729167938,308.088958740
87.455787659,36.476898193,395.954803467
89.164855957,38.227256775,276.428863525
89.449424744,35.578632355,444.732025146
89.524101257,37.467071533,377.325042725
88.068084717,35.687389374,455.402557373
89.475891113,36.534595490,471.780548096
90.258476257,34.886444092,269.025085449
88.690971375,37.464756012,412.260345459
89.491653442,38.022834778,294.355468750
88.870140076,36.362049103,514.886901855
90.970901489,37.397464752,199.476196289
89.466392517,37.131591797,425.744476318
88.326637268,34.509765625,307.572570801
88.570098877,35.969009399,506.663604736
88.570228577,36.631813049,503.298278809
88.535026550,37.352451324,426.107696533
89.359207153,37.204418182,426.191009521
86.022346497,33.780036926,63.017177582
89.178359985,35.519470215,459.881286621
89.289428711,36.485130310,490.886749268
89.687438965,36.032260895,447.676910400
87.650009155,36.405654907,426.950012207
88.425682068,36.703598022,493.044250488
89.383247375,37.083221436,438.546997070
87.973640442,36.534957886,464.985717773
92.229949951,35.443378448,71.853179932
88.344757080,35.288509369,432.397064209
87.866783142,35.768318176,439.785705566
86.621238708,35.863018036,250.942077637
89.187698364,36.509201050,497.519531250
88.804443359,37.158718109,455.996215820
90.323432922,36.787891388,339.295623779
89.887428284,34.023826599,191.202758789
89.011734009,35.771591187,491.823242188
89.391304016,36.264110565,485.402038574
88.828964233,37.573394775,395.139038086
89.367828369,36.241771698,487.537109375
89.897933960,35.111049652,341.434783936
89.583259583,35.778705597,447.290618896
87.887763977,35.351696014,402.716156006
88.478614807,37.544952393,394.948394775
89.816291809,35.823040009,420.532409668
88.991416931,36.299015045,512.157836914
87.380874634,37.028453827,352.850769043
89.973213196,35.133441925,334.834564209
88.378585815,34.001010895,223.713439941
88.667259216,35.004802704,400.838439941
88.723541260,36.797523499,494.296264648
88.985519409,34.705001831,348.190185547
88.078720093,37.401470184,393.024261475
89.339080811,36.503089905,486.101867676
89.210868835,35.205909729,418.562042236
88.111694336,35.840671539,470.879150391
88.994964600,35.695392609,486.154571533
88.476661682,36.422348022,508.550567627
88.585472107,39.033412933,155.014678955
88.032119751,37.472927094,378.961883545
89.282569885,36.408515930,493.517333984
88.158775330,38.064582825,294.035095215
88.608711243,35.197074890,429.434875488
89.432601929,36.189468384,480.838867188
89.036087036,34.530555725,316.627807617
89.229461670,36.719665527,483.540344238
89.276390076,36.824230194,472.276641846
89.336723328,36.306106567,490.317810059
87.692131042,37.333969116,362.802734375
88.602157593,37.285892487,437.333862305
87.560127258,35.757385254,398.013946533
87.925567627,36.977684021,429.102325439
89.390304565,35.094154358,390.347900391
87.952445984,37.138694763,414.975952148
87.805580139,36.350753784,449.246978760
88.423049927,35.218914032,426.657653809
86.050407410,35.216892242,142.466567993
90.402297974,36.200393677,339.287719727
87.993827820,37.435298920,380.982116699
89.655418396,36.965675354,423.037078857
86.921203613,38.072929382,184.561340332
88.605720520,37.338405609,429.932128906
89.925178528,35.678714752,395.484497070
87.769104004,35.631381989,417.146850586
89.427803040,35.392253876,426.644226074
87.330833435,37.955638885,241.267593384
90.388206482,37.046051025,312.212524414
89.694580078,34.166877747,224.376327515
89.360977173,35.181976318,405.054962158
88.380615234,37.915386200,329.752197266
88.158935547,35.887348175,477.991302490
89.569946289,37.452861786,375.160858154
89.907760620,34.808246613,300.238006592
87.610092163,37.251132965,362.467071533
88.935516357,36.633766174,503.447052002
87.839981079,36.671012878,442.643127441
89.965576172,36.117610931,410.393554688
89.135910034,36.041584015,501.096710205
88.994018555,35.681591034,484.961242676
88.849525452,35.683811188,488.781097412
87.565803528,36.927272797,388.099945068
89.386756897,37.389369965,399.566284180
89.096755981,34.942947388,384.396270752
88.433700562,35.789436340,490.341857910
88.603240967,36.884006500,484.940460205
89.187744141,35.420059204,447.933837891
87.632583618,34.751834869,295.260528564
90.326576233,37.754772186,251.346282959
89.949569702,37.666297913,306.613922119
88.115547180,36.264465332,485.063934326
87.109619141,35.752109528,326.969940186
88.887695312,35.740295410,493.001220703
89.851280212,34.428417206,251.272094727
89.313079834,36.828990936,469.036987305
89.318557739,35.673419952,465.087280273
89.792419434,35.382434845,386.237762451
88.655204773,37.266613007,440.973358154
87.756385803,37.088787079,398.345031738
87.143554688,36.969280243,321.060760498
88.675010681,36.633338928,505.399139404
88.833236694,35.734577179,493.401397705
88.514122009,36.015148163,506.840362549
90.240585327,38.620574951,156.444290161
89.849731445,36.483226776,426.507812500
89.046989441,35.683776855,483.048675537
89.232521057,37.041122437,454.533966064
87.870330811,35.861831665,446.167785645
89.217681885,36.416473389,498.245971680
89.951469421,37.565780640,319.541961670
88.965400696,37.047611237,466.601165771
88.246421814,35.506511688,452.845672607
87.951507568,35.059242249,370.881134033
87.658988953,34.257289886,225.728607178
89.019775391,36.228481293,510.966827393
88.942481995,37.065612793,465.163024902
88.491462708,36.409248352,509.493743896
89.578643799,38.856216431,164.207565308
89.425140381,36.988044739,444.929229736
90.657684326,36.104164124,293.675903320
90.775894165,37.031295776,251.830032349
88.942405701,35.770538330,494.086608887
90.040237427,37.494407654,317.706878662
90.570899963,36.526821136,307.378967285
87.981513977,36.101226807,469.081451416
88.561317444,35.899921417,502.725006104
89.866157532,36.376449585,426.315795898
89.932075500,35.800479889,402.642089844
89.159065247,36.914005280,472.141387939
89.422668457,37.502552032,380.601165771
88.717742920,36.889030457,486.152404785
89.706039429,36.181087494,448.748168945
87.901191711,36.549011230,456.048187256
88.137939453,36.768066406,468.272583008
89.875267029,37.684780121,312.227294922
90.798156738,36.566284180,267.519195557
89.809349060,37.595653534,331.460540771
89.123878479,37.830509186,345.483367920
89.775756836,37.308616638,372.272918701
88.028594971,36.697135925,462.603759766
89.901664734,36.398349762,420.744445801
88.639060974,35.166725159,425.506042480
88.407875061,37.186077118,443.987152100
89.526893616,34.795391083,334.419433594
90.351882935,34.729854584,239.272994995
89.689643860,35.883930206,440.866699219
88.883323669,36.345249176,514.865905762
88.823905945,35.617481232,482.804687500
87.735565186,38.107387543,258.066223145
88.517097473,36.080642700,509.269378662
87.929145813,35.119422913,377.210784912
88.543365479,37.212188721,445.867431641
89.634834290,35.472782135,414.615417480
89.057922363,34.503665924,311.341674805
89.108634949,36.217761993,506.582336426
89.565933228,37.742248535,333.145202637
88.229797363,35.679298401,468.659240723
87.877189636,36.076950073,456.207458496
88.846389771,36.344902039,515.506347656
89.340362549,34.773628235,344.252502441
90.146644592,36.146472931,382.005523682
89.538368225,37.216632843,408.890625000
89.658943176,37.486480713,361.954345703
86.611267090,37.228992462,221.343170166
89.632003784,35.259178162,390.426147461
87.793350220,35.525485992,410.540863037
87.287696838,36.206108093,371.095367432
88.537475586,37.586814880,390.066345215
89.323844910,36.400024414,490.263671875
84.089660645,36.266204834,20.873451233
89.626899719,37.289451599,391.030761719
87.158920288,36.682746887,340.273468018
89.546348572,35.271492004,400.741607666
88.614013672,33.651676178,174.150756836
89.472000122,34.995052338,369.305053711
87.547111511,37.143318176,365.744293213
87.552307129,38.081764221,246.002120972
88.844436646,38.871307373,178.569473267
87.183258057,35.750835419,338.947357178
88.912643433,36.901935577,483.303131104
89.273429871,36.650123596,484.672637939
87.623199463,36.508563995,420.448303223
88.200691223,36.039314270,488.645812988
87.384445190,35.692119598,367.286987305
88.378890991,35.531089783,463.815338135
90.123611450,37.769550323,273.467834473
89.363876343,36.744190216,471.201232910
86.767120361,36.915920258,264.257843018
87.809936523,35.936252594,442.504486084
88.813339233,35.552021027,476.121002197
88.180328369,37.269390106,419.059417725
87.299057007,37.074420929,336.733917236
87.493637085,36.413169861,403.305023193
91.201751709,35.444004059,183.219589233
88.989944458,36.383926392,511.228363037
89.999420166,37.634609222,305.096832275
88.441589355,37.244770050,437.800964355
87.034202576,36.107490540,326.872924805
88.913681030,34.962387085,393.000854492
89.459411621,38.273624420,255.903488159
89.749137878,35.931365967,435.463409424
88.092895508,36.546169281,476.990661621
89.753044128,35.965946198,436.476013184
90.803276062,38.225898743,150.320587158
90.109916687,35.914165497,381.121307373
90.814018250,37.285266876,229.473907471
88.492446899,35.991035461,504.964508057
89.556915283,37.682308197,343.000396729
88.866561890,37.725002289,369.688537598
88.608413696,36.261070251,514.894287109
86.803451538,36.836009979,274.240844727
87.347808838,37.420711517,308.979400635
90.882667542,35.578094482,237.304763794
88.831871033,34.990844727,398.763061523
90.496917725,35.300159454,278.118591309
87.483642578,36.587051392,396.645996094
89.174392700,36.844627380,477.520782471
87.902130127,36.025665283,457.624176025
89.551864624,35.808067322,452.840667725
88.345481873,35.850536346,489.717834473
87.433273315,36.243465424,395.064819336
90.261825562,36.353591919,363.431823730
88.530387878,36.237674713,512.518615723
87.612510681,35.855102539,411.421325684
88.555000305,37.224063873,444.624450684
88.813453674,32.842697144,80.930122375
89.754173279,36.920806885,414.906768799
88.061080933,34.958534241,365.385894775
88.381996155,33.443675995,142.780044556
87.625282288,36.059394836,421.687500000
88.032592773,35.750640869,456.916870117
89.930313110,36.341934204,417.129455566
89.929779053,36.688621521,406.548095703
88.460906982,34.337100983,282.295623779
87.255973816,36.489345551,363.225128174
89.273208618,37.133525848,441.191802979
88.923011780,37.752048492,364.312347412
89.683288574,36.152889252,451.296630859
87.699310303,34.281421661,232.311203003
90.210556030,36.278369904,372.401885986
87.042442322,35.177356720,272.648132324
90.887229919,37.198921204,224.571350098
88.956596375,38.117980957,300.458648682
89.103172302,34.489753723,307.539245605
88.694221497,37.212226868,448.827972412
87.750053406,36.754257202,426.052215576
88.883972168,38.028949738,316.998962402
89.963401794,36.685821533,401.699707031
90.238029480,36.519626617,364.465423584
89.808280945,36.335216522,435.101043701
87.033302307,35.907238007,321.301452637
89.409301758,36.730407715,468.013519287
87.748611450,37.063510895,399.968902588
87.536773682,35.827777863,398.815612793
89.755371094,35.308868408,382.500640869
88.204780579,36.063823700,489.809600830
89.004302979,36.094615936,509.262237549
87.046585083,35.512866974,301.593383789
89.160484314,37.258136749,432.300018311
89.209213257,34.291355133,269.831329346
87.160202026,36.970859528,323.570556641
87.398590088,37.260120392,333.348999023
88.102210999,36.612709045,474.761627197
87.478172302,36.360172272,401.684478760
87.480590820,35.624401093,376.886718750
88.723121643,36.057003021,512.897705078
89.062934875,36.285320282,509.146606445
89.553733826,36.619594574,459.530517578
86.808006287,35.388195038,255.618240356
89.909103394,36.973426819,389.850433350
89.659385681,35.257804871,387.311523438
89.608909607,36.079395294,458.980316162
89.355987549,36.097618103,486.367462158
89.101295471,36.340175629,506.813995361
89.375198364,35.573806763,451.031005859
86.723136902,35.207328796,229.624893188
88.872573853,36.439102173,513.207458496
89.133666992,36.974567413,467.547882080
90.178222656,37.903060913,250.417160034
88.771209717,35.725635529,493.091674805
88.716957092,35.888572693,504.855010986
88.690284729,36.594753265,507.702178955
87.178215027,36.597434998,346.930358887
89.867149353,35.936435699,419.232879639
88.519569397,35.565582275,473.733367920
89.256004333,37.073627472,449.332000732
88.820396423,36.690193176,502.085571289
88.232994080,37.139595032,439.350433350
90.170570374,36.811344147,362.647979736
90.262771606,35.854927063,353.521911621
88.603248596,35.133350372,419.873321533
89.566390991,35.540359497,429.052459717
90.376586914,35.022464752,268.758331299
88.798362732,35.563594818,477.471527100
88.122680664,38.209159851,268.214508057
89.244522095,35.042499542,392.620513916
89.384078979,36.573024750,479.234710693
88.271369934,36.671756744,485.625610352
87.090179443,37.737083435,240.201248169
88.528747559,35.843009949,498.095825195
89.034774780,37.263729095,437.166046143
86.187370300,36.296607971,189.219482422
88.773033142,37.378536224,425.683197021
87.794914246,37.210220337,389.573425293
88.684707642,35.726852417,492.841491699
90.147041321,36.738758087,370.505645752
89.517715454,36.623493195,463.328674316
90.455337524,36.525402069,327.353149414
88.835014343,35.550632477,475.753387451
89.693267822,35.421676636,402.462707520
89.329727173,36.495937347,487.163757324
88.464805603,36.497615814,505.707855225
89.337272644,36.046161652,486.461364746
88.736785889,36.450599670,513.911193848
89.081527710,36.139247894,506.872161865
88.773651123,36.982830048,476.789550781
89.107070923,37.272888184,432.944824219
88.819328308,36.804725647,493.515045166
88.552902222,35.894016266,502.116851807
86.575523376,36.013977051,247.458145142
88.901313782,36.587417603,506.815338135
89.034889221,36.988067627,470.753753662
88.862213135,36.704395294,500.587097168
87.293251038,36.737373352,359.521118164
90.884239197,35.437442780,229.126174927
89.142829895,34.353073120,282.680206299
88.714569092,36.928062439,482.326904297
88.391792297,36.494796753,502.099884033
88.450653076,35.653160095,479.695831299
90.054084778,36.765522003,383.555572510
88.234443665,36.272773743,495.458770752
87.872230530,36.711956024,444.156066895
87.679519653,35.112476349,349.712463379
89.373092651,36.887683868,459.022003174
87.124351501,35.080619812,274.480316162
87.656089783,37.430145264,346.555206299
90.173851013,36.536182404,374.624877930
88.280044556,36.730472565,482.358367920
90.526817322,35.410022736,282.447052002
89.786346436,33.981262207,191.866729736
88.357482910,35.779029846,485.443450928
88.532814026,37.706844330,370.174835205
89.354949951,35.735534668,467.195739746
89.091339111,37.758708954,358.738861084
88.364509583,35.843009949,490.376037598
87.915435791,38.242225647,250.619918823
89.248954773,37.283744812,423.725250244
90.220474243,35.035354614,291.140319824
86.874588013,35.710205078,286.096923828
88.305953979,36.678768158,487.608367920
88.513252258,35.207660675,428.487609863
88.017318726,35.554565430,438.242645264
88.946304321,38.256229401,276.676452637
88.850730896,37.435485840,416.636871338
87.637367249,35.514911652,389.604461670
89.752273560,34.494155884,269.398162842
89.240661621,35.063308716,396.001220703
87.993743896,35.157840729,388.550445557
87.448028564,38.662204742,160.866760254
88.365409851,35.955429077,496.909210205
88.241470337,37.387874603,406.955688477
88.726325989,35.660022736,487.201446533
88.074188232,35.827220917,466.431732178
89.191146851,36.140933990,500.411346436
90.335273743,36.736751556,339.952789307
87.915618896,36.023933411,459.168090820
89.185203552,36.776260376,482.405517578
89.253822327,35.083232880,398.192749023
88.440681458,36.573574066,501.348205566
87.760833740,36.951297760,412.152679443
88.307861328,34.628524780,327.073486328
90.313316345,37.514678955,279.908355713
88.789810181,37.178970337,453.463714600
90.448333740,35.320735931,287.212677002
88.330856323,36.725154877,486.148254395
87.189941406,35.990482330,350.530426025
88.951797485,36.993049622,473.034912109
89.629379272,36.898548126,431.976898193
88.899971008,35.582675934,478.068176270
89.047248840,37.097312927,457.959930420
88.043792725,36.400875092,476.555145264
89.127334595,35.802413940,488.607574463
88.782974243,37.127285004,460.049102783
87.584175110,35.941474915,411.469757080
88.331405640,34.624385834,327.417846680
90.007987976,34.885379791,299.379211426
88.957595825,35.685142517,486.483306885
90.759574890,36.613239288,272.839233398
87.219596863,36.058101654,357.367828369
87.430259705,38.320739746,202.837707520
89.435585022,36.568050385,474.510284424
88.873748779,36.358100891,514.882263184
89.239196777,34.170822144,248.607269287
89.203155518,34.988380432,386.609191895
88.035591125,36.947517395,443.427673340
88.323020935,35.592910767,467.003326416
88.686134338,34.290378571,277.891418457
89.237388611,37.133075714,443.653167725
86.535552979,36.240474701,243.457382202
88.007965088,37.527748108,368.942626953
89.500755310,36.172500610,473.453887939
88.104286194,35.934989929,475.557861328
88.026779175,35.353496552,416.939941406
88.233665466,35.895240784,484.629852295
89.356666565,36.660102844,477.213958740
89.530746460,37.583442688,359.959197998
88.013183594,35.787876129,457.609954834
88.751670837,35.888725281,504.974517822
87.517074585,38.472366333,189.599456787
89.101959229,35.374580383,446.961700439
89.170906067,35.976852417,496.291473389
88.009719849,36.990612030,436.657196045
89.941131592,36.955089569,386.904632568
89.687820435,34.715240479,308.457092285
89.685432434,36.285190582,452.049194336
88.017601013,36.777179718,456.009307861
88.132293701,35.773704529,468.175292969
88.470680237,36.216846466,509.982666016
87.473129272,36.242267609,401.382110596
90.028747559,35.702220917,381.890350342
89.412117004,36.896141052,454.789184570
88.294479370,35.862293243,487.128601074
90.573265076,37.055473328,282.308654785
89.052246094,36.545623779,503.630340576
88.999504089,35.113437653,414.588043213
88.705383301,36.242431641,516.361022949
89.279510498,34.819679260,355.391784668
88.347557068,36.297855377,503.468872070
88.667793274,34.945522308,391.231750488
87.381217957,36.275199890,386.716094971
90.470809937,35.964252472,322.639190674
88.793640137,37.058235168,468.304870605
88.733291626,36.087131500,513.897705078
89.054244995,36.113689423,507.623016357
88.418304443,36.638526917,496.767181396
87.487358093,36.131732941,402.462188721
88.767417908,35.535827637,474.596771240
89.846031189,36.609218597,422.506164551
90.252601624,34.935386658,275.479736328
89.333000183,36.887580872,462.407592773
90.533966064,36.721294403,307.317626953
87.506561279,35.768894196,390.830383301
90.527961731,35.446525574,285.026947021
90.317512512,38.114479065,209.749145508
90.532760620,35.636085510,296.992431641
89.186958313,35.123889923,408.103637695
88.761268616,36.369983673,515.789794922
87.167381287,36.818714142,334.649017334
87.581085205,36.589969635,411.249328613
88.246002197,35.898094177,485.743896484
88.842391968,38.817115784,186.539535522
89.378868103,38.017852783,302.012969971
89.049911499,36.673759460,496.899475098
88.085113525,34.811702728,344.298614502
88.346466064,34.757862091,350.723388672
91.531585693,35.305709839,134.958724976
88.610038757,36.243698120,514.886413574
88.851875305,37.236145020,445.386138916
90.232673645,35.867801666,359.086914062
89.782516479,36.701389313,426.663665771
91.148246765,36.487018585,211.649230957
89.350074768,35.624553680,458.060607910
90.157531738,36.295200348,381.223510742
88.460746765,36.422584534,507.832702637
89.509971619,35.623874664,442.927703857
88.095252991,37.488212585,381.872955322
90.135169983,36.614257812,378.198364258
88.725120544,37.121540070,460.698486328
90.027740479,37.892501831,267.802551270
89.368164062,36.868087769,461.158203125
88.469146729,36.485713959,506.329223633
88.065101624,37.158233643,423.554199219
88.713005066,35.665691376,487.657165527
86.897346497,36.618350983,298.848876953
85.466468811,36.759414673,96.875976562
88.248054504,37.013927460,454.756958008
87.622016907,37.514659882,331.693420410
88.939987183,35.140872955,420.359130859
88.092239380,35.880722046,471.473388672
88.285758972,37.750137329,353.208831787
88.097419739,36.502643585,479.116638184
89.130134583,36.478065491,502.173217773
86.338844299,37.251552582,182.185791016
90.404670715,36.044338226,336.281616211
87.350746155,36.823074341,363.593811035
88.539443970,36.773544312,492.677856445
87.815345764,36.974353790,416.753845215
88.727622986,37.175071716,453.943145752
88.616912842,35.771060944,495.346557617
88.839294434,34.884834290,381.286224365
88.113830566,36.173000336,484.210021973
86.274597168,35.831855774,196.145843506
89.273757935,35.664562225,467.807739258
89.602531433,35.873760223,451.031799316
87.867851257,35.015842438,356.759796143
88.717834473,37.662628174,380.572814941
88.403022766,35.783218384,488.318695068
88.757202148,35.636474609,485.020294189
89.563812256,36.816173553,446.013549805
89.028114319,38.191822052,286.270599365
88.230560303,35.472591400,447.935363770
89.018592834,35.397819519,453.418426514
88.102539062,36.655540466,472.445495605
87.934089661,34.990150452,359.314697266
86.364807129,35.243087769,182.812377930
87.931373596,36.245815277,465.358428955
88.409805298,36.810760498,484.156158447
88.996078491,37.422595978,415.640625000
88.523498535,35.027492523,401.552581787
86.571624756,34.010200500,111.131309509
89.736221313,37.216777802,387.635253906
87.696769714,35.551486969,400.828460693
88.419960022,35.207580566,424.906768799
89.523208618,37.308448792,398.862487793
87.616363525,36.683788300,411.878295898
88.973724365,34.389595032,293.478393555
87.807830811,36.115947723,448.380950928
89.110740662,37.257556915,434.847808838
87.592758179,35.789489746,404.773956299
88.820533752,36.143985748,515.018188477
87.671783447,36.247913361,431.339691162
88.717178345,35.864143372,503.330902100
87.012397766,36.295604706,324.459747314
87.896759033,35.823055267,446.990722656
89.900459290,36.191959381,421.447418213
88.884109497,35.800289154,497.748626709
88.350067139,35.713920593,479.810913086
89.696182251,38.303234100,236.960266113
88.181144714,37.881427765,325.720428467
88.121345520,35.422294617,433.560638428
88.764022827,36.453033447,513.866088867
88.516563416,36.661502838,499.749053955
89.985710144,36.508823395,405.466949463
88.020523071,35.607872009,443.687164307
89.936691284,36.605522156,409.449005127
89.048011780,37.109909058,456.421630859
90.935325623,37.204032898,217.187057495
89.504524231,37.096744537,426.028991699
88.717742920,35.706390381,491.355773926
88.769439697,35.712501526,491.977172852
88.269065857,37.063205719,450.794525146
90.959709167,34.577621460,154.584609985
88.086578369,35.186920166,400.633209229
88.096138000,36.769531250,464.335540771
88.089508057,35.617649078,451.249816895
89.024078369,37.979907990,323.027191162
87.043601990,36.656013489,322.149932861
88.875305176,35.662239075,486.385955811
88.950111389,36.664974213,501.166992188
89.642761230,35.111213684,370.070892334
87.801437378,37.135860443,398.715026855
87.868057251,35.344661713,399.754852295
88.841621399,35.578239441,478.604614258
89.667739868,35.606987000,423.736785889
88.695404053,37.455238342,413.772979736
87.582534790,35.998443604,413.454528809
89.381858826,38.950740814,158.458755493
87.847167969,36.263416290,455.092712402
88.793037415,35.761405945,495.941558838
87.998489380,34.217472076,242.528060913
87.434883118,35.319908142,342.600311279
90.434127808,35.429924011,298.432739258
88.408508301,34.618480682,329.463104248
88.176055908,36.009666443,485.443939209
89.595542908,36.349082947,462.901916504
89.827919006,34.959587097,329.741058350
88.151481628,37.128463745,434.482696533
88.492866516,35.889129639,499.671936035
89.096359253,36.318267822,507.284729004
89.066757202,36.039878845,504.754455566
85.943885803,37.266460419,132.942779541
88.205039978,37.335353851,411.906799316
89.205497742,36.220767975,500.561492920
88.886276245,36.890918732,484.901947021
89.190574646,36.677661896,488.913513184
89.057022095,35.799163818,491.966827393
87.926773071,35.407379150,413.286560059
87.824760437,36.070682526,449.443939209
89.890251160,37.280307770,361.719909668
88.680168152,35.278587341,442.099578857
89.174064636,35.284450531,431.469177246
87.646583557,37.778884888,298.155731201
88.294006348,37.801166534,345.174560547
88.848625183,35.647216797,485.399078369
87.299171448,36.131595612,372.117645264
89.505798340,36.466331482,470.879150391
89.351722717,34.895534515,363.041259766
87.059341431,35.410087585,295.677551270
86.660079956,36.836685181,251.094818115
88.346626282,36.364845276,502.731628418
88.612319946,36.285526276,514.962890625
87.967163086,36.678527832,457.165130615
89.733055115,35.052947998,352.733551025
88.929023743,35.818565369,498.023071289
87.522048950,35.258506775,347.780914307
-65.309318542,9.705875397,1.435180783
-94.689666748,79.920349121,1.948940992
-22.684825897,93.734901428,1.123235583
-79.665229797,58.141540527,1.996130705
62.851562500,-94.242111206,1.036619186
-20.510322571,-80.766426086,1.315353513
26.055704117,-16.766477585,2.282843828
80.695350647,-77.173118591,2.102233171
76.187713623,10.127753258,1.274751663
-70.801521301,-96.962341309,1.652766705
-53.191909790,-44.621574402,1.138401151
-32.870567322,90.456924438,1.404819131
-36.630874634,95.949157715,1.356510997
-31.102455139,61.409626007,1.874439240
97.863937378,99.036315918,1.032794356
29.814577103,-2.351439238,1.342080593
65.257278442,75.508224487,1.010714173
-19.317880630,-4.334436417,1.718473077
-84.566764832,-53.608932495,1.003444791
-32.024375916,-43.651565552,1.474621534
-58.488292694,-74.297401428,2.562613964
-86.617393494,5.373250008,1.183947682
50.619804382,-20.923404694,1.217237949
-74.337455750,53.772151947,1.408439875
75.972961426,54.432331085,1.042852521
49.179496765,45.988372803,1.072110295
-43.863323212,-47.692424774,2.080454588
-38.753402710,-74.285255432,3.355080128
30.380136490,-80.568572998,2.245289564
58.801933289,27.251003265,1.070205927
-41.973754883,-90.154853821,1.912232161
-69.355354309,80.991920471,1.995778918
40.067687988,-51.259407043,2.155364990
-96.729553223,49.789955139,1.404848695
-50.559555054,12.967826843,1.287824988
-81.091804504,-27.350526810,1.036985993
-17.217634201,-5.220825195,1.359998226
82.243659973,29.141889572,1.498893142
-49.896419525,55.517570496,144.888336182
-10.612026215,38.289951324,1.479575157
-87.667304993,-60.496379852,1.051039577
12.841958046,32.674346924,1.469190836
-69.705055237,94.536483765,4.418385029
-63.453952789,71.255035400,1.473623991
-38.269474030,73.572898865,1.091721654
-33.736099243,58.863250732,2.230316639
-77.018066406,-67.707977295,1.028238416
60.186656952,4.703226566,248.195404053
-71.679687500,-32.044033051,2.564211369
86.590934753,63.515163422,1.213150144
22.133510590,59.909965515,2.108134508
-11.006382942,11.593141556,127.424568176
-98.308998108,-65.406455994,1.660829186
45.685661316,81.975135803,1.017636657
-20.533887863,-78.190010071,1.984202743
91.741447449,-99.088966370,1.053745151
89.704826355,-52.120159149,1.349175334
-36.670772552,22.874334335,2.150923491
63.770645142,27.835823059,1.008232236
80.520057678,93.901252747,1.411964536
-96.446365356,13.799410820,2.606307268
-87.014823914,-28.927040100,3.637178183
53.906242371,9.675850868,4.348775864
-74.835334778,-72.013679504,1.120090127
-1.626439452,-9.109889030,1.705269456
-89.172584534,-1.982796550,1.004393935
-29.692338943,-65.197509766,1.203391314
84.236045837,34.322601318,15.512132645
5.067322254,8.351299286,2.398603678
67.275352478,-32.115577698,2.051514864
-14.628914833,-79.002021790,1.566227317
72.002342224,43.285205841,2.263651609
-69.715026855,37.658267975,1.281115532
25.745927811,41.693824768,1.821705937
-7.956416130,-98.873374939,1.532981992
54.622909546,-87.660972595,2.895579576
-7.342222691,3.184373379,1.545539498
-56.771263123,18.262905121,1.109771490
41.799430847,66.415596008,1.129977465
64.552536011,-81.949348450,2.622220278
97.280410767,74.633033752,1.493058920
84.400947571,-84.828964233,1.493076086
74.981094360,24.093631744,1.040471196
57.997516632,39.729270935,1.780879259
-68.844879150,-74.101654053,1.867412686
-30.843418121,34.838333130,1.016332388
-41.047843933,-63.973598480,1.588743687
32.087341309,66.515716553,1.152371168
-61.503013611,-28.939153671,1.792178750
-75.552696228,30.742774963,147.317291260
24.978506088,44.336009979,1.258987427
90.946525574,-47.058116913,1.011929512
-2.588727236,29.383794785,1.504890442
58.126937866,-71.869850159,1.453280807
21.787508011,-80.504920959,1.167311072
63.999954224,97.194480896,1.476956367
98.466949463,-14.029410362,1.000356436
-67.256179810,-99.600708008,1.628006339
5.252469540,-68.728179932,1.050422788
35.287399292,-27.605451584,1.740011573
-66.105194092,-98.555679321,1.818229675
33.925056458,-10.816609383,1.938292861
-8.920913696,4.033603191,1.933715224
47.754985809,26.413738251,1.270830512
-34.777988434,48.399402618,1.175727367
8.078675270,37.781387329,6.101667404
-84.569290161,-32.654933929,2.960511923
51.033382416,2.512495279,2.511681557
-23.941234589,53.031604767,1.000106812
37.959774017,-29.134290695,2.035118580
-26.019781113,-94.562850952,1.289227724
-94.158111572,70.793891907,19.644054413
-56.234016418,22.995738983,2.183517218
-30.195135117,70.941596985,1.185668349
70.577079773,43.789173126,2.141737938
-96.428291321,-53.720790863,1.923996687
-49.285228729,64.127769470,2.036532879
33.320190430,56.874931335,1.082273364
-98.347366333,50.994060516,1.405144095
80.948623657,-6.397892475,1.058560133
10.257520676,42.705150604,490.727050781
54.169647217,-61.535926819,1.489771843
-14.407587051,-27.503175735,1.010221243
41.993625641,50.513904572,3.070174456
43.872482300,71.544639587,1.203957796
79.301406860,85.790489197,2.147433996
-36.532352448,-90.017135620,1.063479066
-81.246093750,-64.340644836,2.099093676
20.629974365,2.536345720,1.659059167
98.432334900,-27.441570282,1.642094612
92.003509521,-77.089462280,1.050964355
19.365901947,-23.242136002,1.312384248
-56.504440308,4.955288887,1.004505396
-85.864715576,-31.280746460,4.025041103
-25.905532837,23.769952774,2.083030939
52.556255341,-84.199226379,2.198347569
12.154961586,-50.376495361,1.357078791
88.119720459,-98.874908447,1.117377400
47.429275513,10.262152672,1.665556788
82.705429077,-59.425476074,1.490496039
8.724415779,-31.006818771,1.974855185
-89.304100037,15.203993797,1.788045645
-78.709274292,58.695175171,2.131248236
19.191423416,-12.779538155,1.546736121
82.323143005,-55.171886444,1.154631019
-67.582778931,-12.760205269,2.549138069
-67.050262451,10.552811623,1.434879422
38.602569580,71.400863647,2.215179920
-45.145782471,32.530303955,1.661064029
-64.078536987,98.504783630,2.171244383
-13.526421547,14.217037201,16.313219070
-95.176727295,-12.365340233,1.002870083
-48.217258453,-78.004043579,2.020257473
-26.645450592,-36.893272400,1.022108793
-33.210956573,2.803766727,1.147447467
-20.291488647,-17.557390213,1.503197193
-53.080547333,-71.336112976,1.112963796
-42.697898865,-12.579172134,1.820579529
32.736541748,27.818641663,1.498473167
-48.267604828,-26.724241257,1.002260089
-45.896167755,22.657094955,1.926207423
65.873352051,89.636878967,2.277044296
63.223762512,35.470413208,1.774026752
-68.555664062,33.303524017,2.461485624
95.608871460,54.939327240,12.402456284
56.132205963,8.428421974,81.858779907
89.363334656,99.305564880,1.130165100
93.474792480,68.254203796,1.287983775
26.929744720,-53.002552032,2.076815128
-60.551357269,68.130409241,1.397462368
-36.912029266,39.434841156,1.151931524
-88.604675293,84.564514160,1.238523483
89.146400452,67.397254944,1.414134145
13.808001518,38.711734772,4.502420902
0.501333356,32.095520020,2.826354980
-17.561008453,91.614006042,1.052187562
-33.203002930,-13.742477417,1.093549252
18.405836105,-82.792152405,1.120426297
50.094573975,-65.084281921,1.219869852
36.584938049,-67.263351440,1.362075567
36.100772858,34.709590912,1.096250057
-15.443373680,-41.566753387,1.057978272
84.326507568,38.940681458,9.836478233
-0.005670793,-77.626960754,1.711876869
65.671264648,-81.389289856,2.023599625
-96.447868347,61.034461975,6.279776573
-89.017097473,55.219337463,1.043573380
17.451860428,-79.217948914,1.422287822
-51.937511444,65.204605103,1.653740287
-27.820302963,4.911400318,1.079296112
85.198127747,-60.206501007,1.552758455
39.949855804,24.132417679,1.085243940
-49.785781860,90.828643799,1.898231864
19.766609192,77.956611633,1.119762659
-43.089817047,33.748844147,1.383102536
-91.214630127,27.931102753,1.649464250
31.484447479,20.878011703,2.558036804
4.748148441,-52.710182190,3.035147667
29.882499695,31.606431961,1.326005578
47.406631470,56.421405792,1.134968519
-84.041984558,-12.314941406,2.084772110
-47.960620880,92.489044189,2.137217760
54.538997650,35.450942993,1.647760510
41.547317505,-21.722379684,1.079697728
-9.443870544,-35.663234711,1.500745535
-9.027516365,42.668342590,1.628084302
60.607509613,-34.327106476,2.258908033
44.627143860,48.082279205,2.865260601
11.560784340,43.195491791,308.341094971
-8.259986877,-65.889938354,1.865909576
-99.924972534,-29.398551941,1.013762951
74.212120056,87.340057373,1.490323424
-16.521389008,-31.584558487,1.296945572
-41.415706635,-90.486442566,1.916827798
18.177511215,-11.104603767,1.652489066
96.676589966,15.156162262,1.473801970
-77.515785217,-42.963726044,1.377793670
-5.365815163,-54.670009613,1.066398501
53.688175201,-27.629297256,1.049824715
-35.474666595,26.765169144,1.055780768
55.495506287,-90.917984009,1.173707008
-66.267669678,96.409454346,3.197628260
-8.886619568,40.841876984,2.355295420
-68.477836609,-36.923721313,1.723182678
67.451461792,-0.606988072,1.564108729
-53.612720490,-29.228540421,1.017566919
-29.646751404,96.987472534,1.514294028
98.265640259,-56.475486755,1.000438452
-12.865375519,-45.971191406,1.003373027
-59.065185547,-48.069042206,1.097931862
-79.113349915,-6.394726276,2.343615055
24.523136139,-71.465507507,2.214850187
38.739353180,-71.885871887,1.294986844
4.602568626,48.023582458,1.185976148
-4.757759571,9.254363060,3.599995136
26.929866791,15.982795715,1.353763103
-51.830661774,-8.472276688,1.559393525
7.278968334,64.921890259,1.341466784
95.285125732,76.791641235,1.530905366
-41.680900574,44.544021606,1.323209167
-81.430595398,30.738752365,4.725208759
77.701995850,-73.972412109,1.259234905
47.880641937,-60.475788116,1.169871569
-65.738098145,39.014404297,1.274703383
6.788923264,-56.176410675,1.561899066
85.759460449,-10.585815430,1.491934061
-86.127059937,-79.191650391,83.120498657
-90.812026978,-74.276878357,1.786280632
-72.799125671,-96.546264648,1.441716313
-7.154043198,-66.054420471,1.871052623
99.821815491,-70.001213074,1.562556148
1.277805209,31.848634720,2.889375687
41.712368011,-28.962924957,1.285826206
11.157583237,12.070975304,1.587110877
80.305198669,-77.274002075,2.076426506
5.818123817,-36.966182709,1.931271076
-23.435060501,-62.293525696,1.172017932
9.583588600,67.675964355,2.051951170
-80.840393066,-73.221649170,1.249746203
69.593162537,-2.023776770,2.296476841
-1.306692600,92.947479248,1.294014931
-37.547725677,-52.493461609,1.315209866
27.692968369,59.074344635,1.009688735
-46.599727631,43.288871765,2.495802402
96.905944824,-73.997375488,1.030904889
-80.787643433,-43.384445190,1.746858835
95.212348938,-92.727424622,1.095538855
31.080472946,38.171569824,1.064354420
-86.709037781,46.028083801,1.309356809
-36.408756256,92.460060120,1.413142204
73.534088135,89.082855225,1.580969334
74.714050293,-5.507394314,1.217000127
-33.209465027,12.203918457,1.241627216
74.295524597,47.947341919,1.086057067
-84.551795959,-29.641366959,3.008041143
-59.696102142,-40.826229095,1.118523240
54.072727203,23.773759842,1.076029301
-27.540243149,23.655202866,2.163949013
73.713363647,-46.372497559,1.001105666
-6.037214756,16.219961166,58.451290131
-62.757606506,-31.278665543,2.030531883
58.138179779,87.247367859,1.129498601
26.654634476,-56.225036621,1.979334354
77.363731384,16.982515335,1.979026437
37.135135651,-58.449802399,1.720174670
-95.727386475,-27.097921371,1.637838364
-65.058799744,-8.481780052,1.264243484
22.085660934,-39.721248627,1.038694143
-57.586143494,-75.499008179,2.316559076
34.719017029,-16.773353577,1.529546022
30.516843796,99.715042114,0.999981582
-29.937437057,15.528051376,1.387683511
35.199016571,-21.103326797,1.112538338
1.236529946,32.203945160,2.890782356
-64.948394775,-22.633766174,1.392762065
65.906539917,-70.154747009,2.433946609
-51.060050964,-50.737369537,1.660669446
1.761547565,72.958366394,1.007419467
-8.403225899,-20.756916046,1.388235569
74.623260498,61.335800171,1.119562626
-6.435228348,83.621582031,1.075126648
20.182754517,-19.110151291,1.602384806
50.553256989,71.523475647,4.298672676
90.862770081,1.615564466,2.034762621
-54.011756897,-76.122375488,2.146644592
20.922279358,96.577865601,1.330207944
17.398967743,13.965790749,2.957700729
76.074722290,5.068553448,2.830142498
-85.149528503,13.197902679,2.370423794
-48.346008301,73.090240479,1.190134168
-48.355556488,-18.732416153,1.459140539
88.735923767,76.477653503,1.071118474
41.924423218,32.619350433,1.473449707
59.898151398,72.957000732,28.381326675
24.214439392,90.222694397,1.592793584
-13.577973366,88.606536865,1.680654168
-47.698623657,-53.210208893,1.062081814
2.798278570,-81.956253052,1.404977083
-18.834688187,98.413764954,1.893439293
-16.947860718,-14.234299660,3.094315767
69.409690857,46.710556030,1.134927273
-71.984367371,-48.612838745,2.162208319
88.697319031,-7.001640320,1.434294939
28.713788986,-48.833751678,1.883453965
91.970008850,29.918750763,1.336399674
-89.015785217,-65.507942200,1.016861558
6.905843258,81.473480225,1.501952291
12.734545708,45.601902008,45.114879608
-26.750648499,8.904635429,1.867153764
41.208404541,27.300466537,1.652050853
12.474208832,-55.131084442,1.326354623
-4.747819424,65.564384460,1.738193989
-14.087037086,-9.382061958,2.014521122
-1.295562744,-77.254714966,1.884913325
-14.216435432,94.036140442,1.887238741
-11.537102699,18.754152298,4.355106831
40.076641083,-88.049491882,1.063635588
35.828849792,-60.486652374,1.989922881
-78.530563354,-39.632713318,1.765924335
50.281059265,-62.166667938,1.345712900
-95.901611328,14.156894684,2.402434111
-23.215013504,2.910512686,1.077629685
14.110800743,20.025737762,2.330328226
-76.464874268,-55.834320068,1.215413928
95.303016663,6.460951805,2.819165468
-24.033365250,-42.874050140,1.257429957
-8.245454788,-79.790588379,1.044579983
-31.714548111,-4.704505920,1.313631773
-66.759178162,-53.142162323,1.473383665
67.520889282,-32.370594025,2.087841749
55.417240143,-6.369288921,1.277490497
-37.294555664,80.185066223,1.030941725
51.655303955,-91.875190735,2.769469500
36.872417450,-76.263977051,1.060906172
71.360130310,78.330177307,2.076737642
7.920056343,99.165031433,1.002350211
6.140717506,23.043222427,2.080054283
34.290802002,86.189811707,1.461280107
-42.675727844,-64.602676392,2.034311295
71.790496826,30.058906555,2.073508501
74.921134949,18.188041687,1.400723100
43.073722839,78.214797974,1.124947190
-85.245605469,-63.283428192,1.112960100
-83.258941650,-6.204364777,1.534818411
67.276268005,55.557746887,1.274584174
-85.431770325,47.986125946,1.349451661
-37.676776886,42.304836273,1.442482591
81.728698730,64.309608459,1.011282563
41.182506561,-38.453269958,1.131223559
37.823688507,-17.610603333,1.150027156
71.395416260,78.035430908,2.043196917
44.664569855,88.748542786,1.077421188
22.265285492,46.932144165,1.325157166
30.663909912,0.981509626,1.873211265
67.346832275,-24.720920563,1.276290417
54.614185333,11.092146873,2.868292809
-57.067188263,89.996055603,2.105999708
49.445957184,66.657028198,1.759193540
29.853698730,-10.449624062,1.123030543
-8.138484001,32.221607208,1.305173159
22.171113968,-92.419464111,1.049855351
54.368614197,34.023632050,1.641279936
-26.049219131,72.913688660,1.108324170
-74.681701660,49.152637482,1.464741588
-57.246551514,25.110157013,1.369043946
29.682743073,72.163879395,1.065116525
71.188072205,33.351295471,1.184144139
42.716033936,27.786851883,1.590783119
-25.552013397,-97.030517578,1.280202389
29.696615219,2.258959532,1.602766871
-27.047389984,-65.953369141,1.265305042
-43.989555359,-65.683975220,1.605081797
-26.672288895,36.381439209,1.084868789
-76.865348816,-35.963523865,1.094988227
-43.350978851,-80.042556763,1.008473277
5.615102291,7.988761902,2.386075020
-72.424568176,51.195701599,1.683198571
2.735525608,-58.928375244,1.814805031
90.778465271,56.061500549,2.214436769
-29.400981903,43.329803467,3.337877274
34.643714905,-45.412391663,2.165613890
-61.308902740,-34.265724182,1.847832441
42.455532074,-76.611816406,1.576493144
-37.684280396,87.045173645,1.388820648
99.487640381,-29.866765976,1.212626576
24.918607712,-6.577568054,1.668579817
-49.926692963,64.614868164,2.247917175
-22.865282059,-78.277976990,1.461181879
34.906852722,-65.662467957,1.348645687
41.974433899,-53.284721375,1.434894681
-94.593971252,30.075971603,2.019502163
72.178283691,-16.148828506,0.999998033
78.237060547,-25.977937698,1.000400543
-29.492574692,99.228919983,1.803645372
-99.532142639,37.322895050,1.009795785
49.519451141,91.975219727,1.116659522
40.839221954,-61.896423340,1.303215265
28.626110077,-57.771369934,2.355533123
-86.128067017,86.562950134,1.118573070
0.325746745,-85.761978149,1.316889524
-0.208507776,81.116622925,1.017534018
77.398811340,89.964202881,2.093003750
84.428520203,-98.672073364,1.434120893
-54.097061157,-79.051063538,1.676923037
82.552070618,-36.460453033,2.528017759
-88.608383179,77.953956604,1.582682848
-35.933032990,5.234216213,1.051918030
93.926002502,98.309432983,1.876708984
-63.946174622,-30.753086090,1.842438698
-26.986536026,-43.542045593,1.217123389
15.891501427,19.392959595,2.381356001
-2.758406401,0.891490102,1.003067017
-41.005046844,-58.996326447,1.006529808
-7.391926765,-34.509395599,1.910521746
-59.102401733,-94.890724182,1.051618934
13.031599045,-24.754636765,2.364540815
-26.104736328,44.471687317,2.396366596
78.908485413,-19.451539993,1.002541661
-69.791755676,33.303012848,2.633962154
-57.901317596,68.166114807,1.564183950
47.211334229,-85.066368103,2.282299042
-67.223785400,96.568359375,2.997212410
87.564102173,5.258986473,1.942646027
-1.187502146,-24.425392151,1.055310607
-47.093872070,-6.743418217,1.440664291
44.783069611,95.171447754,1.066996336
8.795762062,-20.567174911,3.885527849
38.708282471,-64.136070251,2.024115562
-23.677509308,41.420448303,1.432852745
65.483078003,64.214302063,1.368535161
37.232063293,52.437671661,1.018427253
-32.502021790,16.412416458,3.260320187
-89.717613220,71.520698547,1.414405227
19.613065720,-30.750867844,2.739657640
-59.783710480,93.301307678,2.649960756
-2.279513836,10.591861725,1.583766818
-39.781250000,-38.840717316,1.003872037
-3.520711660,66.678215027,1.556889057
96.886825562,25.788385391,1.349535584
87.371963501,-50.093486786,1.259049177
-40.872100830,84.029754639,1.826346755
-3.687485218,-48.334838867,1.673097849
-27.188854218,42.820404053,2.970468521
-13.196377754,-2.547599077,1.277398109
-51.943771362,-94.291160583,2.183451414
2.251876354,77.627403259,1.025011063
81.450759888,56.492340088,2.525621176
-11.679389000,94.670539856,1.554600835
91.270706177,-62.219501495,1.035915971
-64.102684021,-11.017306328,2.085205793
93.022567749,98.088211060,1.911345482
-88.219100952,91.168510437,1.012713552
9.775588036,29.782985687,1.256935358
-18.196546555,-51.620933533,1.597546935
-90.189239502,-83.211784363,25.778106689
-46.729328156,54.974472046,495.739288330
15.739645958,37.304176331,3.054632187
-38.232810974,44.591236115,1.368299842
-98.300811768,86.925247192,1.027652979
-43.714534760,-7.299640656,1.469256520
66.953842163,-65.000617981,1.419862747
69.735839844,-24.433368683,1.276056767
46.084926605,43.110229492,1.274844408
-41.369388580,10.699525833,0.999918461
-26.577028275,64.632583618,1.593151808
83.848922729,-21.647584915,1.002632976
-96.681892395,-26.019626617,1.638439536
76.842803955,72.278579712,1.407227516
61.504207611,-77.554969788,1.233435035
41.537536621,-10.202518463,1.738091946
-64.496315002,24.213045120,1.003341079
87.364685059,43.816638947,1.056156516
1.081110477,-11.906231880,3.614564896
57.977737427,-9.264603615,1.750346303
84.082168579,76.997612000,1.010902405
-92.865043640,91.696281433,1.026113749
62.008125305,87.701499939,1.750341773
-96.011146545,-83.624725342,1.110588312
50.413127899,56.109737396,1.132296324
-70.079162598,-10.065262794,1.135321021
-41.801788330,66.541297913,1.107638836
-60.254566193,-34.819198608,1.749213457
5.048584461,-73.737510681,1.091900468
93.067489624,-1.058823943,1.299247026
-58.023643494,97.970214844,1.127238274
46.741333008,-83.939002991,2.212783098
-20.428806305,-70.877853394,1.001377225
-48.812347412,59.469726562,13.231035233
39.646453857,91.017433167,1.010845780
-17.644479752,97.502777100,1.792748570
6.759345055,-0.188264862,1.000293136
-92.765571594,-47.876205444,1.025750995
57.846374512,-96.674720764,1.306445599
-53.845859528,52.166763306,1.641091585
86.223129272,-84.106430054,1.507677674
56.587608337,-56.894847870,1.040651202
-86.073562622,67.619400024,1.364911675
44.786258698,-96.741317749,2.418050528
16.302509308,81.632514954,28.552421570
84.631286621,33.916858673,18.948919296
-30.471940994,-70.192672729,1.044855118
-91.841072083,74.941970825,1.652254581
20.210159302,6.959839344,271.859558105
99.483177185,4.649574280,1.033489108
93.046867371,49.461597443,1.407491803
-35.509468079,86.391441345,2.112600803
28.285787582,40.709701538,2.096515894
-38.048568726,-6.481239319,1.533847928
69.456062317,-1.576879382,2.374969721
31.721548080,7.778541088,1.499369621
-41.219715118,-33.275119781,1.007790446
-17.083021164,-15.260551453,2.858531713
8.825953484,-13.369662285,4.657980442
-79.903221130,69.266769409,2.018033981
27.665216446,88.974983215,1.210299730
69.015045166,-66.450775146,1.828819752
-79.210929871,22.228254318,2.180041075
-90.080253601,81.884544373,1.163961172
30.003824234,81.217552185,1.267124057
-60.857109070,-20.609519958,1.702211976
-84.286209106,11.653957367,2.447026730
-93.599494934,20.510807037,42.036762238
-80.607788086,26.903686523,29.018083572
-31.417858124,44.388866425,2.257483244
-70.555595398,96.738700867,1.458768487
16.179254532,72.423286438,1.111245275
-29.249418259,42.062969208,3.278173447
60.875122070,57.089088440,1.066205025
-55.530254364,21.938896179,2.394579411
-26.754594803,-69.354782104,1.117982745
-94.215278625,80.120529175,1.957436562
48.007682800,96.565170288,1.456344962
28.248388290,-93.017822266,1.009077191
-25.473215103,-8.285137177,1.167453051
83.007179260,-39.545791626,1.981209874
-88.242614746,63.934291840,1.094339728
71.770698547,81.552528381,1.158074021
-11.279926300,2.519407034,1.982384205
98.665275574,15.653102875,1.829797506
99.530647278,-44.884887695,1.341614008
-65.439781189,41.477378845,1.260828257
69.991508484,72.324470520,1.035321236
20.537233353,-9.971785545,1.339008212
37.715106964,17.499515533,1.462713599
-44.165275574,30.680131912,1.474597931
-15.136987686,-61.127975464,1.947751760
58.709892273,-85.739204407,1.666894436
58.304615021,-29.122928619,1.208535790
-77.231895447,-29.622318268,1.616777897
-0.845782876,28.744525909,1.608209372
28.455242157,-51.119701385,1.896927238
-57.390331268,39.784423828,1.739745498
58.039901733,9.738324165,40.970161438
70.291137695,-89.552711487,1.378564477
-9.394322395,81.665824890,21.649219513
-60.191158295,-15.904140472,1.040173888
-19.925886154,0.312850386,2.378106833
-80.775878906,-62.823432922,2.683930397
-61.506965637,28.475830078,1.745528460
24.885377884,1.838836432,1.357296705
-41.621341705,-47.147796631,1.565561652
9.852398872,64.835227966,1.982634783
-75.527076721,24.013975143,39.369243622
16.102334976,57.040607452,1.027274966
-9.580801964,-98.241127014,1.757054925
-67.527328491,45.928550720,1.169970274
-75.850196838,-39.896514893,2.131123304
-15.417256355,87.977745056,1.489722013
-26.324060440,68.285179138,1.536413193
65.899887085,23.337646484,1.010352731
52.558834076,84.361495972,1.009200573
84.720809937,16.584217072,1.067196608
27.590423584,41.180603027,2.332829475
-33.724632263,-3.528565168,1.409531593
98.202255249,-69.979598999,1.577648640
51.170124054,-92.087661743,3.121856928
-54.560291290,-77.011100769,2.306503057
90.372970581,1.443964720,2.013185501
-26.883493423,-32.306102753,2.034823656
2.158859491,-27.853839874,1.311613441
32.770015717,20.095708847,2.256783009
-99.662887573,83.141357422,1.027975321
-30.253927231,87.494102478,1.664721012
-60.083450317,86.070678711,1.700090289
-16.110322952,20.368112564,1.024365783
-34.395439148,-64.242218018,1.537646532
-49.540454865,8.866572380,1.022753239
-73.051284790,27.551996231,87.223686218
-28.105974197,20.039672852,1.300953031
-51.131336212,-49.321105957,1.645015001
92.576133728,-72.101051331,1.373248219
2.604868650,21.312059402,1.438279152
22.046947479,-49.791156769,1.371507168
7.029001713,24.009292603,1.904570580
-43.187526703,49.892509460,2.036228895
59.538337708,-36.509185791,1.783175349
-14.344128609,33.749069214,19.770137787
61.519916534,-36.267681122,2.028837681
13.354413033,-41.477008820,1.000201464
44.235580444,-38.567497253,1.125637889
64.074440002,-77.834205627,1.288213372
-73.017364502,19.168775558,1.872086644
-38.263557434,-75.396850586,2.729596376
30.702745438,17.235069275,1.609383345
-42.588073730,88.354255676,2.051871538
39.214817047,71.110351562,2.465939045
1.646758318,-13.925434113,36.046039581
-33.220664978,-52.273021698,1.368374228
-11.483571053,-8.612178802,1.638044477
-57.297473907,-83.846618652,1.007253408
-13.139512062,-9.596968651,2.253240347
-30.758670807,83.303993225,1.173791409
27.711618423,-22.583553314,1.302127004
93.956352234,-22.896797180,397.492218018
12.649672508,-8.739501953,1.015285254
-78.001075745,-6.226700783,2.270233870
64.770935059,-57.771091461,1.067298055
-27.185346603,-50.952114105,1.085873842
-78.341865540,-21.154310226,1.000205874
75.657936096,-32.945758820,1.526372910
90.869552612,65.758522034,1.720840573
56.436729431,10.387828827,11.877479553
46.131366730,62.038684845,1.130741715
-54.413982391,40.509044647,1.578272343
14.924488068,1.857336521,1.075174928
9.035727501,-73.785354614,1.124536633
-78.636940002,38.733123779,1.001046181
-76.164306641,33.630599976,5.129651546
26.996555328,-70.617889404,2.057477713
-33.303539276,16.340656281,3.547143698
-75.789070129,24.878566742,105.603538513
17.024965286,31.090053558,1.027513981
80.139556885,-36.581710815,3.715678930
93.228012085,9.301922798,1.131880164
9.288044930,-62.099796295,1.170656323
-26.565946579,-32.455436707,2.017720699
41.244113922,43.429985046,1.781677008
-11.518332481,10.119323730,25.223228455
-27.468109131,-85.201690674,1.872809529
-42.968620300,-28.857147217,1.007418752
-84.832481384,-31.037418365,3.944292545
99.281532288,80.566139221,1.078835487
45.022010803,-52.892971039,1.307642102
-0.601730943,-89.590881348,1.032054186
71.358215332,54.065525055,1.179765701
25.910478592,-85.909080505,1.328410745
88.803253174,16.577941895,1.034663200
-82.075599670,49.878974915,1.067923427
94.053527832,-26.796951294,61.259490967
-80.705421448,-84.442420959,6.821954727
75.312179565,-72.935920715,1.221569300
-8.847647667,39.729694366,2.223206997
-74.119110107,-32.517848969,2.648107290
-25.367429733,98.715209961,1.035491586
-82.413070679,-89.984687805,1.025562167
-34.480060577,22.775867462,1.784257174
-28.602020264,26.499448776,1.172486663
96.135704041,30.058301926,1.132647038
79.570907593,-58.145553589,1.218798637
-77.843833923,-3.917518616,1.563523054
-64.105972290,46.965400696,1.356710076
10.843804359,22.568359375,1.064119935
-19.773252487,-1.955494881,2.537062168
-53.210681915,93.822708130,1.022402763
-87.024299622,-29.096351624,3.709490061
69.321342468,-96.998908997,1.257866740
-10.775935173,-14.567497253,1.006419182
-6.517156124,-35.710216522,1.761631727
-34.055179596,57.974826813,2.127018690
57.913055420,-6.801027775,1.515224934
83.526428223,-47.565093994,1.072378159
-22.784334183,-59.526157379,1.235911369
-63.733226776,-53.738456726,1.124053359
-61.129379272,3.258195162,1.048085213
90.547668457,-71.428436279,1.363534927
22.254880905,35.386581421,1.642130971
-50.935794830,45.882221222,1.052153587
47.081592560,71.093994141,1.215849161
31.775930405,-21.108434677,1.553526282
35.504993439,-3.211977243,1.027581334
-45.158744812,53.421958923,211.987518311
63.729129791,39.015201569,1.923244715
-1.642465472,90.615066528,1.385960579
98.966094971,25.005178452,1.335935235
-86.265014648,16.154439926,1.686742187
83.136169434,59.014015198,1.834650278
83.035873413,86.721267700,3.470153570
-51.021846771,33.245197296,2.431212425
54.045158386,-86.830001831,3.011912107
77.349998474,-53.325950623,1.922325253
-65.789489746,48.585124969,1.403998017
-16.825639725,-13.357998848,2.539000273
-0.509193122,-49.460235596,1.093340635
24.091476440,-5.443359852,1.804832220
84.861976624,82.670242310,1.040128946
-63.519104004,67.018371582,1.295289516
78.431770325,-87.116050720,2.048492193
-17.102901459,-54.551235199,1.656309366
-88.302268982,8.001934052,1.341322303
-21.026737213,25.810174942,1.751569629
-43.637290955,-48.779903412,2.067565918
12.564124107,-32.859390259,1.051862597
-67.597549438,4.182957649,1.005300522
68.942573547,65.865020752,1.160566449
-94.053634644,-3.303189278,1.028465509
-33.066612244,16.127243042,3.591782570
-8.247849464,-62.657138824,1.158099890
-56.493568420,-97.578239441,1.052096844
-5.365550518,98.846443176,1.007632256
-0.674589038,98.927772522,1.007789016
-6.971943855,63.890628815,1.326964498
17.575902939,46.744647980,1.037518740
39.884651184,-45.124153137,1.460186601
-6.637768745,-9.398883820,1.085934877
-76.708717346,-40.128555298,2.460353136
-27.496503830,-90.541908264,1.226918578
-7.123410702,24.590436935,1.012030005
31.387310028,-81.160133362,2.351849318
-94.074028015,28.626306534,5.915452480
-48.138393402,13.679556847,1.765665650
2.718135357,7.234802723,2.105505943
77.657493591,60.635902405,1.137721658
32.545101166,-84.874671936,1.227203369
-64.362716675,-12.768111229,2.166193962
-1.778359056,-29.699464798,1.017109752
-50.192745209,70.978813171,1.175022125
-1.166510701,-16.372941971,5.606414318
-45.173091888,43.538894653,2.470715523
17.875019073,-67.007820129,1.017875314
-42.976451874,89.534782410,2.123540878
50.074878693,3.104076624,2.723455429
63.154048920,-62.755748749,1.029261827
82.400688171,12.742121696,1.552874088
84.525466919,-96.456092834,1.850049853
-77.565040588,-73.569725037,1.286064506
54.036445618,-18.628973007,1.560744286
-13.303456306,17.070655823,4.645665646
75.706436157,13.565651894,1.294866323
-86.666671753,22.989393234,1.316327810
54.099536896,79.841995239,2.691311836
-88.388618469,41.871662140,1.011543989
-70.126762390,-55.154087067,1.895017028
18.951910019,-60.586837769,1.147838354
-58.945533752,-43.904205322,1.219868660
-86.686759949,-86.515830994,44.169937134
-64.002922058,0.830053449,1.188699484
68.872711182,89.474296570,2.158267975
25.562971115,-31.139711380,1.000597715
-47.619518280,-36.667453766,2.105205297
-5.930281639,10.938700676,46.794178009
7.311703205,-81.214492798,1.934759498
-26.459449768,-13.091417313,1.060735822
-1.280473471,-64.106155396,1.246395588
61.020248413,51.188949585,1.091223121
40.057617188,-10.375154495,1.867538571
-19.409637451,73.487274170,1.646158934
-70.034355164,63.985496521,1.013389349
-4.973622322,61.261837006,4.013806343
-85.748191833,-12.961291313,1.671942472
33.990741730,90.424316406,1.853116632
-46.661373138,-35.830551147,1.962600112
51.553882599,-44.429058075,1.011416554
52.531879425,63.793453217,1.021260381
0.640442133,23.991584778,1.814582825
43.157714844,-7.235517502,1.141561985
49.298892975,-92.882331848,2.571651459
13.677867889,89.155586243,41.579727173
13.026145935,26.758481979,1.021003723
10.755346298,4.874433041,1.208776355
-78.232872009,91.598472595,1.336618662
-0.777830362,-10.784317017,2.564117432
-15.962333679,5.651473522,1.040816069
-82.022338867,-96.088432312,1.701192498
29.076663971,-56.785972595,2.587405920
43.241279602,-90.186653137,1.847849369
64.701072693,38.272407532,2.125192881
-98.902740479,-8.356149673,2.355883837
79.286041260,90.490913391,2.526616812
-12.890571594,83.793930054,6.861738682
-38.643257141,66.299331665,1.109396815
-73.815155029,79.281105042,1.494737983
50.868873596,26.366012573,1.636276364
50.328033447,-92.792678833,3.146839619
-8.732602119,19.938600540,3.118315220
98.513137817,-41.951541901,2.900209904
-67.334144592,-91.331687927,1.018884182
-31.680160522,49.689506531,1.239143729
0.191957623,19.589586258,2.058129072
45.969211578,-70.698478699,1.059993505
-41.000499725,21.900608063,1.456239104
40.358615875,44.100841522,1.768607855
-91.059799194,3.281697512,1.349016190
81.487434387,33.020549774,1.317972541
89.234535217,64.229774475,1.671095729
75.091522217,-97.635269165,1.127212644
-35.718864441,-54.307678223,1.422250509
-38.487407684,93.379714966,1.457606435
36.408428192,40.846023560,1.105365753
30.939601898,-57.425884247,1.760317683
-11.337756157,4.517898083,1.710923433
-25.708599091,66.194496155,1.955799699
82.488662720,87.260910034,3.714903593
49.696880341,74.778587341,3.011856318
10.212471962,-56.376636505,1.461455941
-50.800075531,79.086486816,2.062329054
99.258926392,19.546937943,1.476343155
41.003295898,-72.618583679,1.306501389
-81.189743042,-6.793443203,1.866953611
-18.486883163,30.050712585,98.792381287
93.588645935,-42.411289215,1.019913077
-30.969627380,43.410476685,2.950960875
48.992832184,-18.112445831,1.556649089
-72.487800598,91.991996765,107.950683594
44.986259460,-20.734552383,1.068786979
-31.620330811,65.736938477,1.049015999
-2.784627676,-15.581248283,1.744969249
34.433010101,89.383132935,2.165274382
10.691276550,66.620155334,2.756445885
49.951934814,29.133161545,1.286214113
80.152473450,57.065963745,2.152345896
-72.154052734,-50.782749176,1.633719921
-1.164476752,-5.634191036,1.098970771
-49.125713348,-39.092369080,2.092340469
23.998651505,69.336822510,1.324407220
98.450881958,72.680061340,1.336953998
-79.428207397,60.688621521,1.602266073
94.600059509,-6.000981808,1.023323774
-73.113601685,-80.664756775,1.373460412
12.670046806,14.811503410,1.508813858
27.203329086,11.753285408,1.153442502
19.143035889,-17.784614563,1.544065356
-15.526418686,83.526268005,3.446388006
-95.769485474,39.974693298,1.357396245
-81.535102844,82.045730591,1.464303613
-70.018119812,-32.083114624,1.767599940
-77.884597778,-14.494215012,1.010318041
23.788162231,-70.663414001,2.462423086
-81.939620972,-12.095081329,1.547513127
94.767639160,4.562624931,2.918681860
44.101474762,-58.591773987,1.028905153
-86.919158936,-71.277107239,1.191980839
73.619682312,-86.888534546,1.351061821
31.201707840,23.259220123,1.943403363
-80.089111328,-58.954627991,1.999148965
-41.583316803,79.285232544,1.133105516
-13.117428780,-79.845153809,1.916231632
-17.098922729,-37.696578979,1.167086959
-58.155952454,85.219215393,1.439738274
31.494222641,-7.617961407,1.130046964
97.959724426,-95.034576416,1.239703417
11.455928802,-67.165206909,1.201790333
4.455333710,-43.194000244,1.219729066
15.730724335,82.130874634,68.381271362
90.214118958,23.924272537,1.213386536
22.248456955,94.781311035,1.334515214
37.654861450,37.882453918,1.163639426
-18.599258423,-15.125905991,2.447756529
-49.066795349,77.578857422,1.717729688
-48.816421509,-34.263530731,1.813798189
-4.025468826,12.674257278,15.175454140
84.843269348,-44.223190308,1.061584473
4.217135906,53.868030548,1.901565909
-22.444047928,-2.362559080,1.478148341
9.541324615,-65.275711060,1.306268334
22.267375946,9.490694046,305.621276855
32.012268066,63.168209076,1.084343672
2.198863029,-95.154525757,1.768143296
-67.862480164,-38.951744080,1.411652088
42.937526703,85.808959961,1.083099246
21.038890839,49.011234283,1.296352744
86.719200134,-9.020509720,1.744330883
-87.666084290,70.154769897,1.485680223
57.329917908,73.956588745,336.619079590
28.761810303,23.888904572,3.032467127
-88.007492065,-20.835107803,1.002709508
-50.415061951,33.069744110,2.232684612
19.503995895,-31.159961700,2.832025290
87.349334717,72.959709167,1.049832821
-0.471596897,87.555068970,1.100205064
-67.556838989,-12.277708054,2.495568514
55.438129425,-65.831573486,1.590256691
32.607059479,82.820358276,1.882987261
13.130887985,-84.675628662,1.752132893
-11.163923264,-0.322846681,2.295881510
17.720209122,-98.324638367,1.019186139
-78.052215576,-82.350547791,1.218880415
-99.736366272,-9.302570343,1.916081429
55.355094910,-84.161201477,1.712111712
53.760608673,-59.664054871,1.490345597
-47.375511169,38.229469299,1.034575939
73.810623169,-91.455673218,1.078651190
-58.888637543,-74.605278015,2.526732922
41.771499634,-16.789386749,1.694701195
39.866008759,56.815605164,1.393025041
-32.599182129,-0.393897206,1.193584204
7.875652790,83.132347107,3.115744591
-63.609573364,-2.113013744,1.141379118
75.926109314,-38.525283813,1.041272163
10.194859505,37.296905518,4.600519657
-63.180610657,-83.442565918,1.000364184
-26.473201752,22.035203934,2.142901421
92.129745483,47.665122986,1.413529634
-53.180000305,-93.961730957,1.887341499
76.067443848,4.610274792,2.859781027
32.597141266,-52.764556885,2.056343794
-55.551395416,66.196609497,1.418499112
-79.904388428,-75.956596375,1.342085600
2.509116650,-24.900136948,1.340447426
-98.161209106,-7.185105324,1.866429210
-65.535362244,-35.239910126,1.124072194
96.087059021,45.254695892,1.051287055
-18.654285431,67.646430969,1.087387085
-57.252799988,89.583198547,2.166283369
-97.325752258,71.260337830,14.812827110
60.842880249,-40.193336487,1.109830260
-27.553716660,8.559522629,1.895146608
32.956192017,-15.793172836,1.437494159
28.889360428,50.529060364,1.173265457
33.850032806,69.730155945,1.063278317
-84.830398560,25.041816711,1.211006641
24.429485321,-88.943099976,1.103644609
-62.187274933,59.780338287,1.000085115
80.888626099,-80.879264832,1.184660912
76.457519531,-58.612426758,1.114004850
-66.238410950,71.598426819,1.984169364
6.869699478,-36.731258392,1.831893325
64.264495850,80.022247314,1.008732319
91.636428833,-91.130966187,1.109825969
-34.593521118,-65.917419434,1.536420584
-12.492308617,68.997627258,2.204161644
-53.960517883,-2.649490595,1.285987139
78.421394348,16.488056183,1.843590260
-36.401351929,-14.410573006,1.235907078
72.018722534,30.249017715,2.087659359
14.490592957,-47.812450409,1.504267812
91.744132996,94.558952332,1.078685999
16.999717712,62.397979736,1.050242662
-51.872402191,30.229887009,1.300324082
-73.909179688,77.468429565,1.537046075
50.695625305,-72.656417847,1.009394646
-78.858268738,-79.024108887,1.249886513
20.092281342,39.112525940,1.036724687
-69.368377686,-54.764839172,1.998593926
79.518653870,-89.972976685,1.218029499
-62.088016510,-99.583595276,2.288837671
-96.126335144,-54.235408783,1.923845172
14.633000374,18.378761292,2.997990847
-69.145736694,-50.081478119,1.965649962
46.409389496,-5.307936668,2.232139587
40.765666962,70.595260620,1.970641971
34.723384857,-59.673736572,1.876389384
-2.078343153,20.430738449,2.025692463
-97.581451416,-0.681330800,1.074315906
-60.845844269,96.241905212,1.544324636
13.174674988,-1.133888602,1.253146052
-27.294517517,-16.596567154,1.056399107
-59.890300751,88.470466614,1.613111138
80.884742737,-38.313503265,3.873492002
96.426139832,-62.084999084,1.003117919
-68.556922913,-75.935783386,1.500122309
31.995952606,-1.195745587,1.541431308
-34.638275146,-40.201618195,1.250693440
14.190146446,17.808652878,2.623370647
-81.511268616,28.227479935,11.125484467
33.805953979,82.545516968,1.791906118
59.486053467,74.111175537,54.612560272
-54.059120178,32.854419708,1.906300902
64.596084595,-84.537223816,2.038835287
1.330302835,6.176198006,1.595081806
13.290853500,96.123939514,1.159483790
77.553916931,1.833809972,1.298547506
-68.991317749,81.051162720,1.989600897
-32.735488892,61.902008057,1.718605042
91.787925720,-53.708755493,1.218470573
85.559913635,-80.615821838,1.167397976
-26.175176620,43.573970795,2.822165966
71.637893677,-61.298603058,1.028855085
69.522445679,61.600181580,1.938548684
-29.029970169,-82.468444824,1.199149013
49.940433502,3.879981279,2.499036312
81.284111023,85.676170349,3.360799074
28.056083679,24.876243591,4.568436623
-86.326965332,-85.641578674,118.832321167
-48.935909271,91.997543335,2.422719479
9.173273087,-30.888107300,1.987491608
-35.172950745,-26.122842789,1.022898555
-41.819793701,-8.628716469,1.365320683
73.050582886,51.720031738,1.215206265
72.806060791,-31.248933792,1.091493130
91.827659607,-80.819000244,1.045422316
12.025444031,57.220897675,1.025449276
-63.380161285,18.355640411,1.000447035
7.854799271,-81.463478088,1.930896759
-31.370746613,99.195884705,1.631630540
-29.759456635,55.818050385,1.428710580
-60.628482819,92.678184509,2.199354649
-26.346965790,-84.659538269,1.784232497
-49.174175262,-17.042833328,1.488862634
-26.124265671,93.609596252,1.079833746
49.955299377,-27.899610519,1.044474244
-90.713439941,-39.474849701,2.007521868
41.980636597,-44.917633057,1.376573563
3.784813643,54.399604797,1.901189208
23.155204773,83.796707153,1.096516848
86.627326965,-75.677932739,1.940635443
-72.184379578,91.630828857,160.493225098
-21.968130112,-19.075334549,1.324153900
60.619812012,71.434638977,5.557188511
-68.929222107,-95.246467590,1.304976225
-83.652160645,69.222625732,1.249632597
30.734876633,19.084541321,2.254144907
-94.773582458,71.978782654,6.595222950
-37.812088013,19.852046967,1.441171408
68.149055481,-47.392410278,1.400824547
-58.253070831,-51.372097015,1.076847792
49.818454742,11.571910858,1.466476560
-97.057487488,-80.651725769,1.110197544
98.495002747,-41.185409546,2.572241306
44.742816925,-50.132785797,1.233271122
84.670120239,-52.413906097,2.096098900
53.132461548,96.160942078,1.136535764
-85.493446350,-42.580036163,1.438537598
92.034217834,19.797214508,1.023364186
-21.134008408,64.709747314,1.079735160
46.224189758,-91.392639160,1.665150881
4.786462307,-53.206230164,3.131449699
72.713890076,14.263184547,1.160630465
-90.824325562,-35.347076416,1.037790775
-70.135437012,-69.183799744,1.130812407
-58.198020935,-27.914047241,1.635499001
38.196617126,-28.122472763,2.199897528
-54.534072876,-24.764421463,1.036852121
67.467704773,-61.847240448,1.149946451
38.125358582,-8.741298676,1.320146918
-31.677831650,57.069179535,2.019180536
59.267478943,-70.360115051,1.460509658
61.999809265,12.635516167,1.039179564
-12.140063286,-91.590721130,1.108832121
68.932739258,61.353218079,1.936726451
60.899955750,-30.106287003,1.340124726
4.270241261,24.178262711,2.019865274
44.370986938,-78.781631470,1.338518977
-63.938953400,97.627876282,2.394205332
53.667098999,0.986036241,1.864217877
22.946722031,-60.884952545,1.493413329
-19.556539536,72.066940308,1.651221991
-11.894791603,-88.256744385,1.542955041
-84.746070862,-8.705608368,1.256836057
-30.123283386,58.987117767,1.772910237
54.969352722,-49.661056519,1.434234500
13.497995377,-25.007902145,2.510986328
-90.260360718,-25.809976578,1.034102201
79.057067871,-86.563903809,2.120092630
47.420730591,-96.786796570,1.821946025
-73.063636780,73.459312439,1.026942134
1.751539946,-56.786285400,2.119275331
83.149971008,-95.240051270,1.810680389
50.044662476,96.160400391,1.524659157
-11.947291374,-33.089397430,1.252467036
-11.380089760,-0.171480507,2.336074591
-28.323226929,-47.221637726,1.071274281
-43.521102905,2.880984068,1.178836346
1.759006500,-83.769935608,1.645025492
96.323348999,78.667404175,1.446631789
-52.053840637,35.445625305,1.542096615
33.625068665,22.735578537,1.620419025
-83.874763489,-46.277873993,1.177034616
-69.395042419,-72.144546509,1.561934233
22.688207626,-67.340179443,2.020876408
77.034896851,4.933508873,2.718569279
66.035240173,41.666629791,1.153988481
-48.374549866,-32.275043488,1.442893744
-83.056915283,-14.987851143,1.668345213
-98.730979919,31.315708160,1.636323094
31.166463852,45.077499390,1.005005240
35.850349426,17.478036880,1.494353533
-84.398681641,-40.505279541,1.427218914
-13.108097076,-20.052185059,1.007242799
55.392890930,77.013191223,124.642089844
89.997344971,59.989421844,4.211425304
-45.439834595,94.386184692,1.166354418
-20.732196808,9.168722153,1.808455229
-14.720999718,-33.152587891,1.473006487
-89.827774048,-39.590900421,1.939040542
-46.231185913,2.246756792,1.178806543
84.922218323,-52.643142700,2.098530531
18.096597672,-30.951803207,2.530847549
42.228885651,50.158588409,3.202953339
-69.508407593,33.988403320,2.679427147
51.625923157,89.440391541,1.092260718
-68.707878113,88.309089661,172.063064575
41.623157501,3.415233850,1.004879475
-92.019371033,-42.142757416,1.707844377
-78.344093323,51.242729187,1.082641721
69.434799194,96.711967468,1.087749481
22.933166504,58.924549103,1.810148001
-72.435310364,-61.281276703,1.007324457
-37.937248230,61.012737274,1.015480995
-48.247917175,-82.155868530,1.127470613
-47.519653320,25.273286819,1.777880907
62.720802307,90.680068970,1.831751585
-14.016114235,27.397090912,242.220886230
20.500400543,-25.407291412,1.428966284
-73.047821045,-47.917476654,1.846281648
63.054527283,93.145545959,1.626064062
28.484132767,78.045585632,1.645328164
62.939601898,64.232254028,2.128285885
36.829605103,-46.615062714,1.800217032
-72.349037170,42.435161591,1.022663116
-88.626411438,20.684410095,1.158858299
78.965919495,-2.900848389,1.530493259
58.432086945,30.729885101,1.126772046
-72.377128601,-30.466922760,2.231827259
-48.588619232,-78.634696960,2.041580915
-37.478748322,-98.767707825,1.006152868
-56.284214020,40.764781952,2.068496704
-50.183574677,-74.274444580,1.633093715
63.651554108,-13.577142715,1.658339620
-19.808853149,79.391639709,1.093445897
99.240859985,38.527881622,1.054028869
27.549085617,-69.570747375,1.827980161
-28.676170349,-29.129180908,1.319698572
44.796478271,-84.877830505,2.097963572
-65.881141663,65.439346313,1.180566072
81.315307617,-14.259067535,1.501592040
85.740379333,51.582187653,2.236346483
64.711753845,-35.407966614,1.347734451
-92.905632019,-43.712821960,1.515751839
62.316337585,43.342811584,1.193010330
18.144849777,-33.509304047,1.543471813
-50.980258942,49.627811432,2.007297277
51.718116760,-84.647880554,2.033165693
-5.056749821,-6.333752632,1.115520239
81.704978943,20.364349365,1.010689378
-18.907438278,27.607034683,48.189708710
18.909399033,74.228713989,2.150153399
-53.454082489,-20.740781784,1.023326278
-35.874366760,34.847568512,1.439464211
46.370601654,-94.956901550,2.293942928
74.648872375,-1.673496842,2.213505745
-39.370273590,-14.448224068,1.412428737
77.658424377,-4.154516220,1.650278330
-70.586814880,27.686389923,3.842156887
-92.985046387,5.304988384,1.322443843
-67.890983582,-20.598680496,1.152712584
93.868202209,5.415638447,2.906100988
-61.669536591,-10.345626831,1.334750056
36.159179688,87.860900879,1.645383716
13.326209068,83.965614319,414.496337891
-60.052185059,76.260383606,1.002911210
59.918823242,89.989547729,1.508145452
25.912492752,-83.366195679,1.292138815
18.377857208,-90.951766968,1.103262663
44.915531158,-95.981094360,2.633833408
-90.162063599,76.835342407,2.119848967
81.901657104,58.024459839,2.661519051
-65.998527527,-13.981116295,2.181733370
-89.657669067,67.243072510,2.176919937
-44.967288971,20.400396347,1.317231655
78.396026611,97.477630615,1.533803821
14.762454033,92.740135193,1.145798683
-29.942754745,40.944538116,2.292647600
15.573020935,38.069042206,3.342063665
-56.496292114,72.360015869,1.322293401
47.868904114,-4.274768353,2.440251350
-6.713990211,54.077907562,228.670471191
80.885780334,-36.451694489,3.864696741
8.179034233,33.676620483,1.182690740
98.982292175,17.644775391,1.922404885
-15.077018738,80.326538086,104.139030457
-26.148735046,-57.734798431,1.089983344
-4.619046211,-83.553131104,1.641778111
-52.468128204,-83.300445557,1.521259904
-24.449607849,-53.769130707,1.058658838
79.846809387,-65.512237549,1.410754323
17.212125778,-94.136077881,1.099071860
-55.767219543,52.085998535,1.442680717
-48.374210358,-72.037300110,1.171462059
-74.891426086,-5.796015739,1.195436239
-20.872205734,30.657644272,5.432434559
12.038832664,-84.366149902,1.754838228
-94.567306519,1.199996948,1.109467030
81.191307068,-39.437034607,2.863723993
21.312114716,74.386116028,2.013851404
88.259185791,-90.550132751,1.304379106
-56.008487701,-66.442489624,1.313702822
99.235694885,31.593643188,1.071480870
-37.655902863,-4.800244331,1.539500833
-33.287132263,-82.008415222,1.029638767
53.101303101,-48.916912079,1.651913047
-2.555181742,19.264209747,1.950907469
60.708663940,33.488468170,1.167087317
2.484852314,-71.250640869,1.103951335
-20.194862366,-76.342849731,1.560135484
-78.254570007,4.330366135,1.138508797
4.849149704,5.850961208,1.866009831
-5.036512375,-69.173156738,1.732342958
45.371829987,45.810131073,1.644840360
3.710225582,-34.667148590,2.018118382
14.960020065,-24.383207321,2.013198853
39.965938568,11.114304543,1.064788699
-8.785110474,-53.949737549,1.066423774
63.954597473,95.306526184,1.767180443
-67.917213440,-50.522022247,1.892875791
82.648651123,-73.539161682,1.119894981
32.230506897,74.683471680,1.063896656
58.858356476,-21.458131790,1.021872282
-9.260078430,20.307704926,2.629544497
86.481910706,-5.823277950,1.356621385
-24.618947983,39.165363312,1.358521223
-21.105165482,6.970746040,1.395992398
67.985801697,68.976234436,1.130381823
16.989240646,-77.135253906,1.364851832
41.409942627,-26.224941254,1.320550203
68.781097412,-87.897926331,1.344249964
30.623979568,-19.245435715,1.457778692
11.949861526,66.738006592,2.110221148
-32.610473633,-86.526039124,1.114895463
-85.587677002,-32.427864075,3.367843151
-49.911712646,-65.607116699,1.850878835
-44.123088837,98.026626587,1.037527800
66.963722229,18.521829605,1.005901694
41.043750763,-78.074958801,1.487114310
27.877151489,66.903846741,1.181813002
-12.992758751,-59.797187805,1.818854332
86.560554504,4.576679230,1.764719725
55.129219055,69.883239746,33.692794800
92.301856995,-36.045272827,1.495324492
-18.388458252,-53.418598175,2.005649090
-55.789409637,-58.958805084,0.999965727
-88.584655762,-50.555217743,1.007757664
-37.120254517,31.632734299,1.784938812
-47.769985199,16.331272125,1.996048212
-92.466613770,-73.959106445,1.828276038
34.673000336,-11.023620605,1.915785074
19.862293243,27.711563110,10.855556488
35.087730408,-83.019042969,1.139977932
-96.181571960,42.113254547,1.349050522
-3.101619482,53.291980743,5.882183552
62.070175171,64.518623352,2.107559919
-72.407928467,38.263385773,1.209250450
12.567971230,6.984951973,1.295186043
67.879127502,-94.992057800,1.260848522
-82.339172363,-42.792892456,1.834996819
99.577888489,-90.507415771,1.010693073
-44.435188293,-41.749546051,1.004112005
13.595704079,-3.863460302,1.209771872
-52.218578339,-81.529571533,1.651558757
72.488861084,92.455024719,1.096217513
48.682254791,-68.315895081,1.124593258
35.213413239,-45.713569641,2.386889935
0.867852092,17.811815262,1.559514999
44.548503876,39.739471436,2.011341095
-34.867176056,14.841833115,2.877061129
92.108924866,74.056121826,1.062932730
4.152676105,-33.329334259,1.729065418
49.524745941,22.429927826,1.546323895
59.394111633,64.493408203,1.264378428
35.311397552,-33.958232880,1.216500401
47.491790771,19.617647171,1.070452213
-5.856071949,13.689326286,138.996200562
23.972133636,-64.912918091,1.239392042
29.948738098,-23.640819550,1.384220123
7.036314487,-43.596187592,1.219590664
-77.406059265,-63.536434174,1.180349469
-14.152861595,-37.896335602,1.189299583
87.112731934,53.615474701,1.403456450
87.869163513,96.318107605,1.103073716
-65.642303467,72.374778748,2.070034981
48.875972748,67.699798584,1.792380214
58.793613434,92.857406616,1.152252913
-52.200019836,77.739677429,2.266015291
83.018096924,-14.725428581,1.504752278
27.114191055,-18.304210663,1.772775531
1.746317148,24.914514542,2.057318926
-34.095092773,52.130466461,2.114000797
65.180244446,89.177650452,2.411151886
-19.127172470,10.053412437,1.527584076
42.189472198,51.957344055,2.249940872
81.048866272,69.235237122,1.041403055
-16.562976837,64.172523499,1.078008175
99.240982056,-8.054141998,1.003571272
61.265998840,-57.162796021,1.068058372
-14.881439209,-58.250854492,2.175326347
-59.420101166,-28.997871399,1.967641711
74.751510620,99.735473633,1.017686129
-35.037235260,74.161125183,1.189913392
-41.328639984,-17.931362152,1.035870075
29.116479874,-47.224559784,1.576389432
38.086704254,-25.199451447,1.309520245
47.441776276,-77.952613831,1.108966351
34.468029022,-51.645637512,1.488023520
94.167114258,33.616424561,3.119490623
-12.439533234,90.883377075,1.356798053
4.691158295,-54.542221069,2.609337330
39.699661255,60.343769073,1.780569434
77.004257202,-52.805015564,1.918246627
64.073425293,-38.347652435,1.280252814
77.314147949,70.316612244,1.439542055
39.878135681,-92.241012573,1.079701662
33.774784088,31.323429108,1.117813110
2.770232677,-57.187095642,2.409658670
-33.586189270,85.629364014,2.237374783
84.069732666,55.677467346,1.457959294
7.854391575,-58.858680725,1.303034306
-94.347793579,61.672687531,11.113963127
-32.506546021,-91.957786560,1.173932433
-30.877658844,89.186210632,1.849621892
2.188469648,-17.373008728,241.932342529
-49.112487793,-65.916259766,1.852903485
56.600246429,39.344661713,1.663840413
-13.838944435,95.543716431,1.908575773
64.947074890,35.776752472,1.829468489
79.132484436,-43.369575500,1.017485380
-9.424696922,72.644714355,1.819575429
-28.905117035,-54.812557220,1.123536587
24.177995682,-0.453043759,1.660384536
75.846519470,-94.680366516,1.166380763
-74.280097961,-31.961637497,2.853780985
79.040359497,95.821220398,1.773393631
-23.008117676,13.892074585,1.003679276
-76.384063721,-58.542488098,1.386383772
-32.148914337,79.861473083,1.050115347
63.227794647,-82.617256165,2.349218845
22.180690765,-68.484573364,2.226621628
38.374973297,-63.282470703,2.081622124
-82.611785889,-94.969429016,1.704870343
32.344924927,-90.772644043,1.008233666
-18.816965103,-59.332088470,1.144544482
-3.275315046,-83.067008972,1.657240748
10.886851311,-76.460784912,1.096322179
21.775903702,-59.323989868,1.626594305
-29.711692810,-92.824432373,1.287886024
85.572013855,-76.070220947,2.303450346
-77.584075928,76.024978638,1.037768126
-20.350469589,96.584358215,1.499494195
-38.780353546,31.177064896,1.641255736
-92.240371704,87.500175476,1.028199792
-12.019067764,-81.562805176,1.470026851
48.737976074,50.605007172,1.384535313
9.898792267,8.835005760,1.217154264
77.117942810,-34.213394165,1.530755758
-84.927375793,-16.358976364,1.394982100
-76.755111694,93.656997681,1.426716328
10.541606903,94.592170715,1.121941209
74.547058105,44.270824432,1.282451510
-20.375699997,-8.424535751,1.040300131
-54.423332214,20.829568863,1.856696486
56.703128815,44.813621521,1.030892372
-37.956783295,34.220783234,1.657188177
25.376705170,29.441560745,2.091832161
-46.851726532,24.041200638,2.207261801
-59.794223785,-19.854450226,1.716195822
10.947707176,32.180725098,1.746585846
14.460286140,-49.749439240,1.717417717
60.122898102,-97.070137024,1.337527990
-99.943374634,-61.991973877,1.044651628
-67.886634827,90.208900452,70.067199707
-38.161190033,-70.643753052,1.457574606
-13.521427155,61.797634125,1.775542855
-73.275276184,16.010686874,1.337251067
-43.909553528,81.941925049,1.236868739
-64.923675537,-25.033321381,1.328094602
-40.019161224,23.756826401,1.469183207
16.692708969,-6.632463455,1.041916728
78.735214233,25.488533020,1.064886332
78.018394470,-66.379470825,1.402720094
-47.616710663,83.911766052,1.020665169
3.468483925,90.188728333,1.010895610
-24.272817612,-5.673336506,1.211526513
-10.526475906,79.517211914,230.081954956
-39.506614685,-73.139991760,2.908118010
24.986110687,67.277565002,1.465158820
73.142547607,-2.409005880,2.426013708
-66.453491211,96.546920776,3.240378618
98.129516602,-42.520038605,2.751011848
-92.312545776,-76.295310974,1.542150140
-4.144152164,-78.397720337,1.176988125
63.937816620,86.987770081,1.767118454
54.976478577,-87.058540344,3.005488873
-27.322622299,60.901096344,1.160920501
12.859165192,-58.392871857,1.182920694
-12.629148483,69.479377747,2.327228069
72.611289978,39.730075836,1.252693295
39.008918762,59.281261444,2.046031475
2.831458807,65.281517029,1.012061238
90.530715942,-36.201698303,1.495271087
-25.722955704,-0.085869208,1.065673828
-13.442150116,-87.205955505,1.469655037
-20.795812607,29.908300400,6.995519638
3.218407393,-94.768089294,1.768109322
20.284608841,60.700115204,1.560672164
87.226806641,36.686824799,351.272277832
70.689476013,41.721385956,1.983418584
82.509284973,-92.957389832,1.332933426
21.683670044,33.986103058,1.734742641
-75.454887390,-93.312911987,1.021002173
-72.544990540,-17.932678223,1.973909855
5.847691536,-51.590560913,2.129730463
-42.747241974,-52.606426239,1.517392993
91.331687927,-3.243159533,1.216163397
-30.295907974,-41.943603516,1.340355277
-33.519214630,86.821907043,2.353298903
-34.648902893,-42.790191650,1.421721101
47.147933960,-46.754196167,1.029524684
-2.405167341,-74.166084290,1.123448610
41.042621613,-96.419799805,1.094217539
25.867895126,-39.151607513,1.038740873
78.926635742,83.605720520,1.474989891
99.270118713,84.977264404,1.015218019
50.369647980,24.171949387,1.882530451
-40.665119171,-50.935440063,1.369959474
21.463125229,-70.909393311,1.700267911
94.007209778,85.223342896,1.002238750
50.626182556,-16.784225464,1.794526696
-15.264299393,-59.427608490,2.606808662
23.771553040,-56.578914642,1.261316299
-19.741075516,-0.738442302,2.733887911
-48.894214630,51.272392273,44.438819885
-37.281654358,-93.990333557,1.036875129
70.695930481,25.628133774,1.027764916
27.164117813,78.899871826,1.628083467
-51.185684204,-38.904235840,2.022417545
-44.407009125,44.944206238,1.967350364
45.639049530,6.564901829,1.072477937
-14.502546310,70.473907471,1.643549085
40.499111176,79.969886780,1.116687059
-44.077220917,-54.641666412,1.309143186
-55.626930237,33.207473755,1.600050449
3.698532104,27.119312286,1.321767569
-84.366539001,12.178742409,2.652709007
-24.063022614,75.544990540,1.094002008
-41.016792297,89.941978455,1.773977041
43.409759521,48.469409943,3.075193167
38.304759979,-56.214340210,1.263250589
-40.869594574,82.881370544,1.916493416
69.294364929,89.150817871,2.072141647
-31.648626328,-23.754203796,1.025882602
94.783531189,70.533203125,1.253059387
66.610557556,-46.067329407,1.400017381
24.780065536,5.656883717,6.165028095
25.188766479,86.373474121,1.507672787
-50.463527679,-40.202774048,2.137277365
89.485275269,7.082995892,1.272397637
40.079544067,32.457977295,1.480538845
-94.168540955,-91.660797119,0.999941826
-75.783355713,-30.446447372,2.201860428
81.480194092,14.129652023,1.606213808
-55.065044403,63.732223511,1.321457624
-72.517272949,-17.576429367,1.973292589
23.815868378,-18.611795425,1.323024035
72.311218262,19.444980621,1.161573052
42.494903564,8.680566788,1.110591412
-87.974632263,15.347148895,2.194783926
-39.207027435,-77.043601990,1.693884015
81.123451233,88.070930481,2.818418741
47.739593506,-5.399057865,2.468109846
11.285287857,80.355224609,7.578710556
-23.243757248,68.173912048,1.272175312
33.660606384,-74.280082703,1.043069243
30.788261414,27.689172745,1.578150153
-47.416397095,42.229198456,1.953123331
-72.960464478,-82.772567749,1.373818398
-13.434667587,60.568904877,1.901063919
24.694936752,15.289157867,1.372296214
-3.963232279,-46.698711395,1.767121434
24.503042221,88.501419067,1.945559144
-21.093593597,-42.061531067,1.128110409
-30.777225494,-59.356590271,1.013902068
-62.894302368,-98.350364685,2.729703188
44.192909241,-91.191482544,2.095209122
-68.467704773,-23.840051651,1.180854440
-48.788722992,-13.109490395,1.045870185
27.298414230,28.767974854,1.672098517
-5.772859573,-14.142966270,1.101591110
-18.327436447,2.446049929,1.318332076
-97.687187195,14.099209785,2.188424349
98.766883850,-97.708671570,1.176853895
54.689548492,-36.392719269,1.005844116
-81.032165527,-62.508129120,2.588055134
99.341598511,58.212047577,44.525852203
34.141506195,-29.195873260,1.490576506
45.395790100,-86.622383118,1.920019388
62.902984619,-20.440923691,1.021201134
-97.805007935,22.831176758,327.360260010
-36.045028687,21.498107910,2.295840263
-62.835506439,-98.395645142,2.749338865
53.373615265,76.260177612,104.507141113
48.008110046,-1.568477392,1.265663624
80.621635437,-84.314765930,1.361472964
13.165541649,12.347679138,1.680792212
-73.899780273,18.505933762,1.993617773
58.644256592,-84.089416504,1.672191381
-38.752948761,97.721008301,1.200077534
19.987833023,-49.317508698,1.372733951
37.711460114,-35.078304291,1.216275573
95.252082825,5.538221836,3.280453205
-32.471775055,-54.658519745,1.406873226
64.077667236,-69.677490234,1.834224820
-35.474910736,15.162694931,2.530337334
-27.973455429,-26.677698135,1.244141340
84.606277466,51.281967163,2.167873383
-9.557933807,34.530242920,1.322889805
62.668247223,54.056816101,1.389019608
44.483600616,39.310928345,1.984487176
31.811103821,51.825820923,1.200427294
-41.702976227,-13.132269859,1.971364021
-51.886260986,23.741294861,1.088575721
52.380455017,-17.999431610,2.014216423
-54.905284882,-68.446014404,1.388172030
-14.740099907,50.501407623,1.000973582
18.495109558,-27.459394455,1.356361747
50.993392944,-50.337100983,1.267633080
93.298294067,36.021839142,22.105419159
59.962169647,-32.926616669,1.857872963
23.888061523,-2.552925825,1.556580663
87.795654297,22.765495300,1.205277085
65.534111023,8.878565788,1.042953730
73.159164429,-1.179823041,2.403182983
-50.962783813,-76.140754700,1.761596084
29.202993393,34.143245697,1.231278896
62.742786407,-85.098937988,1.780027747
-27.028627396,83.667701721,1.048020124
82.356491089,86.181289673,3.825884819
80.191703796,-37.241935730,3.995160341
39.833629608,-50.925647736,2.079427242
66.182464600,-69.632705688,2.356904268
33.303897858,6.985703468,1.498952866
10.648826599,51.675472260,1.003231168
68.376136780,-72.895843506,1.082654595
-89.640197754,74.949562073,1.950498819
-11.111598015,-96.256607056,1.312914133
58.399177551,-11.099445343,1.471984982
-58.927391052,94.183029175,2.255102634
15.142957687,37.780979156,3.464859486
-25.249910355,30.934083939,1.025796771
-32.926345825,71.715545654,1.266283035
1.540224791,-36.137081146,1.271759152
-79.664245605,69.017639160,2.002890825
84.366874695,-77.371177673,1.836748362
56.403816223,-78.418243408,1.003401399
73.486763000,10.167340279,1.245486975
-98.425117493,-66.870079041,1.622475386
55.180027008,-67.384529114,1.582992435
-51.670703888,-3.276874304,1.290685177
-55.771057129,-43.054241180,1.234480619
-28.784307480,-99.221862793,1.035238624
-99.797988892,30.256952286,1.669183254
70.540626526,-65.885681152,1.614732862
30.268779755,-82.338752747,2.146587849
87.560508728,-88.077728271,1.264383912
-87.021224976,-28.894626617,3.615513325
47.419960022,12.164744377,1.705631852
31.495536804,-52.051670074,1.981958270
-6.374330997,-21.226079941,1.381915092
59.699188232,42.112113953,1.356552601
82.226654053,27.274433136,1.494166136
84.934310913,49.116729736,1.573121428
-87.521423340,51.775032043,1.060307622
46.682384491,51.305072784,1.617083311
-73.819038391,31.607437134,27.122068405
27.936832428,-53.916542053,2.243979931
-18.048034668,40.156295776,1.000677109
65.024124146,-13.542356491,1.657726049
22.048559189,-83.536071777,1.221214652
-29.653676987,-88.150665283,1.250456214
10.238841057,-93.955093384,1.000127792
29.343698502,53.962173462,1.169535995
-50.192333221,-8.409376144,1.668271661
-38.562225342,-73.167098999,3.162836790
36.717391968,57.262260437,1.328080297
-51.338272095,76.886215210,2.332482576
-58.179725647,70.783187866,1.585695505
-79.474960327,31.962938309,11.390785217
-14.866269112,-95.266288757,1.044900298
88.113258362,-59.902507782,1.184543252
65.229553223,54.148368835,1.491053224
78.680419922,90.875564575,2.589880228
-60.374065399,28.227405548,1.755677104
-34.077808380,52.033843994,2.129666567
-70.798545837,-36.249649048,1.344671249
-63.637844086,84.556869507,1.041121483
-80.647338867,-46.885658264,1.172845840
-79.310005188,-59.198574066,2.098146677
-6.512526512,-46.002300262,1.262671232
-36.778705597,-85.741798401,1.038381934
-15.451055527,77.523941040,116.537162781
83.634803772,-69.227539062,1.015073538
-1.802744985,47.734428406,1.000881433
1.091969609,-64.949081421,1.245718122
97.753219604,41.833396912,1.094201922
91.737236023,41.108715057,4.467509747
23.336507797,31.444152832,1.350889206
44.632274628,49.442985535,2.968556404
-46.538650513,-9.011351585,1.452694297
68.167053223,93.614997864,1.149007678
43.796035767,63.979156494,1.240676880
88.115699768,35.889518738,474.201721191
68.263374329,-35.566589355,1.212602258
-74.296997070,51.417743683,2.080970764
-46.958477020,15.627694130,2.103958368
49.810832977,32.642936707,1.072330475
-3.741129637,-68.930358887,1.696417809
26.465501785,-15.475430489,1.843958616
-82.801261902,83.406135559,1.473927855
-51.311149597,-95.974098206,1.676052094
83.264442444,-62.175643921,1.367117524
-77.256553650,1.519511700,1.139743090
-97.718757629,73.337196350,1.801980853
20.064369202,74.188972473,2.504233360
42.272987366,-15.517452240,1.667910218
9.668154716,17.280384064,1.053729177
-35.434711456,-31.028789520,1.004938006
52.818157196,5.211778641,5.614691734
4.867424965,-26.758390427,1.286389709
-7.021360397,10.535716057,69.903030396
80.732841492,-31.586854935,1.026222587
72.300407410,-85.018058777,1.326756001
9.904865265,-13.803424835,2.532094955
56.899780273,98.519592285,1.012785435
-85.859550476,-73.812774658,1.200674176
-90.058784485,6.078845978,1.557082653
89.249740601,31.116687775,8.672512054
-0.882158756,-12.041263580,2.560114622
