x,y,rho
8.874915123,41.057075500,106.088012695
9.414788246,43.194221497,407.820861816
10.992991447,44.240253448,168.625045776
9.375373840,42.735569000,401.651733398
8.714147568,41.617855072,180.818511963
8.056430817,44.988647461,49.738822937
9.253048897,42.599800110,374.709045410
8.509905815,43.815364838,205.796035767
8.148802757,42.825134277,193.556793213
8.867234230,43.424774170,310.258026123
9.251895905,41.857242584,272.634887695
9.734519005,43.466205597,398.584808350
9.829217911,43.340343475,411.764343262
9.128378868,42.675132751,368.571136475
9.090240479,42.678321838,364.014404297
8.949554443,41.311592102,156.066696167
9.940127373,42.636093140,408.016296387
8.132502556,43.500656128,165.215011597
8.855401993,43.089817047,331.017913818
10.491791725,43.166854858,355.891387939
10.902101517,41.803047180,157.766220093
10.165042877,42.353061676,350.832794189
8.891903877,42.459022522,310.090545654
9.451148033,43.094039917,410.817993164
8.597551346,43.938701630,209.584594727
10.228363037,41.501628876,187.975708008
11.250952721,44.933761597,59.795246124
10.941480637,42.857948303,265.727508545
8.691947937,44.092323303,203.160461426
9.359523773,44.260318756,241.185623169
9.970975876,44.014511108,307.280639648
10.119067192,43.744445801,342.519836426
9.773200989,44.823741913,148.355789185
9.889613152,43.439861298,396.391113281
11.645851135,41.690113068,63.650485992
8.492216110,44.007270813,177.395996094
8.589577675,44.981494904,77.324981689
9.349081993,42.290416718,354.036895752
11.685643196,44.518386841,56.329418182
11.630259514,43.943916321,107.088203430
8.901474953,44.947937012,101.949867249
9.494697571,43.840328217,332.813720703
10.709952354,42.882862091,314.211914062
10.376780510,43.960079193,282.915985107
10.139126778,41.938472748,285.963897705
10.060938835,44.364257812,230.689102173
9.068133354,42.888237000,366.788177490
9.327547073,44.887138367,130.172897339
10.434995651,43.445335388,340.675262451
8.992784500,43.577121735,318.200256348
9.088368416,43.069702148,367.291229248
9.126854897,43.714305878,319.523284912
10.339291573,42.829574585,376.199218750
10.158707619,41.944812775,286.327270508
8.271443367,43.477264404,190.113082886
9.929374695,43.672904968,364.632720947
12.145845413,43.982353210,49.952648163
8.849878311,44.154888153,210.827499390
8.446793556,42.576290131,240.073257446
9.694458961,44.751216888,158.963516235
9.017946243,42.211433411,300.616760254
9.664248466,42.374393463,377.508819580
10.889336586,41.957942963,183.069503784
8.615232468,42.600051880,271.939941406
9.264668465,44.967407227,112.376098633
10.712121964,43.125423431,311.445770264
8.537264824,43.882236481,204.825439453
8.762485504,41.493103027,166.600585938
10.950730324,43.354816437,255.607330322
10.683559418,43.356601715,308.207550049
10.619531631,42.386848450,297.057556152
8.728458405,43.719467163,256.759613037
8.959291458,42.348323822,308.919525146
9.307168007,43.055351257,398.816101074
9.408706665,41.662921906,243.530776978
9.119082451,40.814468384,87.116706848
10.387931824,41.435813904,161.933090210
8.658317566,43.090038300,292.701568604
9.023138046,44.580886841,160.199768066
8.469843864,43.304924011,241.402954102
9.723418236,41.869781494,291.255645752
10.285977364,42.866325378,389.307525635
10.534491539,43.861377716,280.338348389
11.925936699,44.374401093,48.449050903
9.393519402,42.798492432,407.882659912
10.862360001,43.693138123,249.671310425
10.402832031,41.420917511,157.343521118
9.738374710,42.299842834,369.667266846
10.042625427,42.939723969,411.015258789
10.672879219,43.355091095,311.208190918
10.549028397,42.571453094,328.220489502
8.818254471,42.627822876,313.136749268
9.745680809,43.417026520,404.573364258
12.022009850,42.995616913,82.703765869
8.806756020,42.691890717,315.795318604
9.299104691,43.519355774,369.286834717
8.221903801,43.101135254,201.194976807
9.919207573,43.270053864,408.536132812
9.165384293,42.799949646,377.794586182
8.338640213,42.544551849,219.673080444
9.219839096,43.453922272,364.953430176
8.606518745,43.819072723,226.299926758
11.257184982,40.967887878,44.072635651
10.188959122,43.714782715,339.913909912
9.125264168,42.640602112,364.775970459
9.629819870,42.740081787,415.813507080
9.453687668,41.361869812,184.721176147
10.915032387,44.117492676,197.154632568
8.949336052,41.571449280,194.254119873
10.283765793,42.462085724,356.581115723
9.904653549,42.718544006,411.253448486
10.454239845,43.732624054,306.539978027
9.037103653,41.654510498,216.853164673
8.179762840,43.648254395,165.997512817
8.573841095,42.531055450,261.485687256
9.166386604,42.985305786,381.131225586
7.826420784,43.226650238,127.406875610
10.286591530,43.126296997,387.478546143
9.451814651,43.135272980,410.982910156
10.161746979,40.265281677,32.729915619
11.718612671,43.427967072,123.543601990
9.110292435,42.646919250,363.078918457
10.256443024,42.921768188,392.340728760
7.732016087,45.102367401,29.206626892
9.652159691,44.058044434,301.811248779
9.070651054,44.574249268,165.041564941
10.049044609,43.646717072,361.156341553
8.717447281,44.249019623,178.242095947
10.452519417,44.339717865,211.986358643
9.134613037,42.556846619,359.680389404
12.066617012,41.977855682,44.205913544
9.626750946,44.174766541,273.539062500
9.860425949,43.620826721,374.789642334
9.363251686,43.407928467,389.333007812
8.456173897,44.696002960,95.976287842
9.644536972,42.357696533,374.927215576
10.429083824,42.577152252,348.871612549
8.428442001,41.691154480,155.521972656
10.456474304,42.878299713,357.653930664
9.628998756,44.115615845,288.519836426
8.635874748,42.307193756,255.245620728
9.377820969,43.132225037,403.382385254
9.720529556,42.750984192,416.051757812
9.701074600,42.930568695,419.822723389
9.043096542,42.224880219,306.305419922
10.037217140,42.146957397,333.232086182
8.605345726,42.725582123,275.079437256
9.605033875,45.294597626,81.041542053
9.058000565,43.981132507,271.398162842
10.509888649,41.848926544,222.563354492
10.535953522,41.853992462,220.052612305
7.103528500,43.644191742,33.660449982
8.006810188,43.488807678,146.636474609
9.078689575,44.697425842,144.755859375
10.831210136,42.584487915,275.258636475
9.074863434,41.823795319,253.515197754
9.321778297,42.757518768,398.539825439
9.398007393,43.194576263,405.489685059
10.341221809,43.387527466,365.421997070
8.998557091,41.600082397,205.359085083
11.127232552,42.348423004,196.382034302
9.110406876,42.516685486,351.052337646
7.919631004,42.559898376,147.735488892
9.283044815,43.658229828,349.623687744
10.461157799,43.041645050,363.124938965
10.694549561,43.377838135,304.241912842
9.747018814,43.198802948,415.616912842
9.572047234,42.643024445,405.817535400
9.494967461,41.909862518,292.863159180
10.043142319,42.044750214,313.884582520
10.604331970,42.788414001,327.423980713
9.812195778,43.531711578,389.638122559
10.406015396,41.467250824,166.490661621
9.555797577,43.918052673,322.512664795
8.064595222,43.425155640,156.064254761
7.507136345,42.015365601,59.822784424
9.801331520,41.381156921,186.672973633
8.777190208,41.566040039,176.830184937
11.410835266,43.202102661,181.136230469
10.329991341,42.815196991,379.422424316
9.409269333,41.421398163,193.811096191
9.470863342,42.276382446,358.878479004
10.620624542,44.178974152,216.190078735
11.229279518,43.890426636,178.195541382
9.164047241,41.921977997,278.370452881
10.529363632,43.394165039,330.596099854
7.994162560,43.393356323,148.537704468
10.577220917,43.096797943,338.595764160
9.577647209,42.230224609,354.812774658
8.316165924,43.838172913,173.498596191
9.453586578,42.804405212,409.539215088
11.495422363,43.722373962,146.841659546
10.133525848,43.179935455,398.774200439
11.282695770,44.757461548,71.382850647
10.692205429,43.620098114,285.745513916
7.668097496,43.161594391,101.270683289
9.632594109,43.131828308,420.694946289
10.705746651,40.298194885,22.368637085
9.193388939,43.307777405,373.497009277
9.295855522,41.620967865,225.007797241
10.631664276,43.314746857,320.040740967
8.791596413,43.352691650,302.758972168
10.584286690,43.043167114,335.716735840
10.563265800,43.116134644,340.479278564
9.367471695,41.878452301,278.546020508
9.676770210,43.232166290,416.388519287
10.638533592,42.922767639,327.089416504
10.220116615,42.073261261,303.255187988
8.980072021,42.927482605,355.229919434
8.708072662,43.858119965,241.127380371
10.225831032,43.316970825,385.242767334
10.101604462,45.058917999,103.335922241
9.293836594,40.836433411,96.957832336
9.962000847,42.987270355,415.331634521
9.245182037,42.059043884,307.282440186
9.323511124,43.219211578,394.671081543
9.259883881,45.450328827,61.678287506
8.802196503,42.244754791,276.457458496
7.474080563,43.289356232,72.750907898
7.746294022,42.498416901,109.173194885
9.487030029,42.328144073,366.235931396
11.501573563,44.032268524,120.291862488
11.081837654,42.155452728,181.606735229
10.891294479,43.533874512,259.230438232
10.534107208,44.067310333,246.703216553
8.853937149,42.613555908,321.436798096
10.625296593,40.382255554,30.814788818
11.276028633,43.591007233,193.395080566
9.716997147,43.258380890,417.295074463
8.732765198,42.687931061,298.013427734
10.862984657,44.335895538,167.389526367
12.458925247,42.963947296,38.921344757
9.104147911,42.523639679,350.985900879
8.744658470,42.960018158,309.090332031
10.145433426,43.003631592,406.500122070
10.859047890,42.803657532,283.322021484
9.415249825,42.456604004,377.449035645
8.130065918,41.470104218,92.707572937
8.583542824,44.339302063,148.329498291
10.657960892,44.412837982,178.483062744
8.430489540,41.069248199,80.643257141
9.102644920,43.213691711,363.813201904
10.261390686,44.085845947,276.643066406
10.046980858,44.780540466,148.435958862
9.540095329,42.124794006,336.440856934
8.081482887,42.148902893,154.425079346
10.004818916,42.149154663,336.023223877
10.699442863,44.450199127,164.786529541
7.393114090,43.901924133,49.027290344
7.523096561,43.439373016,76.336593628
10.987571716,43.102729797,261.673187256
8.483011246,42.452442169,245.026336670
9.501055717,42.855628967,412.925415039
9.559803963,42.927989960,418.684173584
9.976181030,41.829299927,274.694305420
9.520681381,44.556133270,196.663772583
9.378055573,42.594036102,383.910247803
10.840898514,40.478687286,31.966703415
10.944079399,42.405967712,236.241607666
9.926629066,43.134193420,416.160675049
10.705168724,42.770278931,312.505615234
9.084674835,44.335720062,206.338684082
7.398527145,43.058208466,67.717361450
8.414774895,42.276298523,218.340820312
11.773957253,42.993278503,116.703796387
9.957770348,41.256309509,154.718612671
9.033656120,43.234432220,348.068695068
10.117458344,43.654758453,352.187500000
9.771328926,43.564876556,386.363830566
10.216483116,41.208133698,136.854461670
9.799706459,43.805774689,350.644256592
10.352581024,42.674015045,369.863861084
8.957074165,41.919559479,248.656967163
9.631647110,44.170951843,275.618896484
7.810896873,42.377983093,119.206939697
8.622898102,43.822830200,229.963211060
9.208391190,42.567234039,368.145019531
9.545751572,43.483264923,390.168884277
9.370311737,39.991729736,20.308181763
10.306013107,43.476917267,359.307250977
9.543159485,41.953838348,307.759643555
10.114480972,43.417110443,384.509918213
9.292668343,42.821140289,398.374694824
8.832544327,42.859283447,324.929504395
8.212271690,43.455192566,179.812011719
8.818332672,43.275978088,316.257781982
8.356738091,42.447814941,219.866546631
9.652211189,41.377174377,187.016983032
9.877848625,42.658725739,407.780242920
8.020344734,41.734630585,106.667671204
10.367820740,43.933429718,287.562011719
9.630792618,43.442634583,400.854492188
9.986544609,43.367496490,397.545379639
11.048685074,41.530876160,108.743316650
10.439161301,42.655864716,353.147857666
9.538441658,42.735622406,410.889892578
9.387553215,41.811676025,267.143524170
9.946040154,44.708816528,164.488433838
9.706567764,43.036487579,421.017547607
9.075401306,42.920398712,369.538024902
10.228867531,42.667629242,382.725982666
9.308897018,43.441139221,377.203338623
8.844696045,43.290370941,319.831695557
10.583022118,44.397823334,187.807815552
9.672318459,44.405471802,231.097625732
10.797110558,42.041660309,213.700759888
8.544762611,42.732910156,262.637725830
10.791636467,42.965587616,299.134002686
9.162043571,44.590114594,168.558090210
10.049605370,40.717277527,75.935607910
10.079861641,43.557914734,369.780487061
9.988309860,43.487586975,387.535278320
9.695425034,41.719478607,255.023315430
9.391996384,42.092258453,323.240509033
8.829959869,41.774803162,214.343414307
10.215189934,43.135768890,398.526763916
9.314535141,42.388534546,361.605102539
9.739277840,44.117069244,291.002868652
7.758484840,43.414749146,107.312080383
9.216988564,41.153285980,139.934051514
7.816997528,42.125091553,103.777679443
9.982210159,43.430934906,393.264221191
8.823719025,44.054893494,224.186889648
11.185684204,43.433959961,219.292922974
9.171298027,44.162292480,244.493957520
10.518096924,43.905281067,274.594360352
9.106237411,40.203319550,31.453477859
11.879491806,41.426994324,33.768913269
9.726932526,45.418617249,66.033660889
10.093277931,43.987121582,308.405944824
8.260304451,41.260208130,87.061721802
9.229997635,44.128623962,259.297058105
9.416451454,42.243236542,351.610900879
9.960667610,44.119808197,289.517639160
8.317760468,41.827331543,154.659652710
8.974031448,44.132511139,232.331390381
9.997522354,45.170024872,91.523475647
10.699146271,43.002777100,316.118103027
11.027778625,43.249370575,251.851760864
9.057779312,43.717849731,308.141906738
9.066373825,42.747474670,366.971252441
11.090483665,42.936592102,243.165786743
8.959559441,42.573535919,334.430877686
10.784491539,42.485332489,279.420501709
9.375829697,42.527580261,378.519317627
9.946626663,42.652381897,409.559112549
8.160864830,42.150691986,167.317977905
8.829912186,44.281192780,191.010040283
10.575374603,43.625133514,301.059906006
9.257342339,42.222080231,334.378295898
9.255183220,41.985992432,295.283813477
12.259901047,40.792552948,8.988148689
10.326709747,41.753322601,228.856414795
9.658357620,42.049869537,328.682250977
8.585071564,41.897678375,199.187194824
11.517686844,42.904884338,160.127029419
8.996998787,43.593658447,317.778778076
9.773050308,43.757907867,359.192779541
7.938444138,43.341476440,142.352233887
10.535395622,41.376274109,136.926315308
10.210896492,44.734054565,154.359115601
9.747842789,43.859279633,339.170196533
10.433271408,42.330368042,323.178131104
9.802467346,41.470878601,205.285736084
9.311397552,43.303562164,391.727142334
10.485801697,43.062484741,358.953765869
10.482684135,41.934967041,241.025848389
9.661003113,43.057151794,418.701660156
11.612292290,42.823707581,146.164260864
9.263684273,43.059223175,392.918212891
8.843586922,43.230628967,323.412689209
9.397645950,41.246543884,157.446640015
9.704113960,42.720329285,417.832580566
8.130277634,42.970737457,186.629104614
11.252057076,43.559177399,200.775161743
10.374628067,41.696376801,214.215438843
10.239599228,43.186321259,391.189208984
10.291746140,43.460502625,364.582611084
8.402919769,42.996471405,241.066024780
9.004830360,42.987789154,359.876281738
8.865300179,44.350341797,184.701126099
8.903728485,42.138931274,275.253906250
9.837286949,41.960773468,307.028778076
9.338037491,42.207908630,338.732299805
11.173872948,43.823677063,196.287460327
9.705231667,42.646656036,414.353820801
10.703618050,43.443077087,301.301025391
10.260753632,43.011680603,392.139160156
8.074470520,42.925407410,176.508178711
9.230211258,43.682929993,340.536804199
10.774542809,42.379920959,270.561523438
10.231085777,44.773754120,148.075195312
9.094987869,44.719795227,140.561904907
8.910115242,43.060832977,343.475372314
9.751555443,43.049373627,419.906677246
8.925023079,42.446689606,312.497650146
9.094980240,43.364837646,349.525451660
10.092736244,45.263816833,76.719749451
11.133689880,42.528030396,209.044586182
10.087570190,44.034992218,302.701171875
9.793302536,42.968231201,417.710235596
9.814275742,43.905151367,333.679840088
8.914380074,42.712203979,335.590270996
10.233134270,43.349319458,381.242980957
10.002283096,42.668071747,405.707580566
10.735236168,45.171741486,63.719852448
10.169116020,42.844696045,401.399841309
10.518441200,42.498741150,324.280914307
9.013010025,43.070682526,357.692352295
7.179903984,41.883922577,28.890466690
9.414738655,41.684482574,246.038253784
8.730057716,42.601123810,293.170623779
8.119735718,42.631801605,189.124771118
9.227430344,43.063278198,388.422119141
10.916884422,43.210376740,267.833770752
9.783762932,43.137329102,418.994964600
9.990093231,42.021133423,314.362579346
9.647925377,43.346626282,410.751800537
8.391941071,43.903526306,175.452957153
10.844077110,42.406497955,260.724914551
9.521363258,42.159683228,340.550018311
10.462080956,41.976650238,253.605682373
9.540224075,42.178955078,345.343231201
9.813654900,41.243644714,156.279922485
11.089162827,42.073265076,167.679168701
9.822595596,42.825351715,416.476318359
9.000586510,42.150093079,289.756927490
10.699099541,42.512233734,295.859313965
10.033870697,42.236377716,352.758819580
9.115519524,43.510120392,343.652404785
10.693109512,42.862556458,315.438964844
8.340781212,45.035827637,57.869091034
8.906151772,41.496284485,178.790359497
12.357125282,42.633842468,45.208259583
8.300968170,42.354434967,207.230728149
10.130245209,43.228183746,398.800689697
8.910971642,44.860595703,108.695281982
9.241121292,41.853187561,272.804595947
10.723394394,44.366935730,179.927352905
8.945207596,41.636524200,208.840270996
10.793139458,40.990550995,68.677505493
8.536079407,44.005317688,185.700332642
9.707347870,42.773937225,415.773712158
10.115517616,42.885097504,405.467681885
8.464014053,44.313949585,133.694732666
11.087715149,43.243206024,242.454757690
9.807834625,45.377498627,70.520256042
9.486268044,42.778297424,410.576507568
10.127182007,44.509193420,196.657699585
11.355471611,42.779300690,183.085189819
10.071031570,41.659790039,233.749877930
9.450724602,42.197582245,343.986602783
8.755868912,44.719448090,120.908142090
8.970414162,42.506267548,326.838500977
10.128549576,44.335697174,233.934341431
10.243816376,45.797229767,29.008323669
9.688033104,43.296588898,412.537384033
10.038301468,44.472923279,207.957748413
10.269939423,42.921642303,390.568756104
8.815212250,43.282318115,315.949584961
11.164045334,42.627490997,212.334930420
10.291644096,43.284019470,382.985443115
10.626220703,42.233119965,276.006469727
12.109347343,41.758712769,32.784381866
9.397150040,43.975967407,308.752105713
10.059433937,43.867858887,326.397827148
9.266598701,42.963069916,397.284942627
9.774932861,44.607131958,191.140640259
10.453129768,43.834545135,294.109741211
9.104774475,44.006755829,271.795684814
9.988282204,44.427017212,216.900405884
11.776761055,42.731105804,113.864517212
9.356397629,42.173828125,335.127899170
9.619121552,42.655849457,407.247558594
10.122204781,42.893306732,406.568786621
9.401101112,44.102458954,281.923614502
8.824820518,43.470981598,300.528564453
9.356759071,43.762241364,338.066192627
11.147962570,42.734775543,221.344665527
10.203733444,43.216667175,392.004913330
8.963278770,43.278659821,336.462554932
10.051821709,43.450744629,385.939788818
9.564301491,43.132064819,417.837554932
8.615089417,42.679759979,275.859405518
10.318663597,43.930347443,294.506805420
9.340386391,43.142585754,401.393249512
9.990754128,43.239353180,405.847320557
10.303474426,41.219795227,133.433517456
9.713376999,43.276905060,414.407562256
8.762370110,44.711860657,121.861602783
9.924260139,44.601276398,188.640777588
8.972177505,42.130573273,283.067413330
9.986952782,41.359184265,173.574417114
9.977665901,43.135093689,415.990142822
10.778366089,43.738914490,261.572967529
9.345223427,41.940376282,291.386932373
11.475006104,42.245758057,130.609786987
8.717176437,41.953018188,225.641433716
10.880005836,42.518974304,260.296813965
9.008996010,43.175563812,347.506591797
9.555755615,42.359779358,375.089477539
10.516692162,44.103187561,240.614273071
10.748018265,43.804794312,259.196960449
10.165326118,41.261985779,149.586395264
11.431951523,43.339862823,176.873580933
10.370857239,44.152835846,252.336975098
11.196053505,43.456272125,215.936111450
10.198246956,42.438648224,363.720794678
9.795790672,42.183712006,352.817382812
9.042759895,42.144298553,294.100585938
9.606677055,44.086967468,293.611114502
12.933675766,43.227371216,14.493881226
8.414287567,44.302856445,130.296005249
9.461916924,42.377265930,372.657501221
9.972550392,41.797248840,267.357543945
9.985163689,42.949497223,416.625244141
9.861078262,43.419288635,401.472198486
9.830192566,43.054210663,416.686218262
10.047015190,43.453273773,386.555847168
8.731218338,41.607883453,180.311523438
9.701063156,41.605136871,233.647171021
9.850232124,43.976619720,316.204040527
10.369812012,41.989704132,271.230194092
8.902438164,43.366172791,318.538696289
9.361402512,42.721218109,400.423675537
10.359607697,42.050586700,285.855102539
9.361466408,42.237789154,349.064422607
8.719571114,42.180793762,254.328765869
10.440162659,43.089694977,365.415954590
8.883540154,42.806770325,332.294189453
8.123893738,42.304561615,172.122024536
11.912275314,42.947628021,100.686904907
10.494359970,42.972385406,356.867034912
10.110870361,43.701129913,347.193695068
8.658083916,43.006935120,291.783203125
11.341566086,42.242374420,150.658721924
9.196261406,42.730182648,380.574615479
10.031724930,43.562789917,374.098052979
11.030112267,43.537372589,238.073211670
9.700647354,44.297039032,250.648666382
10.466812134,41.542194366,172.428573608
12.289069176,44.807796478,13.423695564
9.594486237,43.415782928,401.236389160
11.087059975,42.865673065,240.101119995
10.493052483,44.142452240,240.547103882
8.747875214,42.435543060,284.516510010
10.684108734,43.498687744,298.571258545
10.686497688,42.905303955,317.624633789
9.473695755,41.039234161,125.994583130
8.616700172,43.084938049,284.854766846
10.587258339,43.569049835,302.914459229
9.634458542,42.766101837,415.098022461
9.979880333,43.116085052,413.139465332
11.167245865,43.184314728,228.360244751
8.281455040,41.765316010,143.081634521
11.281459808,41.866714478,117.789199829
10.527197838,42.769500732,343.775909424
9.592942238,42.903739929,420.953643799
10.984086037,42.845031738,260.116729736
9.729381561,41.507068634,210.937271118
9.969390869,43.568916321,377.268096924
10.001846313,44.435768127,215.724487305
9.817872047,43.336849213,412.500640869
11.411204338,41.487857819,70.030914307
9.306875229,44.464031219,202.894485474
10.698829651,43.716255188,276.193786621
10.595351219,43.364940643,322.113037109
11.394298553,43.415634155,181.689804077
10.002568245,43.196830750,408.755004883
9.955564499,41.880855560,284.907043457
10.533373833,42.907432556,346.966827393
11.584615707,42.962223053,147.598236084
10.183619499,43.284477234,389.619598389
9.137144089,44.030010223,269.295989990
11.667764664,43.023094177,136.897338867
9.462222099,42.682846069,402.381652832
7.870338917,42.860061646,134.457214355
10.013698578,44.092632294,294.243591309
10.722748756,42.621376038,297.386627197
9.485877991,44.161777496,274.919647217
9.589237213,42.527843475,392.810882568
11.155219078,44.075458527,167.669815063
9.781492233,42.444095612,392.184509277
7.750820637,43.627578735,99.652435303
8.866331100,41.075141907,110.233917236
11.347521782,43.685840607,176.778839111
8.623692513,41.823471069,197.439727783
10.633662224,42.159904480,263.202545166
11.058850288,43.654331207,227.519531250
10.299297333,43.442569733,365.463836670
9.954152107,43.918384552,324.929199219
9.308620453,43.123825073,400.516235352
10.514647484,43.600864410,309.233642578
8.567713737,42.537464142,261.257080078
10.015503883,42.629859924,402.458923340
11.537359238,42.644721985,149.822021484
9.600481987,43.807304382,345.454193115
10.093233109,42.892597198,409.232055664
9.006207466,43.339385986,335.739410400
10.801796913,43.516967773,275.473846436
8.984517097,44.774646759,125.022369385
8.316123009,41.455188751,118.749992371
10.723258018,43.263713837,305.108093262
9.213202477,41.939304352,284.083343506
12.083500862,43.154964447,76.142623901
10.296901703,43.355758667,374.008483887
10.197508812,43.577968597,355.416870117
10.495124817,42.662651062,343.356048584
9.471058846,41.296852112,172.278396606
8.982396126,43.308986664,337.223083496
10.807723999,43.636913300,263.615417480
9.422008514,41.774700165,263.504608154
6.985341549,44.189605713,21.717006683
9.173471451,42.589408875,367.375366211
9.894274712,41.632312775,227.550323486
9.412919044,45.061344147,107.196357727
10.268087387,43.397121429,375.200714111
8.180206299,45.281475067,36.572834015
8.339905739,44.960197449,63.922882080
7.647644997,44.443237305,54.059875488
11.380755424,42.213462830,143.599395752
10.185280800,43.585353851,356.044342041
8.948905945,41.588756561,198.103652954
8.444983482,43.578880310,221.531402588
9.677585602,42.473571777,392.310546875
10.729468346,43.545940399,285.527770996
9.007238388,41.836669922,244.411590576
10.285962105,42.500289917,360.440979004
9.861906052,44.614173889,188.170898438
10.265028954,42.175605774,317.560913086
9.923361778,42.085227966,331.769775391
11.371222496,42.476295471,167.916625977
9.969971657,43.345603943,401.370697021
9.921951294,41.079322815,126.985977173
8.316279411,42.585521698,218.844619751
10.082132339,42.900093079,410.848205566
8.805553436,41.689449310,197.653793335
9.361143112,42.569396973,379.843658447
10.275537491,42.711555481,377.772338867
10.365408897,42.443222046,345.130645752
9.506743431,42.689826965,406.424468994
8.980334282,43.662990570,308.271545410
8.949105263,42.516231537,326.713775635
9.689580917,41.740493774,260.565887451
9.437766075,42.326568604,364.705871582
9.374547005,42.977943420,406.939880371
8.962787628,42.817798615,349.796264648
11.071369171,43.012073517,247.900436401
10.907962799,43.384368896,262.885345459
10.536861420,42.263412476,298.635223389
9.867608070,43.171787262,415.058746338
9.150074959,42.215045929,321.198242188
8.272435188,44.534011841,97.157096863
8.790297508,44.384094238,172.753555298
9.295207977,42.175380707,332.672576904
10.385219574,42.406681061,337.856597900
10.331159592,42.705062866,373.451019287
10.243124962,42.069686890,302.241790771
10.594052315,43.525844574,308.670257568
8.843050003,45.680809021,34.859832764
10.302824020,45.328338623,64.513381958
11.362968445,42.849037170,182.881362915
9.350428581,42.634414673,385.823944092
7.932672024,42.342037201,138.509735107
10.009467125,44.563831329,190.740203857
8.989929199,43.919929504,269.906372070
8.510107040,42.451553345,247.687698364
9.305060387,43.409683228,381.131439209
10.220010757,44.000213623,293.212890625
10.533537865,43.281040192,336.153961182
10.153065681,44.626403809,175.304687500
9.251774788,43.812602997,317.663177490
7.954556942,43.449207306,141.893249512
9.279451370,43.040443420,396.111572266
10.802786827,43.202518463,290.493957520
10.647888184,44.511638641,163.398437500
10.151794434,44.208915710,255.229705811
9.436140060,43.029663086,410.291320801
9.240081787,44.080852509,269.853240967
10.176792145,42.530639648,374.780334473
9.917369843,44.079441071,299.640289307
9.723432541,42.088939667,336.057647705
9.894612312,41.057308197,124.599479675
10.531471252,42.616546631,335.965423584
9.293390274,43.913570404,307.957611084
8.397538185,44.984970093,64.873291016
9.282458305,42.514621735,371.171875000
10.783925056,43.746566772,258.028381348
12.213930130,42.826667786,57.510211945
9.642293930,41.558555603,223.497192383
9.430598259,42.316440582,359.912475586
9.313933372,41.293685913,168.395614624
11.423308372,41.621269226,83.134506226
6.960497856,41.849449158,17.612668991
9.158861160,41.888320923,271.035308838
10.861003876,42.900035858,281.089355469
9.788085938,43.648265839,374.820098877
10.048713684,44.016441345,306.790588379
8.653223038,42.490356445,275.327087402
10.428668022,40.503318787,45.120788574
8.387516022,43.538864136,212.870986938
9.282451630,43.973979950,297.201599121
10.571881294,41.839778900,213.847198486
10.169358253,44.239570618,249.022857666
9.910135269,42.060409546,325.086395264
10.642090797,43.673297882,286.839202881
10.305311203,43.753810883,318.116912842
6.768087864,43.918811798,15.540354729
11.570832253,43.474510193,146.984664917
9.955430031,43.734310150,355.324523926
10.100926399,43.689655304,349.137664795
9.764171600,42.271167755,363.824798584
8.758378029,42.039680481,236.582901001
8.389657974,41.970130920,184.273284912
11.523966789,43.791969299,132.726242065
9.137673378,42.647480011,366.601379395
9.875258446,42.382328033,381.697784424
9.830217361,43.815479279,348.901153564
9.726958275,43.373889923,409.435913086
10.649191856,42.765743256,320.913696289
10.047491074,42.728496552,405.391510010
9.734171867,42.713142395,419.607147217
9.233831406,43.211585999,385.243927002
10.329246521,43.184177399,380.514923096
10.261427879,42.299942017,338.093322754
8.558965683,43.454917908,253.469665527
10.450582504,43.087730408,364.930450439
11.110736847,43.945571899,194.028793335
12.443271637,42.837066650,38.960895538
8.763852119,42.297737122,275.107238770
9.197202682,43.513904572,355.974029541
7.604632378,44.356422424,52.868984222
9.523404121,42.791080475,414.526672363
8.683357239,42.923648834,298.519622803
9.775940895,42.915927887,418.127319336
10.101759911,42.448242188,372.232391357
8.866885185,43.586200714,303.796203613
20.651342392,9.173817635,410.351745605
21.611701965,7.954071999,214.666900635
19.697435379,10.233856201,212.645019531
19.069791794,7.667224407,134.713577271
21.370536804,9.214837074,335.112182617
20.657907486,8.884977341,412.466461182
20.583942413,8.884524345,419.548309326
21.908117294,8.578488350,222.117874146
20.391302109,10.771085739,157.222274780
20.580184937,11.208653450,92.839607239
20.447694778,10.344051361,235.028503418
18.897331238,9.130281448,185.049072266
18.968202591,9.821090698,158.313446045
19.339807510,9.260406494,268.953125000
20.270479202,7.818433285,274.869964600
18.933315277,8.465596199,180.360794067
22.293304443,8.683151245,150.931671143
21.469896317,8.919593811,320.233306885
21.429401398,7.149725437,113.694465637
20.149486542,9.926042557,313.248321533
20.389419556,8.890181541,416.483978271
20.122213364,10.126015663,276.421875000
20.850189209,9.020658493,400.195617676
21.195730209,9.564861298,325.174835205
20.765262604,10.523668289,200.667373657
20.492387772,9.254717827,409.778442383
19.909723282,9.126751900,385.404876709
22.140436172,8.333378792,165.887130737
19.419082642,9.973396301,217.813980103
20.403909683,9.072640419,419.304321289
20.507562637,9.055758476,419.543334961
21.403205872,8.137512207,265.806091309
19.540901184,9.061604500,318.760009766
18.946235657,7.603582859,112.103759766
22.419359207,9.734105110,102.113754272
20.542617798,10.214643478,261.650482178
19.512075424,8.661033630,305.119201660
21.176128387,9.867308617,286.471832275
21.065591812,6.435397625,39.299224854
19.584592819,9.453704834,302.473175049
20.196723938,11.516868591,54.932121277
21.479232788,9.534718513,288.501403809
19.435726166,8.941339493,299.084808350
20.793878555,10.104420662,275.319427490
21.433805466,10.009625435,238.579589844
19.628763199,10.388788223,182.838439941
19.172245026,8.440722466,227.381530762
20.983446121,8.826745033,387.154388428
19.546638489,8.155086517,255.411544800
19.004421234,9.508611679,189.680740356
21.813243866,8.876242638,251.849761963
20.152326584,7.504313469,206.819168091
21.465877533,11.187940598,69.691032410
18.755218506,7.913203716,117.094520569
19.873083115,8.412318230,334.637359619
20.780021667,10.590886116,188.701248169
21.561271667,9.504234314,275.914276123
19.828746796,7.857008457,243.370269775
19.755899429,10.524703026,174.648620605
20.490932465,8.529800415,392.963073730
20.368919373,9.801255226,341.380584717
19.239826202,10.391510963,136.110992432
20.709152222,8.760293007,407.473358154
20.995521545,9.195034027,383.962158203
20.208478928,8.723925591,401.037689209
19.683813095,9.633027077,300.631683350
20.020681381,8.020378113,293.394104004
20.718538284,10.305777550,241.742767334
20.504329681,8.368535042,373.055755615
20.956571579,10.913349152,129.961090088
19.100769043,9.358839035,217.243377686
20.757761002,10.138170242,268.644470215
21.543584824,8.789927483,299.270263672
18.868158340,9.783200264,145.397430420
19.717481613,8.029895782,260.990020752
21.701025009,8.065786362,215.697280884
21.955520630,9.312480927,210.570831299
20.871793747,9.283901215,389.018432617
18.914251328,7.200247765,74.720275879
20.768228531,9.544644356,370.887756348
20.635286331,8.155101776,343.034454346
20.571598053,8.894602776,417.826690674
19.595516205,9.990609169,237.207321167
18.822399139,9.565379143,154.834808350
20.936998367,9.986348152,293.740447998
19.547363281,9.078043938,319.622467041
22.723840714,9.638710976,70.455467224
20.653257370,9.515797615,381.858459473
20.638851166,11.167534828,98.430511475
21.536312103,8.891021729,303.614715576
20.805006027,8.585838318,393.784240723
21.762525558,7.570531845,142.932388306
18.947937012,10.435351372,97.821548462
22.705795288,9.444941521,76.417526245
20.665412903,9.633904457,360.288208008
19.905622482,9.147880554,384.399597168
20.591583252,9.603200912,368.668701172
18.994676590,8.469601631,191.603561401
21.397670746,8.301042557,290.108398438
19.559314728,11.018709183,84.687179565
20.590793610,8.397718430,378.967742920
18.860303879,9.705983162,148.837463379
21.251811981,8.677877426,350.941833496
19.450445175,8.952087402,301.751678467
19.716819763,8.034543037,262.375091553
20.449462891,7.925246239,298.330261230
20.799324036,9.584629059,367.652160645
19.713043213,7.608391285,194.542724609
22.113954544,8.036366463,145.366500854
19.892732620,9.189653397,378.412750244
21.152044296,8.720319748,365.209564209
21.013469696,8.575650215,370.667205811
19.581504822,10.402953148,179.056777954
23.041116714,10.672606468,14.974861145
20.694482803,10.810071945,153.811752319
20.908378601,8.499350548,374.366638184
21.019054413,8.882244110,384.560211182
19.569557190,8.078314781,249.418975830
21.354726791,7.130104542,116.531990051
21.156812668,7.347053051,166.630630493
18.431499481,7.137790203,40.011402130
22.519439697,8.780402184,110.669723511
20.639259338,10.395891190,225.411544800
21.486854553,7.585131168,177.105163574
21.421682358,9.160818100,326.519714355
20.210996628,9.000927925,416.870117188
21.832487106,8.090670586,199.369750977
20.953561783,8.966979027,391.000305176
18.755510330,8.174383163,138.054519653
20.745889664,10.273978233,246.126403809
21.554006577,9.573848724,269.557739258
19.737400055,10.777850151,133.077453613
20.767915726,7.970271111,299.907745361
20.369770050,9.872884750,331.935089111
20.560293198,9.863501549,330.603088379
21.656368256,9.377167702,272.332122803
19.694972992,9.112091064,343.323638916
20.597841263,10.835983276,149.928771973
18.926353455,8.841814041,186.564483643
19.968582153,9.311741829,380.258026123
18.115110397,10.091561317,43.973735809
20.566423416,7.131935596,147.692459106
20.191562653,9.585598946,369.986846924
18.961227417,8.979858398,196.376647949
19.495201111,8.420651436,281.156860352
20.579414368,9.160086632,415.885223389
20.081932068,9.249432564,399.405303955
21.370653152,8.697722435,328.413940430
21.984243393,10.438850403,104.279983521
20.123973846,8.338795662,352.729370117
18.888502121,8.850067139,179.386276245
20.189237595,9.755687714,341.541564941
19.043014526,8.699245453,208.455917358
21.521419525,8.246279716,264.433502197
19.790313721,7.529696465,186.549591064
23.173248291,8.229163170,30.141092300
19.252328873,8.172785759,211.655670166
19.778379440,8.707246780,350.997100830
21.378047943,8.678313255,325.324707031
19.629852295,7.525298119,173.142303467
20.574533463,9.019175529,419.783203125
22.083606720,9.069084167,190.807769775
20.453666687,7.925982952,297.788970947
20.246723175,8.538162231,385.974700928
20.182510376,8.017381668,309.215759277
21.091005325,8.834191322,375.628265381
20.352321625,7.262590408,168.739471436
21.046319962,9.463651657,358.286193848
19.713546753,9.966757774,256.944793701
19.187917709,8.954766273,248.392440796
20.281467438,7.659461975,243.615432739
20.742378235,10.679206848,178.036056519
20.620309830,8.513614655,390.203491211
20.999698639,9.082356453,388.617279053
20.580436707,8.551094055,396.519470215
21.974651337,9.432999611,198.500564575
20.024003983,8.868632317,395.488006592
19.811807632,8.368345261,323.440704346
19.911949158,7.842325211,249.602279663
21.329952240,8.685595512,336.943389893
21.106801987,8.306510925,327.047058105
20.492313385,8.265596390,361.330444336
21.272342682,8.728217125,348.913940430
19.821802139,7.334933281,158.706085205
20.828342438,8.268251419,349.068511963
20.536895752,8.484906197,387.246704102
21.506864548,9.520781517,284.418823242
20.999887466,8.360515594,345.781036377
21.018964767,10.691468239,163.502456665
19.720489502,9.148975372,347.291503906
18.903457642,10.375198364,95.847785950
20.154762268,9.759215355,341.333160400
18.829446793,10.774175644,59.074825287
20.195804596,9.522294044,378.542541504
20.703493118,8.721165657,405.684173584
22.238468170,7.328590393,68.530487061
20.851388931,9.887282372,317.239013672
20.522819519,8.858466148,416.994506836
20.409988403,7.749000072,265.756896973
20.590803146,9.489354134,385.684387207
20.621274948,8.704360962,406.132476807
20.062950134,8.697340012,383.800476074
21.810419083,6.890001774,59.931934357
20.592746735,8.648881912,403.331787109
22.008483887,9.032129288,210.228210449
22.037601471,6.852746487,49.671260834
21.012260437,9.256694794,378.574584961
21.943208694,7.335288048,95.166221619
20.397640228,9.042696953,420.675018311
20.056879044,10.193214417,258.305999756
20.213993073,11.011399269,117.535354614
21.606853485,9.927470207,222.379928589
21.111974716,7.912940979,270.562927246
20.121578217,9.549387932,371.609527588
21.230232239,10.283820152,215.034759521
20.085233688,8.116483688,318.534576416
21.411779404,8.167010307,269.589050293
21.425987244,10.176372528,215.024963379
21.008829117,8.619057655,372.561981201
20.593757629,9.570102692,372.980651855
20.562860489,11.174932480,98.214836121
19.562004089,7.973968029,231.979370117
19.575778961,8.387056351,291.393676758
18.373743057,8.346985817,95.079704285
19.899391174,9.055150986,387.280181885
20.970476151,7.736420155,253.450271606
21.452730179,10.778879166,117.196769714
20.344390869,10.551008224,192.181472778
20.751665115,10.965368271,125.506668091
21.669958115,7.412732124,129.201385498
20.571302414,10.030961990,296.601470947
20.583221436,8.939753532,419.224182129
21.822439194,8.266782761,219.697158813
20.570190430,9.300262451,408.678375244
20.218883514,8.956507683,415.910949707
21.327697754,9.409474373,324.999450684
19.743957520,7.872512817,236.822494507
19.763572693,8.977885246,357.590698242
20.392734528,8.144679070,344.299774170
19.954524994,7.456597328,182.806304932
20.970529556,8.936617851,389.324707031
19.292888641,9.005256653,270.372924805
21.895298004,8.236701012,202.554458618
21.867813110,8.653179169,233.043350220
20.750503540,9.074387550,408.018341064
21.954198837,9.135070801,220.066070557
19.410774231,7.665666103,171.884552002
19.019754410,7.264666557,86.973548889
20.598810196,8.018261909,318.943786621
20.471862793,8.272777557,362.170593262
19.781890869,8.495791435,333.534851074
21.256259918,9.905781746,271.148803711
20.923847198,7.986814022,296.823303223
21.196306229,9.665533066,311.421752930
20.827322006,8.373016357,363.152374268
21.261535645,9.399455070,333.846771240
17.435817719,9.621088982,14.022585869
18.638933182,9.640197754,119.325851440
20.398603439,10.170248032,273.046081543
20.454513550,8.090022087,332.147277832
20.405321121,10.036442757,299.020477295
20.578922272,8.862301826,420.000061035
21.296228409,9.186995506,342.482818604
20.546747208,10.342697144,236.753524780
22.107789993,9.589962959,163.142333984
20.266716003,10.473547935,209.759002686
21.735794067,9.695533752,227.479843140
19.336599350,9.117308617,280.463714600
19.809003830,8.817624092,362.924011230
20.792732239,9.076795578,404.741882324
20.077499390,10.249589920,251.518554688
18.856544495,9.706820488,148.673156738
18.695192337,9.359234810,141.974990845
19.665771484,9.854940414,268.905151367
20.639127731,9.224343300,409.510162354
19.534395218,8.322066307,275.384094238
20.759893417,9.560206413,368.645721436
23.481771469,9.199495316,19.617504120
21.528713226,7.419702530,144.866378784
19.222784042,8.621141434,251.118103027
19.355247498,10.463035583,142.349838257
20.142456055,10.358818054,228.942565918
22.039457321,9.019415855,202.473449707
21.054475784,8.920536995,378.543853760
21.091112137,9.459978104,350.675170898
20.429025650,9.481606483,385.805725098
22.276371002,9.689652443,128.340225220
20.878475189,9.101406097,398.163421631
19.540002823,7.949339867,227.216949463
20.876031876,7.607245445,236.086746216
19.786348343,10.258148193,220.194580078
22.466905594,7.310680389,53.984001160
22.179325104,8.765198708,173.615325928
20.537670135,8.863224983,417.037658691
21.633218765,7.368959904,128.551986694
21.008838654,8.031765938,300.228332520
21.123464584,10.519433022,184.188552856
20.552257538,9.350791931,401.861785889
20.962226868,8.177042961,330.973937988
22.064313889,10.683104515,76.029426575
21.254459381,9.049921989,353.485046387
20.090782166,8.350146294,352.970092773
22.263511658,10.391051292,78.642959595
20.489013672,7.396706104,202.272796631
17.720663071,7.893209934,21.892379761
20.422054291,10.377326012,229.489517212
19.901018143,9.481451988,352.061096191
21.855855942,9.105173111,240.006866455
20.410226822,7.667872906,252.567733765
19.350200653,9.392736435,261.542388916
20.351768494,9.099167824,417.243347168
20.505397797,9.640780449,362.427154541
19.767988205,8.641056061,346.304260254
22.448858261,8.176850319,105.839424133
20.271099091,8.387249947,374.856536865
20.997457504,9.999029160,285.598602295
20.054464340,8.545222282,372.716156006
20.273693085,9.506470680,381.660095215
19.813280106,8.600676537,349.241882324
18.180480957,7.594891548,44.376960754
20.440231323,9.874501228,329.362670898
20.847751617,7.877868176,286.509613037
19.152418137,9.151316643,236.384414673
18.899871826,10.042563438,128.372650146
20.616571426,7.369316578,189.804489136
19.586721420,8.252325058,278.668212891
19.779481888,7.486703396,177.076599121
19.678012848,8.292235374,295.022979736
19.841388702,10.104593277,253.808944702
20.657503128,7.983379364,307.723510742
20.218053818,8.097079277,328.539031982
20.252668381,9.852146149,331.455902100
20.804946899,11.262237549,83.385314941
20.928602219,8.063041687,315.119415283
21.362415314,10.056568146,240.751159668
21.646842957,7.882395744,203.898071289
20.405036926,10.108448982,286.725433350
18.867946625,8.477219582,171.608871460
19.125738144,8.044066429,179.341430664
19.540218353,10.227206230,197.159332275
20.318138123,8.113281250,332.062805176
19.517068863,9.118303299,306.791442871
20.541540146,10.320711136,241.554275513
21.052692413,7.544838905,210.717895508
19.923694611,10.046709061,269.150054932
19.931592941,10.711208344,154.571334839
19.454385757,9.549249649,270.653106689
19.691459656,8.467041016,319.960266113
21.651256561,8.849569321,282.334808350
21.366127014,9.449927330,314.071533203
21.306541443,8.088448524,272.255859375
20.331100464,9.400889397,395.454376221
19.703601837,10.606136322,158.920349121
19.775447845,8.676632881,349.753265381
19.546115875,6.833328724,68.704460144
22.349594116,8.772297859,141.355895996
20.104761124,8.777921677,394.202178955
21.972539902,8.011529922,160.814376831
21.232242584,8.552848816,342.407196045
19.956005096,9.543694496,348.950042725
21.540916443,8.462733269,288.166839600
19.783826828,7.807540894,231.959945679
21.656179428,8.401380539,254.572692871
18.703544617,10.386589050,77.131820679
19.182815552,9.756096840,202.515182495
20.736103058,9.264552116,399.624938965
19.968299866,9.342227936,379.518920898
18.884895325,9.564674377,166.747863770
22.109685898,9.860663414,140.319839478
18.533134460,7.992427826,95.153015137
20.364879608,9.463573456,384.719451904
20.446022034,8.483422279,387.063873291
21.147975922,10.140788078,250.840759277
20.320381165,9.705566406,352.461456299
17.973625183,8.039127350,39.168487549
20.231416702,8.488070488,379.812561035
20.885473251,9.990386963,295.249938965
21.059343338,8.354411125,338.351531982
19.029907227,9.533600807,194.156234741
18.714498520,9.629673958,130.128829956
20.364225388,7.800801754,273.769256592
20.839933395,8.973760605,400.674560547
20.516077042,8.892413139,416.010833740
20.972198486,9.901070595,305.339050293
21.049289703,9.988769531,284.688781738
20.508535385,10.595095634,187.562362671
21.123785019,8.432942390,340.798309326
19.458780289,9.182433128,295.887298584
19.246152878,8.003260612,193.341125488
20.791761398,8.368749619,366.063476562
19.619358063,8.942161560,334.153656006
20.625352859,8.770802498,411.431915283
20.175128937,9.831279755,330.528625488
20.895103455,8.753210068,397.404327393
23.016996384,9.170468330,47.122730255
21.684680939,8.415655136,250.952575684
19.189733505,8.184880257,204.358856201
20.284666061,8.480028152,382.909576416
21.889060974,8.856595039,236.225967407
21.014144897,8.930155754,386.055786133
20.119121552,9.014632225,407.373413086
22.266727448,8.208687782,134.867340088
21.319665909,7.950629234,249.445144653
20.093048096,8.980219841,406.049041748
20.879051208,10.459765434,207.114288330
20.502592087,8.133021355,340.165924072
21.202716827,8.612466812,348.811767578
20.791357040,8.860414505,400.721038818
18.609218597,9.484935760,124.104293823
21.136043549,9.903241158,288.179595947
22.353137970,7.781532764,97.302619934
21.069183350,9.385931969,361.695281982
20.133592606,9.373743057,390.445953369
21.052322388,7.757952690,246.336807251
20.798898697,8.058651924,317.449615479
19.900817871,7.201891899,141.653991699
20.079315186,8.773065567,393.934417725
21.102531433,8.977536201,375.944274902
19.010387421,9.838784218,162.031585693
20.434087753,9.465006828,387.601074219
21.518611908,10.399241447,165.825302124
22.513902664,8.904397964,112.020393372
20.863800049,7.898275375,287.951293945
21.614274979,7.791749001,195.602493286
18.747423172,9.807023048,125.796089172
20.030979156,9.754243851,335.003204346
20.960750580,7.346633911,169.656494141
17.832996368,7.880034924,28.433361053
20.569166183,7.754860401,267.757568359
19.899913788,7.517695904,189.761764526
20.722553253,9.067462921,409.733917236
20.071283340,10.373702049,222.762863159
22.050390244,9.541903496,176.408691406
18.752904892,7.871946335,111.411216736
20.959806442,8.348078728,347.619232178
20.065584183,9.875603676,316.236694336
21.063550949,10.290790558,230.186737061
20.123466492,10.351861954,230.806091309
19.998544693,10.476127625,202.406478882
20.658510208,8.116127014,333.627136230
18.921455383,8.675164223,184.394149780
20.296442032,9.834298134,336.580902100
20.442085266,8.544204712,393.839752197
21.629713058,8.751810074,284.324707031
19.976432800,9.551245689,349.347167969
20.062847137,9.635438919,352.996063232
19.955759048,8.753677368,376.544616699
20.704853058,8.602510452,398.184661865
20.539224625,9.792108536,340.055938721
20.963277817,9.457606316,369.769897461
19.917243958,9.829466820,312.978088379
21.222236633,9.981056213,267.391754150
19.826309204,8.804178238,363.547821045
21.186208725,8.367821693,325.929077148
20.326553345,10.902441978,136.287399292
22.504436493,10.216577530,67.929656982
21.491260529,7.957385540,231.088912964
21.065237045,8.617520332,369.438385010
19.494102478,8.467630386,285.363372803
20.668340683,8.429281235,384.460449219
20.001874924,9.768677711,331.718627930
20.696781158,9.210094452,408.627258301
20.664546967,8.300933838,363.552520752
19.182104111,9.287200928,238.151336670
20.045639038,6.965854168,109.115966797
20.160108566,7.884418488,283.002899170
21.251325607,9.498261452,329.105804443
21.049568176,8.311594963,334.525054932
21.284227371,9.296286583,337.818603516
20.142820358,8.523299217,375.834899902
21.445383072,8.503032684,302.788391113
20.856330872,10.010593414,292.396636963
22.462017059,10.640509605,44.991191864
21.453498840,7.470725060,164.475433350
19.863626480,8.428549767,337.221496582
22.205825806,8.277318954,149.983901978
20.938840866,9.077503204,394.270111084
19.617547989,9.358460426,315.920227051
20.950971603,7.720861912,251.122879028
21.775552750,6.890126705,62.701648712
19.961917877,9.948606491,291.130584717
19.359416962,9.326902390,267.881286621
19.256315231,8.883612633,261.852905273
18.238903046,8.134064674,67.798828125
19.009754181,8.574872971,200.873107910
20.137443542,8.302972794,351.492187500
21.350587845,8.089756966,267.144348145
21.187061310,10.605912209,163.805618286
20.691740036,8.118966103,333.499572754
19.303337097,8.266851425,232.149063110
21.257318497,9.132226944,350.635406494
21.489469528,9.746967316,262.043090820
20.693485260,9.450124741,389.212005615
22.407920837,10.392292976,63.499359131
20.249929428,9.966316223,314.886566162
21.138526917,10.113024712,257.903015137
21.224290848,8.002469063,269.899688721
18.932991028,9.549263954,176.466293335
22.455293655,8.200972557,105.901397705
20.364585876,7.940888882,301.495971680
21.730504990,6.671469688,45.661518097
18.289014816,9.351656914,83.387580872
20.470331192,8.497014046,389.446929932
20.251581192,9.513624191,381.077484131
20.138872147,7.879711628,280.564483643
19.625312805,9.864975929,257.256317139
20.027933121,7.591359138,216.379669189
20.654853821,9.481631279,386.084899902
21.881635666,9.194540024,232.761718750
19.892963409,9.450644493,353.268188477
21.279850006,8.937731743,350.360778809
20.508075714,9.236769676,413.272155762
20.482818604,9.226750374,412.792083740
19.530761719,7.826199055,208.648971558
19.716564178,9.618847847,306.732849121
20.811471939,10.016875267,292.229858398
20.365983963,7.832995415,279.242523193
21.697229385,8.957869530,272.242156982
21.836130142,9.574583054,219.762390137
22.741292953,8.756863594,81.872314453
21.453399658,9.868000984,254.693511963
19.997549057,8.804154396,390.262573242
19.090936661,7.427840233,106.929870605
20.679243088,9.769643784,342.877960205
21.190698624,9.316660881,352.517791748
21.415693283,8.386939049,296.284149170
20.280141830,9.714158058,351.533172607
20.985794067,8.766448021,384.014068604
21.873470306,7.684635162,145.616348267
20.033996582,8.693239212,382.745239258
21.369209290,8.979022026,335.993164062
19.291183472,9.490640640,245.062194824
21.640220642,9.715941429,243.385910034
21.171829224,7.102323055,121.468315125
19.652788162,9.458717346,310.486663818
20.497787476,9.499194145,386.095916748
19.286333084,8.915142059,267.969055176
19.162893295,7.022957802,72.393035889
20.848453522,9.819225311,328.335662842
20.798292160,8.943639755,405.223236084
18.990661621,9.982743263,144.398254395
20.508630753,10.936198235,135.131866455
21.494989395,6.971511364,89.499488831
21.307723999,7.580101490,194.804763794
19.793180466,8.725879669,354.344360352
20.458612442,9.374201775,396.159088135
19.529819489,7.825944424,208.608169556
21.153280258,8.963386536,370.854675293
20.727048874,6.782953262,89.099433899
20.375537872,8.085906982,332.485961914
19.632049561,9.898571014,253.142990112
19.457004547,7.883739948,207.124420166
20.221664429,9.426925659,390.736083984
19.668661118,10.210781097,214.581466675
22.002523422,8.095189095,168.115646362
20.307594299,8.197960854,349.032012939
18.867292404,9.279647827,177.152404785
21.286270142,10.988500595,98.326026917
19.655265808,10.312871933,195.891738892
21.895029068,9.174489975,230.378326416
21.154838562,9.849909782,295.211639404
22.526775360,9.454444885,103.847145081
20.492536545,8.110467911,338.917083740
20.857995987,10.000801086,294.661651611
20.797285080,8.196713448,343.242095947
20.641752243,8.847482681,412.866241455
20.817413330,7.314788342,177.184738159
21.103464127,9.572059631,335.757659912
20.997528076,8.972873688,390.182098389
18.746738434,8.957313538,162.050262451
21.613389969,8.116507530,234.731826782
18.563405991,7.436078548,64.429779053
20.866701126,9.349513054,386.796295166
21.438968658,8.921377182,323.207153320
19.052347183,8.158132553,181.664154053
21.371515274,9.117132187,335.923553467
21.202505112,9.411425591,336.700500488
20.347715378,8.802629471,411.835357666
22.409776688,9.391310692,125.116889954
20.424087524,9.432056427,392.276733398
20.775581360,6.819280148,93.918357849
21.202758789,10.797575951,131.562332153
19.772396088,10.430672646,188.874923706
20.295804977,9.270108223,407.579620361
21.623035431,8.256634712,249.512939453
21.795169830,7.762419224,166.613235474
19.677520752,8.383116722,309.465057373
21.214679718,8.635762215,350.011718750
19.032701492,8.760104179,205.897247314
19.768453598,9.707930565,309.287536621
20.209440231,9.047410965,414.838867188
20.147203445,9.410575867,387.259704590
20.369085312,9.301835060,402.837249756
17.959285736,9.073887825,57.280509949
20.966588974,8.777356148,387.171356201
21.222066879,9.715243340,303.690887451
21.856889725,9.081448555,239.487396240
18.638874054,6.691137314,29.066041946
18.950834274,8.938729286,194.576965332
20.395370483,9.252876282,407.271179199
19.927429199,8.240145683,321.088775635
21.107723236,9.632560730,326.218597412
20.296024323,8.938159943,417.978912354
20.956989288,9.480979919,365.544372559
19.408695221,8.257062912,245.894073486
19.322128296,8.469730377,255.542327881
21.365009308,9.522908211,306.687622070
19.454576492,9.488903046,274.547424316
20.638517380,8.482709885,386.626403809
19.146215439,8.801813126,237.553085327
21.232618332,6.813539028,80.513671875
20.156551361,11.230919838,85.487052917
21.225311279,9.236469269,348.542816162
19.815490723,8.298306465,316.823486328
20.469387054,10.579500198,189.328903198
21.018264771,8.104477882,314.443084717
21.729461670,8.684041977,261.307739258
22.250020981,8.410033226,149.341491699
19.549409866,9.151266098,313.694641113
21.535001755,10.014081001,224.827026367
20.711866379,7.988539696,305.771179199
20.047334671,6.958354950,107.026229858
19.639553070,8.798179626,336.947570801
20.941677094,8.637182236,384.739746094
20.495697021,8.580451012,398.111236572
21.303701401,8.077523232,270.677886963
21.390222549,10.937517166,98.879585266
21.025465012,8.449544907,354.318328857
20.016405106,10.186473846,257.217315674
19.426086426,8.022831917,222.439941406
19.388227463,7.698122978,175.456756592
19.507858276,9.766541481,253.147171021
21.654958725,8.279563904,245.553024292
20.760009766,9.735793114,347.052825928
20.653240204,8.021694183,318.318023682
19.082273483,9.987064362,159.090316772
21.048854828,9.553592682,342.558929443
19.445028305,9.211613655,289.955841064
21.181674957,9.290670395,354.132293701
19.807651520,9.988897324,268.315643311
19.025043488,9.905378342,159.749694824
21.633731842,10.548967361,131.006439209
20.210182190,7.977206707,300.909210205
21.346555710,8.277420998,294.506652832
20.596670151,8.659173965,402.941314697
19.650602341,9.297636032,329.034240723
19.160659790,9.568841934,213.228576660
19.585744858,7.244905472,125.650917053
20.502567291,9.408270836,394.673889160
21.129610062,9.794990540,305.701843262
18.199035645,7.971492290,56.879199982
20.659328461,10.495639801,205.854064941
21.336420059,10.877976418,111.943717957
20.027736664,9.251053810,397.108428955
19.452703476,8.572284698,287.590454102
19.817378998,8.342647552,320.964813232
20.159225464,8.979353905,413.856811523
20.574888229,9.520090103,381.029998779
20.692663193,8.632591248,399.710449219
20.030096054,8.669505119,380.362060547
20.103637695,9.467607498,381.322296143
21.418199539,10.250680923,204.337860107
19.754972458,9.446008682,332.406585693
19.157995224,9.349811554,228.860198975
21.635347366,8.827047348,285.051635742
21.625310898,7.838068962,200.020965576
19.664030075,8.840826988,340.394287109
21.574886322,8.559206963,285.332122803
20.099123001,7.985008240,292.051483154
20.755556107,10.223331451,256.516326904
21.253355026,9.673287392,305.796722412
20.345701218,8.413327217,379.404785156
21.229921341,8.944725990,361.929992676
20.379066467,9.874876976,330.109863281
20.354887009,8.138860703,341.755950928
21.461864471,9.057356834,318.162109375
19.515645981,7.863730907,213.889511108
20.648086548,11.314045906,79.151580811
20.159854889,8.640362740,388.493957520
22.076446533,8.919355392,188.565368652
19.104207993,7.403840065,107.185546875
21.779338837,9.642991066,222.961776733
21.378801346,8.918880463,333.748321533
19.825963974,8.759473801,360.518768311
20.688707352,8.138325691,336.936553955
21.114124298,7.717040539,235.114791870
20.219917297,8.772628784,405.097076416
19.861656189,6.771131039,74.347854614
21.000545502,8.220886230,332.641723633
21.878383636,8.634654045,228.637023926
20.011316299,9.068158150,398.412963867
21.606115341,8.413228989,265.365875244
21.567413330,10.416940689,155.764297485
21.542997360,10.603068352,131.605484009
21.845321655,10.491518974,117.133483887
22.157001495,9.184705734,174.147201538
20.123451233,6.714393139,75.721641541
19.229942322,8.528353691,246.434875488
20.170940399,8.823842049,404.517730713
19.551914215,7.380858898,146.003662109
20.422452927,8.787219048,412.866851807
19.745121002,8.234484673,298.292419434
19.612518311,8.580112457,319.073120117
19.696372986,10.236512184,211.892883301
20.793672562,8.004318237,307.396209717
20.272228241,7.796350956,272.424194336
21.564844131,10.360823631,167.529266357
21.804677963,7.831943989,173.424926758
20.461408615,8.575065613,400.284027100
21.114688873,7.968726635,278.098419189
19.876783371,8.563419342,353.376800537
20.705963135,9.670764923,355.381195068
20.223947525,9.640602112,360.455566406
21.374752045,8.763421059,330.812194824
19.307016373,7.805446148,180.927429199
21.144401550,8.500411987,346.372467041
18.840045929,9.589589119,157.689468384
20.682229996,7.570669651,232.732452393
21.732095718,9.813272476,213.382904053
20.691419601,7.702317238,258.780792236
19.150344849,8.669568062,236.153640747
18.838760376,9.381716728,169.407943726
19.141851425,9.141549110,235.251495361
20.264543533,9.688422203,355.460998535
19.614727020,9.250366211,324.370239258
19.157835007,9.772186279,194.299118042
20.437713623,9.472487450,385.555023193
19.232149124,9.475720406,235.070053101
20.858879089,9.340334892,387.259735107
20.865308762,8.783172607,399.755096436
21.793973923,8.820738792,252.953262329
19.813505173,8.917910576,367.874237061
19.602157593,8.512639999,313.806915283
20.375429153,8.597082138,400.864227295
20.752071381,10.922397614,133.911743164
21.123624802,10.048936844,271.130187988
20.048965454,8.389620781,353.938293457
-15.647217751,30.031711578,321.599426270
-17.417158127,28.145658493,70.107994080
-15.166704178,28.954730988,394.207641602
-13.301310539,29.626504898,112.572311401
-15.931231499,27.601215363,168.793960571
-15.609600067,27.875602722,238.221466064
-14.802289009,29.339929581,368.572021484
-14.949007988,31.257999420,107.408546448
-16.176506042,28.986417770,317.178924561
-16.481555939,29.098224640,265.899719238
-13.675766945,29.747545242,157.040100098
-15.383526802,29.430452347,386.651000977
-16.479896545,28.785089493,259.128204346
-15.183787346,29.278244019,388.324951172
-16.799655914,29.506444931,198.450988770
-14.989843369,28.801771164,382.397766113
-15.264864922,27.695331573,212.925247192
-16.748836517,29.313508987,215.247421265
-15.936763763,29.167266846,357.243011475
-14.429549217,29.004892349,314.361633301
-18.079708099,29.028169632,38.679378510
-15.750083923,28.944128036,374.659729004
-14.369309425,27.600292206,148.928527832
-15.025083542,30.749126434,186.734909058
-15.894983292,29.651149750,342.406433105
-14.302734375,29.389053345,295.022552490
-15.954136848,28.469301224,307.172393799
-14.525239944,29.770971298,301.059906006
-16.055507660,28.002349854,231.899948120
-16.549846649,30.840475082,116.481811523
-15.336985588,31.539051056,81.596984863
-14.713494301,29.618345261,339.583526611
-14.962767601,30.177972794,285.156890869
-16.235103607,31.338836670,78.807945251
-15.369341850,28.475421906,345.797393799
-14.966479301,30.271162033,268.254577637
-16.276594162,29.745691299,279.207672119
-15.985484123,28.672548294,325.253509521
-15.758522987,29.942363739,324.949707031
-16.378112793,29.371438980,283.524658203
-15.612458229,28.331611633,307.053222656
-16.482563019,27.975934982,176.421920776
-16.902835846,30.074989319,154.056961060
-15.510693550,29.337474823,388.792236328
-14.090850830,27.958705902,174.712585449
-16.210586548,29.433538437,308.897583008
-17.093120575,28.600114822,139.933090210
-16.193933487,29.508344650,308.980926514
-15.694855690,31.186971664,117.942306519
-14.331149101,28.325584412,248.836456299
-15.656353951,28.831237793,373.986572266
-11.962466240,27.668622971,5.907168388
-15.065500259,27.094390869,106.456626892
-15.275977135,31.088712692,134.736801147
-15.677495956,30.283376694,266.246063232
-15.335155487,28.756324768,383.490447998
-15.520696640,28.591920853,356.972412109
-15.895098686,27.848628998,216.576293945
-13.762239456,28.785745621,192.833953857
-14.975265503,28.302289963,318.377044678
-14.152050018,28.905267715,266.257659912
-15.360073090,27.349845886,156.973159790
-14.873064041,30.990327835,144.357101440
-16.138116837,28.720594406,307.065734863
-16.407363892,29.307985306,278.934539795
-15.205016136,29.883903503,342.892395020
-14.717566490,28.366306305,307.563995361
-15.044092178,28.850521088,385.040893555
-16.360073090,29.051967621,290.761688232
-11.467379570,31.493993759,1.660495043
-15.129213333,30.917680740,163.094421387
-15.314423561,29.125684738,398.630676270
-17.218612671,28.218717575,99.826576233
-16.052539825,29.286340714,339.595825195
-15.255055428,28.599880219,369.685699463
-15.857852936,29.012668610,365.988800049
-16.650451660,28.566184998,209.494567871
-15.650329590,27.929874420,244.096939087
-15.599278450,28.344015121,310.214569092
-14.033658028,28.935018539,248.835769653
-15.458585739,29.606851578,380.045379639
-14.712071419,27.442581177,149.687683105
-15.645824432,28.269790649,298.963378906
-15.414210320,28.642490387,367.990112305
-15.111970901,28.198364258,303.784637451
-15.836807251,28.587663651,331.300933838
-14.186449051,29.546825409,263.067626953
-14.900151253,28.892503738,378.434509277
-15.653758049,29.739826202,364.803283691
-14.491605759,29.193969727,324.500549316
-14.127391815,30.452978134,161.056533813
-16.933738708,29.609201431,174.907440186
-15.311641693,29.567111969,383.461853027
-14.153063774,28.258283615,218.898559570
-16.889314651,30.285013199,136.823699951
-16.267524719,28.492603302,272.327209473
-15.064418793,28.492721558,347.420776367
-16.861249924,29.213012695,193.314941406
-16.050525665,29.776681900,309.273895264
-15.775116920,28.490377426,321.613372803
-15.479041100,30.230976105,287.697174072
-14.361136436,28.085596085,226.651031494
-12.469332695,28.853046417,30.231739044
-16.421455383,30.067054749,221.902099609
-15.630712509,31.332542419,101.927856445
-14.421631813,28.980102539,313.806365967
-13.693733215,30.027936935,144.345672607
-16.497936249,30.067216873,208.189270020
-15.785527229,29.095497131,373.465545654
-15.137985229,28.299726486,318.385559082
-16.602382660,29.546606064,239.082763672
-16.657274246,26.603620529,23.861526489
-16.105146408,29.509914398,319.239196777
-15.538921356,30.445953369,241.613662720
-15.085287094,28.412513733,339.167480469
-15.708623886,27.742280960,208.929916382
-14.183242798,27.797721863,162.950592041
-16.189447403,29.018535614,318.056732178
-15.266686440,27.676172256,208.890472412
-16.174575806,29.443862915,312.745941162
-14.139316559,29.527826309,253.217758179
-15.294850349,27.616413116,200.833724976
-15.886382103,29.700317383,340.538879395
-14.188093185,30.068199158,213.656448364
-15.130968094,30.383422852,255.400405884
-12.387578964,28.584960938,23.807428360
-16.032155991,30.697305679,176.882995605
-15.033576012,29.291130066,383.378784180
-14.876666069,28.524335861,342.118560791
-16.303834915,28.401674271,260.309509277
-14.023094177,27.742181778,133.132934570
-14.770385742,28.621135712,339.329437256
-15.622406960,29.921773911,337.236145020
-14.425051689,29.521799088,309.115447998
-17.142160416,30.749786377,70.142257690
-13.958843231,29.270259857,229.767974854
-15.258782387,30.980272293,153.583435059
-14.321815491,29.149528503,301.587371826
-15.561378479,28.985284805,391.694732666
-14.091808319,30.218814850,186.204421997
-16.882463455,29.643465042,180.924530029
-14.404918671,27.672359467,168.500000000
-15.272005081,27.401779175,166.522430420
-15.139547348,27.095588684,102.958953857
-15.950785637,28.567756653,316.188079834
-15.977890015,30.630350113,192.144378662
-14.733529091,28.779253006,353.104064941
-16.202117920,28.940046310,313.751129150
-16.298152924,30.151903152,225.931243896
-13.272274017,30.232023239,78.876426697
-14.937349319,29.013193130,387.966491699
-15.674146652,30.924106598,158.168624878
-15.844975471,30.739921570,183.421875000
-16.400579453,28.882591248,277.447967529
-16.983097076,29.338056564,172.726730347
-16.532768250,30.843872070,117.360641479
-14.856767654,29.716218948,344.669586182
-14.986361504,28.086282730,280.342010498
-15.144922256,31.015903473,149.419631958
-15.260485649,28.161806107,292.919189453
-17.121383667,28.465496063,127.416931152
-17.031269073,30.009340286,137.926910400
-14.487873077,28.303140640,269.983886719
-14.655058861,28.602367401,324.753326416
-15.314654350,29.550777435,383.933532715
-15.713000298,29.597026825,365.914581299
-16.954769135,29.296297073,176.018203735
-15.303992271,27.132429123,112.685935974
-17.078729630,27.319299698,45.370235443
-14.854733467,29.302782059,373.090606689
-14.995082855,27.852443695,239.333618164
-14.130065918,30.161663055,194.776580811
-16.036003113,30.354883194,229.978942871
-15.519962311,27.402618408,157.771362305
-16.901735306,29.912546158,160.153930664
-15.373088837,30.060047150,319.874267578
-15.357413292,29.446493149,387.678039551
-13.145513535,30.575672150,46.293895721
-15.701867104,29.553791046,372.796875000
-14.774594307,29.940214157,307.683990479
-15.198031425,28.685291290,379.599822998
-15.272663116,28.698535919,378.976654053
-13.585672379,30.419548035,100.839408875
-15.472655296,29.607114792,378.669738770
-15.434499741,30.372064590,259.049163818
-14.220159531,29.747432709,260.113372803
-14.397775650,29.839393616,273.049316406
-14.094978333,29.709953308,236.379806519
-15.117139816,28.601596832,370.703002930
-16.840791702,29.150974274,199.209152222
-16.010095596,29.238832474,345.782165527
-14.128551483,29.351646423,264.064422607
-15.684041977,28.325693130,303.056091309
-16.699174881,30.511627197,134.585464478
-17.045730591,28.244039536,123.470527649
-17.582242966,28.862680435,80.293891907
-15.611324310,28.774528503,368.284362793
-15.332170486,28.357557297,328.358032227
-16.182695389,30.996648788,124.666503906
-15.603102684,30.086481094,311.770446777
-16.105812073,30.791551590,155.589004517
-13.754858017,29.409841537,189.957473755
-16.368572235,29.265823364,285.339813232
-15.221735954,29.418445587,387.012542725
-16.247261047,27.655822754,159.090667725
-15.106677055,29.168531418,388.852966309
-15.266964912,30.205623627,293.279693604
-16.744199753,30.189516068,165.426879883
-16.012268066,28.783599854,333.572387695
-16.094820023,29.268442154,334.363616943
-17.174858093,28.610736847,129.010223389
-15.784796715,30.442752838,233.900497437
-15.118342400,29.874340057,341.548309326
-15.263101578,28.129922867,290.144744873
-14.361835480,28.333381653,253.984420776
-15.795283318,29.360921860,363.307128906
-14.323501587,28.977437973,300.545562744
-13.758515358,28.607343674,182.806793213
-14.603450775,29.182439804,340.834106445
-13.722368240,29.393228531,183.758514404
-17.146352768,30.267158508,106.032981873
-15.350588799,28.625761032,370.958465576
-14.046075821,28.847513199,244.429855347
-14.669053078,28.410438538,306.009643555
-16.105171204,30.989404678,130.364379883
-16.056072235,28.594051361,305.960693359
-16.977361679,30.808805466,79.080429077
-14.871042252,29.416603088,371.668579102
-14.293901443,27.849485397,183.706329346
-15.810087204,29.087385178,373.317932129
-16.817510605,30.490249634,123.980316162
-15.287468910,28.855533600,391.230407715
-15.032814980,28.426240921,337.858886719
-15.223927498,32.606361389,9.774346352
-14.664358139,30.847133636,154.670822144
-15.624123573,28.427253723,323.475708008
-14.959336281,27.837118149,233.756164551
-17.575998306,29.910415649,73.408813477
-14.627701759,30.012674332,281.800903320
-15.240870476,31.157196045,126.742614746
-15.356368065,28.624856949,370.285003662
-18.275539398,29.131656647,25.739513397
-14.437162399,29.185684204,317.856231689
-14.144818306,31.473703384,52.160011292
-15.442390442,30.410076141,252.402389526
-16.854892731,30.210142136,145.760726929
-15.205549240,28.957431793,395.041229248
-15.432438850,29.022520065,395.686492920
-15.577842712,29.377494812,384.079223633
-15.443332672,28.023029327,267.480255127
-14.851985931,28.570955276,345.464233398
-14.221053123,29.144994736,283.096343994
-15.142016411,27.129590988,111.402595520
-16.525720596,30.118436813,200.292984009
-16.002857208,28.646385193,318.436492920
-15.546979904,30.542564392,223.366668701
-14.894902229,30.489088058,223.201766968
-15.536787987,29.391998291,389.985046387
-16.472284317,30.356853485,186.303268433
-15.160391808,29.222951889,389.789276123
-14.930724144,30.625614166,203.573867798
-15.483534813,30.841861725,174.132812500
-16.120563507,29.601007462,312.371093750
-13.259821892,28.689008713,111.611106873
-15.023784637,30.056327820,312.079254150
-15.406939507,27.678468704,210.237365723
-16.324998856,29.759756088,271.268310547
-14.377524376,29.963376999,255.474822998
-14.122608185,29.250808716,270.095092773
-15.060807228,27.659954071,207.615036011
-14.951711655,29.791503906,345.828521729
-15.852251053,29.822824478,330.486877441
-17.084928513,29.929922104,137.178726196
-14.968755722,31.289430618,102.291625977
-13.855954170,30.685802460,109.493644714
-14.451642990,29.825437546,283.546142578
-16.450672150,28.843730927,266.444152832
-13.442311287,27.722658157,69.262550354
-15.719322205,27.759588242,210.239318848
-13.818088531,28.613040924,192.339996338
-13.724505424,28.765060425,184.709716797
-15.773172379,30.457351685,231.592666626
-14.330208778,26.462541580,28.815626144
-14.817899704,29.778989792,331.870880127
-15.059233665,28.521163940,350.791198730
-15.240632057,28.780761719,388.407623291
-15.057717323,28.976428986,395.566497803
-15.890968323,29.342592239,359.397918701
-14.466601372,29.467828751,316.288909912
-15.822682381,29.515075684,360.840728760
-14.199247360,30.774227142,131.637008667
-14.061487198,29.716203690,227.981979370
-16.278163910,27.813270569,179.139266968
-15.471421242,27.769638062,224.209472656
-16.053825378,29.008699417,340.165222168
-15.753250122,28.850904465,367.672363281
-16.597043991,29.410289764,244.612213135
-14.272532463,28.630685806,270.080688477
-14.543284416,31.841548920,39.675006866
-15.360851288,29.830032349,355.732482910
-15.072270393,30.148447037,293.152435303
-16.987689972,28.121866226,120.189476013
-15.125576019,30.065784454,312.580261230
-15.138516426,27.514249802,186.090545654
-16.092653275,28.384117126,277.362304688
-14.880047798,28.416784286,329.107421875
-15.949847221,30.263570786,245.837081909
-13.933723450,28.765548706,225.536788940
-14.844137192,27.297338486,132.625686646
-15.070713043,30.368801117,255.005737305
-14.742258072,29.279884338,364.229431152
-15.657683372,28.532030106,337.300140381
-15.448122978,27.627382278,201.620498657
-13.658580780,29.743032455,155.211730957
-15.371477127,28.559017181,359.289794922
-15.339379311,29.976617813,334.134246826
-14.257592201,28.275131226,235.581253052
-16.242568970,31.257053375,90.411575317
-14.132447243,29.887342453,223.275253296
-15.407686234,30.102842331,311.030670166
-16.542272568,30.710590363,128.183654785
-15.304812431,29.969684601,334.491455078
-14.622822762,29.047252655,346.360656738
-15.444406509,30.400405884,252.233200073
-14.242542267,27.406591415,110.378921509
-16.961446762,28.232601166,133.445678711
-16.162586212,28.060297012,230.440811157
-14.996929169,28.715118408,379.200317383
-14.062915802,30.631700516,138.413360596
-15.297723770,30.862279892,171.241455078
-15.244825363,28.744031906,385.656860352
-15.204254150,30.123682022,301.846679688
-16.883501053,28.970222473,189.628402710
-14.971634865,29.541906357,374.017608643
-15.637476921,29.667608261,371.335510254
-14.976918221,28.586914062,361.414642334
-13.087441444,29.618371964,89.185020447
-15.600223541,28.607103348,350.717590332
-14.239631653,29.280881882,285.132202148
-12.720927238,28.742898941,43.416263580
-16.511646271,29.151124954,263.801269531
-15.093972206,27.060371399,100.546592712
-15.578208923,28.810407639,373.410308838
-15.637804031,28.548597336,338.886505127
-16.612232208,29.936861038,207.069885254
-15.852881432,28.155120850,272.060699463
-16.028974533,28.706499100,320.810089111
-15.160392761,29.847162247,347.800506592
-16.222219467,28.699525833,291.521881104
-16.614547729,25.786521912,6.241792202
-15.113245964,30.698825836,196.759002686
-14.746956825,28.671762466,341.203796387
-15.172560692,28.004001617,269.482788086
-15.391332626,28.751113892,377.596374512
-16.121753693,29.584474564,311.503509521
-12.669173241,30.844272614,14.646643639
-15.341113091,30.062936783,319.260681152
-14.406332970,28.531284332,283.110229492
-14.625136375,27.737831116,193.315902710
-16.074338913,29.417575836,326.277191162
-15.683827400,30.935300827,156.430374146
-14.620999336,28.796785355,334.304412842
-15.739620209,29.365793228,372.048950195
-16.324571609,29.774435043,269.670715332
-16.644342422,29.801832199,210.305267334
-15.433634758,29.593435287,378.929351807
-16.281625748,29.423807144,300.311767578
-12.856692314,28.721605301,56.683387756
-14.951640129,30.684389114,195.162582397
-14.507335663,29.610708237,314.848510742
-16.282730103,27.901233673,189.777801514
-15.215607643,28.715587616,383.605499268
-15.288098335,29.384479523,388.480468750
-15.945467949,29.672925949,331.108398438
-13.410484314,28.169481277,95.906906128
-15.738586426,29.129211426,378.493774414
-14.128580093,27.992441177,181.525634766
-16.334188461,27.015161514,64.679893494
-15.709402084,29.858968735,339.083160400
-14.203815460,29.535976410,265.936126709
-15.869997025,29.885293961,320.965789795
-15.064721107,27.258117676,135.204757690
-16.497135162,30.690687180,135.274703979
-14.946835518,27.804027557,228.153121948
-14.449087143,30.240257263,226.965362549
-15.704073906,29.836503983,342.502716064
-19.009140015,30.152399063,3.891513109
-14.093884468,28.054119110,185.381347656
-14.986954689,28.840702057,383.156097412
-15.371569633,28.753942490,378.406372070
-16.601335526,31.069227219,85.481666565
-15.579351425,29.283576965,386.509979248
-16.278440475,28.141956329,226.605728149
-14.856441498,29.705215454,346.234649658
-14.391116142,30.282596588,213.879043579
-15.479248047,28.734619141,370.167785645
-14.522226334,28.541383743,302.714233398
-14.397281647,29.553323746,302.270080566
-14.114013672,29.849214554,224.102920532
-16.323486328,28.313188553,245.251129150
-14.536555290,31.085878372,115.366165161
-16.591852188,29.202033997,248.026870728
-14.987365723,27.653045654,205.102645874
-14.790915489,29.085699081,366.706085205
-17.365596771,30.800550461,52.683067322
-16.132247925,27.896318436,205.823974609
-14.848898888,29.736309052,340.779968262
-14.532629013,28.792819977,327.590698242
-15.279954910,28.448015213,346.216033936
-16.579236984,30.257953644,182.088806152
-15.371803284,28.996507645,392.270416260
-17.268308640,29.000452042,127.976181030
-16.111534119,29.004209518,327.413177490
-15.488284111,28.732357025,368.161926270
-14.330201149,29.625877380,284.744049072
-14.141885757,27.853994370,166.125030518
-15.917996407,29.138542175,359.716705322
-15.675679207,29.099565506,385.614288330
-16.451143265,28.462644577,235.466552734
-16.910594940,28.288797379,144.499786377
-14.574863434,28.964614868,335.991333008
-13.763286591,28.583288193,181.987625122
-15.149969101,27.965570450,262.443908691
-12.668368340,29.000202179,43.308551788
-14.439410210,29.592206955,306.946136475
-15.852918625,27.847921371,218.082229614
-15.112896919,28.622032166,373.174041748
-15.424544334,29.830123901,358.503570557
-15.190798759,29.555938721,380.839904785
-15.118993759,27.711572647,216.282440186
-13.872978210,30.354675293,139.975631714
-16.405204773,29.684123993,262.927154541
-15.931064606,28.431905746,304.692352295
-15.273881912,30.926490784,162.487991333
-14.211082458,29.784044266,249.565246582
-16.419645309,31.733272552,40.730995178
-14.395309448,26.829984665,54.570446014
-14.869565964,28.690128326,361.037811279
-14.859057426,29.579462051,359.809356689
-16.187559128,31.004709244,123.714424133
-15.069255829,30.120170593,300.497070312
-13.917616844,28.440664291,198.591567993
-16.180809021,30.300729752,220.650939941
-13.876202583,27.801803589,127.402694702
-13.257797241,28.943319321,117.158996582
-14.577255249,29.743211746,313.624420166
-16.240383148,28.314773560,252.514297485
-17.352632523,28.027671814,73.007957458
-16.751516342,29.219013214,215.025833130
-13.899638176,29.151678085,220.473281860
-14.930186272,29.956825256,317.646118164
-14.589330673,28.792991638,332.988525391
-16.732385635,28.749017715,210.465591431
-15.206080437,28.307176590,318.911254883
-14.907079697,28.886110306,378.511596680
-14.647218704,28.375583649,302.715393066
-16.191007614,30.952878952,130.849166870
-15.240283966,29.731786728,368.833557129
-16.367462158,28.801557541,278.430175781
-14.586870193,30.744438171,166.013946533
-15.993525505,28.375905991,286.521362305
-15.291708946,27.654426575,206.501876831
-15.299173355,29.114093781,399.240570068
-14.544290543,30.593431473,185.805419922
-14.699195862,29.920373917,304.576721191
-15.216761589,28.819078445,391.618621826
-17.265016556,28.292602539,97.855682373
-15.051773071,27.533229828,186.978958130
-15.026150703,28.777988434,384.369598389
-16.290599823,28.708797455,282.050323486
-14.540258408,30.064323425,263.132995605
-17.206062317,29.029338837,136.147994995
-14.355155945,28.920927048,299.716247559
-15.160224915,27.683412552,212.036102295
-15.749073982,31.007598877,141.587326050
-16.057107925,27.738189697,183.912780762
-15.119568825,29.967451096,328.557708740
-14.075229645,28.661100388,238.208938599
-15.046564102,29.723176956,361.398895264
-14.619829178,28.631620407,325.525421143
-13.556315422,28.491525650,138.409454346
-14.561167717,29.156911850,334.295806885
-15.856258392,28.535970688,318.060058594
-15.855386734,28.731950760,344.076721191
-16.287925720,29.876232147,262.722961426
-15.972555161,28.563800812,311.084625244
-14.780349731,29.070859909,365.696502686
-16.690944672,28.242813110,170.356460571
-15.465597153,28.603834152,359.974456787
-14.518557549,28.414421082,288.611389160
-16.236167908,28.168275833,234.177413940
-14.862382889,29.662294388,350.142242432
-16.941484451,29.800897598,163.338592529
-14.408066750,27.487825394,136.994613647
-15.959471703,30.607715607,193.998504639
-14.262938499,29.203615189,289.295074463
-14.767790794,31.290842056,99.303031921
-14.766242981,27.958013535,242.438446045
-13.904101372,28.307884216,184.603240967
-14.275137901,29.835092545,255.271041870
-14.379526138,30.719755173,154.091308594
-16.734954834,29.109233856,220.148544312
-13.322990417,30.155204773,89.308013916
-15.091881752,28.155649185,296.064117432
-15.162319183,28.266941071,313.379425049
-16.737407684,29.755300522,199.035751343
-15.203734398,28.405309677,338.269470215
-14.874092102,28.674932480,360.724517822
-13.489480972,29.148250580,153.651855469
-13.691951752,28.366020203,153.877044678
-14.655691147,31.022521973,129.011306763
-14.997949600,30.315269470,263.570983887
-17.007371902,29.885957718,148.040176392
-15.238654137,29.943824768,335.018280029
-14.401374817,26.922573090,63.104137421
-15.712642670,28.508798599,331.034637451
-15.116875648,27.238288879,134.531219482
-16.359548569,30.180744171,215.717544556
-15.092147827,28.090808868,282.504058838
-15.522257805,30.277095795,274.835540771
-17.108606339,28.967393875,150.803268433
-15.498703003,29.365802765,390.958068848
-14.765260696,31.089164734,127.283149719
-14.715258598,28.591341019,328.836486816
-14.011090279,28.320154190,203.583358765
-14.832853317,30.750286102,180.617797852
-14.191724777,29.989912033,227.705245972
-17.500577927,29.077819824,96.628082275
-15.856414795,30.503690720,218.128250122
-14.428391457,29.439928055,312.587310791
-14.474598885,28.529205322,295.589416504
-14.634756088,29.273824692,345.074554443
-16.952247620,29.522869110,177.500656128
-14.561882019,30.372236252,219.750213623
-14.741651535,30.185525894,262.710571289
-17.001367569,28.805410385,166.005401611
-15.411550522,28.849081039,384.485565186
-15.358081818,28.601427078,367.015411377
-14.532875061,28.187616348,255.495376587
-15.143865585,29.251976013,387.621887207
-15.125102997,28.231098175,309.065826416
-13.869810104,28.952699661,216.736618042
-16.707893372,29.980123520,188.770538330
-15.272371292,29.081880569,399.159118652
-15.364912033,29.574258804,379.465179443
-15.322282791,28.405323029,339.537963867
-16.688224792,29.482275009,223.460662842
-16.787246704,30.298530579,148.385253906
-16.222900391,28.329208374,256.822570801
-16.250940323,27.815744400,181.906860352
-16.041639328,28.895196915,337.467193604
-17.596643448,26.733594894,9.715727806
-15.984905243,30.062219620,275.307525635
-16.569480896,29.102483749,248.103134155
-13.838482857,27.855413437,128.905670166
-15.707396507,28.435670853,321.615936279
-14.377072334,29.642694473,291.325347900
-14.651379585,31.675239563,50.057971954
-13.639564514,29.079778671,175.230102539
-15.471032143,27.729997635,218.438583374
-16.983203888,29.129180908,174.221984863
-16.568435669,29.804178238,222.105911255
-16.060758591,28.595878601,305.833770752
-16.821720123,31.288976669,52.878562927
-14.510210991,28.468893051,292.586456299
-15.117893219,30.501913071,231.080749512
-16.196865082,31.085420609,114.896560669
-16.301214218,29.001461029,296.983612061
-16.919418335,26.640312195,18.919624329
-14.258949280,29.264524460,288.686828613
-17.002901077,27.538221359,65.677520752
-14.123679161,29.028226852,269.944702148
-13.837596893,29.815408707,179.012008667
-15.335602760,29.211153030,393.469543457
-15.824113846,29.276609421,365.837829590
-15.330024719,30.016338348,326.903656006
-15.432458878,30.002378464,331.860137939
-14.348407745,29.359584808,304.980712891
-16.582008362,29.018346786,246.469314575
-17.175115585,27.972200394,88.007949829
-14.538621902,29.673715591,314.337127686
-15.272249222,28.876388550,391.588470459
-16.008441925,28.666009903,320.571075439
-14.303788185,29.655502319,277.330047607
-16.640256882,29.377676010,238.416671753
-15.129076958,30.827495575,176.061325073
-17.026592255,28.395692825,138.168701172
-14.295413971,28.067890167,216.764129639
-12.883418083,27.999877930,44.209758759
-15.239917755,29.738370895,369.167053223
-14.388003349,29.894031525,267.246429443
-15.731117249,30.092029572,303.614471436
-16.023693085,28.643844604,315.176940918
-14.812397957,30.688400269,187.835662842
-15.497211456,28.288480759,306.925842285
-14.059267998,27.914022446,165.984390259
-13.430858612,28.194740295,99.925788879
-14.628091812,30.105514526,265.479644775
-14.484005928,29.405824661,323.501434326
-15.219511032,27.525642395,188.176284790
-16.049860001,29.903467178,295.141174316
-14.605670929,28.140941620,253.892669678
-14.922060966,29.430852890,375.103149414
-13.518121719,28.760421753,148.347183228
-15.788897514,28.255378723,289.803466797
-16.268318176,29.553770065,299.263122559
-15.973381042,30.253526688,246.335067749
-15.896339417,30.712818146,185.100509644
-14.851314545,29.437206268,368.236022949
-16.419467926,29.507936478,273.015197754
-15.223518372,29.810905457,355.122222900
-15.779887199,27.725193024,201.916778564
-14.993818283,29.318609238,379.881652832
-15.025147438,30.184473038,284.997406006
-16.208681107,26.797073364,49.452327728
-14.794013023,29.584735870,350.048767090
-15.746096611,29.349420547,370.891784668
-16.316820145,27.072626114,72.119506836
-16.961952209,29.221183777,175.873413086
-13.886329651,28.789304733,216.052200317
-14.455101967,28.584489822,292.224914551
-15.324479103,29.975383759,334.213531494
-15.135860443,28.637144089,373.931945801
-16.134342194,29.086294174,328.747436523
-14.086937904,27.608167648,124.123916626
-14.409708977,29.462469101,309.534851074
-16.238151550,29.160448074,310.135040283
-15.473075867,28.231082916,299.184265137
-15.808475494,27.922534943,234.991043091
-17.340562820,29.330059052,117.693862915
-14.224550247,30.812171936,128.601242065
-16.380418777,31.326187134,71.017471313
-13.742733002,30.602296829,104.684120178
-16.054706573,28.616571426,308.453613281
-17.207397461,29.369981766,139.198883057
-15.662643433,29.340612411,379.181762695
-16.103557587,29.851692200,294.045043945
-14.925851822,28.034700394,266.428955078
-15.314928055,29.463506699,386.796295166
-13.260598183,29.274602890,113.055831909
-16.209449768,28.862560272,307.435852051
-15.300263405,29.045227051,394.746795654
-17.110511780,28.847246170,147.797119141
-15.962348938,28.918310165,345.718078613
-13.148077965,28.346532822,79.784088135
-13.831099510,30.339441299,137.144195557
-14.585542679,29.181932449,337.677062988
-14.614646912,28.728902817,330.215972900
-15.815499306,28.430961609,315.231781006
-14.995138168,28.969051361,390.068481445
-15.508625031,30.599050522,215.063934326
-15.973788261,29.914188385,306.112640381
-15.790967941,27.586627960,176.546066284
-16.694990158,28.687271118,210.011047363
-14.639429092,29.820608139,311.226287842
-15.509727478,29.797245026,365.273803711
-15.192776680,28.917331696,393.235687256
-14.414308548,30.366716385,200.618499756
-14.253012657,28.871950150,280.736938477
-14.701332092,27.049577713,88.421554565
-15.073973656,29.539825439,377.621368408
-15.117064476,28.956550598,396.818847656
-13.964266777,29.085584641,236.639175415
-15.408577919,28.937885284,390.227661133
-14.234934807,28.886362076,278.785156250
-16.103389740,29.070064545,334.273651123
-13.561326027,28.878135681,157.921600342
-14.653268814,28.900711060,348.762695312
-15.545786858,28.617980957,356.908843994
-16.485343933,29.069040298,266.214233398
-14.550584793,30.755016327,162.474929810
-14.827170372,28.361961365,316.470611572
-14.523535728,29.632852554,316.112792969
-13.870676994,31.268432617,57.172126770
-14.054431915,28.786064148,240.488342285
-15.428269386,30.336763382,265.575714111
-15.776733398,29.038339615,378.945068359
-14.634699821,30.249427795,245.443557739
-15.046129227,26.286302567,28.786275864
-14.929674149,28.866773605,379.361846924
-16.244960785,29.202953339,310.982299805
-14.148575783,28.048944473,192.116470337
-13.679117203,30.157552719,136.193389893
-14.334876060,28.364114761,254.530105591
-15.520282745,28.795988083,374.748474121
-15.268699646,29.116617203,397.370849609
-15.586388588,29.000894547,391.392395020
-15.480660439,29.446306229,387.861450195
-16.920856476,29.665401459,172.896392822
-13.571768761,30.251323700,113.925262451
-16.214937210,30.223430634,226.723403931
-12.979412079,28.936265945,74.517616272
-14.548007965,31.478202820,65.433433533
-14.238744736,30.729543686,138.901580811
-16.364265442,29.414443970,285.529602051
-14.877071381,29.743110657,343.024322510
-14.479532242,29.334997177,324.106048584
-16.581434250,30.245094299,183.621566772
-14.890179634,28.000205994,258.624725342
-14.510044098,29.731801987,304.178619385
-14.732005119,28.891986847,358.794311523
-13.634634018,29.750049591,152.335800171
-16.058994293,27.636064529,168.417190552
-16.036373138,26.809198380,55.332508087
-15.529600143,29.307779312,388.292236328
-16.476707458,28.633378983,249.902435303
-13.715757370,29.286113739,184.340042114
-13.733696938,28.993871689,190.270568848
-15.445822716,26.979568481,85.793106079
-14.539751053,30.279380798,234.259338379
-15.611408234,28.868518829,378.112670898
-14.456004143,28.442525864,281.021636963
-16.051364899,29.495920181,325.742858887
-15.875291824,29.789880753,330.446380615
-16.189350128,30.688331604,166.354507446
-14.612576485,29.244674683,342.037475586
-16.142671585,28.121068954,241.710845947
-16.166276932,27.746620178,177.869537354
-13.928609848,29.520896912,220.692565918
-14.198411942,30.917886734,117.996528625
-13.962433815,29.628438950,218.295822144
-15.680090904,29.928121567,333.062835693
-15.057902336,28.918170929,390.637512207
-15.784238815,30.258039474,262.350677490
-13.791577339,28.903713226,202.744430542
-15.706048012,29.876993179,339.020843506
-15.904216766,29.782499313,326.268432617
-13.532110214,28.760988235,150.756423950
-15.244526863,31.168516159,125.128944397
-15.642208099,29.319858551,379.931701660
-16.210855484,28.475988388,277.894256592
-16.647876740,32.104072571,18.267351151
-14.697288513,29.132947922,356.105773926
-16.326105118,27.354129791,108.526191711
-15.027301788,29.033670425,393.597778320
-14.767047882,29.871150970,316.875854492
-14.256765366,29.136646271,287.969085693
-11.860547066,77.947067261,349.862579346
-13.334004402,78.016418457,316.956115723
-11.713589668,78.961097717,306.419952393
-12.495170593,78.677024841,395.232788086
-10.875049591,76.552192688,64.451622009
-13.737626076,78.341567993,254.122985840
-11.782200813,78.139328003,349.295318604
-11.579469681,75.347160339,16.958868027
-14.813025475,77.786796570,66.266921997
-9.815236092,78.354530334,44.741436005
-14.724006653,77.994567871,77.633712769
-11.865063667,79.316825867,274.694213867
-12.012008667,78.118797302,372.609558105
-11.803768158,79.508216858,235.507110596
-13.037290573,78.231002808,366.664001465
-12.618655205,76.649055481,166.796218872
-13.739654541,76.035972595,45.790832520
-12.398220062,78.056930542,399.138397217
-12.821590424,78.320198059,398.322753906
-11.963288307,77.682014465,333.933410645
-11.308946609,76.762367249,123.646926880
-12.496207237,78.256256104,408.809936523
-11.632680893,77.859611511,304.934204102
-11.413826942,78.120735168,289.688751221
-12.584362984,78.205520630,411.662292480
-11.784461975,79.207748413,280.751037598
-13.087298393,76.945709229,202.515075684
-13.463659286,78.519783020,300.790466309
-12.499203682,78.495529175,399.050415039
-13.207730293,79.150337219,299.956268311
-12.658996582,76.721168518,180.294906616
-12.327207565,78.902023315,370.071502686
-12.338797569,78.484817505,399.725158691
-12.255385399,77.300872803,292.283935547
-10.950804710,78.028106689,196.320098877
-11.015712738,77.800468445,194.186019897
-11.515882492,78.594779968,307.322570801
-12.382243156,77.415809631,316.552032471
-11.276739120,78.773574829,250.248168945
-12.572808266,79.561973572,267.196197510
-12.393977165,80.564407349,93.521568298
-11.465880394,78.023887634,295.853851318
-11.124176025,78.415458679,237.207412720
-10.476666451,78.436256409,119.765731812
-12.561767578,78.448570251,402.898223877
-12.083050728,79.903907776,190.724212646
-12.189701080,78.247886658,394.221954346
-12.976017952,79.140281677,314.777160645
-13.036902428,77.185768127,252.322357178
-13.424803734,77.889671326,293.691253662
-12.606991768,79.407775879,293.422698975
-13.059801102,79.551727295,240.208206177
-14.120264053,80.989204407,21.162654877
-14.068982124,78.552688599,187.476089478
-12.700138092,77.569282532,337.459136963
-11.806149483,79.411811829,254.486633301
-12.654744148,79.563987732,265.858795166
-12.418499947,77.290817261,292.681121826
-12.561745644,77.827102661,376.664520264
-12.022342682,77.955436707,366.730041504
-12.556740761,77.269241333,290.557678223
-11.413201332,77.998970032,285.895874023
-13.552035332,80.986076355,34.896308899
-13.895531654,78.862030029,210.279281616
-14.646223068,78.663124084,96.298561096
-12.294444084,78.102218628,399.086914062
-13.846101761,77.496070862,185.173004150
-13.289118767,77.180473328,224.882812500
-13.430603981,79.789726257,170.629592896
-12.091348648,79.685424805,227.242645264
-13.471400261,77.923294067,289.063415527
-14.219607353,77.164146423,99.536300659
-12.773671150,77.933990479,379.796600342
-10.705204010,78.462646484,159.020858765
-12.747657776,78.814064026,375.766510010
-12.455678940,77.268898010,288.642700195
-13.109445572,79.753555298,202.817474365
-11.178770065,78.611831665,242.035552979
-11.463072777,79.997406006,125.719017029
-12.924283028,78.538917542,384.113098145
-12.261466980,77.527786255,329.731079102
-12.036126137,77.210922241,269.308990479
-12.380297661,78.085685730,401.963714600
-12.053010941,76.999740601,220.979675293
-13.003657341,80.237762451,128.066802979
-12.617403984,78.422744751,403.249176025
-13.152129173,78.399971008,360.763641357
-12.102786064,77.879035950,366.813934326
-12.732053757,78.188140869,400.565948486
-12.186820030,79.485115051,270.901275635
-13.151883125,79.160583496,301.295593262
-11.677951813,78.609436035,337.473663330
-11.400905609,78.453666687,290.931549072
-12.374741554,78.181045532,406.966522217
-12.752921104,78.144104004,396.794403076
-14.343379021,78.954872131,132.439773560
-12.804814339,76.885734558,207.268173218
-11.512235641,77.379058838,237.647659302
-11.623065948,77.613044739,288.163177490
-11.523670197,80.253524780,100.695625305
-14.077620506,78.099639893,185.377990723
-11.525749207,78.634292603,307.885589600
-12.200860977,79.270202637,310.103759766
-13.271417618,77.071556091,207.698974609
-13.196367264,79.688156128,207.143814087
-13.246463776,76.819641113,165.704116821
-11.325777054,77.842422485,260.182373047
-12.931566238,76.960731506,217.367599487
-11.952169418,78.922569275,346.512329102
-13.033013344,77.160865784,248.088623047
-14.374657631,78.922660828,128.544586182
-9.886062622,78.758926392,45.588184357
-11.874236107,78.501159668,364.593719482
-12.132981300,78.121582031,385.584350586
-12.188368797,77.553596497,334.833923340
-13.723251343,78.465835571,258.549346924
-12.384395599,77.180175781,276.542358398
-13.033988953,78.004524231,359.364044189
-11.766774178,78.513267517,353.823791504
-12.650167465,76.762382507,186.572402954
-12.212146759,78.883796692,367.143310547
-10.284444809,78.800933838,85.870468140
-11.558446884,79.288261414,237.561553955
-14.295259476,78.229980469,146.219528198
-12.652203560,77.894630432,379.277557373
-11.626024246,79.981323242,142.537078857
-13.407027245,78.198608398,315.096191406
-12.057559967,77.575050354,334.965240479
-14.599094391,78.139533997,99.305702209
-13.586647987,76.416137695,82.437522888
-11.580660820,79.990081787,137.026473999
-11.953631401,78.770561218,356.187255859
-12.048474312,78.276992798,380.781646729
-12.033389091,78.223297119,377.514617920
-13.233492851,79.632255554,213.099548340
-11.733796120,81.011871338,38.525627136
-13.301164627,76.909446716,181.358734131
-11.140794754,78.249412537,243.896423340
-11.125770569,80.368614197,59.328460693
-13.855187416,77.497169495,182.380828857
-14.163846016,78.204002380,169.518035889
-13.203621864,76.413719177,110.567352295
-12.382652283,79.636436462,247.000808716
-13.452636719,79.599975586,194.292968750
-11.785686493,78.290046692,358.175537109
-13.540397644,77.885375977,269.043609619
-10.354162216,77.965362549,100.010940552
-11.912944794,78.080299377,360.242553711
-13.580974579,79.044319153,253.308685303
-10.833309174,79.419731140,128.377883911
-10.873513222,78.497619629,182.560089111
-12.485115051,78.882278442,381.275787354
-12.705179214,77.863113403,377.671051025
-14.076396942,79.372970581,139.563186646
-12.432872772,76.752754211,184.789672852
-14.300968170,80.126258850,64.627227783
-11.406954765,78.738006592,284.063079834
-13.949555397,78.089820862,212.015884399
-13.514636993,77.990165710,286.279052734
-12.699432373,77.629318237,343.811737061
-13.876327515,79.093307495,197.276794434
-12.233210564,78.903152466,366.031280518
-11.347659111,79.457550049,191.434188843
-10.819327354,79.280464172,139.690673828
-12.023442268,77.942253113,366.424560547
-13.772289276,78.944862366,228.933074951
-12.774618149,80.352226257,119.040344238
-12.987111092,78.634681702,372.610260010
-12.197893143,76.881362915,209.295639038
-13.247654915,76.367942810,99.963417053
-12.208054543,78.541282654,391.350189209
-11.738794327,77.629409790,305.467742920
-13.542083740,78.032638550,280.706573486
-12.069301605,77.271606445,279.811248779
-12.100708961,78.844856262,363.606170654
-11.662240982,77.997131348,319.547332764
-12.395420074,79.583099365,260.712829590
-13.182526588,78.316352844,355.302612305
-10.476531029,78.658645630,120.848800659
-11.539283752,78.655075073,308.836486816
-11.475624084,78.839279175,282.209503174
-12.701977730,78.114318848,398.535949707
-12.710977554,79.012390137,353.354766846
-12.458185196,78.337860107,404.644378662
-12.402112961,78.629096985,395.104064941
-10.919310570,77.428016663,153.417922974
-11.403986931,77.928382874,280.272766113
-12.817609787,78.206306458,393.371032715
-13.837141991,77.719757080,208.929199219
-12.618430138,77.757827759,364.562927246
-11.185476303,77.530456543,200.625427246
-12.649810791,77.750564575,363.386596680
-11.231265068,77.011734009,141.978317261
-12.067306519,79.551467896,254.011032104
-11.074853897,78.531486511,222.128723145
-10.754225731,77.402915955,125.069763184
-13.034134865,77.815483093,339.948455811
-12.225286484,76.240669250,107.008140564
-11.534025192,79.585876465,194.338623047
-12.770744324,79.612800598,249.841583252
-11.908801079,77.377723694,286.640869141
-13.173586845,77.847305298,330.102600098
-12.153804779,79.295188904,304.495330811
-11.810550690,77.734321594,323.815093994
-12.369708061,77.741394043,367.264984131
-10.900286674,77.970161438,185.357528687
-12.549932480,78.071189880,400.481475830
-13.682075500,78.275566101,262.744018555
-11.660684586,78.183853149,330.927398682
-14.133588791,78.145973206,173.479217529
-13.193505287,78.406944275,352.377441406
-11.517197609,77.654388428,272.875579834
-12.638065338,78.400962830,401.932800293
-13.910233498,78.707534790,220.165145874
-12.776716232,77.398284912,302.078338623
-13.828330994,78.312103271,239.449966431
-11.662055969,78.845596313,311.857299805
-13.660599709,78.013519287,258.519256592
-12.023878098,79.547409058,250.951553345
-10.974942207,78.570533752,201.101043701
-11.406357765,76.955245972,156.588073730
-11.973935127,79.947029114,177.375869751
-12.524000168,79.730545044,229.957962036
-11.126954079,78.979927063,212.680068970
-10.807056427,78.064407349,171.766159058
-12.711553574,79.879249573,199.657455444
-12.093362808,77.111656189,252.919036865
-12.455458641,81.334579468,27.058574677
-14.851361275,79.676795959,44.142684937
-12.991232872,78.883041382,349.531341553
-11.657341003,77.006172180,191.104385376
-14.040681839,77.484733582,153.580886841
-12.580395699,76.672096252,168.619735718
-11.826297760,78.946830750,326.802673340
-12.184222221,78.579383850,388.458923340
-13.801435471,78.038696289,234.395004272
-12.440879822,79.128120422,338.680633545
-12.351575851,80.021759033,173.603195190
-11.858110428,78.409164429,359.843688965
-12.030158043,79.969398499,177.286224365
-13.609398842,77.994514465,266.377502441
-12.832248688,77.683837891,346.045684814
-13.439137459,78.952537537,282.250946045
-12.939332008,78.965698242,346.768554688
-12.943011284,77.092582703,239.263473511
-11.284510612,80.153015137,92.346565247
-12.257879257,78.877685547,367.310058594
-10.745790482,78.863250732,155.665710449
-11.317519188,79.067718506,236.118240356
-11.162580490,78.665710449,236.318893433
-12.183625221,78.963272095,358.653594971
-13.832103729,77.481285095,187.176879883
-11.121516228,79.775253296,124.557479858
-12.052183151,77.402610779,303.132629395
-11.279789925,78.434524536,267.900848389
-13.652818680,78.974143982,250.227661133
-11.590068817,79.230712891,251.955825806
-12.792139053,77.834999084,369.072326660
-13.789429665,79.874198914,124.006187439
-12.269696236,79.921096802,191.658126831
-12.741462708,80.066085815,161.599853516
-14.303374290,78.518096924,148.517242432
-13.295674324,77.749244690,303.285461426
-13.810081482,77.710426331,211.831130981
-10.573674202,77.791053772,123.561111450
-11.400085449,76.402687073,90.467071533
-10.041341782,78.337318420,64.417236328
-11.570275307,79.594261169,195.079025269
-13.055925369,78.779487610,350.119750977
-12.753817558,77.671035767,348.326629639
-14.019995689,78.253227234,198.614334106
-11.735892296,79.283782959,264.825073242
-12.253139496,78.769004822,378.403289795
-12.172834396,77.617141724,341.875000000
-14.019477844,77.792343140,181.181198120
-14.082068443,79.178993225,156.882583618
-9.991071701,79.366455078,37.985305786
-12.763795853,78.371307373,400.751190186
-11.328638077,77.753684998,252.480560303
-12.349620819,76.184623718,100.270355225
-13.599116325,77.785232544,258.138549805
-11.846290588,77.586952209,312.107208252
-11.864078522,78.537757874,365.576812744
-10.623206139,77.279083252,100.020599365
-14.501777649,75.917137146,8.515293121
-12.631121635,79.505752563,274.050842285
-12.297234535,79.013061523,353.152832031
-12.532094002,78.591995239,403.511474609
-13.994137764,80.286972046,70.772651672
-12.000135422,77.038818359,231.592575073
-14.446172714,78.887664795,123.113037109
-12.591880798,78.071418762,398.442108154
-11.048813820,77.785980225,199.692672729
-13.332404137,79.079048157,288.092254639
-11.876659393,77.064338684,229.409637451
-11.693124771,80.315513611,102.862342834
-12.818097115,77.746986389,355.580718994
-13.209799767,79.206008911,288.453460693
-11.594141006,77.243278503,227.182037354
-11.344713211,79.630149841,167.528564453
-12.187958717,76.168922424,98.281410217
-11.690179825,76.729560852,150.404388428
-11.742727280,79.368865967,248.502807617
-11.524349213,75.739227295,36.388732910
-13.210688591,79.097099304,306.266204834
-12.564702034,76.829696655,198.799179077
-12.920737267,78.349205017,387.109191895
-14.194643021,80.060188293,74.877357483
-11.671367645,78.503959656,339.120635986
-13.218013763,78.041633606,335.438049316
-13.135973930,77.363372803,266.619171143
-12.333591461,79.457923889,282.416992188
-12.672606468,77.942337036,384.025970459
-12.303937912,79.136283875,335.749664307
-13.007198334,76.973503113,212.943923950
-11.537081718,76.992912292,177.375915527
-11.947569847,78.258644104,368.442596436
-13.378964424,79.741783142,181.493301392
-11.485164642,78.931068420,275.358581543
-12.042556763,78.830070496,362.228424072
-13.466135025,77.792610168,283.104705811
-14.123560905,78.646881104,177.795898438
-11.049452782,77.970886230,211.329513550
-12.245064735,77.821846008,366.667053223
-12.953737259,78.014518738,367.692810059
-13.945763588,79.493202209,147.556030273
-12.487582207,79.326187134,309.106018066
-12.180216789,77.548362732,334.430938721
-12.799469948,76.767738342,185.724243164
-11.693870544,78.491821289,343.355194092
-13.267738342,76.848030090,170.591903687
-13.058967590,77.247314453,259.764831543
-12.347274780,77.301818848,294.521759033
-10.430264473,79.339912415,84.914901733
-12.855398178,76.868362427,199.759689331
-12.594219208,76.394981384,126.142112732
-11.421856880,79.145896912,239.244369507
-11.033912659,77.797943115,198.613723755
-11.676993370,79.738639832,184.687667847
-12.918222427,77.620758057,322.627319336
-11.134444237,78.500076294,235.048858643
-12.057259560,78.266563416,381.580810547
-13.731031418,79.459197998,176.427459717
-14.511943817,79.352577209,89.999343872
-12.761795998,78.166969299,396.815551758
-13.015098572,78.881446838,345.881622314
-12.073812485,79.966094971,179.869155884
-12.666629791,78.172538757,403.239288330
-12.836353302,78.458534241,396.027435303
-12.931538582,79.509864807,258.714874268
-11.112157822,76.432212830,70.029701233
-13.771418571,77.335815430,179.731460571
-11.820940971,77.462562561,294.653137207
-11.930668831,79.725929260,210.136169434
-11.711672783,77.309783936,255.072738647
-13.682461739,75.686538696,27.473558426
-11.992546082,77.099563599,246.669036865
-12.440163612,78.585388184,399.045227051
-13.792331696,79.297996521,188.295501709
-13.518524170,77.760444641,267.494689941
-13.664833069,78.403640747,270.145385742
-13.147201538,80.624656677,75.563606262
-13.126152039,78.540977478,359.147094727
-12.762872696,79.241256714,316.981781006
-12.478649139,76.892829895,213.092636108
-12.283681870,78.794578552,377.940032959
-13.761693001,77.311805725,178.102905273
-13.138164520,78.611755371,352.759368896
-12.839366913,76.102355957,80.702255249
-13.242833138,79.489753723,237.386352539
-11.849876404,79.008460999,322.698883057
-12.538626671,80.527595520,98.306228638
-12.551288605,78.123283386,407.318542480
-12.954903603,77.955909729,361.600128174
-11.700277328,76.270599365,88.695739746
-13.667776108,79.755378723,145.784957886
-13.258320808,77.227020264,232.312713623
-12.649806023,77.606300354,341.553131104
-12.189686775,77.158271790,264.823638916
-10.983456612,77.043670654,124.675857544
-12.566504478,78.410423279,403.803649902
-12.236166000,78.293991089,394.714569092
-12.488337517,78.284599304,407.704772949
-11.176874161,78.229202271,250.649780273
-11.519004822,77.622337341,269.950073242
-12.484976768,78.224426270,408.680419922
-11.482087135,77.767997742,278.755493164
-13.174280167,78.198516846,350.719451904
-12.503761292,76.252250671,107.092529297
-13.341038704,79.464775085,229.457290649
-12.737131119,78.112976074,397.334899902
-11.912312508,78.895133972,344.468078613
-10.743282318,78.985847473,148.727813721
-12.922842026,78.409637451,386.808990479
-11.708453178,79.316268921,253.389663696
-13.385181427,79.024383545,286.292236328
-10.715426445,78.181182861,158.880035400
-12.471247673,77.429138184,316.436676025
-13.544431686,78.366134644,295.157043457
-11.694465637,78.055854797,328.795684814
-11.376906395,79.262405396,221.045089722
-12.848704338,79.084693909,335.442535400
-12.611898422,78.447547913,402.494354248
-11.408699036,80.793281555,43.268714905
-13.878772736,78.024269104,219.813690186
-11.322298050,78.110359192,275.950408936
-12.911920547,80.022293091,164.253646851
-12.543394089,79.141899109,337.446716309
-12.791893959,76.795959473,190.820632935
-12.993659019,79.038368225,331.488159180
-12.289575577,77.556739807,336.340545654
-10.418685913,78.472496033,111.535705566
-13.477917671,79.654113770,184.195556641
-11.565955162,77.794662476,291.459564209
-11.828383446,79.145149231,292.056427002
-12.020215988,78.484451294,377.680938721
-14.250636101,78.031219482,150.421951294
-12.535471916,77.771240234,371.662322998
-12.838803291,79.056106567,341.200103760
-12.981260300,76.658424377,154.806747437
-13.108386040,77.819015503,337.344696045
-12.644449234,77.127838135,262.173767090
-12.793195724,77.477737427,314.781555176
-11.703010559,78.161064148,338.722045898
-11.934988976,78.631408691,367.178741455
-13.767127991,78.312240601,250.626922607
-10.812673569,76.743751526,74.212928772
-11.534710884,78.453247070,313.256988525
-13.993222237,78.928016663,191.357727051
-11.479103088,78.293609619,305.956970215
-12.175392151,80.176994324,143.249465942
-13.087975502,80.182617188,130.315185547
-10.840769768,77.029304504,100.374145508
-12.359016418,78.421531677,403.504608154
-11.189146996,79.523681641,158.279388428
-10.972398758,76.735275269,86.056785583
-11.105401993,78.922515869,210.474288940
-14.321230888,79.667686462,89.401794434
-13.589650154,79.127555847,244.770736694
-13.068639755,78.148757935,362.441040039
-12.038953781,78.144905090,375.573730469
-13.934730530,78.660400391,215.761383057
-13.635077477,78.898956299,259.019897461
-13.734827995,78.493934631,257.235961914
-12.118350029,80.368316650,116.845520020
-14.420155525,78.670761108,130.498840332
-13.742894173,78.833213806,244.226806641
-12.594805717,79.123779297,340.446533203
-11.066371918,78.017135620,221.330612183
-12.495927811,79.258743286,319.181060791
-13.011698723,78.757766724,358.711822510
-11.643698692,77.278411865,242.638580322
-14.007530212,78.530311584,200.215850830
-11.605831146,76.849632263,164.601242065
-11.991463661,77.989204407,364.147430420
-12.654161453,79.386260986,294.194396973
-12.342053413,77.499511719,330.319030762
-12.494812965,78.120979309,408.716033936
-12.763707161,79.533935547,263.827667236
-13.137245178,77.561485291,294.568023682
-12.232104301,78.993515015,356.870635986
-12.616394997,77.123046875,262.695800781
-12.373811722,80.778854370,70.147674561
-11.916244507,76.692382812,165.359893799
-13.434203148,78.448097229,312.874603271
-11.940731049,77.658927917,329.878570557
-10.318385124,78.892456055,88.516601562
-12.149913788,79.611549377,242.004241943
-12.236938477,76.389137268,126.411201477
-12.876780510,77.715316772,345.698211670
-12.819864273,78.468627930,395.095031738
-11.790050507,77.580833435,303.719055176
-13.247783661,78.276962280,346.286895752
-11.906887054,78.905632019,340.849151611
-11.882264137,79.464157104,252.923461914
-12.843543053,79.474731445,272.333007812
-12.148013115,78.512496948,388.333862305
-10.681113243,78.035858154,146.095687866
-13.248823166,79.819747925,175.544372559
-12.527417183,79.459899902,283.818176270
-12.084079742,76.602180481,156.072738647
-12.201535225,78.979209900,358.255950928
-12.555104256,78.977951050,363.940246582
-11.290382385,79.826133728,139.202957153
-11.690587044,77.509841919,283.290161133
-12.358413696,77.640693665,355.459655762
-12.942980766,77.878921509,355.733337402
-12.535956383,78.576477051,401.920989990
-10.398664474,78.602111816,108.505088806
-10.699811935,78.341110229,159.444137573
-11.714586258,77.999107361,328.532440186
-12.446345329,77.637954712,353.948211670
-11.789814949,77.575469971,304.088867188
-12.779978752,78.574935913,391.293823242
-12.047574043,78.879501343,358.692321777
-12.956348419,76.995277405,222.970291138
-14.742533684,77.461120605,57.363544464
-13.139272690,77.661613464,310.666168213
-13.324211121,78.815223694,312.570343018
-12.757459641,78.217445374,398.978057861
-13.268841743,79.986381531,148.447021484
-12.758583069,76.003448486,72.532249451
-13.259791374,77.026222229,201.741577148
-13.883754730,78.817291260,218.181320190
-10.100871086,77.145614624,41.885589600
-12.901425362,77.569282532,319.044464111
-14.647109032,79.499183655,71.410591125
-13.433059692,79.118721008,268.944946289
-11.163067818,78.234275818,248.091415405
-13.536867142,75.595672607,28.086708069
-11.822802544,80.498008728,84.792770386
-12.933434486,78.819709778,364.079193115
-12.870302200,77.747863770,353.198181152
-10.945999146,78.525756836,196.886154175
-12.468994141,78.483123779,403.560577393
-12.358772278,76.741912842,181.660095215
-12.652463913,80.073394775,163.719757080
-11.687281609,77.792411804,313.743286133
-12.288607597,79.614906311,247.567337036
-12.149934769,80.850593567,59.478244781
-12.147685051,78.598686218,386.199249268
-13.564032555,76.683387756,118.043006897
-11.453105927,77.959045410,290.212615967
-13.247339249,78.918601990,312.678741455
-13.096487045,79.060234070,316.244720459
-12.241485596,77.729331970,357.064758301
-12.224962234,76.878097534,206.967864990
-12.042926788,77.841186523,360.962768555
-12.519464493,79.588661194,261.124359131
-12.451463699,77.699981689,362.810333252
-11.496129036,78.309043884,308.094421387
-11.279275894,77.608734131,224.615905762
-12.780403137,77.372367859,296.480285645
-13.804383278,78.517959595,244.307632446
-13.107524872,77.612884521,307.398437500
-12.346335411,77.295150757,293.542846680
-12.563531876,77.830055237,377.364746094
-10.644291878,77.518531799,120.024200439
-13.841715813,77.801109314,214.333877563
-12.327820778,77.476737976,325.390991211
-13.037080765,77.078712463,229.169174194
-13.329833031,78.694091797,318.695007324
-11.595773697,78.751602173,310.214599609
-11.519598007,78.274871826,308.641204834
-11.837715149,78.759269714,348.792083740
-12.503840446,75.916465759,66.939643860
-12.648268700,79.276954651,313.728820801
-13.288046837,80.172256470,121.517242432
-11.655978203,79.873115540,160.602844238
-10.719104767,76.253921509,31.266752243
-11.525245667,78.602478027,308.304443359
-11.299985886,79.333122253,200.394805908
-13.055722237,77.370155334,275.529144287
-13.476743698,78.523910522,300.141876221
-13.414272308,77.400238037,242.813812256
-13.095164299,78.681076050,351.719177246
-13.284127235,79.403144836,246.628723145
-13.264136314,79.722084045,195.729614258
-13.503983498,78.153686523,299.244476318
-12.380005836,77.390991211,311.601501465
-13.217190742,78.601486206,341.442047119
-12.948719025,77.787338257,347.131774902
-12.899330139,78.537399292,384.831909180
-13.321974754,80.018020630,137.471496582
-14.366203308,78.393669128,137.384124756
-12.631342888,77.998428345,392.482940674
-13.883930206,78.974487305,207.514343262
-14.154121399,78.876609802,164.636047363
-12.585297585,77.815605164,374.873168945
-13.760943413,77.633277893,215.772018433
-14.833868980,78.971771240,65.412063599
-12.344463348,78.867141724,372.205718994
-13.683677673,77.758186340,242.049682617
-11.887422562,78.588508606,365.680541992
-11.381926537,78.779335022,270.429412842
-12.145315170,78.493537903,388.528411865
-11.076614380,77.876243591,213.592727661
-13.127476692,78.367752075,361.208221436
-12.520033836,78.110984802,405.468750000
-11.603153229,78.741867065,312.596191406
-12.986812592,80.512298584,94.134254456
-13.051843643,78.943588257,338.432220459
-13.334467888,77.813980103,301.626190186
-12.833816528,80.213806152,136.963104248
-12.375430107,78.542724609,397.887298584
-13.921335220,78.582450867,220.096298218
-13.512729645,77.678405762,259.741577148
-12.038561821,77.883438110,362.775695801
-10.969118118,79.646667480,122.750350952
-12.297507286,78.427032471,398.772430420
-12.663521767,78.678413391,391.706390381
-12.012513161,78.100273132,372.351074219
-13.646779060,78.611328125,270.818359375
-12.305685997,77.680480957,355.665527344
-12.536960602,77.537841797,334.613586426
-11.879894257,78.511764526,366.513458252
-12.297721863,79.079223633,343.649108887
-10.290924072,78.394126892,96.343757629
-11.894027710,79.440834045,260.408569336
-12.575902939,79.252021790,318.581085205
-11.227952957,78.367019653,258.054870605
-9.640789986,76.607353210,10.987651825
-13.255268097,77.189727783,227.075729370
-11.333670616,78.633003235,270.349853516
-13.231385231,79.153358459,296.601867676
-12.774157524,80.984657288,50.329914093
-12.986652374,79.443687439,265.219024658
-13.489589691,78.893600464,282.406341553
-12.932459831,77.053970337,232.575714111
-14.532581329,78.069366455,108.766281128
-11.500686646,78.393806458,310.006713867
-13.898716927,79.765220642,125.659454346
-12.057803154,79.136825562,321.447601318
-12.035444260,80.891517639,53.373058319
-12.302033424,77.553985596,336.334747314
-11.402738571,76.171730042,62.777835846
-12.194247246,77.975860596,379.383300781
-11.199576378,78.400955200,252.823455811
-13.237800598,78.493759155,348.031677246
-13.790728569,80.202011108,88.871330261
-12.712457657,79.043548584,351.413665771
-13.111774445,78.794219971,342.991516113
-12.566205025,80.281158447,132.695617676
-13.954298973,77.941299438,203.029708862
-12.991524696,77.123550415,243.496871948
-12.611123085,79.208236694,327.199493408
-13.210309029,78.341972351,350.563476562
-12.028145790,78.904411316,356.647521973
-13.000534058,75.942237854,58.414611816
-12.929549217,80.424072266,105.026451111
-13.421981812,77.302474976,223.354064941
-12.278861046,78.361732483,398.321716309
-13.169608116,78.339019775,356.489807129
-12.647302628,78.727081299,388.270446777
-12.040778160,77.271636963,276.807556152
-11.786850929,78.134513855,349.425384521
-13.120984077,79.399642944,261.761871338
-12.510091782,77.994636536,393.161682129
-12.745493889,78.883361816,368.082000732
-12.299639702,79.031433105,347.538208008
-14.308903694,79.484977722,103.161888123
-12.566786766,78.909286499,373.296203613
-11.085197449,79.724449158,126.868652344
-13.855631828,79.369720459,172.032775879
-12.217838287,79.386123657,290.510864258
-14.061016083,77.363838196,131.644088745
-12.225831985,77.454971313,318.225860596
-12.869333267,79.764373779,213.696044922
-10.252583504,78.164978027,89.983909607
-11.530091286,78.524810791,310.610687256
-11.542673111,78.886764526,291.414123535
-13.721332550,79.644035339,153.449264526
-13.340764046,77.053802490,201.019424438
-11.284370422,78.017951965,264.651397705
-11.640610695,78.897972107,303.289367676
-13.445545197,76.753646851,140.384887695
-10.725220680,79.048194885,137.261642456
-11.017077446,78.174858093,214.897872925
-11.238800049,80.067169189,101.517456055
-12.731562614,78.085960388,391.595092773
-12.389519691,78.317039490,406.504852295
-15.142580032,77.403686523,28.473989487
-12.201918602,78.648277283,386.616302490
-12.225826263,78.053176880,388.206329346
-14.515845299,78.477645874,115.364540100
-12.268830299,77.447067261,317.749572754
-12.129865646,78.610961914,383.191467285
-13.023334503,78.230926514,367.144165039
-11.645533562,78.647689819,327.995056152
-13.413925171,79.921760559,148.810913086
-11.321006775,77.537841797,222.930480957
-13.200767517,77.721221924,309.942962646
-11.896918297,79.032691956,324.473907471
-11.893526077,79.066963196,318.636810303
-13.767453194,77.793670654,228.888580322
-14.393974304,79.192489624,115.528083801
-11.466840744,79.449913025,205.519042969
-12.882641792,78.688957214,374.395812988
-12.096237183,79.871269226,195.452072144
-14.395026207,79.097023010,120.991493225
-12.820795059,78.003616333,381.041656494
-11.852180481,78.785682678,349.168823242
-13.332262993,78.876739502,306.337341309
-12.077951431,80.004852295,170.925689697
-12.233336449,79.138755798,328.854156494
-13.964978218,77.900054932,197.469451904
-13.454831123,78.303665161,316.122100830
-10.775104523,76.629180908,63.621395111
-12.791559219,78.309219360,400.840606689
-12.988376617,79.741760254,213.498123169
-11.361785889,79.367027283,203.262939453
-12.786297798,78.249191284,396.007690430
-11.958789825,78.497573853,371.311431885
-13.301305771,79.100433350,291.430053711
-14.592925072,79.427421570,80.919898987
-10.751273155,78.713905334,157.715026855
-11.605975151,78.326362610,328.902954102
-13.519960403,79.704132080,170.405548096
-13.362368584,80.569419861,73.807449341
-12.836093903,78.418083191,397.005950928
-12.476110458,78.764846802,392.063598633
-13.060233116,78.026367188,356.958679199
-11.270194054,76.923187256,136.707412720
-13.164947510,77.468139648,276.949645996
-12.589126587,78.421928406,403.544281006
-12.690052986,78.645812988,395.071411133
-11.529078484,79.152465820,253.436965942
-12.652698517,78.583274841,399.937866211
-13.352660179,79.676818848,198.063781738
-12.301052094,75.915191650,63.887271881
-12.829970360,77.447616577,303.612182617
-11.494406700,77.760200500,278.492187500
-13.160250664,77.849128723,330.703399658
-14.238578796,76.891273499,74.498565674
-11.950242043,77.554573059,326.209625244
-11.314227104,77.309829712,197.071792603
-12.418987274,78.018920898,394.264251709
-13.630205154,78.497581482,277.940399170
-13.130830765,78.361824036,361.084167480
-12.046635628,77.466751099,315.397155762
-10.017161369,77.768043518,57.189754486
-11.695074081,78.277381897,343.531066895
-12.391891479,78.528732300,398.147949219
-13.197502136,78.311149597,351.029846191
-12.458580971,78.522026062,401.248321533
-12.864586830,78.321983337,391.753753662
-13.764206886,78.064872742,240.375854492
-13.077252388,78.397659302,366.622528076
-12.107606888,78.366722107,384.983703613
-10.719075203,77.003555298,85.537139893
-11.294407845,78.846115112,250.384506226
-12.481623650,76.463241577,135.678710938
-12.028903008,77.982261658,368.779144287
-12.251296997,76.940910339,215.737503052
-13.066608429,78.248161316,366.902282715
-11.106354713,77.929481506,223.877944946
-14.390139580,78.637336731,137.913772583
94.227806091,-23.609294891,206.987762451
91.986434937,-22.989252090,343.621246338
91.324279785,-23.165653229,222.939514160
92.577674866,-23.569446564,410.299652100
92.524787903,-23.986431122,356.529998779
92.216377258,-24.054460526,323.527587891
92.998657227,-23.242137909,413.553802490
92.246513367,-22.787206650,361.146240234
93.205619812,-21.549352646,142.131439209
93.631668091,-23.330127716,333.450469971
91.682144165,-23.056529999,288.067077637
91.545455933,-22.652339935,234.013290405
92.418907166,-22.093999863,254.345962524
91.645088196,-23.363235474,292.295501709
92.938682556,-23.938222885,370.846099854
94.124717712,-20.485925674,15.673100471
93.766105652,-24.120344162,252.304656982
91.642425537,-23.622364044,288.285766602
92.569290161,-23.772037506,390.945220947
91.398414612,-22.796243668,218.153381348
92.242607117,-23.008413315,382.089111328
95.185546875,-25.185331345,20.974416733
92.664443970,-23.254468918,419.931213379
92.736976624,-23.377056122,425.252105713
92.966384888,-24.450895309,279.037872314
92.722152710,-23.832635880,386.733947754
91.643333435,-23.657899857,287.225067139
90.887145996,-25.910617828,13.269682884
92.930770874,-23.795875549,394.823059082
92.939582825,-22.556709290,343.900360107
94.091972351,-22.615623474,198.084640503
93.414756775,-23.322910309,368.184295654
94.077316284,-24.143188477,201.684219360
92.324577332,-24.642499924,230.521362305
93.085151672,-23.849580765,377.562866211
93.125999451,-23.025178909,393.474243164
94.775085449,-24.231157303,85.615470886
92.847221375,-23.449119568,421.806427002
94.098075867,-23.573333740,235.425201416
91.446311951,-24.966354370,98.489471436
92.769783020,-22.041395187,243.685043335
92.589279175,-22.516441345,345.557861328
92.660476685,-24.054121017,349.812377930
93.958206177,-25.517084122,52.478469849
92.201911926,-23.143482208,383.859039307
91.763702393,-23.002042770,302.491638184
93.672660828,-23.475086212,326.340972900
92.411666870,-23.715127945,385.031433105
92.068489075,-23.427984238,368.308715820
92.316146851,-23.522321701,394.459350586
95.344352722,-24.128791809,48.040412903
92.962242126,-23.176410675,417.048400879
94.747863770,-24.295291901,86.678039551
92.692710876,-24.021682739,356.930816650
92.984458923,-22.301645279,295.871948242
91.985557556,-23.538835526,352.359832764
93.575019836,-23.314540863,343.667053223
92.789871216,-24.102851868,343.269378662
94.244056702,-23.740900040,201.677093506
92.451065063,-23.610345840,398.251281738
93.703918457,-22.145761490,194.910064697
92.548049927,-23.305110931,415.031982422
93.239097595,-23.115913391,385.232940674
93.517768860,-22.212446213,225.261505127
92.094390869,-23.537508011,366.801513672
92.680664062,-23.802732468,391.386810303
90.486564636,-24.110206604,68.066734314
91.923156738,-23.071264267,337.601196289
93.170249939,-23.009532928,387.983978271
93.009361267,-24.224006653,311.961761475
91.268905640,-22.510585785,174.028488159
91.254951477,-21.351409912,51.476051331
93.024551392,-23.196792603,409.914978027
93.121849060,-23.773546219,384.118896484
93.454574585,-23.445072174,363.191497803
91.894607544,-22.867612839,319.257598877
95.456123352,-24.427520752,35.462963104
92.504798889,-21.979982376,229.410003662
92.240409851,-21.952650070,210.773422241
93.817321777,-23.296079636,299.817108154
92.559120178,-22.371412277,318.956970215
91.955085754,-22.550800323,293.733367920
94.134307861,-22.080043793,137.124237061
93.733711243,-24.289747238,238.854125977
93.410507202,-23.381160736,369.680694580
91.675193787,-23.451816559,298.133728027
91.299057007,-23.490777969,220.510101318
92.609512329,-22.773500443,380.716735840
93.798027039,-24.713016510,164.963333130
91.404945374,-25.358011246,54.204696655
93.571083069,-23.998626709,293.304077148
92.170539856,-23.355983734,384.789825439
92.727813721,-22.627510071,358.135101318
90.572280884,-23.509056091,101.050163269
91.500022888,-21.619855881,96.115219116
93.263839722,-22.959728241,366.329010010
94.904647827,-23.457902908,94.034904480
93.628746033,-24.772897720,173.772537231
92.933967590,-21.037040710,82.313247681
93.230560303,-24.063550949,328.662475586
91.756958008,-24.885562897,145.186813354
93.176193237,-22.450645447,302.705505371
92.859657288,-24.123043060,341.420989990
92.974372864,-23.998439789,354.975555420
93.953285217,-23.722564697,259.543487549
91.849784851,-23.857324600,305.192749023
93.119354248,-24.542186737,255.566024780
93.399581909,-23.582958221,370.436859131
92.814369202,-23.441661835,423.970397949
94.996612549,-23.481201172,84.922691345
93.577774048,-20.858467102,40.899551392
93.158302307,-21.464099884,128.958679199
92.830009460,-22.514989853,343.932037354
92.143844604,-24.423875809,258.410675049
91.763778687,-23.335851669,316.448883057
93.018287659,-24.428600311,283.396301270
91.354194641,-25.188425064,66.221252441
94.859260559,-23.204103470,96.822799683
90.587280273,-23.320787430,108.965362549
92.573280334,-24.688869476,233.736465454
93.891860962,-23.769058228,270.848907471
92.773841858,-23.596008301,414.905487061
92.778938293,-22.294162750,300.707672119
93.338226318,-23.763582230,359.777954102
94.308036804,-21.771503448,87.488761902
91.269348145,-24.426246643,150.713378906
92.121391296,-21.786611557,169.109054565
92.549835205,-23.883617401,374.504821777
92.698554993,-23.535839081,419.625549316
92.576576233,-24.381334305,292.234222412
91.939392090,-23.578857422,344.086700439
94.114128113,-22.022535324,132.509048462
93.648239136,-22.948369980,308.347595215
90.120674133,-21.531328201,10.104112625
93.850563049,-23.681015015,280.800140381
92.084167480,-23.125623703,367.558807373
92.777259827,-24.004369736,361.384765625
94.226531982,-23.966749191,185.276397705
92.982421875,-24.515947342,270.040283203
92.477264404,-22.229429245,288.769439697
92.775123596,-23.898609161,376.939849854
90.784378052,-23.652687073,127.354583740
92.377899170,-22.578350067,346.185028076
94.054771423,-24.530267715,156.054641724
93.534240723,-24.280431747,263.853851318
93.881889343,-23.748491287,272.408477783
93.289833069,-21.762866974,170.260681152
91.028884888,-23.164836884,164.020996094
94.309944153,-22.532573700,152.900588989
94.898490906,-23.807945251,94.420585632
93.817764282,-22.593255997,242.657302856
92.783142090,-24.324016571,302.821136475
92.956283569,-21.377935410,125.449264526
93.982429504,-22.823280334,237.064331055
92.238632202,-24.719209671,213.361404419
92.533523560,-24.220684052,318.116058350
92.376640320,-22.209068298,276.864318848
93.957794189,-22.224517822,175.597991943
93.276702881,-23.841491699,359.935516357
93.171546936,-25.038404465,154.308151245
93.836601257,-24.411039352,206.414993286
94.066688538,-23.945240021,222.788040161
94.965667725,-23.575553894,87.619224548
92.616851807,-22.549295425,351.730773926
91.390686035,-23.093095779,236.680709839
91.727272034,-22.634845734,265.740509033
93.232307434,-23.087366104,382.991149902
93.968734741,-23.168199539,262.027191162
90.537788391,-24.064912796,77.549652100
91.772972107,-22.648309708,276.337371826
92.530189514,-23.954725266,360.423431396
91.919097900,-23.653314590,335.842254639
93.154388428,-22.422189713,300.638122559
92.770057678,-23.754575729,403.456359863
92.771804810,-24.522796631,270.803405762
92.274627686,-21.883083344,198.175842285
93.804756165,-21.075233459,54.430385590
91.999351501,-20.711454391,35.646743774
92.225700378,-23.964849472,339.923797607
93.029548645,-22.820392609,371.254486084
92.926795959,-23.389270782,422.828521729
94.794380188,-24.509639740,71.686248779
91.636001587,-23.098857880,286.079742432
92.635246277,-23.260782242,419.246459961
95.050430298,-21.640016556,26.025651932
93.375816345,-24.077562332,307.923675537
92.987655640,-25.053525925,155.162246704
91.883712769,-22.561946869,285.559204102
91.793075562,-23.925754547,292.476745605
92.956764221,-26.249160767,21.555051804
92.945182800,-22.998174667,402.966796875
93.300376892,-21.629035950,150.362426758
92.216262817,-23.517551422,381.964050293
91.946609497,-23.932580948,312.006469727
92.010246277,-24.031032562,304.244598389
90.771682739,-24.453405380,84.309295654
93.528427124,-23.651880264,340.096862793
92.240402222,-23.746658325,365.381835938
93.046340942,-24.638860703,237.533386230
93.643173218,-25.391181946,84.860702515
93.750335693,-22.885021210,283.293914795
90.673469543,-23.225130081,118.101585388
93.132522583,-24.505868912,261.698242188
92.666954041,-24.828432083,211.416458130
93.600425720,-22.607660294,273.180572510
92.718391418,-25.863033295,49.845428467
92.673446655,-23.489959717,422.611999512
92.060417175,-24.769432068,186.080444336
91.891021729,-23.804124832,316.527862549
92.627090454,-22.652990341,364.814819336
93.360313416,-23.108989716,366.253997803
91.703933716,-23.111837387,291.749542236
93.389732361,-22.621217728,302.846649170
93.691505432,-25.633764267,55.358623505
91.289398193,-23.704801559,215.326599121
93.516380310,-22.468587875,268.950988770
92.105056763,-21.231491089,88.581649780
90.870201111,-23.636882782,138.201217651
93.424415588,-23.776163101,345.243682861
91.793632507,-22.099357605,193.798599243
92.601989746,-23.099388123,410.213378906
93.933837891,-24.111127853,229.092300415
92.935417175,-23.727010727,401.896789551
91.534172058,-22.243560791,182.188049316
93.271537781,-23.027078629,373.926177979
92.815101624,-21.905494690,214.311553955
90.152191162,-23.599693298,50.236747742
91.278404236,-23.069280624,211.707382202
93.956352234,-24.162923813,221.589675903
94.259140015,-22.942245483,189.790313721
93.514289856,-22.504110336,273.470245361
93.127792358,-24.247983932,303.627441406
92.007835388,-23.344497681,363.492401123
92.260940552,-22.747926712,360.143249512
90.464622498,-22.969041824,79.441108704
92.634582520,-23.551940918,417.242034912
92.636245728,-25.506082535,88.948791504
93.426826477,-23.282575607,365.575073242
95.185585022,-22.592903137,50.597770691
92.945945740,-24.399152756,289.612182617
91.845207214,-24.252000809,261.045867920
94.654670715,-24.138393402,106.014343262
91.210189819,-22.389671326,152.037597656
93.605514526,-23.412246704,339.242492676
93.673004150,-23.036758423,313.715972900
91.459030151,-21.204700470,53.304050446
90.517593384,-23.653984070,88.945892334
94.199378967,-21.341405869,55.464488983
91.807456970,-23.317768097,321.780334473
91.744262695,-21.822925568,145.738510132
93.012962341,-23.660606384,405.174926758
93.286804199,-24.853937149,184.686172485
91.475021362,-23.040193558,252.694641113
94.022781372,-23.558237076,254.303115845
93.075035095,-24.342128754,293.555541992
94.497497559,-22.464136124,124.479141235
94.067230225,-21.636962891,95.619003296
92.495674133,-23.667398453,395.337982178
90.700057983,-23.754531860,109.779357910
93.403999329,-22.227334976,238.577835083
93.009017944,-23.427244186,416.854278564
93.720924377,-22.900402069,290.651275635
92.105545044,-23.457752228,371.742248535
93.005485535,-24.410638809,287.063751221
89.975288391,-22.555561066,24.885496140
91.749786377,-22.400846481,237.207214355
93.392967224,-23.440628052,372.167053223
94.560562134,-22.635734558,126.305740356
92.380599976,-21.690170288,166.184936523
91.644287109,-25.838832855,31.186124802
92.375419617,-22.363719940,308.999511719
93.169433594,-23.583425522,392.695648193
93.431915283,-24.089717865,296.963317871
91.546180725,-23.870067596,253.280563354
91.996574402,-24.336885452,263.245056152
92.568664551,-22.060649872,251.483596802
92.415298462,-24.232637405,309.368133545
92.194725037,-23.536052704,378.447265625
93.289894104,-22.532859802,305.049865723
94.499114990,-23.876508713,141.488769531
93.239906311,-23.499454498,392.952301025
91.729461670,-23.309679031,311.443969727
90.523490906,-23.703666687,88.202522278
92.643257141,-23.588502884,414.799285889
91.994262695,-22.833526611,329.701843262
92.205429077,-24.168212891,308.693267822
92.721061707,-23.652664185,411.321136475
93.654586792,-22.856872559,298.541412354
93.843063354,-24.165742874,235.553222656
92.198310852,-23.470418930,382.371002197
93.111206055,-21.689132690,171.653121948
90.327041626,-24.278423309,47.437828064
93.438323975,-23.094820023,352.122558594
90.878646851,-24.623785019,80.731552124
91.567230225,-23.849142075,259.164825439
92.237403870,-22.701086044,350.182556152
94.197624207,-23.028350830,204.365432739
92.735961914,-23.771856308,398.024841309
92.024803162,-23.473686218,356.786285400
92.361480713,-22.092588425,251.587799072
94.213195801,-24.398567200,147.074523926
90.667678833,-24.224123001,84.824264526
90.743263245,-22.416549683,87.094253540
93.543518066,-22.515325546,273.977416992
93.495185852,-22.641794205,294.035491943
94.042549133,-23.133768082,243.553344727
93.130561829,-23.534059525,399.981475830
93.474578857,-25.717456818,52.038608551
93.475090027,-22.537715912,282.321655273
94.539566040,-24.696361542,83.777923584
92.920555115,-23.502647400,417.971649170
91.215148926,-22.067359924,118.791572571
93.175033569,-22.563215256,322.679931641
90.896591187,-24.407850266,98.466522217
92.212432861,-23.789068222,361.232940674
90.611160278,-24.103250504,81.964096069
92.563781738,-23.701608658,402.104370117
93.022148132,-23.662817001,405.525512695
91.383773804,-23.404720306,231.948211670
93.102210999,-23.704481125,395.204162598
92.883804321,-20.366712570,20.211486816
94.361366272,-23.658115387,179.949569702
91.713783264,-23.177034378,299.532226562
92.591850281,-23.572673798,412.213439941
93.549598694,-23.237941742,346.211578369
93.330764771,-23.162034988,375.203125000
95.452636719,-24.925479889,21.494388580
94.255554199,-25.696712494,27.203092575
93.649261475,-24.396394730,235.096023560
92.916091919,-21.462896347,137.461944580
93.131500244,-22.419733047,302.902069092
93.964050293,-23.335109711,270.544860840
91.984352112,-23.162900925,354.586029053
93.170700073,-22.928041458,376.473541260
94.281684875,-24.038280487,166.962600708
93.707748413,-24.596483231,191.347854614
94.836738586,-23.084438324,102.852630615
91.603385925,-23.593029022,280.982452393
91.993133545,-25.896017075,36.242107391
91.555908203,-22.340494156,195.674652100
91.492530823,-22.633125305,223.654006958
93.513153076,-22.380685806,255.660736084
92.963356018,-24.263883591,309.929565430
91.675613403,-23.301591873,295.675323486
94.023361206,-22.468261719,194.310668945
91.701141357,-24.693416595,172.125396729
92.675483704,-22.901893616,400.660247803
93.455406189,-23.473638535,361.151916504
92.619758606,-24.672233582,238.706008911
94.428535461,-23.413612366,174.348403931
93.818298340,-23.504758835,297.910278320
93.245590210,-23.109029770,384.235565186
93.514411926,-23.907293320,313.186981201
92.926460266,-23.557813644,414.169799805
92.437263489,-22.209203720,282.723663330
93.174461365,-24.490213394,261.204040527
92.598518372,-23.687547684,407.769439697
92.849105835,-24.448678970,282.490325928
93.704849243,-23.141744614,310.000915527
91.582786560,-23.869461060,258.842193604
95.165107727,-21.281633377,13.347347260
93.049766541,-22.269641876,283.907440186
94.129554749,-24.697727203,128.753082275
93.408203125,-23.520498276,369.025360107
92.774162292,-23.676488876,410.655212402
91.349891663,-23.278982162,228.106399536
91.002510071,-23.923732758,146.943222046
93.898422241,-22.526817322,225.278717041
92.199165344,-21.941503525,205.747024536
92.126152039,-24.220369339,293.211700439
95.017440796,-22.623390198,63.761974335
93.394950867,-22.422800064,275.604797363
93.276924133,-24.038217545,328.236968994
92.045608521,-22.975786209,350.983856201
93.221046448,-22.390174866,289.497680664
92.622917175,-21.463729858,137.393356323
91.407402039,-21.381559372,58.779243469
94.135841370,-22.984786987,216.035888672
93.039466858,-23.556833267,407.625823975
91.915573120,-23.761388779,326.091552734
93.139053345,-21.071002960,83.226066589
93.617996216,-24.751844406,178.650222778
91.734825134,-22.371265411,228.692230225
92.760231018,-24.341421127,300.602813721
91.773361206,-24.502742767,212.032974243
94.488067627,-23.357490540,166.056304932
92.717178345,-23.654100418,410.676208496
92.130088806,-24.819307327,182.137084961
93.049377441,-22.012725830,230.596282959
92.388763428,-22.951635361,387.674530029
93.879981995,-22.484037399,221.718551636
91.937690735,-23.633182526,340.768951416
92.882499695,-21.620189667,161.784683228
93.976837158,-23.423419952,267.411773682
90.845954895,-23.376972198,140.544204712
91.884140015,-22.395902634,257.591217041
91.851539612,-23.988386154,294.947052002
92.804306030,-23.406063080,424.845062256
91.851539612,-21.797771454,151.686035156
91.667274475,-26.380903244,14.424341202
91.009201050,-23.097156525,157.165893555
92.656387329,-24.964189529,177.762374878
90.873443604,-23.305252075,144.134765625
94.176071167,-22.872907639,199.424407959
91.903038025,-22.866069794,320.238433838
91.902786255,-25.596313477,58.534507751
93.039268494,-23.073198318,405.746154785
93.663894653,-22.573402405,261.291381836
92.705169678,-22.546846390,347.468750000
91.900825500,-24.722553253,182.423980713
90.934272766,-24.009855270,133.730941772
93.339454651,-22.461509705,286.379089355
91.881652832,-22.873329163,318.156677246
93.357398987,-22.437751770,281.737091064
93.113235474,-24.275146484,300.702606201
92.627220154,-24.362180710,297.533111572
91.515235901,-21.840684891,126.290016174
93.399612427,-23.285957336,369.318817139
91.811408997,-23.849121094,300.518707275
92.695503235,-22.410095215,329.071777344
93.356849670,-23.316711426,375.695220947
93.570899963,-23.968265533,296.695709229
94.561157227,-22.732793808,128.203643799
90.414772034,-23.897550583,66.360984802
92.392173767,-21.590501785,149.777084351
92.692184448,-23.312269211,423.321319580
93.716278076,-22.141235352,194.317092896
90.677497864,-22.712621689,98.335258484
91.426742554,-23.415029526,238.986541748
92.400863647,-22.407649994,318.125122070
95.688949585,-24.896455765,13.891833305
93.229644775,-22.046031952,229.644058228
92.550529480,-23.949600220,360.934265137
94.496757507,-23.665218353,149.112274170
92.342086792,-23.229772568,401.564117432
92.236503601,-22.671596527,347.082427979
91.579269409,-24.032312393,247.191864014
92.330062866,-22.569036484,344.459747314
93.401992798,-21.876911163,183.167282104
92.425987244,-22.943784714,390.701934814
94.000709534,-23.246244431,258.274200439
93.567123413,-24.427347183,242.175582886
93.580207825,-23.073125839,328.293304443
92.268966675,-24.457450867,263.537597656
92.713798523,-22.772979736,383.259765625
92.987419128,-23.403272629,417.411163330
93.801033020,-22.226482391,196.114181519
91.893142700,-23.492666245,336.994628906
92.340118408,-23.166603088,399.621795654
92.673843384,-22.625226974,361.133026123
91.690780640,-23.015356064,289.700592041
95.683349609,-25.236764908,11.091047287
92.589195251,-24.498069763,268.352020264
92.919219971,-22.352231979,311.332000732
93.050003052,-21.858352661,197.253936768
93.299613953,-22.002147675,211.568984985
92.865852356,-24.277986526,309.465240479
93.092315674,-23.151418686,404.225280762
92.939727783,-22.462059021,328.138061523
92.011581421,-23.192760468,360.468109131
91.978057861,-22.437374115,280.372741699
92.064384460,-22.973356247,355.439392090
91.543418884,-23.332420349,267.806884766
93.092651367,-22.229307175,272.585662842
93.171638489,-22.644380569,336.738067627
92.539596558,-23.356838226,416.140197754
92.274955750,-23.042993546,388.851745605
93.273963928,-22.751329422,337.608367920
93.195976257,-22.013889313,225.547271729
92.501640320,-21.599519730,155.909774780
92.980979919,-24.050378799,345.897644043
93.062980652,-23.369501114,413.233612061
92.701972961,-22.370403290,320.045867920
92.134071350,-24.292051315,283.013183594
92.939575195,-23.966718674,362.337707520
92.864570618,-22.521675110,342.683074951
91.363647461,-22.373647690,173.575073242
93.217285156,-23.068357468,383.662536621
91.301849365,-24.378978729,160.649291992
91.975463867,-23.786706924,333.090850830
92.813323975,-22.016016006,237.965362549
93.262634277,-23.736331940,373.365173340
92.131805420,-21.934709549,201.547088623
93.146560669,-22.283935547,279.231475830
91.907691956,-23.054586411,334.734771729
92.022865295,-23.463699341,356.145324707
92.109664917,-23.451793671,373.189605713
92.538246155,-24.679813385,233.347579956
91.568557739,-22.880872726,256.093872070
92.866462708,-24.123367310,340.755371094
92.204277039,-22.848896027,363.505676270
94.045791626,-22.478521347,193.622314453
92.530662537,-23.218385696,411.747253418
91.722579956,-22.894643784,288.986511230
93.165763855,-23.511758804,396.699432373
92.250625610,-23.259019852,395.525787354
93.322982788,-22.892208099,350.033935547
94.170608521,-23.520862579,223.987380981
92.873100281,-22.466150284,332.977569580
92.574867249,-22.520290375,346.276458740
93.292861938,-22.689100266,329.139007568
92.083038330,-21.705923080,154.639877319
91.276039124,-23.470943451,213.350631714
93.677825928,-24.462629318,217.053344727
93.918785095,-24.234897614,221.078048706
91.245727539,-22.022989273,121.523216248
92.228569031,-24.241052628,297.690887451
94.143966675,-24.616498947,136.770141602
92.206588745,-23.164203644,387.933349609
92.093688965,-23.766157150,346.891662598
94.333236694,-21.413587570,56.079708099
94.027778625,-23.988746643,226.819671631
92.698242188,-23.269254684,423.106201172
92.791915894,-23.199167252,423.913879395
92.904708862,-23.079322815,411.894195557
93.739692688,-22.149812698,191.986999512
94.806365967,-24.863433838,56.898281097
93.311843872,-24.841833115,186.662506104
91.791297913,-21.763929367,142.874114990
92.573661804,-23.825820923,383.665222168
92.571792603,-22.723121643,374.196716309
93.482505798,-24.393674850,255.354278564
93.019309998,-24.154321671,327.533813477
92.285911560,-24.028297424,334.184326172
94.247741699,-23.674751282,202.859634399
91.437316895,-23.088382721,244.637176514
93.434844971,-22.011896133,199.984115601
92.513961792,-23.667627335,398.675476074
93.664962769,-24.484668732,215.934661865
93.602447510,-22.960165024,317.020507812
93.267288208,-22.727357864,337.588958740
91.828102112,-23.107278824,322.695404053
91.603187561,-22.239067078,191.255386353
92.150260925,-22.073879242,232.142395020
93.021919250,-24.316280365,297.681060791
91.700019836,-24.212768555,250.431854248
92.217674255,-22.893842697,369.616180420
90.683715820,-24.301441193,81.062431335
92.394256592,-21.807868958,189.516265869
92.474342346,-23.466291428,406.503692627
91.076728821,-23.405250549,174.225418091
91.642471313,-22.533687592,235.300109863
94.901504517,-22.724214554,83.107879639
91.631111145,-22.664073944,248.114486694
91.867942810,-23.630849838,327.609375000
92.870460510,-22.064371109,247.686050415
92.837715149,-22.713039398,370.886627197
92.799072266,-22.693103790,369.195343018
92.629798889,-22.083515167,257.393005371
91.298629761,-24.073081970,194.893005371
91.619644165,-24.004987717,256.814575195
91.753265381,-22.817312241,289.845520020
92.081550598,-23.348108292,373.960327148
92.197486877,-24.068626404,318.009918213
92.832748413,-24.619947433,251.344436646
91.643440247,-24.975715637,115.697570801
92.032272339,-23.387622833,365.402618408
93.892463684,-24.148200989,233.714096069
94.314659119,-23.438875198,193.828369141
93.166206360,-23.142288208,398.641815186
93.305015564,-21.481803894,127.422821045
94.151206970,-24.289323807,172.668365479
92.312988281,-22.881982803,375.066802979
91.669227600,-22.920513153,276.398010254
92.657768250,-24.311056137,306.267791748
93.076957703,-22.338014603,295.604949951
91.789466858,-21.709100723,137.070495605
92.970169067,-23.439891815,419.421356201
93.124877930,-25.904590607,40.991359711
93.507843018,-23.046779633,336.863769531
92.275794983,-22.974540710,382.521728516
93.137489319,-24.372644424,286.398040771
92.826248169,-24.903987885,192.888595581
94.546356201,-23.415153503,151.996002197
92.427314758,-24.716403961,223.797195435
92.366798401,-23.408969879,407.470245361
93.007690430,-24.870586395,193.391769409
92.363761902,-22.565132141,343.344482422
93.060508728,-23.161600113,404.714782715
93.403831482,-23.709716797,358.693359375
91.932449341,-23.865484238,315.993011475
93.445861816,-22.421001434,271.348571777
92.737052917,-24.297092438,309.189208984
92.554275513,-22.387882233,321.696563721
93.447097778,-24.332950592,268.736663818
92.964851379,-23.466611862,417.537506104
92.332557678,-25.970083237,37.110576630
91.729125977,-21.922412872,157.027572632
92.661201477,-23.172807693,415.921875000
92.635787964,-22.908580780,400.181304932
93.360702515,-22.743698120,329.127899170
93.914535522,-22.852991104,250.993164062
94.436325073,-21.801069260,76.760185242
92.751365662,-24.524909973,271.857330322
91.573013306,-24.307741165,214.630035400
92.914566040,-24.569892883,258.229919434
92.721649170,-22.091320038,262.902130127
93.352630615,-23.515096664,376.561218262
92.672775269,-24.423860550,287.480102539
93.102432251,-23.068708420,398.977264404
91.276863098,-23.107099533,213.857711792
92.968849182,-23.520353317,414.528594971
91.913948059,-23.583761215,339.098693848
92.186698914,-24.603086472,230.836318970
93.973846436,-21.816360474,125.234779358
92.511123657,-22.802799225,380.885772705
91.184814453,-24.045804977,173.021179199
92.670768738,-24.228395462,318.327484131
94.480850220,-22.700338364,138.190826416
92.857025146,-25.077165604,154.404052734
91.919395447,-23.538368225,341.052947998
92.489234924,-24.270357132,306.772308350
92.372726440,-23.490365982,395.903381348
90.877593994,-22.828876495,132.211791992
92.495140076,-23.535181046,404.793884277
91.939743042,-23.320497513,349.985565186
92.618713379,-24.472999573,273.134063721
93.290527344,-24.508111954,251.651412964
94.008651733,-23.854547501,241.334762573
91.964942932,-25.349718094,89.688705444
91.895133972,-21.504003525,113.701492310
93.405105591,-23.726078033,357.646362305
92.751609802,-22.686279297,368.001251221
92.450515747,-22.436819077,323.741302490
92.216247559,-24.401561737,267.203704834
92.860122681,-23.451223373,421.656829834
91.175041199,-22.886783600,183.461044312
92.571777344,-21.996456146,236.317489624
91.966323853,-23.453632355,352.031921387
91.588279724,-22.769756317,252.032730103
92.672187805,-23.300115585,422.031372070
92.306526184,-24.181030273,314.582397461
93.064659119,-23.534925461,407.282592773
92.918472290,-23.236135483,422.304138184
93.213806152,-23.231142044,393.010803223
92.544372559,-24.622888565,243.480926514
92.643829346,-21.798925400,198.735000610
93.306259155,-23.852699280,352.941741943
92.833732605,-22.317144394,305.326263428
92.751266479,-23.056024551,414.900146484
92.021377563,-22.207855225,249.212341309
93.482429504,-24.001873016,301.244323730
92.116439819,-24.187177658,297.574005127
94.115951538,-24.775955200,121.964241028
91.441978455,-24.448684692,174.228973389
90.916213989,-25.371004105,33.706493378
91.155204773,-23.492607117,190.215087891
95.365554810,-24.185548782,46.297348022
93.195198059,-22.739976883,344.710632324
92.155700684,-23.689825058,362.459075928
92.545112610,-23.114976883,405.674865723
93.094703674,-25.099550247,146.878631592
93.855834961,-21.080211639,51.669002533
92.473350525,-22.891992569,390.011962891
93.097274780,-23.809984207,380.508392334
93.585922241,-22.641830444,282.329772949
94.190040588,-23.124977112,212.394210815
95.738601685,-23.240552902,25.030826569
92.517051697,-23.282373428,415.093017578
92.643562317,-23.187301636,414.837219238
92.797088623,-23.541191101,418.743408203
91.683776855,-23.142158508,292.174560547
92.250167847,-23.594747543,379.630645752
91.485252380,-23.183382034,256.100219727
93.180435181,-24.009241104,338.493988037
92.898040771,-23.647979736,408.710083008
92.566825867,-23.986534119,360.113250732
92.071838379,-24.597440720,221.964218140
92.953010559,-24.761873245,214.352050781
92.698905945,-22.492326736,339.708343506
91.955200195,-22.014600754,200.314346313
92.202690125,-23.598947525,373.533020020
92.646217346,-22.977777481,407.050476074
93.033058167,-22.373704910,307.536682129
92.265335083,-21.363254547,111.535583496
92.423805237,-25.338953018,105.156898499
92.962783813,-23.162876129,416.200256348
96.025245667,-23.814071655,16.507419586
93.669380188,-22.889318466,301.607482910
91.517936707,-23.675048828,258.829925537
91.716178894,-22.495542526,245.038101196
90.090484619,-24.311286926,31.490249634
92.048255920,-24.690317154,201.890563965
92.615890503,-23.812623978,389.402069092
94.037483215,-24.481756210,167.776168823
93.159889221,-23.798572540,374.367523193
91.792587280,-23.118024826,312.991088867
92.602088928,-21.675285339,168.912322998
91.485237122,-22.856147766,238.972305298
93.520042419,-22.256816864,234.967803955
94.135444641,-23.652011871,224.195709229
91.966308594,-22.520635605,290.447540283
92.164466858,-24.998134613,152.971267700
94.527656555,-23.828771591,139.220489502
94.117912292,-23.799257278,218.809066772
93.686378479,-23.724433899,306.453125000
93.987121582,-22.330560684,185.071609497
95.297752380,-22.826194763,49.012401581
91.100585938,-25.294454575,43.177837372
93.452178955,-22.981018066,340.403839111
92.344566345,-21.697328568,166.112075806
90.969657898,-23.610933304,155.941818237
92.450942993,-23.803030014,375.845581055
92.838760376,-22.700653076,367.935058594
93.180778503,-22.500644684,311.084564209
92.682060242,-24.343481064,297.820312500
93.314888000,-22.467197418,290.426788330
92.347610474,-24.666778564,227.141494751
93.363243103,-22.994585037,354.286285400
92.742088318,-22.454866409,335.766448975
94.534538269,-24.306936264,108.069755554
95.944396973,-23.477796555,19.945293427
94.509185791,-23.645786285,147.532546997
92.504020691,-23.392787933,411.834838867
91.005393982,-22.868236542,150.309478760
92.027793884,-22.779205322,329.480743408
93.191390991,-22.704788208,342.296569824
91.615676880,-23.732225418,275.954376221
92.324325562,-22.395780563,310.815246582
92.752334595,-24.277650833,313.955780029
92.729415894,-24.420972824,288.534942627
93.931945801,-24.228630066,220.059844971
92.407455444,-23.967155457,353.344421387
93.772850037,-24.158536911,247.026550293
92.712440491,-22.263374329,297.825103760
94.117340088,-23.024023056,221.185592651
93.086799622,-22.813083649,367.595916748
92.489341736,-23.448957443,408.787536621
93.256019592,-24.577301025,237.589202881
93.213226318,-20.308572769,17.886953354
92.581283569,-24.036090851,351.914367676
92.771339417,-23.431514740,425.503051758
93.553398132,-24.319192886,258.881134033
92.064758301,-23.263393402,372.740814209
92.907592773,-23.103380203,413.604583740
90.813491821,-22.335044861,91.967292786
94.623870850,-22.884351730,128.675720215
57.016414642,5.632049561,271.796142578
56.988735199,5.412021160,247.992309570
58.536964417,7.161976337,222.252120972
57.280197144,5.508133411,321.054046631
61.106033325,6.379433155,32.139701843
59.656173706,6.755587101,173.674331665
58.226348877,5.334094048,405.026458740
57.247138977,5.352633476,303.747985840
58.070983887,5.672116756,429.270690918
59.433322906,2.797611952,13.123347282
57.190410614,5.744163513,313.517700195
58.610206604,5.375672340,390.052886963
57.503929138,6.809954166,259.567749023
58.748611450,5.943553925,397.029266357
57.845928192,6.606037140,331.504302979
55.218807220,6.053465843,13.794741631
59.155139923,6.537145138,288.820526123
57.626880646,4.398113251,198.904876709
57.837348938,5.862861633,412.850189209
57.459667206,6.391312122,316.265380859
58.182392120,6.046730042,419.054443359
56.932353973,5.334743023,229.979812622
57.082504272,7.282279491,125.391067505
58.956031799,5.315592289,346.447570801
58.083663940,7.649741650,127.660263062
59.021213531,5.390172958,342.024627686
57.304313660,3.354446650,45.326351166
58.800247192,5.359072208,372.174011230
60.353755951,6.417914867,95.246299744
58.030342102,5.725833416,428.282592773
58.236877441,4.884747028,327.594726562
58.073005676,6.953400135,278.330383301
57.829795837,4.273774624,188.480880737
56.947746277,5.727823734,258.288909912
58.303768158,5.543542385,422.293731689
57.069332123,5.956434250,282.087677002
58.146160126,6.648803711,337.713592529
58.760070801,4.592194557,250.376754761
57.078388214,7.365536213,112.704399109
58.406105042,5.601889133,426.947570801
57.759574890,5.340449333,381.653137207
58.362602234,7.110446453,239.865081787
59.929084778,5.455320358,175.660491943
60.686130524,5.165426731,67.737930298
59.269931793,5.555202484,308.277862549
59.236129761,5.924139977,320.566650391
58.589824677,6.156596661,399.484710693
60.374706268,6.411391735,94.136428833
58.703948975,6.228671551,381.735412598
58.039161682,6.888392448,287.942962646
58.832286835,5.475132942,376.843933105
56.887691498,4.858460426,180.856430054
59.027671814,5.423511028,343.800262451
58.737747192,5.397907734,381.913146973
56.638626099,5.618728638,185.532318115
56.728038788,6.395247459,185.076278687
60.751594543,6.094186306,60.679409027
59.605796814,6.109987259,238.123611450
57.044788361,6.331757545,246.586334229
57.580448151,4.175907612,155.444168091
58.627613068,5.967409611,413.797729492
57.239753723,5.753358841,322.789489746
56.883235931,8.085915565,28.344564438
58.446418762,5.190203667,374.743164062
58.296779633,6.539476871,367.113647461
59.057613373,4.650100708,231.364151001
58.733768463,5.561400890,393.842681885
59.837409973,5.658595085,197.037918091
57.944156647,5.279097557,392.053253174
57.435741425,4.344138622,173.924468994
57.098602295,6.269567013,265.463592529
57.886520386,4.016541958,140.318740845
57.060131073,5.965907574,278.987426758
60.013069153,7.264717579,76.675941467
57.035724640,5.378846169,256.772094727
57.654747009,5.493799686,378.781768799
58.906177521,5.556535244,371.102752686
58.447597504,4.415736675,223.781066895
57.794506073,6.720840931,305.532226562
58.761718750,7.337789059,174.124374390
57.882579803,5.426928997,403.132263184
59.037380219,4.433024883,196.103958130
56.948230743,4.526677132,150.941619873
59.538002014,4.921137810,206.044128418
58.590988159,6.963877678,265.276947021
56.677391052,6.100886345,188.676849365
58.487594604,6.666786671,334.735626221
59.729400635,3.715453386,48.856525421
58.763137817,4.100981712,152.203323364
61.210609436,5.103468895,26.943225861
57.131034851,4.055440426,107.745880127
58.333450317,4.495538235,245.178619385
59.005924225,5.663280010,360.333038330
58.645717621,4.817116737,301.110717773
59.023849487,6.189648628,348.139312744
59.114170074,3.918634653,103.890487671
58.084739685,5.123502731,372.757965088
59.160137177,4.674506664,226.528747559
58.319164276,5.094289303,366.105987549
59.088035583,5.871757507,350.496704102
56.534175873,7.243219376,74.774864197
60.454746246,6.290286541,90.037055969
59.266479492,4.982872486,258.994903564
58.500793457,7.405474663,168.590026855
60.028984070,5.677206039,161.875503540
58.318008423,5.222886562,386.777648926
58.010066986,6.209548473,405.117828369
58.030155182,6.311317444,393.997222900
58.825870514,6.415654182,349.675750732
59.535881042,6.997361183,157.198837280
58.257831573,5.912154675,426.401641846
58.398273468,4.484504223,241.655761719
57.717910767,6.812192440,282.556396484
59.186164856,4.660162926,220.777923584
59.255641937,8.242478371,37.592487335
59.650482178,5.271134853,221.347244263
58.985172272,3.684081316,76.428680420
56.809108734,3.646044493,47.709861755
57.123588562,5.727890015,299.405792236
57.718055725,6.687521458,307.234802246
56.574867249,5.906096458,174.861923218
58.547542572,5.998370647,421.140991211
58.203056335,6.250242710,404.331237793
57.223377228,6.013874054,313.276458740
58.611080170,5.901105404,415.071014404
58.311050415,5.367071629,407.976562500
58.584613800,6.224023342,388.456787109
58.490619659,5.957360744,424.391967773
57.465446472,5.861901760,362.327178955
58.567077637,5.519123554,408.434661865
59.642101288,4.128238201,94.436225891
58.956516266,5.453669071,357.197357178
58.456710815,6.526910782,361.334594727
58.802181244,5.879745960,393.460876465
59.783359528,4.378795147,108.011817932
56.390285492,5.020127296,114.115753174
58.464435577,6.515394211,362.481079102
57.679134369,5.726872921,396.432281494
58.487022400,4.578160286,261.267822266
58.330879211,5.951265812,425.463806152
59.363510132,6.141539097,283.848937988
58.125724792,6.464324951,374.340820312
59.355972290,5.851022720,299.175598145
57.813236237,5.518494606,403.532684326
58.127578735,6.765076160,313.857543945
58.664981842,5.739662170,409.218780518
59.859230042,3.905570984,55.073982239
57.488700867,6.518404007,306.485076904
59.267005920,4.889890194,243.218154907
57.798377991,6.339748859,374.422943115
59.162288666,5.544328213,326.816070557
59.780597687,5.232163906,188.148635864
58.469772339,5.150708675,365.707794189
58.093757629,5.819543362,427.880004883
58.841697693,6.498248577,335.310089111
57.832828522,6.057667255,398.469085693
60.672721863,7.511447906,25.192710876
58.209503174,6.719686985,328.507598877
60.123512268,7.844134808,32.616107941
59.519996643,5.843449116,265.704254150
58.679531097,5.503049374,395.670104980
57.441139221,5.852777481,359.134429932
60.059528351,5.774037361,156.868026733
57.886928558,6.672915936,321.078765869
56.784049988,6.978744507,129.565292358
56.987895966,5.993759155,262.550933838
58.949157715,5.296280861,345.464172363
58.771320343,6.137037754,383.098876953
60.440608978,5.499641895,94.909965515
56.723049164,5.508685112,194.045059204
59.347595215,6.480159760,263.192993164
58.517257690,5.601598740,419.991516113
59.124107361,6.642583847,278.603332520
57.340106964,6.411307335,297.240600586
57.581188202,6.086906433,370.600921631
58.016204834,6.173614025,409.447570801
59.223495483,5.648318291,320.665924072
61.439987183,4.364326477,10.044840813
58.678146362,6.930895329,265.731842041
58.216648102,5.084841251,367.609405518
58.459720612,5.751544476,428.088043213
56.615619659,8.110260963,19.448192596
59.999263763,4.015754700,55.582641602
56.403453827,4.588245869,88.933837891
58.340156555,6.201225758,411.560577393
58.379203796,7.300299168,197.476974487
58.168403625,6.003383636,422.867889404
59.073268890,5.894916058,353.616363525
56.929519653,6.095552444,245.473937988
59.223331451,4.622880936,211.798782349
58.902271271,7.279399872,175.247039795
57.493843079,5.185034752,327.766174316
57.151378632,6.460964680,255.135665894
58.313671112,5.750336647,429.581665039
59.233905792,6.780858040,240.909469604
58.202484131,6.034666538,418.726226807
59.110233307,5.942116261,343.982482910
58.095142365,4.278131008,200.821823120
55.417675018,6.439723969,18.270095825
58.477756500,6.372707844,383.049468994
58.457553864,4.135230064,168.148498535
59.879158020,7.907558918,38.224742889
57.265392303,5.490985870,318.586547852
56.053535461,4.954532146,67.889396667
58.751621246,6.393700600,358.980133057
57.825691223,5.046415806,345.659362793
58.806171417,5.352180958,371.698181152
57.160659790,5.669270515,302.612426758
57.178722382,7.111845970,165.605316162
56.852184296,5.540754318,230.778900146
57.073867798,4.709348679,192.500823975
59.042625427,6.171525002,347.598785400
59.588932037,5.422260761,235.102447510
59.608100891,5.877213955,247.475097656
57.766304016,4.483330250,234.388214111
59.163902283,6.243660450,317.254089355
59.551239014,5.703469276,261.278320312
58.568401337,5.800951481,420.319091797
58.118770599,6.579536438,354.022735596
58.603340149,5.792400837,415.690185547
57.388370514,6.389763832,306.906127930
58.016719818,5.246342659,393.210144043
58.703041077,7.450400829,152.487365723
59.768081665,5.212635517,191.380355835
57.619186401,6.342459679,346.067596436
57.909374237,5.674431324,421.497436523
56.023735046,5.564889431,77.594635010
58.888412476,5.241529942,346.025878906
57.964733124,6.044456959,410.591491699
58.199577332,6.169058800,409.750000000
58.202079773,5.764865875,433.745178223
57.803714752,6.694324017,312.285827637
59.113117218,5.880618572,346.058166504
59.154449463,5.779439449,339.522796631
58.118289948,7.060701370,250.813018799
58.271507263,6.848618507,300.476684570
59.137023926,6.118691444,336.266357422
58.978519440,5.466293812,355.835815430
58.710689545,6.101749897,391.071380615
58.211032867,6.081521034,415.878448486
56.684345245,5.960258007,195.143539429
58.029655457,4.771617413,299.990081787
57.596584320,4.062301636,139.519241333
58.187801361,6.640879154,345.083923340
57.349399567,4.620767117,214.225082397
59.662635803,4.155683994,96.537246704
58.524902344,6.464842796,367.835296631
58.405303955,5.175103664,375.115325928
59.393920898,3.521816015,53.512802124
58.286575317,5.665097713,431.717132568
58.430561066,5.010109425,344.666809082
57.090873718,4.288692951,136.395965576
58.474502563,5.871666908,428.555511475
57.826190948,4.994257927,338.590789795
57.340713501,5.708234310,342.285003662
56.808010101,4.897830963,169.002075195
57.440811157,6.483010769,305.797241211
59.544067383,7.616654873,75.683036804
59.671840668,5.606170177,231.927719116
58.219955444,4.252792358,193.038085938
56.534656525,6.176524162,161.704696655
60.094417572,7.502861977,47.213088989
57.016807556,5.969815731,270.092407227
57.489959717,5.922603607,362.133911133
58.014179230,5.913694382,421.103881836
57.746814728,4.875368118,306.782257080
59.189857483,5.180557728,290.326141357
57.947845459,5.581121922,417.435699463
57.088466644,5.340466499,263.853240967
57.672454834,5.215066433,350.986175537
58.391044617,3.871979475,120.199089050
58.803848267,5.282830715,365.537261963
58.877876282,6.054864407,377.201080322
59.411605835,5.589275837,284.942504883
57.272422791,6.715350151,241.547256470
59.453479767,5.418015480,265.971130371
57.740589142,6.509796619,340.147094727
58.055442810,6.700451374,322.855010986
59.538677216,5.921004772,258.717559814
59.335311890,6.803838730,219.887207031
59.126991272,4.263398647,152.159271240
58.224533081,5.514380455,420.502410889
57.866851807,4.521182060,249.748718262
57.457046509,6.662387371,282.311614990
58.713108063,5.433431625,388.235565186
58.236656189,6.615247726,354.658782959
57.533145905,4.941325665,296.140075684
59.660293579,5.414460659,224.554367065
60.338577271,7.363862514,46.173103333
56.240345001,3.225865602,15.042810440
57.102340698,5.980970383,288.245452881
58.039676666,4.583397388,263.590881348
56.767105103,6.628896236,168.084960938
58.672595978,5.777314186,407.926391602
58.309444427,5.289732456,400.384094238
60.275505066,5.516339302,117.877914429
59.170940399,5.135716915,290.827545166
57.516025543,5.576249599,369.875732422
58.087142944,5.849798679,427.864715576
59.342853546,6.039064884,293.541778564
59.270072937,7.255059719,147.742858887
56.465755463,4.996455193,123.959419250
56.942802429,4.323698044,123.414474487
57.192672729,5.875532627,308.809783936
58.637287140,6.665705204,320.808197021
58.458229065,5.749502182,428.103820801
58.623264313,6.749416828,308.686218262
56.913745880,4.376749039,127.834411621
58.150382996,5.243486881,395.061553955
58.949283600,4.363272190,186.682922363
57.372692108,6.810266972,241.623703003
59.798881531,6.012691498,199.719512939
59.653030396,6.540752888,202.724319458
58.937171936,4.542820930,227.785903931
57.436599731,5.015765190,290.955993652
57.542968750,4.402563095,192.167816162
56.794773102,5.612590313,218.414443970
59.104896545,5.491437435,335.710174561
58.004173279,5.340916634,400.792968750
58.487422943,5.479467392,411.513000488
56.244483948,8.184699059,12.804721832
58.683227539,6.142225266,389.839935303
58.658313751,6.203340530,388.289978027
58.527809143,6.183339596,406.372894287
60.887340546,5.399840355,50.898876190
58.195434570,4.944283962,340.197174072
57.570732117,6.993948460,231.366134644
59.105625153,6.096091747,342.109161377
58.177787781,5.902030468,427.113067627
57.811000824,5.716655731,413.735534668
58.844387054,5.167722225,344.055206299
58.572986603,4.515687943,243.641967773
57.267704010,6.139728546,312.979766846
58.087345123,6.560831070,356.120819092
57.868652344,7.084429264,237.222000122
59.029319763,6.231753349,343.644561768
55.897804260,6.415135384,58.610389709
57.752727509,5.638239861,405.498474121
57.226356506,5.507741928,310.427551270
58.680328369,6.683265209,316.242889404
56.155994415,5.388744831,94.229255676
57.129150391,4.310895920,141.724044800
58.070201874,6.654030323,332.598297119
57.336666107,5.314198971,315.644195557
58.158409119,3.690037489,94.743492126
57.784919739,4.430302620,225.058639526
57.980838776,6.958382130,271.523162842
58.544727325,7.465518475,156.112854004
57.269779205,6.360141277,287.136260986
58.647380829,5.184038639,368.667663574
59.728439331,6.105073452,212.727249146
56.840480804,5.167119980,197.897476196
58.543685913,6.873593330,285.878021240
59.327804565,5.710923672,303.004272461
57.299282074,4.031999588,117.233963013
57.749130249,5.385474205,383.037902832
59.126991272,5.910562515,342.094177246
59.681575775,6.992728233,139.641281128
58.777992249,6.554473400,334.101837158
59.548206329,5.286876678,237.902648926
61.364677429,6.381439686,18.372125626
58.572738647,6.305896759,383.930816650
58.193363190,5.520099163,419.983337402
57.820472717,6.050696850,397.603942871
57.457519531,4.882519722,275.263793945
58.148139954,5.870181561,429.550201416
57.457702637,3.910801649,108.848213196
58.268909454,4.998386860,348.171142578
58.825252533,5.811020374,390.207336426
57.638301849,5.315828800,362.418151855
57.171463013,6.323507786,272.288879395
57.043296814,6.148960114,264.984375000
58.260005951,5.055281639,358.065368652
57.598548889,6.029939651,376.848266602
56.220317841,7.451354027,37.528892517
57.628021240,5.244156837,353.623596191
58.702602386,5.539444923,395.752532959
60.337333679,5.977188587,109.104316711
56.881980896,5.273654938,213.847564697
59.210060120,4.472404480,188.255722046
57.692192078,7.480384350,143.810394287
58.565204620,4.161380291,172.261840820
57.759189606,6.125158787,389.398681641
60.137523651,4.913118362,113.696662903
58.364429474,5.531704903,421.500976562
57.361991882,4.532967091,201.589126587
56.943820953,3.438597679,41.239067078
57.555759430,5.591105938,374.658050537
58.320899963,4.541547775,255.983856201
58.789501190,7.225479603,195.879577637
57.716934204,5.845747471,399.383026123
59.030921936,7.631690979,104.753501892
59.926700592,5.873371601,179.897750854
57.678211212,6.445028782,343.152191162
58.877044678,4.728176117,272.827972412
57.816089630,3.799990177,104.130561829
58.251358032,5.225275993,392.544281006
58.502769470,6.150420189,411.032562256
58.798648834,6.915197849,261.973175049
58.757762909,5.853590965,397.301574707
59.817935944,5.726794720,204.808288574
58.011604309,5.554010868,416.674835205
57.827079773,4.732348919,289.473876953
59.329872131,5.679540157,301.423706055
60.086875916,6.910331249,101.144355774
59.908073425,4.718776226,126.819267273
60.011940002,4.300004005,77.470497131
56.439235687,6.134257317,144.781997681
57.600284576,5.909659863,383.260009766
59.273742676,5.669729710,311.874908447
58.702938080,5.841038227,406.165588379
59.279136658,4.457242489,176.676376343
58.156223297,6.323986530,392.580627441
59.539619446,5.894531727,259.444061279
58.329338074,5.860802650,431.639373779
58.657825470,5.261404037,376.775970459
57.395675659,5.278064728,321.174499512
58.703201294,5.087319374,348.325866699
59.053615570,6.990646362,222.176895142
57.761035919,5.676657200,405.255981445
57.941844940,5.701414108,425.731445312
58.233383179,6.336106777,390.892791748
58.998630524,5.896499157,369.220245361
57.118412018,6.063572407,285.736328125
58.010814667,4.875511169,323.728881836
58.726615906,5.726904392,398.907989502
59.704036713,6.019181728,218.524856567
57.834667206,7.182972908,210.525192261
59.354907990,5.310779095,276.240447998
58.154693604,6.006555080,422.765045166
58.674678802,7.092918873,231.647918701
58.699531555,7.454665661,152.324111938
57.885112762,5.875853539,417.277252197
59.246215820,5.166050911,278.748779297
58.905765533,7.536040306,132.437759399
59.029987335,5.592105865,352.012481689
57.934711456,4.334609985,207.798461914
58.292747498,8.024003983,69.458633423
58.524868011,6.533846378,356.662994385
59.530612946,6.063320637,255.252410889
57.934265137,6.215418339,401.034790039
59.604099274,5.472558498,234.934982300
59.049793243,6.259569168,338.723663330
58.172439575,4.722595692,294.213958740
59.365848541,6.705759048,231.328323364
58.534183502,5.396781921,396.920013428
56.863262177,7.016936779,133.336547852
56.768760681,4.896877766,160.730850220
60.068279266,5.213502884,138.465789795
58.278980255,4.610798836,268.311676025
57.682163239,6.551232338,327.383270264
58.605731964,7.981281757,72.625076294
57.576190948,5.782357693,381.568481445
58.227680206,4.865298748,324.596069336
58.671760559,5.634879589,407.086364746
57.122592926,6.662468433,221.750946045
57.686164856,5.554179668,393.130676270
57.531421661,4.655262947,242.494094849
57.279472351,6.240894318,307.322418213
57.594615936,6.126720905,366.101837158
58.610580444,6.606817722,335.287689209
57.058025360,6.097809792,269.873352051
57.488750458,6.560378551,301.320495605
58.960464478,6.436554909,329.021148682
58.524711609,3.500604630,68.286056519
56.945522308,6.542705536,202.400360107
57.742771149,6.836329937,278.741516113
57.103294373,6.623417854,223.589569092
58.764106750,6.319832802,365.858154297
58.487693787,4.785806179,300.680114746
57.965538025,6.374381065,386.735717773
57.453868866,7.033885002,210.960800171
59.415946960,7.147101879,152.565658569
59.099048615,4.417193890,188.457763672
58.559898376,6.545653820,350.997070312
57.772861481,4.846379757,307.630065918
56.998687744,4.720629692,182.134277344
58.653228760,5.905289650,410.047332764
59.819664001,5.798849583,200.539077759
58.191665649,6.321709156,393.974212646
57.446765900,6.851818085,244.198883057
59.266208649,4.733001232,221.438171387
58.584892273,5.538996696,410.304473877
58.546535492,6.874357700,285.172210693
57.580860138,4.719902515,264.961853027
59.315986633,3.054435253,25.067802429
58.371349335,5.810119629,432.345947266
58.166297913,6.198483467,409.260437012
57.476619720,6.253690243,336.812652588
57.847316742,5.165803432,366.837097168
57.445697784,5.083846569,305.401824951
58.599864960,8.241765976,40.181327820
59.633029938,7.145335197,124.311248779
56.260868073,6.833524227,77.608932495
57.686561584,6.480654716,339.835449219
56.860797882,6.480818272,199.268569946
57.608306885,4.643615723,250.022216797
59.148433685,7.726122379,89.603050232
58.626823425,6.395330429,366.543762207
60.035118103,4.019300938,55.184669495
58.250980377,4.243360043,189.487915039
57.862941742,5.497586727,406.837066650
60.257949829,5.957953930,120.907135010
58.614845276,5.303355694,383.992950439
58.286762238,6.389386654,387.580047607
58.191242218,5.471826077,419.128356934
58.348148346,4.596459866,268.973510742
56.500385284,4.461992264,90.013267517
58.492942810,5.125014782,362.206481934
57.978923798,5.201725483,382.533752441
57.759937286,5.486567020,393.492980957
56.496479034,5.630050182,161.137954712
57.593734741,5.063683033,326.416748047
59.422847748,6.402157784,257.546966553
56.648170471,4.927284718,144.551574707
57.422481537,6.702308178,269.502838135
57.950004578,6.488919258,364.448822021
58.302074432,5.129344463,372.903991699
58.026470184,3.906893015,123.955787659
58.417133331,6.070189476,420.950347900
58.066658020,6.383938789,384.208892822
59.015617371,6.507381439,312.381774902
59.680934906,4.906233788,183.799667358
58.162960052,5.502335072,418.094848633
58.883556366,4.536792755,231.738662720
57.696075439,4.884814262,299.808563232
58.446475983,5.726884365,428.776092529
57.734401703,2.799238443,18.423274994
57.655769348,3.572065353,73.312705994
57.912216187,5.101504326,360.306854248
58.511260986,5.641539574,421.505096436
57.568378448,6.181363583,359.059814453
56.506546021,5.045207024,134.248077393
56.334526062,4.910061359,99.688545227
58.295482635,4.434751034,233.088241577
58.405242920,4.010149479,144.408142090
57.504703522,4.767453671,263.901214600
60.248538971,4.494585991,70.358154297
57.855117798,6.537156105,344.895782471
59.492221832,4.410129070,142.335067749
58.953086853,5.248888969,341.078125000
57.735553741,6.841396332,277.001800537
58.304859161,5.502563000,421.137512207
59.922565460,6.042665958,179.237075806
59.612049103,6.963732243,152.309112549
58.945487976,6.441744328,331.879302979
57.381885529,5.713800430,350.325897217
58.741542816,7.003713608,245.970489502
56.748344421,4.862832069,154.814788818
60.401901245,5.959403515,101.675308228
58.278297424,5.750629902,433.497955322
58.829811096,6.596285343,321.372650146
59.240314484,5.016467571,266.310058594
59.782600403,6.976419926,128.055511475
57.680130005,6.270117283,365.544830322
58.781185150,8.262609482,39.781192780
59.595882416,4.913759232,193.639083862
57.192623138,3.247219324,37.933456421
59.021808624,4.955434322,291.426147461
58.343353271,5.486325741,419.786682129
56.631671906,6.056496620,180.111099243
57.876594543,4.757746696,294.463073730
58.656116486,5.224612713,372.157348633
57.817302704,5.872417927,409.751159668
58.400371552,5.962944031,427.375885010
59.419445038,4.970093727,226.624313354
58.362716675,4.723608494,293.799224854
58.398735046,6.670988560,339.851043701
58.201324463,6.321870327,393.367950439
60.960189819,6.687906265,35.137943268
57.674900055,5.925282955,394.136627197
57.927257538,5.471809387,410.709686279
58.615325928,5.785129547,414.109527588
58.303596497,7.031031609,257.381072998
57.759670258,5.797351360,405.836212158
57.956756592,6.880597591,284.298889160
60.232429504,5.128947258,111.845176697
59.796062469,5.979605675,200.708267212
58.452533722,6.189988613,409.626800537
58.565135956,4.823140621,304.177886963
58.272098541,5.558928490,424.092468262
58.149417877,5.390151024,410.546081543
58.195781708,5.985474586,421.387512207
57.854286194,7.117036343,228.231445312
59.378356934,5.386540413,281.020019531
58.621196747,5.728982449,413.036102295
58.623352051,5.558099270,408.460906982
58.752616882,4.092145443,151.342468262
57.212707520,5.329785347,290.781311035
56.716445923,5.704232693,204.081893921
57.354991913,5.276873589,315.391235352
58.328105927,6.440728664,377.975433350
58.866943359,5.850075722,385.745239258
58.241676331,5.654800892,430.513702393
58.850078583,7.525516510,134.785430908
57.406532288,5.573965549,350.491760254
56.904159546,7.844979763,46.243713379
57.127361298,6.822675228,203.119812012
56.708206177,4.947811127,154.702407837
58.383399963,4.346210957,212.982696533
59.995227814,5.683277130,168.278259277
60.567874908,6.086666584,81.368850708
56.620685577,4.083785057,70.103012085
58.623310089,6.717285156,313.117095947
57.470905304,4.632775784,232.324874878
57.699237823,4.958110809,320.321563721
59.488636017,7.191563606,134.460220337
58.625427246,4.096733570,155.912857056
57.920772552,6.439516068,369.008666992
58.311870575,5.740546227,431.323028564
57.533351898,5.953166962,368.451934814
59.822845459,5.559695244,200.421066284
57.783557892,4.896459103,316.859100342
57.110755920,6.914375782,185.789474487
59.198696136,6.440936089,294.250915527
58.539051056,7.030969143,248.495346069
59.799041748,4.291292667,100.007125854
57.816379547,5.217621803,372.697235107
58.804428101,6.240468979,370.251098633
57.503452301,3.374227524,52.687198639
56.850551605,3.574255466,44.709133148
57.634536743,5.092479706,332.423461914
58.832191467,6.749316692,290.746124268
58.364173889,5.809541225,432.439849854
60.471046448,6.161524296,91.018768311
58.446784973,7.022753716,255.691116333
58.429195404,5.805008411,430.145660400
57.948699951,5.986100197,413.641815186
57.856746674,5.662129402,415.625610352
57.416347504,6.885109901,235.231491089
58.099590302,5.715439320,431.438415527
57.015941620,5.516179562,264.143249512
59.829048157,6.364268303,183.604888916
57.665763855,5.370697498,372.231842041
58.002475739,5.247924328,392.430908203
58.092426300,7.018362522,260.102630615
57.728843689,4.904596329,310.343719482
57.203125000,5.200120926,274.841979980
60.698780060,7.118143559,37.174365997
59.053642273,6.792315483,262.734100342
57.704711914,5.303761482,369.235626221
59.593345642,5.737761021,252.766952515
57.995582581,7.065930843,248.728073120
57.018817902,6.871609211,177.373519897
58.728363037,5.088119507,344.609924316
58.272865295,6.251931667,404.126098633
57.880489349,6.594152451,337.273498535
57.599998474,6.137527466,365.487396240
57.022506714,5.242737293,242.007919312
58.400680542,5.268335819,391.897552490
56.924789429,6.944923878,154.166839600
59.089294434,5.133661270,307.844421387
58.818359375,4.744533539,282.036254883
60.124404907,5.031951427,121.407646179
60.111751556,6.806546688,104.293289185
58.397212982,3.805016994,111.768989563
57.233604431,5.454374313,308.544006348
57.994403839,5.407907009,407.423065186
56.443248749,7.838199139,28.740499496
58.513572693,5.821760654,422.880645752
56.990509033,6.306422710,240.554519653
57.528385162,5.145821571,326.395355225
58.327232361,7.316585064,192.463897705
59.929042816,4.271650314,80.124801636
58.411582947,6.156945229,412.036499023
59.247165680,5.796859264,319.661804199
58.238945007,6.728759289,327.284698486
59.490581512,6.955205441,171.688171387
57.507144928,5.272490978,342.247558594
57.844470978,5.853206635,413.701110840
58.887405396,6.450967789,337.593566895
58.740535736,5.971902847,398.245208740
58.303325653,6.361290455,391.895050049
58.752510071,6.713424206,303.895874023
59.960693359,5.375916958,165.098388672
57.803527832,6.149665356,390.951171875
57.930671692,7.003487110,256.799621582
56.583774567,5.801068306,178.566299438
58.441371918,4.844637871,315.222595215
56.314479828,5.142823219,109.788566589
57.925495148,6.490589142,363.832855225
58.955646515,5.514556885,363.526458740
58.766201019,4.668236732,267.948669434
57.694931030,5.623324871,399.802093506
60.192737579,4.321390152,64.662857056
58.799457550,6.315130711,363.457916260
56.512550354,5.821884155,160.364364624
58.912307739,5.397755146,358.900360107
58.503612518,5.035776138,349.376678467
56.044647217,2.761105537,6.172455311
57.925754547,6.146333694,404.901641846
57.967056274,6.148654938,407.531524658
59.111755371,6.911330700,231.994110107
58.516376495,7.771014690,107.062812805
59.382122040,6.576244354,247.432403564
56.810188293,5.554945946,220.578704834
57.623844147,7.018104076,231.519454956
57.819889069,6.146215916,392.208984375
58.057621002,5.887289524,427.403869629
57.984481812,5.850263119,422.669158936
59.324966431,6.441408157,272.478088379
56.563220978,4.694139004,116.945434570
58.895435333,5.362316608,356.735015869
59.957668304,5.574059486,173.872467041
57.323898315,6.124499321,328.383575439
57.813270569,5.041277409,344.458679199
57.926139832,6.631109715,329.965484619
58.626960754,6.624048233,329.626007080
57.317001343,6.754504204,241.561828613
58.282039642,5.161956787,380.130157471
56.953582764,6.966394424,154.415069580
58.481750488,6.225003719,404.198089600
57.083862305,5.817609310,286.588897705
57.380771637,6.193497658,331.814910889
58.169784546,3.203566313,43.438331604
56.690982819,5.744056225,197.877563477
58.389904022,5.377085686,407.057250977
57.626998901,5.699556828,389.400512695
57.325637817,5.825592995,338.837615967
59.381908417,5.363390446,277.878082275
57.722511292,6.015360832,393.912872314
60.379844666,4.463476658,62.823486328
59.747764587,6.511313915,185.197402954
59.578502655,7.144896030,132.383331299
58.264167786,6.311882973,397.389678955
58.256839752,3.948065519,134.497665405
57.801551819,6.402908325,362.938476562
59.169830322,5.242431641,304.914794922
57.103454590,6.522811413,235.216339111
59.470825195,5.940981388,272.319732666
58.562152863,5.684463501,419.729583740
57.574470520,5.513729572,371.479431152
58.741451263,4.754500866,286.955749512
59.832050323,5.619466305,199.624603271
55.822959900,6.617833138,44.466526031
57.113285065,4.822743416,212.220703125
57.686874390,5.573583126,393.612792969
13.695383072,83.572563171,208.518142700
13.592202187,85.216850281,395.259796143
11.986407280,84.466140747,166.061889648
14.719291687,85.297424316,286.484191895
15.021464348,85.785240173,197.842864990
14.391093254,83.057586670,93.893638611
14.471702576,84.731468201,303.761169434
13.443635941,85.133537292,393.196807861
13.656475067,86.000205994,311.232391357
13.701985359,87.104682922,121.707160950
13.816447258,85.168563843,391.361236572
15.414052010,84.588607788,136.441238403
12.425212860,87.443435669,42.928722382
13.239520073,85.083709717,386.499908447
15.329700470,85.097412109,163.345840454
12.525994301,83.542625427,144.852310181
13.467989922,86.467117310,217.889129639
13.455419540,83.946472168,281.836181641
12.894432068,84.895202637,345.188110352
13.962916374,85.004013062,387.747192383
12.682376862,85.287849426,304.539184570
12.961178780,84.555488586,335.275146484
13.713900566,85.035156250,399.511260986
13.102797508,83.881652832,247.718719482
12.378701210,84.877487183,252.920791626
13.561349869,85.466384888,383.056823730
12.818167686,85.202308655,329.021270752
12.643665314,84.223976135,247.024093628
14.365040779,85.613044739,316.612213135
13.249247551,86.044998169,292.789001465
14.791715622,84.008430481,189.068710327
14.222908020,86.507553101,197.349090576
13.357111931,84.362937927,338.811370850
12.673688889,86.058563232,229.416259766
14.154959679,86.079704285,278.094604492
12.660057068,84.621208191,289.036773682
13.206212997,85.711372375,345.517150879
13.617968559,84.233009338,326.375244141
13.658012390,84.941177368,395.945678711
13.888979912,84.148559570,302.454101562
14.997689247,84.511604309,201.041320801
13.384642601,87.052307129,125.112693787
12.717528343,85.138107300,315.563140869
14.910456657,86.491195679,142.165664673
14.156712532,84.069747925,266.515197754
11.438021660,86.438575745,55.841964722
12.706213951,83.718177795,189.115142822
15.653063774,83.096008301,27.305374146
13.600844383,83.497573853,194.513458252
14.051815033,85.166664124,378.855804443
14.522492409,85.073699951,313.727294922
13.637726784,84.562713623,366.091583252
13.448699951,85.908767700,325.454345703
11.265324593,84.225631714,64.041198730
12.976450920,86.606719971,171.735809326
12.873384476,85.137855530,344.587432861
13.899971008,86.928161621,144.639373779
12.391661644,83.644279480,142.596908569
13.081255913,87.154579163,96.819358826
14.066902161,85.172431946,376.628204346
13.797080040,84.306701660,328.493927002
12.527865410,85.803443909,243.273010254
15.025991440,85.563056946,215.308853149
13.531939507,84.027793884,290.800323486
13.171455383,86.793334961,156.115417480
10.684759140,86.801856995,9.350723267
13.461798668,84.751464844,385.764678955
13.746287346,84.899223328,395.889038086
11.107488632,84.515502930,52.918861389
14.335268021,86.325592041,222.630462646
12.571059227,84.873466492,292.088256836
12.219259262,85.040695190,222.494247437
14.588424683,84.912193298,301.824340820
13.114185333,83.446807861,175.183197021
13.823913574,84.447013855,350.080291748
13.392057419,84.219009399,319.269561768
12.361135483,84.942146301,250.511276245
12.949836731,86.317123413,214.585266113
12.015173912,84.326812744,162.767898560
12.986765862,83.459564209,169.563232422
14.043956757,82.545494080,53.340644836
12.984055519,85.455551147,346.578521729
14.682498932,83.634056091,151.733459473
13.314266205,84.808143616,384.567687988
14.888498306,86.570297241,136.737564087
12.700140953,84.244270325,260.263977051
12.963523865,82.554580688,50.028362274
13.852662086,85.692802429,354.670898438
14.711646080,84.371757507,236.837753296
15.704249382,83.775352478,51.613689423
12.311512947,86.278938293,152.944717407
12.658535004,85.120826721,305.690155029
13.791609764,85.307792664,393.822662354
14.006507874,84.454750061,342.849761963
13.475581169,82.277778625,35.319461823
14.027009010,82.342887878,42.132564545
13.874719620,85.346885681,385.736328125
15.010067940,86.674835205,113.680023193
14.451794624,86.022224426,256.894134521
13.930142403,84.519630432,354.379852295
12.584670067,84.503524780,270.981933594
15.301618576,85.388084412,170.355926514
13.209412575,84.818756104,375.197082520
13.830549240,84.898841858,391.970672607
14.299188614,83.702331543,205.661849976
12.793725967,83.128845215,101.230842590
14.051309586,85.790008545,331.381652832
14.327438354,84.822052002,337.775634766
14.719788551,84.301628113,229.449234009
13.033425331,86.317085266,223.273483276
10.980762482,86.706069946,22.914737701
15.025016785,85.886497498,190.735488892
13.774750710,85.934402466,321.521453857
11.981179237,85.419647217,176.098464966
14.942591667,85.948623657,200.003723145
13.124018669,85.281150818,371.741058350
13.023934364,84.422599792,327.500152588
12.461860657,85.838958740,229.803298950
12.669342995,83.870803833,209.037216187
14.586170197,84.144355774,231.061889648
12.689456940,85.274589539,306.851715088
12.268115997,86.176361084,163.252105713
13.531043053,86.823158264,163.764114380
13.334991455,84.809082031,387.372039795
11.854022026,85.538475037,151.174453735
14.891505241,84.589660645,229.152542114
14.638371468,85.272094727,298.384490967
12.750868797,85.585395813,296.019226074
13.879965782,84.361991882,331.795776367
15.317494392,85.378677368,167.826339722
13.881643295,85.149833679,387.597686768
14.263230324,85.836967468,303.386993408
13.336411476,86.283958435,247.725875854
13.420293808,85.774162292,347.192016602
14.357398033,86.678939819,169.829559326
12.348028183,84.488914490,229.559677124
14.241029739,85.410545349,351.006011963
12.777647972,84.910240173,324.148101807
12.903790474,83.562171936,183.637191772
15.348995209,83.944625854,103.604393005
13.236411095,84.755531311,375.581634521
14.094159126,83.451416016,172.872390747
13.199666977,85.606788635,357.140075684
13.540399551,84.884445190,393.807281494
13.791747093,86.144676208,278.412506104
13.213675499,84.042587280,283.974487305
13.155817986,84.614654541,362.916137695
13.117975235,84.735961914,368.556030273
11.783412933,84.017082214,105.467475891
13.965838432,84.894958496,385.381225586
11.820393562,86.101547241,111.620277405
12.206373215,85.940666199,177.588485718
13.995889664,83.933227539,258.472930908
12.403629303,84.965988159,259.880676270
15.440387726,85.934753418,125.228996277
12.536493301,85.957756042,229.297393799
11.508929253,85.363006592,114.722534180
13.573999405,85.912590027,331.956787109
14.719954491,87.616806030,38.137462616
10.770713806,84.058815002,22.407663345
14.667819023,86.077888489,226.898300171
14.433673859,82.596298218,49.241882324
15.176161766,84.916641235,193.640853882
15.639792442,85.055564880,115.099586487
14.141341209,86.084342957,278.134735107
13.252747536,82.875167847,89.809242249
14.181045532,85.077262878,361.731048584
14.442292213,84.989845276,321.314117432
13.827114105,85.481872559,377.009857178
13.268821716,83.765571594,240.266983032
12.313702583,85.891708374,200.046188354
13.544071198,83.879249573,268.277679443
15.291707039,86.259483337,117.000221252
12.083015442,85.935256958,158.758636475
12.412986755,83.568733215,136.876480103
13.005512238,84.510993958,336.278381348
12.537406921,84.999862671,289.157867432
13.622938156,84.122863770,309.608123779
13.491641045,84.575386047,366.514953613
11.909357071,85.118461609,162.627395630
12.611027718,85.478942871,279.794158936
12.906282425,84.586883545,327.908020020
12.848858833,83.796119690,217.971374512
13.074859619,82.954895020,91.053039551
14.015638351,83.478797913,183.112762451
13.260118484,86.280250549,250.305145264
13.899322510,84.972396851,392.279541016
12.074208260,85.404945374,194.204940796
13.622338295,82.942131042,99.284118652
14.613492012,85.993980408,243.531799316
14.724674225,85.028587341,281.415374756
15.084235191,85.626113892,200.570938110
12.889722824,84.761741638,337.570373535
13.500021935,84.661460876,377.730468750
15.299977303,84.768104553,163.664245605
13.261178970,85.117713928,387.536224365
15.210042953,85.931762695,158.977355957
13.769308090,84.759284973,384.565399170
13.360183716,84.541961670,361.128173828
14.438719749,84.629676819,303.119110107
12.889124870,85.058250427,343.107116699
13.271456718,83.555755615,198.933258057
12.998367310,85.636596680,330.497680664
12.377819061,85.757881165,219.741088867
13.847552299,86.645820618,187.977951050
14.191535950,84.439392090,318.824951172
13.074283600,84.915626526,364.746459961
12.864981651,85.534072876,318.884582520
13.616720200,84.075729370,300.580291748
12.399181366,84.792739868,255.653167725
12.736330032,86.880424500,117.146377563
12.637476921,86.654312134,135.474853516
13.890320778,86.357299805,237.124755859
14.080796242,86.286956787,245.962280273
12.328512192,83.541679382,125.798927307
14.046182632,84.015983582,272.308135986
14.256484985,85.566696167,335.391265869
13.462141991,85.898788452,327.877868652
12.928586006,86.081581116,258.201965332
12.750189781,86.336830139,194.363403320
13.898612976,82.521133423,52.877166748
12.067101479,85.201293945,194.946136475
15.196236610,84.384384155,159.431304932
14.337987900,86.046310425,266.147003174
14.316987038,83.861602783,225.767257690
14.785933495,83.198944092,84.943519592
14.313705444,84.025634766,245.419281006
13.325945854,85.808097839,339.379364014
14.859178543,85.304145813,257.353271484
14.035279274,85.137527466,379.329650879
12.029703140,84.726531982,188.309738159
14.486841202,84.717376709,300.333709717
14.077981949,83.617721558,205.977218628
13.978598595,84.209594727,305.207305908
14.339138985,84.338493347,284.067535400
14.179955482,84.421112061,317.915618896
15.477222443,85.172958374,138.142044067
16.343130112,86.115859985,30.727148056
12.235629082,85.647254944,205.571289062
12.014258385,85.630813599,170.524337769
13.599602699,83.207717896,141.339492798
14.188498497,83.795585632,223.792266846
12.694210052,84.535377502,292.366485596
13.462036133,86.031829834,303.268402100
13.487555504,85.749626160,356.928985596
13.174021721,86.162437439,267.524444580
13.262759209,86.191856384,265.395690918
14.546596527,84.485496521,275.228637695
11.822623253,84.283660889,129.808212280
14.072110176,83.745155334,223.376968384
13.457658768,85.578422546,373.631408691
12.855450630,84.315155029,290.572265625
13.429056168,84.839950562,393.314331055
14.958562851,86.031112671,189.252304077
14.237355232,85.001190186,350.291290283
14.131701469,84.312187195,303.340911865
12.166136742,84.594223022,199.740127563
13.137703896,84.686447144,367.020446777
13.546403885,85.389457703,386.699310303
12.369385719,87.101280212,71.201904297
14.197870255,85.827575684,309.768890381
13.744343758,84.685104370,378.467926025
14.443967819,83.581283569,171.234481812
15.810420036,83.827316284,45.063220978
15.259287834,85.556411743,172.402069092
12.916670799,83.286590576,133.883361816
13.491350174,85.138229370,394.340057373
13.501818657,83.354026794,166.223678589
14.180261612,84.286079407,292.291351318
13.916666031,84.574150085,360.050872803
14.152133942,86.062438965,280.760559082
13.842043877,85.578880310,368.496978760
14.214286804,84.595161438,335.564941406
14.272307396,84.605644226,328.326171875
13.978455544,87.714286804,49.715053558
11.758329391,86.493003845,76.978439331
13.311674118,83.396751404,168.789871216
13.935836792,84.130279541,295.266601562
15.563864708,85.648612976,118.659523010
14.252119064,85.329093933,354.983245850
13.295096397,85.130363464,388.856536865
12.772057533,85.753227234,282.470977783
15.781448364,83.809722900,46.545223236
14.166578293,84.316650391,298.129730225
13.606420517,85.839439392,341.146362305
14.801734924,85.346450806,267.578887939
13.602681160,82.751655579,81.556785583
13.368666649,84.547286987,361.412841797
14.443536758,85.313194275,327.050415039
14.290925980,85.005447388,347.129028320
13.708136559,85.751640320,352.182952881
11.765542984,84.872192383,149.703598022
14.470576286,85.756057739,290.055114746
14.262835503,85.673728943,321.840789795
13.291158676,84.354995728,339.235412598
14.198991776,85.910636902,298.525726318
14.366645813,85.897918701,283.385559082
12.564872742,84.455963135,264.641448975
15.110212326,85.110168457,208.453872681
14.364933014,86.016883850,266.000274658
12.635293961,84.891632080,301.352630615
14.606306076,84.785865784,292.895721436
12.800081253,84.767601013,321.801147461
15.957773209,85.804763794,59.657150269
13.915330887,84.680160522,368.422485352
16.238590240,85.357826233,44.401638031
12.676548958,84.979133606,311.559722900
12.736903191,85.827095032,267.709564209
13.295213699,85.026069641,388.359069824
14.254940033,84.662368774,338.012268066
15.331159592,85.367996216,163.595260620
13.014130592,84.546882629,339.976501465
12.316110611,85.471183777,228.342742920
13.332067490,85.293815613,388.995208740
14.380493164,84.803802490,324.342773438
13.007712364,85.041435242,363.412689209
14.263665199,83.592445374,188.746490479
12.739024162,84.902748108,314.573944092
14.757314682,85.723693848,255.644515991
12.866872787,85.074668884,339.162597656
12.225211143,85.716636658,196.310577393
12.407189369,84.650070190,244.996856689
14.708608627,85.603706360,270.007415771
14.001404762,85.637062073,356.028656006
15.740640640,86.899078369,36.591419220
15.411232948,85.659599304,142.327972412
15.258160591,83.919502258,113.611442566
12.470529556,83.764907837,167.588729858
14.660039902,84.752937317,284.579803467
13.542298317,83.406723022,176.611877441
13.452597618,83.434196472,180.072326660
11.948693275,83.783767700,104.867118835
13.392435074,86.478195190,214.722564697
12.833941460,84.522155762,308.895721436
12.095479965,85.735298157,176.000885010
12.584863663,85.559303284,271.847076416
13.315093994,86.501724243,205.340118408
14.515252113,86.863304138,125.124176025
12.806586266,85.906135559,273.096282959
13.609370232,85.564025879,377.958312988
14.982609749,84.787345886,222.510192871
15.299297333,84.307876587,137.272216797
15.315935135,85.478874207,163.053771973
13.492305756,85.765724182,355.044158936
16.160451889,84.211669922,35.326850891
13.431129456,82.923568726,95.950881958
11.610748291,85.552787781,118.445098877
12.856925964,84.108863831,264.827819824
12.856070518,84.860466003,336.621978760
12.371714592,85.049438477,252.331253052
13.830161095,85.532142639,375.527526855
14.153748512,84.763381958,354.975708008
13.807908058,84.417945862,345.562866211
12.931396484,84.651893616,336.964447021
14.626493454,84.177009583,229.371948242
12.144419670,86.131248474,150.900573730
13.071005821,87.498374939,58.082839966
12.832288742,84.870651245,333.343994141
11.873643875,85.070304871,159.463699341
13.991205215,85.855545044,326.616149902
14.385244370,84.966529846,330.840393066
14.857477188,85.343322754,255.974090576
14.223951340,85.248893738,358.019317627
13.704995155,84.977218628,399.829986572
14.222248077,85.954978943,290.660858154
14.383131981,85.295555115,332.221099854
13.779282570,84.793563843,385.662811279
14.156031609,83.573348999,195.001235962
12.098448753,84.778854370,196.701309204
14.710896492,85.944610596,236.259567261
13.381196976,84.689208984,376.981109619
13.540024757,85.919563293,328.887664795
15.038135529,85.553871155,213.006744385
12.166840553,85.280014038,212.398559570
13.932488441,85.260467529,386.783020020
13.744677544,84.697036743,379.943695068
12.524172783,86.921638489,97.581077576
12.242204666,86.697219849,100.901016235
13.595724106,85.438392639,386.480407715
14.453939438,86.283523560,218.228607178
12.892675400,85.513206482,325.956451416
13.286957741,83.395347595,167.870330811
12.423872948,84.851921082,261.639160156
14.789322853,84.146087646,204.255676270
13.761946678,84.606163025,367.271636963
14.190714836,84.939674377,356.803710938
13.224631310,85.588035583,356.548797607
13.300876617,85.765373230,344.981201172
11.620790482,83.385147095,45.738075256
13.649480820,83.863571167,266.146545410
14.804887772,84.838615417,259.684875488
12.503454208,84.119903564,217.350906372
14.982103348,85.644210815,222.321426392
14.795608521,84.257995605,215.550567627
13.354305267,84.639366150,370.120025635
11.711942673,85.323013306,135.498321533
13.636294365,83.202400208,140.496658325
12.618098259,85.297676086,292.358337402
14.108445168,84.755760193,361.123291016
13.563887596,86.789497375,167.910964966
13.507587433,86.162872314,279.209899902
12.739215851,83.956115723,230.874679565
13.792078972,85.765060425,347.885101318
13.809576035,86.695747375,179.724563599
15.043747902,85.606086731,210.747390747
13.708715439,85.331550598,392.704895020
13.540309906,84.892967224,393.894073486
13.960552216,85.893585205,322.281463623
13.240153313,83.595428467,206.617462158
12.100323677,85.397048950,198.498748779
13.242112160,85.242156982,385.915191650
12.714267731,84.544433594,296.504241943
13.553668022,85.249969482,391.622955322
14.049603462,87.536788940,62.938018799
12.637512207,84.600212097,285.208068848
13.090057373,86.437141418,206.615554810
13.713109970,86.365699768,235.518722534
13.529869080,85.737998962,358.442199707
14.895363808,84.304122925,202.063903809
14.100613594,84.012550354,265.986053467
13.701676369,84.938201904,398.319458008
13.139127731,85.469383240,364.324035645
13.938330650,85.314117432,385.393951416
14.505582809,87.057434082,103.669960022
12.689407349,85.845420837,255.707733154
14.475197792,84.604751587,294.741455078
13.784632683,84.295433044,328.793457031
13.714569092,84.981864929,399.829589844
12.322730064,85.704238892,214.016738892
15.473532677,83.437248230,52.181037903
12.625508308,86.500099182,154.233001709
12.365316391,83.506240845,123.183761597
12.870015144,87.343589783,64.160423279
13.193482399,83.371253967,160.776062012
13.383975983,84.320007324,335.088073730
14.254952431,85.295928955,353.472869873
11.965188026,85.108276367,171.538742065
12.161272049,84.838882446,209.051834106
14.870644569,84.883750916,252.987915039
11.921611786,85.931510925,130.927108765
11.981682777,85.882019043,146.723342896
13.750325203,84.128250122,304.129302979
14.505212784,86.608917236,168.319351196
12.856987000,85.005310059,337.603485107
13.369174004,86.951087952,142.304153442
14.579974174,82.980369568,77.798103333
12.470774651,84.365882874,239.879348755
12.373914719,84.135452271,197.553787231
14.395841599,85.858680725,285.658599854
12.707830429,85.000938416,316.673187256
12.089532852,86.142730713,143.374862671
14.101884842,84.521003723,341.683685303
12.754249573,84.126480103,252.794692993
14.467000008,85.975975037,261.193054199
13.928739548,84.876243591,383.361602783
13.861833572,84.640113831,369.050659180
12.122417450,86.574859619,100.728820801
14.939542770,86.319351196,158.898559570
12.353263855,85.591545105,230.712982178
14.347488403,84.740432739,324.917510986
13.135158539,86.091537476,274.264801025
12.689961433,85.782569885,265.777099609
13.475420952,83.552955627,205.464385986
11.860260963,83.996734619,114.662094116
14.407463074,85.031234741,324.904663086
13.391085625,85.486923218,379.111297607
11.445234299,86.696166992,42.185443878
13.642203331,84.504211426,356.956329346
14.349314690,85.845413208,291.949005127
12.777465820,85.775184631,281.914947510
13.306136131,83.733802795,234.099945068
13.692880630,84.227897644,320.200805664
12.040884018,84.486518860,177.830047607
13.489586830,85.402580261,385.252349854
13.818026543,85.195831299,392.409820557
14.679657936,86.250640869,201.483306885
14.232419968,86.297790527,234.459915161
12.172578812,84.628807068,201.120025635
13.733738899,85.510498047,375.506805420
13.818860054,83.620239258,213.724121094
14.150211334,83.948249817,253.324111938
14.827641487,85.818443298,232.814132690
14.877591133,85.217750549,254.832717896
13.711439133,86.721702576,177.429107666
13.938700676,84.187599182,306.309692383
12.331186295,86.692260742,109.401374817
14.335067749,82.373664856,38.156829834
15.877924919,84.714309692,75.081504822
15.389780998,87.021018982,52.111057281
13.287055016,84.914962769,384.548675537
13.757888794,83.659942627,222.316360474
12.107172012,84.252288818,171.437866211
13.821536064,86.454437256,219.327041626
15.240187645,86.749771118,86.051528931
13.170818329,83.754234314,234.799911499
12.157734871,86.150932312,150.196365356
14.423202515,83.509811401,162.754562378
14.341970444,84.738128662,325.086944580
14.186130524,84.076934814,265.398345947
11.881589890,85.062469482,160.392135620
14.834572792,86.720153809,124.794395447
14.029563904,84.546852112,350.227691650
13.343567848,85.689773560,357.352966309
13.346059799,84.347480774,336.845306396
13.481166840,86.301368713,248.142639160
14.081392288,86.579994202,193.640426636
13.658062935,85.528923035,375.043670654
13.078417778,86.420043945,208.312530518
11.913631439,84.743659973,170.089111328
13.957314491,83.500823975,189.199630737
13.416810989,85.190177917,392.446716309
16.044641495,86.091011047,48.474132538
12.675950050,87.984527588,21.033340454
11.816864014,85.664260864,139.491775513
16.058361053,85.136413574,61.339923859
12.212823868,85.710624695,195.939712524
14.399735451,84.909210205,327.771545410
14.699748039,86.030258179,227.308517456
13.714263916,86.046676636,299.499481201
14.501933098,85.657135010,296.074401855
12.918551445,83.931472778,242.082824707
13.114725113,86.296394348,236.948959351
14.667174339,85.630371094,277.488586426
14.127714157,86.480880737,206.553100586
13.395088196,85.568183899,369.317932129
15.073617935,84.735778809,207.325912476
14.336558342,86.313285828,224.945785522
13.821176529,84.106422424,297.331542969
13.043596268,85.249893188,365.171844482
13.882819176,85.860626221,330.603759766
13.670478821,84.652450562,373.888092041
16.158023834,86.218482971,38.660938263
14.299225807,85.794128418,306.955169678
13.114953041,83.319175720,147.168533325
13.404609680,85.122863770,392.668243408
13.603178978,86.180587769,272.365844727
12.146267891,85.550926208,198.160675049
12.986111641,86.359802246,211.856735229
13.779358864,87.106224060,121.073242188
13.720212936,86.328979492,242.140060425
13.151582718,86.042510986,285.356109619
14.934431076,84.166160583,182.994628906
12.930782318,85.453430176,333.185119629
12.853983879,84.730941772,331.473327637
12.982336998,83.812904358,232.010986328
13.570416451,85.262893677,394.617614746
12.819838524,85.020820618,334.870574951
12.156045914,84.171463013,169.482009888
12.739333153,84.813812256,310.103576660
13.003765106,85.344146729,355.341674805
12.570439339,85.891143799,240.833984375
13.128903389,86.954071045,131.472091675
13.500146866,85.573799133,374.287811279
13.707621574,84.661026001,375.755249023
12.751868248,84.344924927,281.422485352
14.317699432,85.137802124,345.848724365
13.504831314,84.884468079,394.697692871
13.358005524,84.156578064,308.681335449
14.102317810,87.252380371,98.730758667
14.592800140,83.310043335,116.442665100
13.651270866,85.636199951,370.619323730
13.575991631,86.417442322,228.354095459
13.406795502,84.286094666,332.108825684
15.342512131,85.309974670,162.060287476
13.431101799,84.034301758,288.770812988
14.581174850,86.550796509,168.786102295
13.363839149,84.496070862,355.577148438
13.212913513,83.760803223,238.124237061
14.931514740,85.122772217,237.218261719
13.608715057,86.653030396,186.250122070
12.835829735,84.718070984,328.111633301
13.493555069,86.130882263,284.845977783
15.122147560,86.036399841,161.479782104
14.337805748,85.671356201,314.682769775
10.805678368,84.723274231,33.100284576
12.895768166,86.420158386,192.759902954
13.056046486,87.190223694,93.119575500
13.243003845,84.221694946,315.913879395
15.053848267,85.292266846,216.844711304
13.891600609,86.210197449,261.086914062
13.407564163,84.438644409,349.433776855
14.412187576,84.777160645,316.407104492
13.136423111,84.427070618,337.048736572
13.562240601,84.499748230,359.189422607
14.478438377,84.972442627,317.104644775
13.937004089,83.756286621,233.975601196
14.416746140,85.779991150,293.742614746
14.387762070,86.626647949,176.876129150
13.988488197,85.771255493,340.444458008
13.960912704,84.635589600,365.695251465
13.473169327,84.984359741,397.662536621
14.614248276,84.264999390,242.704025269
11.814146996,86.102241516,110.826324463
14.411686897,84.651931763,307.300079346
12.194679260,83.999336243,158.862731934
14.496109009,85.195610046,317.500427246
14.832040787,84.453689575,230.200668335
13.267638206,84.614669800,366.210418701
13.936485291,86.261711121,251.128829956
14.355443954,86.910385132,131.661834717
13.536375046,86.367012024,238.299041748
13.680055618,83.271553040,150.551330566
15.574827194,84.878250122,119.714569092
13.451107979,85.644783020,365.704895020
11.697240829,86.054130554,99.415679932
14.454858780,85.237792969,321.087310791
14.111826897,84.921051025,369.315948486
14.374447823,86.026664734,264.709808350
13.806303024,86.493179321,212.100830078
12.619582176,84.130226135,233.211624146
11.131926537,85.889579773,53.232734680
13.522785187,84.261657715,330.053375244
14.248085976,84.872123718,349.051544189
13.842291832,85.990142822,308.946258545
14.282767296,86.746597290,160.491409302
14.360609055,84.330986023,279.411315918
12.800691605,83.745727539,202.685333252
13.204313278,86.147392273,270.641296387
12.090129852,84.635528564,193.401626587
14.223985672,85.940948486,291.810058594
13.735570908,85.694580078,358.774322510
15.715149879,86.013816833,83.928573608
12.821761131,83.722106934,201.559478760
13.936231613,85.913978577,319.774078369
13.192892075,85.830604553,323.981018066
13.568374634,83.414871216,181.276367188
14.192666054,84.111740112,267.312561035
14.334096909,86.066047668,265.396514893
14.115645409,86.764274597,165.191864014
14.122022629,85.445335388,368.446655273
14.125431061,85.281295776,372.305236816
15.523188591,85.804534912,117.669540405
16.280376434,83.857742310,20.631946564
13.672287941,84.507080078,356.962615967
14.315347672,84.970260620,343.472320557
13.930362701,84.776657104,373.260162354
13.954638481,84.651046753,367.465972900
13.900803566,85.584381104,364.152893066
13.733886719,85.679260254,361.795196533
14.287535667,84.714775085,335.170715332
14.278156281,85.613151550,325.568298340
14.829852104,85.223014832,263.028289795
14.306476593,84.449737549,303.128082275
12.318001747,85.314186096,235.480087280
13.803137779,84.444503784,349.702453613
11.611878395,87.525100708,19.970731735
14.228990555,85.496627808,348.341400146
15.161415100,83.653800964,94.747421265
13.973405838,85.103805542,384.346862793
14.807474136,84.701515198,259.635894775
11.913749695,85.940399170,129.891098022
11.835239410,84.059875488,117.685920715
14.337365150,86.278511047,230.658676147
13.890465736,84.724815369,376.610382080
11.623561859,84.676986694,124.861549377
12.669323921,84.799011230,301.446685791
12.686595917,84.589569092,294.453918457
15.272387505,82.592857361,23.364418030
11.339868546,85.641014099,81.334716797
13.229201317,84.046615601,285.646331787
12.309825897,85.299072266,236.467651367
13.876834869,85.889511108,325.080963135
14.928424835,84.693473816,229.932006836
13.702142715,85.018463135,400.686126709
13.556116104,84.877235413,395.050201416
12.373035431,85.338142395,246.234176636
13.856347084,85.210449219,390.036560059
14.544550896,85.783561707,277.069183350
11.810068130,84.141792297,119.876167297
14.615786552,84.678062439,285.884979248
13.871984482,84.825500488,383.013824463
14.848767281,85.272369385,260.552276611
13.700852394,83.624725342,216.613327026
11.966495514,84.726844788,177.641571045
14.546971321,84.343811035,260.394042969
15.039532661,84.522018433,197.434295654
14.024289131,84.622627258,364.285522461
14.064079285,86.516273499,203.914520264
14.569245338,86.788818359,130.960372925
12.883858681,83.983642578,249.473861694
12.375802994,84.892211914,253.464157104
12.323419571,84.187522888,194.639465332
12.848235130,88.339828491,13.692131996
13.829854965,85.056411743,393.774291992
12.979024887,84.046119690,265.859527588
13.609968185,84.101608276,306.755310059
12.034584999,83.483894348,86.734687805
15.313225746,84.457557678,147.855331421
11.948995590,84.785934448,176.841369629
14.286673546,85.108863831,349.492248535
12.476590157,85.028884888,279.372222900
13.021001816,86.146934509,257.391601562
15.071081161,85.364562988,212.585510254
11.752017975,84.911796570,146.931854248
13.701366425,84.575881958,365.088043213
13.107312202,85.505149841,361.153961182
14.197767258,86.277969360,239.007659912
12.861394882,84.875862122,339.424468994
13.477849007,85.386085510,386.103637695
14.134887695,85.231452942,371.895202637
13.075633049,85.960121155,296.972717285
14.657783508,86.734298706,134.777740479
14.540752411,82.848083496,65.847259521
12.870687485,85.166656494,341.218505859
13.794604301,83.813507080,253.338256836
12.902488708,84.940139771,347.641754150
14.112767220,84.493026733,335.529449463
13.580630302,84.403831482,346.130645752
14.096753120,85.034988403,372.584381104
15.382701874,84.675933838,146.798507690
12.526839256,84.606620789,269.315856934
13.162888527,87.009338379,121.977966309
14.946290016,85.423294067,233.963348389
13.496033669,82.907829285,95.120346069
12.842931747,85.131484985,336.116210938
13.053551674,86.974868774,121.812751770
14.526866913,85.354568481,310.008605957
14.467370033,83.944145203,221.600982666
15.233120918,87.396408081,34.782363892
13.428424835,85.678405762,362.267395020
13.409638405,84.573928833,366.917388916
14.184864044,86.284568787,238.934600830
15.296128273,86.998786926,61.648433685
12.416599274,84.773796082,256.884490967
13.516302109,85.149139404,396.403778076
11.374835968,85.106483459,99.037818909
15.389911652,83.349525452,53.482170105
13.443151474,84.823074341,392.684112549
14.007360458,84.840873718,375.801208496
12.843171120,85.707427979,302.483398438
13.582060814,86.368515015,236.720504761
14.205821037,85.924690247,295.959808350
14.833999634,83.453842163,112.300102234
14.354766846,85.296043396,336.383026123
12.579418182,84.814628601,290.723114014
12.774106026,84.571205139,306.952239990
13.381370544,84.727333069,383.185363770
-84.039024353,-83.029022217,142.124786377
-85.995201111,-83.369918823,344.839019775
-85.037765503,-82.025817871,299.687408447
-86.396789551,-83.648368835,260.794647217
-86.026763916,-83.305404663,354.306365967
-85.189643860,-84.483222961,112.508781433
-86.257255554,-80.761436462,129.964111328
-85.220085144,-83.704872131,260.797302246
-86.005424500,-81.659950256,303.847045898
-84.763862610,-83.507797241,232.003952026
-84.824203491,-83.020965576,290.415405273
-87.108314514,-81.607673645,182.876724243
-85.923377991,-82.715133667,411.736785889
-86.070587158,-82.380653381,395.795227051
-85.513740540,-83.656860352,289.786163330
-86.410026550,-83.480430603,287.309417725
-84.167839050,-83.398033142,144.954803467
-85.135345459,-81.240234375,196.573944092
-86.532409668,-82.538764954,358.337219238
-86.750854492,-82.682273865,328.022216797
-86.318168640,-81.734138489,302.811218262
-86.413124084,-82.709426880,373.668609619
-83.934906006,-83.572280884,102.482749939
-84.472106934,-82.586776733,231.655700684
-85.235801697,-82.701164246,377.379760742
-85.304748535,-82.016708374,334.087402344
-86.247558594,-83.181404114,349.558837891
-86.860221863,-83.076446533,286.898284912
-86.278518677,-82.666061401,388.661865234
-86.755149841,-82.577667236,330.904083252
-85.868682861,-82.480812073,406.825408936
-84.564659119,-82.591995239,247.234039307
-86.264831543,-82.352729797,382.984680176
-84.345924377,-82.143539429,195.775588989
-84.725051880,-84.198234558,125.875968933
-86.980072021,-83.680488586,196.868347168
-84.603462219,-83.915138245,155.128067017
-85.042037964,-82.359680176,340.050567627
-85.475914001,-81.321868896,226.539077759
-84.828346252,-80.443786621,62.566192627
-86.556015015,-80.778579712,120.154968262
-86.141410828,-82.960083008,386.083618164
-85.510269165,-83.664627075,288.694061279
-85.544807434,-82.875122070,396.382171631
-85.344184875,-81.618980408,278.314056396
-84.335968018,-83.222106934,191.387374878
-86.164138794,-81.557319641,281.921234131
-84.591865540,-81.494041443,175.542160034
-86.186935425,-82.676132202,396.201080322
-88.165908813,-82.926551819,76.980453491
-86.863983154,-82.018760681,272.569000244
-87.501853943,-83.261337280,157.605987549
-85.730422974,-82.533302307,408.641052246
-85.355911255,-83.521545410,296.519134521
-84.492660522,-81.415367126,155.839782715
-85.293930054,-82.346031189,371.932495117
-86.402984619,-84.398345947,144.834243774
-85.836891174,-80.125961304,57.773372650
-84.859779358,-82.727287292,320.034240723
-85.749710083,-81.161071777,208.501190186
-84.660987854,-83.458030701,225.145126343
-86.256904602,-81.733978271,307.947723389
-85.928863525,-81.819000244,330.984619141
-84.797813416,-84.136581421,140.310256958
-86.128799438,-82.315864563,393.473052979
-85.190513611,-82.395713806,360.981292725
-85.065879822,-81.525283813,240.791549683
-86.154891968,-81.899688721,340.875579834
-86.271446228,-82.807601929,384.122253418
-85.385681152,-82.290222168,375.558410645
-85.018989563,-82.160713196,317.014678955
-85.924804688,-81.491569519,267.154754639
-86.610290527,-81.125541687,166.843948364
-84.707412720,-82.809951782,280.550048828
-87.451736450,-81.456275940,118.725364685
-84.721794128,-82.957138062,272.440856934
-85.990905762,-83.972953796,231.153152466
-85.856651306,-82.688934326,411.572021484
-86.175910950,-83.459838867,317.630859375
-86.622467041,-81.121086121,166.407165527
-87.443954468,-85.139564514,21.099449158
-86.918014526,-82.226882935,286.696502686
-84.814689636,-83.365638733,255.687835693
-83.844993591,-82.216049194,122.994979858
-85.680976868,-82.854606628,404.684967041
-85.331764221,-81.971778870,327.552093506
-86.326354980,-82.519889832,381.167938232
-87.559272766,-82.624946594,166.280426025
-83.797698975,-81.006851196,53.151237488
-84.357460022,-83.165016174,199.055999756
-87.000862122,-83.249382019,244.623367310
-86.561141968,-82.333518982,349.786346436
-86.657478333,-84.209396362,155.755813599
-84.004806519,-82.196525574,142.744323730
-84.222343445,-84.020767212,102.518829346
-84.950279236,-83.775535583,220.289093018
-86.139732361,-83.340179443,337.618438721
-86.427413940,-80.918144226,146.231658936
-86.416137695,-82.083381653,348.830413818
-84.947998047,-83.555488586,248.375244141
-87.238601685,-81.940406799,195.818603516
-86.348930359,-83.080711365,355.669830322
-85.682579041,-83.084281921,384.681762695
-86.987609863,-81.830032349,220.833526611
-85.707077026,-82.522544861,407.665985107
-84.644454956,-81.793655396,224.250366211
-85.250808716,-81.355300903,225.372238159
-83.715850830,-85.060417175,13.501244545
-86.215156555,-81.564170837,277.795379639
-86.545417786,-82.493125916,357.412292480
-85.231170654,-82.986869812,356.703125000
-85.660263062,-83.097984314,380.318969727
-86.175445557,-82.510955811,394.660217285
-85.534248352,-83.616149902,300.267761230
-86.279159546,-82.535415649,386.250396729
-86.211608887,-82.560089111,394.093322754
-86.791488647,-83.393119812,263.205200195
-85.570945740,-83.116554260,374.022186279
-87.338554382,-83.008750916,196.876129150
-85.367240906,-82.813835144,386.428131104
-87.418006897,-82.243049622,184.260131836
-88.154930115,-82.322113037,73.505683899
-86.020301819,-82.244430542,388.515777588
-84.843612671,-82.577026367,315.766540527
-85.396911621,-82.955009460,377.795196533
-86.514328003,-81.612106323,258.914215088
-86.755805969,-83.017494202,308.854400635
-84.494606018,-82.523506165,231.334136963
-84.472564697,-82.587921143,231.076019287
-87.951385498,-82.859252930,99.174102783
-84.723426819,-83.061935425,266.476135254
-84.735351562,-83.084716797,267.214691162
-86.375785828,-80.747955322,123.915039062
-87.050537109,-80.135734558,32.073036194
-87.083602905,-83.829345703,161.513458252
-86.863662720,-82.218261719,300.348144531
-83.522514343,-80.946182251,36.875625610
-84.865646362,-82.154731750,288.889984131
-85.093101501,-82.297645569,346.810241699
-85.732696533,-82.846122742,404.766662598
-85.814453125,-83.655914307,298.233581543
-85.502983093,-83.369995117,335.378570557
-86.347099304,-82.515373230,376.247528076
-85.585426331,-80.935424805,160.828308105
-84.836441040,-82.688621521,314.643096924
-85.384414673,-82.261581421,371.134124756
-85.837158203,-84.021957397,222.504776001
-87.245674133,-83.623947144,167.676757812
-86.869667053,-83.555931091,231.138092041
-84.787040710,-80.400161743,56.046543121
-85.963409424,-82.971481323,394.897094727
-86.603393555,-82.885902405,345.258087158
-84.054191589,-82.110511780,149.501403809
-86.185226440,-83.131492615,363.824829102
-87.105575562,-82.624191284,256.803802490
-86.124671936,-81.934608459,349.739837646
-85.680366516,-80.955284119,164.691268921
-84.195274353,-81.801002502,150.646453857
-85.662101746,-83.897697449,251.637359619
-86.265014648,-82.872741699,379.964233398
-86.232536316,-81.671279907,299.017333984
-85.024246216,-81.651100159,253.195617676
-84.108505249,-81.132331848,84.170478821
-88.305900574,-82.165519714,56.945762634
-85.727218628,-82.906227112,402.153076172
-84.046112061,-82.200721741,151.748458862
-86.065620422,-84.175926208,190.480606079
-85.090888977,-82.113731384,320.601837158
-83.424430847,-82.075897217,65.527038574
-86.155288696,-84.314369202,163.921875000
-86.953269958,-82.586570740,288.687011719
-85.869903564,-81.311225891,233.721801758
-85.557258606,-83.634101868,297.818542480
-87.243156433,-82.377258301,227.652923584
-86.167373657,-83.259361267,344.449340820
-83.991409302,-82.081047058,138.103042603
-85.044433594,-80.390083313,67.450164795
-85.709747314,-83.247398376,363.916046143
-84.771217346,-83.142814636,270.039428711
-84.950347900,-84.548171997,92.216567993
-85.093887329,-82.542854309,356.145202637
-84.060691833,-81.503341675,108.763114929
-86.859809875,-82.790893555,305.366943359
-84.021362305,-82.808647156,149.325790405
-83.306274414,-82.332710266,63.543426514
-84.053314209,-82.147354126,152.476669312
-86.480346680,-81.454879761,237.079803467
-83.530891418,-82.690933228,89.401245117
-85.325103760,-81.273490906,209.471420288
-82.892433167,-81.059501648,16.582530975
-86.939842224,-83.819290161,180.929519653
-86.380790710,-81.992858887,341.880767822
-83.667404175,-82.624824524,106.593086243
-85.391677856,-81.785926819,310.216766357
-86.408821106,-83.838882446,233.367340088
-86.029106140,-84.146888733,196.332122803
-85.845962524,-83.088607788,389.529296875
-85.553291321,-83.457527161,328.369476318
-85.500846863,-82.321258545,384.390106201
-84.440284729,-82.393852234,221.705291748
-86.751495361,-82.756233215,323.785491943
-82.735687256,-81.057350159,12.289135933
-86.805397034,-82.746078491,316.131103516
-85.384872437,-82.398727417,382.651916504
-85.439933777,-82.843414307,389.490173340
-86.597785950,-82.528099060,348.559509277
-85.872650146,-81.501960754,266.596435547
-86.895690918,-83.178253174,272.743438721
-82.335609436,-83.058792114,7.825483322
-86.482940674,-81.496681213,241.495193481
-85.651603699,-83.037384033,386.001586914
-85.615806580,-81.745414734,314.108520508
-86.579360962,-83.457557678,276.642578125
-84.894660950,-82.915939331,314.665130615
-85.355171204,-83.393470764,316.725982666
-85.019615173,-82.222450256,326.433715820
-83.428581238,-83.962867737,37.749881744
-86.175384521,-81.909934998,342.289215088
-86.642707825,-81.765106201,268.415649414
-85.881515503,-83.339889526,354.174530029
-85.383384705,-82.833084106,384.836517334
-85.863830566,-82.873603821,403.304962158
-85.645332336,-82.600685120,406.052001953
-84.182067871,-83.455436707,143.676834106
-85.767799377,-82.888366699,402.840209961
-87.300552368,-83.075942993,200.169189453
-84.776214600,-82.592506409,294.517700195
-85.431198120,-81.776596069,312.323883057
-84.580642700,-83.224822998,234.623977661
-85.437927246,-82.325714111,383.420623779
-86.071754456,-81.988258362,357.241760254
-83.491256714,-81.299522400,42.255035400
-84.756408691,-81.796691895,243.064468384
-84.689903259,-82.680953979,275.404296875
-85.595787048,-82.380889893,391.276672363
-86.188034058,-81.415756226,248.312210083
-84.386787415,-80.452209473,47.233856201
-87.628639221,-83.782676697,94.186622620
-87.117706299,-82.153587341,237.955047607
-84.689064026,-81.664817810,216.701568604
-84.317497253,-83.402870178,172.447631836
-84.775863647,-83.271385193,257.037109375
-87.273811340,-83.315002441,192.694656372
-86.411415100,-82.037155151,344.654602051
-86.074996948,-82.718437195,402.791595459
-86.585121155,-83.188949585,318.417419434
-85.856002808,-82.455497742,404.635803223
-85.455444336,-83.973556519,222.010238647
-85.208404541,-82.390602112,363.454956055
-87.162101746,-81.916015625,207.113906860
-88.046455383,-83.283866882,78.717727661
-86.092132568,-83.348556519,341.035247803
-86.507858276,-79.826316833,26.619014740
-86.239204407,-83.113540649,359.638885498
-85.287940979,-82.543235779,380.856658936
-85.003471375,-81.748817444,262.718078613
-85.914421082,-81.738334656,317.624053955
-86.345809937,-83.197418213,339.313903809
-85.674705505,-83.161895752,372.603057861
-85.435523987,-81.965766907,340.926635742
-87.481086731,-82.272766113,174.955245972
-86.728950500,-81.886260986,275.892486572
-86.304130554,-81.188766479,201.556488037
-85.508094788,-82.141143799,363.166900635
-85.667770386,-83.473594666,326.713714600
-85.557563782,-83.777389526,272.713867188
-87.512168884,-81.980941772,151.746765137
-86.770683289,-82.308830261,318.630310059
-85.286087036,-82.045219421,336.469085693
-86.635238647,-82.182769775,330.005004883
-86.959220886,-81.076072693,134.392074585
-88.095657349,-81.362533569,49.198459625
-86.036689758,-83.779396057,267.286224365
-86.084518433,-82.512535095,401.048156738
-86.481109619,-81.942710876,320.702209473
-85.578041077,-83.039299011,383.582946777
-85.701454163,-83.261901855,362.013092041
-83.204025269,-80.305320740,11.208463669
-84.151817322,-81.866096497,148.675567627
-87.446144104,-84.177413940,77.716644287
-84.763145447,-82.721023560,294.192565918
-85.084861755,-81.799064636,276.239532471
-86.343109131,-82.769401550,380.256286621
-83.585884094,-82.947914124,88.069953918
-84.438362122,-82.755256653,226.753982544
-85.653434753,-82.685615540,408.417114258
-84.781341553,-83.267715454,257.997924805
-85.514022827,-84.628837585,104.619857788
-86.363693237,-82.880378723,372.223022461
-86.108474731,-83.463844299,319.149322510
-88.115928650,-82.094375610,72.476440430
-85.751075745,-82.495445251,406.029510498
-84.961692810,-84.238510132,136.656631470
-87.918449402,-81.278877258,58.443916321
-86.769424438,-82.430503845,320.961273193
-86.503829956,-83.722152710,242.399536133
-86.938049316,-83.376068115,244.350433350
-84.257637024,-80.403411865,41.418788910
-85.027008057,-81.012054443,149.263717651
-85.617164612,-83.924453735,244.213470459
-84.001037598,-81.858055115,129.793502808
-85.986648560,-83.026771545,388.175170898
-85.509277344,-83.833389282,256.619934082
-85.429756165,-82.225120544,371.411010742
-85.299667358,-83.457801819,302.057281494
-87.078979492,-81.946258545,226.873077393
-85.262916565,-84.015518188,204.143341064
-86.076316833,-83.107933044,375.866943359
-86.330459595,-82.366035461,374.656982422
-84.812789917,-80.296363831,49.621379852
-84.580024719,-82.009864807,236.254989624
-85.757339478,-83.653068542,301.843566895
-85.680267334,-82.789436340,406.446044922
-84.016860962,-81.590057373,109.816810608
-85.869506836,-81.906188965,349.646789551
-86.804321289,-84.098175049,154.660751343
-85.631866455,-81.716247559,307.885437012
-87.487831116,-81.352653503,102.071968079
-85.912521362,-81.670578003,306.001464844
-86.022987366,-80.768409729,136.391693115
-85.779342651,-83.377929688,345.500457764
-85.347526550,-82.449287415,382.755432129
-86.322982788,-83.419273376,304.985229492
-84.642547607,-82.685554504,264.511291504
-84.774497986,-82.394309998,289.743591309
-85.720237732,-82.646705627,413.703887939
-85.184112549,-81.923667908,310.571044922
-85.831672668,-81.928779602,353.218231201
-84.273559570,-83.921257019,113.343750000
-85.480926514,-83.270019531,347.192810059
-86.681755066,-84.395004272,124.081367493
-85.403106689,-82.865715027,386.117980957
-85.863990784,-82.078147888,371.085388184
-85.268203735,-82.449279785,368.369720459
-83.507331848,-82.951446533,84.492683411
-86.202781677,-82.313026428,385.359344482
-86.924713135,-83.386001587,245.868377686
-85.868293762,-81.749382019,315.198913574
-86.058624268,-83.104995728,376.863342285
-86.390899658,-82.002738953,342.009216309
-85.648529053,-82.595657349,406.092346191
-87.310821533,-84.489631653,62.988182068
-84.805084229,-82.811599731,301.379089355
-84.462501526,-82.427413940,227.944305420
-86.007835388,-81.895561218,344.850372314
-86.521995544,-82.828414917,358.379974365
-85.338844299,-82.660850525,388.299560547
-87.022674561,-83.723175049,185.721572876
-84.817543030,-82.736534119,310.387329102
-88.495582581,-81.552734375,32.368690491
-87.414161682,-82.140098572,179.378570557
-84.444679260,-83.866836548,141.193679810
-85.470764160,-83.231109619,353.999389648
-84.150871277,-82.409828186,168.517288208
-85.806015015,-84.407447815,144.662673950
-86.727394104,-83.514755249,251.866729736
-86.716377258,-81.923706055,285.795104980
-85.688316345,-81.347328186,235.132446289
-86.013732910,-82.812545776,400.487701416
-86.994308472,-83.105758667,259.167358398
-85.617568970,-81.884780884,333.526550293
-85.558197021,-82.113502502,366.110321045
-86.395362854,-83.380508423,306.875244141
-86.362129211,-84.406433105,145.034179688
-86.251663208,-83.018028259,371.048370361
-84.411437988,-83.290779114,199.934906006
-87.113334656,-80.875518799,93.218597412
-86.753837585,-81.833839417,264.891540527
-85.195907593,-84.575538635,94.628890991
-84.285209656,-82.613082886,197.696792603
-85.299102783,-82.942924500,368.765899658
-86.180358887,-81.350372314,234.665603638
-85.466583252,-81.674255371,294.916748047
-83.602706909,-81.303787231,53.304325104
-83.597633362,-82.358459473,96.286415100
-87.359184265,-84.781944275,39.801532745
-85.724258423,-84.132240295,195.979034424
-86.796470642,-83.944374084,176.352050781
-85.623367310,-83.487892151,324.847717285
-84.696678162,-82.771438599,277.812011719
-86.668716431,-83.098304749,320.220275879
-85.382484436,-82.429183960,382.422973633
-86.537925720,-82.340782166,352.838439941
-84.614562988,-82.432861328,259.262573242
-87.228935242,-82.933921814,221.616531372
-86.683937073,-84.873695374,58.264507294
-85.765815735,-83.077682495,386.752532959
-87.248855591,-80.793098450,69.113815308
-87.123802185,-84.461120605,78.321960449
-86.017082214,-81.847015381,336.206329346
-85.036834717,-81.103309631,164.684463501
-85.840324402,-83.124649048,382.124664307
-87.001899719,-81.476867676,181.030914307
-85.612968445,-82.476539612,397.326843262
-85.191276550,-84.148849487,174.663314819
-88.173210144,-82.349853516,69.424392700
-85.378364563,-84.643615723,98.714706421
-85.723808289,-83.452682495,327.646240234
-86.019165039,-82.287048340,389.820312500
-85.918556213,-83.102188110,381.096435547
-86.432952881,-83.476028442,286.883636475
-85.104469299,-82.861236572,350.987976074
-83.727981567,-80.042015076,15.793880463
-85.916290283,-82.203887939,385.437194824
-84.395874023,-82.861404419,218.934310913
-86.310333252,-82.426612854,378.790222168
-85.715751648,-81.568580627,279.869232178
-84.354896545,-83.125946045,200.925689697
-85.838218689,-83.528869629,315.637908936
-87.534561157,-82.022506714,150.321624756
-84.343368530,-81.344139099,128.226943970
-85.758316040,-81.769104004,325.708282471
-85.634132385,-84.015930176,221.599380493
-84.988937378,-83.035835266,319.231079102
-87.349113464,-82.817588806,199.452514648
-84.946975708,-82.889808655,325.598693848
-86.745185852,-82.912399292,319.956848145
-85.640754700,-82.211036682,380.789886475
-84.120147705,-83.259078979,145.951431274
-84.159072876,-82.198394775,169.206115723
-86.907730103,-82.703384399,297.922210693
-85.208282471,-79.863349915,31.369516373
-85.597305298,-80.566238403,108.319900513
-86.106452942,-84.070755005,205.392227173
-86.275566101,-83.123229980,353.544097900
-84.925987244,-83.016677856,311.879486084
-86.139808655,-82.584800720,398.607360840
-85.646942139,-81.585906982,284.525146484
-84.286247253,-81.547470093,139.105590820
-87.491294861,-83.799308777,112.390426636
-85.846534729,-81.946083069,352.883941650
-87.902793884,-82.481979370,107.161743164
-83.781890869,-82.437286377,116.279472351
-85.526161194,-82.048179626,359.221557617
-86.306953430,-82.699577332,385.773864746
-87.777404785,-83.211746216,114.824478149
-85.609733582,-83.919006348,244.453506470
-83.997528076,-83.269462585,129.256057739
-86.237373352,-82.859237671,382.730834961
-86.474937439,-83.185768127,329.314239502
-85.834877014,-83.675857544,295.293212891
-85.123069763,-82.957656860,345.155273438
-85.922637939,-83.043823242,387.976379395
-84.353218079,-82.545776367,206.325836182
-85.358139038,-81.671333313,288.598815918
-87.067352295,-83.382728577,216.768615723
-85.577621460,-81.467216492,257.411804199
-84.724472046,-83.675346375,201.662078857
-86.003662109,-81.542488098,279.795715332
-85.770751953,-82.378517151,396.343536377
-85.823616028,-81.592254639,287.038604736
-86.771652222,-83.034606934,305.850555420
-85.075416565,-84.764175415,73.378150940
-85.844902039,-82.533782959,411.649505615
-84.547424316,-81.990554810,228.124832153
-84.369201660,-81.610054016,156.207565308
-85.503578186,-82.345985413,387.423828125
-85.603889465,-83.238578796,366.680297852
-86.159080505,-83.039566040,377.311798096
-85.919349670,-83.102073669,381.705017090
-86.074913025,-81.999961853,357.138732910
-86.782264709,-84.177177429,147.720397949
-85.256538391,-82.638343811,379.162933350
-86.391838074,-82.972274780,364.319946289
-86.281272888,-81.691192627,298.414794922
-86.711975098,-86.171302795,6.411559582
-86.901687622,-82.856712341,295.468170166
-85.712600708,-80.568031311,110.071182251
-85.254615784,-83.273078918,321.405303955
-86.427055359,-81.895782471,321.155761719
-87.520362854,-82.471061707,173.052886963
-86.914588928,-83.416725159,242.264129639
-85.999717712,-83.809585571,262.809478760
-86.449569702,-82.465812683,367.272583008
-84.988349915,-82.308532715,330.344787598
-86.921180725,-83.346740723,251.023193359
-86.060592651,-83.398010254,337.173095703
-86.532546997,-82.232116699,345.992889404
-85.118423462,-81.496986389,240.915557861
-86.948791504,-82.972946167,276.380828857
-86.027488708,-85.127838135,50.346401215
-86.228065491,-83.310684204,334.825622559
-85.101982117,-80.832527161,121.566993713
-86.688911438,-81.473793030,216.385513306
-84.237854004,-81.853691101,158.292449951
-85.498329163,-83.097908020,370.704467773
-87.033470154,-82.383079529,274.791961670
-86.306022644,-82.682029724,385.333770752
-85.501502991,-82.751640320,396.036071777
-86.236289978,-84.187133789,180.931915283
-86.675918579,-80.451828003,67.010391235
-85.200355530,-82.732200623,372.587432861
-87.302169800,-82.679359436,217.678344727
-85.298133850,-81.269691467,208.178665161
-86.321426392,-82.044761658,351.496215820
-85.858627319,-84.688362122,102.783988953
-87.456626892,-82.383949280,182.159042358
-85.720558167,-80.949256897,163.368667603
-85.952476501,-81.665039062,303.770690918
-85.747055054,-82.721450806,410.389526367
-87.057792664,-81.344787598,159.332351685
-88.019073486,-81.770462036,70.187530518
-87.300697327,-82.876358032,208.793075562
-86.326705933,-82.576957703,382.599731445
-84.832374573,-81.553382874,220.902206421
-87.569381714,-82.261566162,155.062927246
-86.312767029,-83.277664185,331.333282471
-87.352195740,-83.545326233,157.116256714
-86.602287292,-82.873397827,344.921813965
-85.688980103,-82.084197998,371.633209229
-86.279403687,-83.001235962,370.863830566
-85.913192749,-82.574104309,412.308135986
-86.503417969,-83.731254578,241.968185425
-84.534332275,-83.483970642,201.216873169
-85.332176208,-83.470886230,302.194091797
-86.541557312,-81.441108704,226.931350708
-86.041557312,-82.525573730,402.340362549
-84.801948547,-80.854713440,106.650733948
-84.653923035,-82.169105530,258.864929199
-85.073020935,-82.583686829,354.601165771
-87.577880859,-82.293403625,156.217559814
-85.481445312,-82.989021301,382.901855469
-86.307235718,-80.237091064,62.830013275
-86.694648743,-82.617408752,333.533020020
-85.163368225,-83.795639038,241.120147705
-86.140838623,-82.080009460,368.190795898
-86.635559082,-83.666168213,238.729934692
-84.659622192,-82.029556274,250.326614380
-87.791656494,-83.087806702,118.165435791
-84.225807190,-84.059425354,98.079689026
-84.623039246,-82.402740479,260.646392822
-85.942588806,-84.290893555,169.778945923
-85.585037231,-82.857688904,396.379791260
-85.111770630,-82.394233704,355.002014160
-86.116203308,-81.345565796,236.444808960
-86.042274475,-82.078979492,371.352996826
-84.509254456,-82.789443970,238.018966675
-87.358329773,-81.509887695,136.273727417
-86.239364624,-81.948333740,341.754791260
-86.244636536,-83.269950867,335.037994385
-86.193733215,-83.318016052,336.417083740
-86.807891846,-82.345695496,311.893920898
-86.312797546,-80.800270081,133.306747437
-86.773605347,-80.908233643,124.082901001
-87.058357239,-82.412193298,268.348297119
-85.221343994,-81.752738953,287.774200439
-86.507980347,-83.310958862,309.117919922
-86.345527649,-83.002265930,361.830749512
-87.139846802,-82.343162537,248.718276978
-86.973251343,-82.771224976,284.543670654
-86.477264404,-82.451896667,365.968933105
-86.302558899,-81.535308838,266.578613281
-85.796089172,-83.519683838,319.092285156
-85.740653992,-81.633491516,294.990142822
-84.370384216,-81.868949890,183.251785278
-85.841339111,-82.571067810,411.265441895
-85.875633240,-82.212028503,387.089477539
-84.642089844,-83.815269470,172.397644043
-85.191177368,-84.442245483,121.210037231
-86.087593079,-83.120109558,371.591400146
-87.119888306,-82.559532166,257.001281738
-85.710777283,-81.386924744,247.733352661
-85.770164490,-82.016403198,365.048461914
-86.476356506,-82.957000732,354.534576416
-85.809989929,-82.880065918,403.737396240
-86.946128845,-82.280387878,286.989837646
-86.923225403,-84.110359192,145.584777832
-84.685997009,-84.290054321,109.725860596
-85.630081177,-79.082588196,10.770789146
-84.967506409,-83.207901001,297.823455811
-86.395202637,-82.326911926,363.812957764
-85.703933716,-82.219200134,386.095703125
-85.104263306,-82.544212341,357.256225586
-85.859199524,-83.206871033,369.809722900
-85.966705322,-83.399955750,339.296936035
-85.597801208,-82.790512085,402.014831543
-84.735702515,-83.331489563,247.885055542
-87.322586060,-82.220367432,203.192291260
-85.452064514,-81.243164062,211.324691772
-85.042686462,-83.771316528,231.804397583
-85.408546448,-82.463493347,387.961029053
-84.859527588,-81.330749512,188.089309692
-84.743858337,-83.288566589,252.040817261
-85.393417358,-83.766624451,262.812835693
-87.431663513,-81.945846558,164.837051392
-86.114936829,-80.342422485,78.502029419
-86.796043396,-79.975196838,28.627815247
-85.066558838,-80.735916138,108.870964050
-84.726242065,-81.944351196,246.070327759
-87.589439392,-82.371498108,157.064590454
-86.424270630,-84.643318176,102.310073853
-86.115577698,-83.271347046,348.486877441
-85.878158569,-83.327651978,355.379547119
-85.400222778,-84.093475342,195.673507690
-86.086593628,-82.217918396,387.462677002
-86.755920410,-82.886131287,320.480499268
-88.814781189,-83.828414917,9.379191399
-85.486938477,-82.587249756,395.861480713
-85.805023193,-82.612922668,411.251098633
-86.889564514,-82.017669678,268.883728027
-86.459449768,-82.185714722,354.420074463
-83.832435608,-83.154609680,111.486473083
-84.939712524,-82.903450012,323.209472656
-86.573928833,-82.025444031,323.468444824
-86.008430481,-82.076721191,371.608581543
-83.977867126,-82.657264709,143.411254883
-86.000427246,-82.091720581,372.906646729
-85.589202881,-82.316596985,385.501312256
-87.000854492,-83.556343079,211.607299805
-86.594055176,-81.431564331,223.236282349
-85.000511169,-81.342979431,205.911041260
-87.361663818,-81.869369507,172.935470581
-85.507629395,-80.364273071,81.329505920
-84.735717773,-82.606246948,286.339843750
-85.921157837,-82.215080261,389.426147461
-87.163085938,-84.002243042,129.731430054
-86.053825378,-81.921089172,349.353057861
-85.374382019,-82.280471802,371.322692871
-85.948471069,-81.636360168,297.938476562
-85.928787231,-83.391220093,341.789550781
-87.032867432,-83.047378540,257.124145508
-86.959884644,-83.415443420,234.688934326
-87.195533752,-81.537033081,165.829513550
-86.661651611,-83.106765747,319.690063477
-85.237266541,-84.038986206,198.243225098
-86.876464844,-80.694053650,88.768684387
-86.654922485,-82.063407898,315.165985107
-83.842567444,-81.952522278,108.653022766
-85.373741150,-80.344345093,75.832496643
-86.613609314,-84.373245239,134.055358887
-86.435089111,-83.326774597,314.894653320
-85.803054810,-83.196044922,375.655456543
-84.878105164,-81.940856934,267.390411377
-87.103843689,-81.752807617,197.878921509
-85.902473450,-85.034133911,60.192710876
-85.096382141,-84.227493286,153.211486816
-84.338272095,-82.605911255,205.732070923
-86.029426575,-81.766265869,320.932800293
-85.688400269,-81.529945374,270.364044189
-85.219215393,-82.933357239,360.517150879
-84.148933411,-84.886840820,35.044113159
-86.427040100,-83.583251953,268.088745117
-86.116661072,-82.414192200,395.800079346
-85.785186768,-81.278350830,227.656600952
-85.678955078,-81.758911133,322.173858643
-86.488151550,-83.313858032,309.622680664
-85.557296753,-82.589416504,400.083190918
-84.654884338,-83.069740295,251.484176636
-85.119201660,-82.458412170,355.607208252
-84.467483521,-82.621536255,229.697860718
-85.717864990,-81.461471558,257.873657227
-87.138267517,-82.008346558,219.082092285
-86.110160828,-83.236518860,354.356109619
-84.853713989,-82.924453735,305.770446777
-85.270324707,-80.872283936,143.803802490
-84.601058960,-80.045539856,29.817527771
-86.775558472,-84.325668335,126.739082336
-85.466926575,-81.384727478,239.996673584
-85.513404846,-85.089256287,55.108001709
-85.546615601,-82.598968506,399.240997314
-84.931709290,-83.986663818,176.960357666
-84.793403625,-84.032699585,158.439117432
-87.014991760,-85.170036316,29.642538071
-84.029144287,-84.959075928,26.156082153
-84.929031372,-82.750236511,332.170562744
-86.123497009,-81.259582520,224.482910156
-85.277854919,-81.991050720,328.601654053
-83.397987366,-81.243682861,37.862846375
-83.038810730,-83.708045959,22.664459229
-87.582534790,-82.493606567,160.547546387
-85.540534973,-82.325004578,384.143432617
-85.129699707,-82.319747925,353.224029541
-85.969757080,-82.028076172,366.746337891
-85.960380554,-81.930648804,351.867340088
-84.564109802,-84.873680115,49.425540924
-86.085487366,-81.929748535,348.823089600
-86.799545288,-80.890625000,119.948562622
-84.799659729,-82.101219177,277.095672607
-86.936050415,-83.317802429,253.064361572
-86.048805237,-81.629669189,296.974548340
-85.001655579,-80.939514160,132.686401367
-85.923011780,-83.603080750,302.849090576
-85.784248352,-83.907272339,244.647613525
-84.614776611,-83.524147034,209.946243286
-85.117347717,-81.567420959,252.269912720
-86.617172241,-83.622505188,246.826339722
-87.701957703,-82.524353027,139.717269897
-85.549896240,-82.481124878,394.354309082
-85.618072510,-82.868194580,398.012451172
-87.636924744,-83.230598450,139.528396606
-87.167579651,-82.869194031,237.282806396
-86.383949280,-83.573829651,273.824707031
-86.838081360,-83.397567749,255.510269165
-87.099945068,-82.122184753,236.930480957
-84.633880615,-83.101394653,248.028793335
-85.378379822,-81.593460083,275.810058594
-84.008033752,-83.588668823,107.822052002
-85.221565247,-83.172195435,332.307098389
-85.289825439,-82.635421753,383.504364014
-85.030334473,-83.896774292,207.117477417
-86.227401733,-81.968490601,345.382659912
-85.842636108,-82.952514648,398.859344482
-87.294677734,-82.511337280,220.072982788
-85.166259766,-81.740745544,278.856475830
-85.478736877,-82.531669617,396.052154541
-87.752792358,-81.068778992,59.888084412
-87.770805359,-83.159904480,119.977775574
-85.108642578,-81.962669373,303.279785156
-87.094696045,-82.320137024,255.753524780
-84.880004883,-82.132354736,291.432342529
-84.509147644,-82.470146179,234.814239502
-84.578758240,-83.129066467,239.290924072
-86.291336060,-81.944892883,339.758239746
-85.424201965,-81.458427429,254.161895752
-84.240447998,-84.894638062,36.922286987
-85.204452515,-84.248497009,158.876861572
-87.173591614,-83.722778320,163.664871216
-86.246887207,-82.867424011,381.727050781
-86.886589050,-81.327072144,173.018753052
-85.644477844,-83.966682434,233.550521851
-86.625907898,-82.840805054,343.108703613
-84.287078857,-83.381019592,166.851623535
-86.881378174,-80.182540894,38.949436188
-86.197029114,-83.051216125,374.292694092
-85.949241638,-83.231689453,363.729217529
-85.505653381,-82.577697754,395.749145508
-85.898674011,-82.425315857,406.490173340
-85.432250977,-85.065795898,55.494682312
-87.292976379,-82.159103394,206.797653198
-84.972549438,-84.072624207,169.439773560
-84.542091370,-83.498107910,201.697708130
-86.761711121,-83.248840332,289.260589600
-86.755302429,-82.482162476,324.789978027
-84.003967285,-82.892517090,140.833068848
-87.354415894,-81.793289185,167.820343018
-85.865310669,-81.850471497,339.398193359
-86.640876770,-82.140930176,326.517181396
-96.674751282,66.016639709,326.402343750
-96.671829224,66.716232300,328.733276367
-97.778907776,64.982292175,61.257976532
-96.417221069,66.064277649,365.066253662
-95.745536804,64.472312927,125.512100220
-94.436798096,67.350967407,159.510696411
-96.351257324,67.771430969,223.569854736
-94.593894958,64.426216125,56.369033813
-95.619590759,67.873756409,202.751495361
-96.071243286,66.413276672,414.375122070
-96.601615906,66.993515015,316.216033936
-95.859924316,66.310752869,411.797424316
-94.560668945,66.051490784,218.600097656
-96.815727234,68.399986267,104.911605835
-96.091239929,66.163528442,400.398620605
-95.462448120,66.740486145,385.441131592
-97.291931152,67.702308655,144.853424072
-95.789291382,66.478096008,409.621551514
-95.660346985,65.669166565,356.123229980
-96.229667664,66.954879761,365.628082275
-95.358184814,65.890197754,355.395782471
-95.840850830,66.420295715,408.572998047
-95.060745239,66.871032715,307.354064941
-95.633956909,67.194335938,340.233337402
-95.586791992,65.230834961,263.525512695
-93.868164062,66.207595825,116.159065247
-96.055953979,66.482612610,413.934265137
-97.373825073,65.930931091,201.602432251
-95.510604858,66.374359131,397.454223633
-96.125053406,66.911376953,375.689575195
-96.815231323,65.947074890,296.365051270
-94.241127014,65.824356079,159.127258301
-96.234848022,65.497894287,308.161285400
-94.643798828,66.800834656,232.674530029
-95.241950989,66.251289368,362.406463623
-96.013473511,66.461090088,414.025787354
-96.729789734,64.768478394,139.655288696
-94.634086609,67.415802002,175.407058716
-94.652191162,65.160652161,155.706024170
-95.920921326,66.852569580,389.570922852
-95.340339661,67.868934631,188.175415039
-95.979087830,68.187873840,163.635574341
-97.879158020,67.035995483,111.755157471
-96.981498718,67.161209106,254.194732666
-94.363281250,65.883026123,174.574523926
-94.534606934,66.589782715,223.890075684
-94.093772888,67.202697754,123.778732300
-96.397270203,66.663467407,370.821350098
-96.659378052,67.257789612,278.611999512
-96.685462952,66.145759583,338.385894775
-98.771774292,65.661247253,28.213649750
-96.789634705,67.746215820,192.139038086
-95.115119934,66.874969482,316.427551270
-95.720397949,67.440589905,298.257751465
-95.949668884,68.096870422,176.963623047
-95.555969238,66.032615662,389.793762207
-95.111785889,66.544052124,335.478515625
-94.890892029,67.922142029,134.295455933
-97.561912537,66.546821594,177.607406616
-95.115226746,64.942153931,171.259933472
-96.265106201,65.739990234,347.182525635
-95.131988525,65.545692444,283.934417725
-96.085426331,65.357826233,291.654418945
-94.698402405,66.915184021,233.512969971
-96.138969421,64.985160828,219.132308960
-95.888191223,67.224647522,349.168792725
-95.926734924,66.723220825,404.150878906
-95.703674316,64.709472656,159.245834351
-97.137992859,65.532081604,202.559326172
-95.346679688,66.725639343,369.328857422
-96.632591248,65.165054321,226.326538086
-95.221313477,66.324630737,359.232910156
-98.645095825,65.240341187,22.134994507
-94.005249023,66.686187744,130.921875000
-97.358665466,67.933776855,116.056518555
-95.893226624,67.620109558,267.646728516
-96.839660645,68.394233704,104.165641785
-96.065307617,66.218124390,401.998626709
-96.664512634,66.132827759,341.717163086
-96.665229797,68.431701660,109.924606323
-96.516197205,67.523071289,251.226074219
-95.241310120,66.137046814,356.992126465
-96.927375793,66.456382751,304.240142822
-94.823356628,67.176902771,235.747497559
-94.725868225,67.642974854,155.989624023
-96.856796265,66.507011414,315.356933594
-94.417449951,64.526542664,55.591747284
-95.988243103,66.747932434,398.754516602
-95.010810852,66.946891785,290.560729980
-97.132003784,66.319114685,264.877655029
-94.999824524,68.110099792,124.060028076
-95.165039062,65.973136902,331.101654053
-96.627998352,65.827140808,313.751922607
-97.352478027,65.963920593,210.572906494
-95.631645203,67.931579590,195.439483643
-96.036155701,66.775497437,394.268249512
-95.465347290,66.850303650,378.450561523
-94.478828430,67.574707031,136.579589844
-96.458877563,63.941223145,49.996528625
-97.352714539,66.917800903,211.821762085
-95.823905945,67.133171082,358.207855225
-96.596862793,67.594993591,236.131118774
-94.978408813,67.470512390,211.867080688
-96.864784241,65.476097107,242.012756348
-96.089973450,65.563842773,333.770233154
-96.180992126,65.130638123,244.887771606
-94.275444031,65.650688171,151.781951904
-96.387847900,65.249954224,255.222213745
-95.523910522,67.704689026,227.970123291
-93.453521729,65.364700317,42.514850616
-93.471305847,67.823654175,25.958368301
-96.137474060,66.067184448,391.692932129
-95.897979736,67.012573242,375.501953125
-94.045539856,66.113540649,137.260955811
-95.244110107,66.643928528,352.977935791
-95.251052856,66.662254333,352.307189941
-94.763366699,66.349868774,273.010223389
-95.027984619,65.725730896,290.755615234
-96.598640442,67.684455872,219.559097290
-97.010429382,67.280731201,237.258850098
-96.098144531,65.153686523,249.819610596
-93.011718750,65.079948425,14.195330620
-96.043182373,66.049865723,396.985656738
-96.784637451,67.425666809,244.401672363
-96.152656555,65.846168518,367.197998047
-94.838829041,66.755706787,277.051300049
-96.984542847,66.323455811,294.772003174
-98.175552368,66.725753784,73.593040466
-95.906944275,67.861518860,216.339538574
-95.483329773,65.809509277,359.218139648
-96.954673767,67.127685547,257.549499512
-97.781791687,66.763969421,132.337112427
-95.723304749,69.049591064,51.846775055
-97.373870850,66.150428772,211.035217285
-94.331764221,66.729202271,180.851089478
-95.306579590,66.931709290,343.672241211
-96.179336548,65.767486572,354.435943604
-96.047935486,67.611282349,268.519561768
-96.222854614,65.955505371,371.288818359
-96.753166199,64.853622437,157.200897217
-96.817054749,66.842361450,307.164611816
-96.922157288,66.567481995,305.605163574
-96.471420288,65.414253235,275.154937744
-95.786460876,69.465927124,28.127790451
-98.304069519,65.199264526,33.332279205
-96.452590942,66.346572876,376.257141113
-95.972724915,69.077819824,50.777050018
-94.190345764,66.425033569,163.539169312
-95.622230530,68.658432007,84.469116211
-96.447044373,66.640357971,369.038208008
-96.200958252,65.225669861,261.709747314
-97.749969482,65.838996887,122.438423157
-95.141899109,66.842117310,325.315002441
-94.047027588,67.332565308,109.870262146
-95.176025391,66.435333252,355.140258789
-96.215194702,66.593490601,396.779968262
-95.589584351,66.147743225,395.991210938
-95.748825073,66.182495117,402.478271484
-95.817878723,65.738342285,371.046264648
-95.438446045,67.886993408,191.812850952
-96.604713440,67.331207275,275.516448975
-96.287231445,66.797210693,373.292846680
-95.360954285,67.019004822,339.556762695
-95.483741760,65.710601807,349.190399170
-95.553153992,65.677635193,347.652130127
-97.205764771,65.744918823,210.722457886
-96.256446838,67.284637451,321.510864258
-98.559936523,66.755210876,39.135250092
-95.894142151,67.841392517,220.807617188
-96.546356201,67.634681702,229.929367065
-94.908065796,66.234680176,297.987152100
-95.735122681,65.668014526,357.220031738
-95.944763184,65.590301514,345.976104736
-94.010116577,64.397933960,27.848701477
-95.661430359,67.770431519,227.602294922
-97.678627014,67.340095520,121.998710632
-97.011512756,65.461647034,213.953338623
-95.339859009,67.138008118,317.720123291
-95.196434021,67.828742981,178.733535767
-94.409004211,65.422264099,147.978790283
-95.627555847,67.052146912,363.291839600
-93.402633667,66.731735229,56.153507233
-98.248542786,65.030609131,31.304254532
-96.193328857,65.791175842,355.196319580
-93.795646667,65.345626831,70.139083862
-97.277473450,65.776039124,205.734176636
-96.527008057,63.988830566,50.541000366
-94.768356323,65.830253601,252.967926025
-95.872673035,65.947845459,392.778778076
-94.991539001,66.903022766,292.240509033
-96.493247986,65.535041809,296.846466064
-96.027656555,64.550804138,134.704742432
-95.938613892,66.505599976,411.630249023
-95.577964783,66.540283203,402.341461182
-97.267120361,68.259750366,89.964691162
-95.109863281,66.133666992,333.870880127
-96.293174744,67.020736694,356.029113770
-98.747161865,66.127449036,28.162681580
-96.318725586,67.012084961,353.893157959
-96.126586914,65.354881287,292.404968262
-97.782508850,66.100929260,125.877845764
-95.477470398,66.989822388,360.353485107
-95.725288391,66.622505188,407.802154541
-95.482482910,65.789527893,357.108428955
-94.717910767,63.893341064,29.393899918
-97.488395691,65.248626709,120.803092957
-94.409576416,68.161926270,67.801254272
-94.953315735,67.513786316,199.563583374
-95.913856506,66.046844482,397.524597168
-94.826515198,67.195030212,234.619964600
-96.283744812,67.255378723,324.888000488
-96.791076660,66.302986145,327.938049316
-95.125732422,66.413208008,346.648284912
-96.962806702,65.737136841,257.028930664
-95.670639038,65.336769104,291.889251709
-98.641769409,67.707687378,23.532432556
-96.458114624,65.760925293,326.898590088
-96.716255188,64.783363342,146.023330688
-96.313255310,66.194435120,387.124816895
-95.801918030,64.908737183,206.184066772
-96.737991333,67.454238892,244.223403931
-96.389488220,65.049278259,220.358886719
-97.232200623,65.628425598,195.966918945
-94.844383240,66.083541870,281.047119141
-96.212707520,65.223175049,261.432098389
-97.010917664,68.316329956,103.838165283
-95.421875000,66.418373108,392.837860107
-94.702285767,66.396461487,261.154479980
-95.822410583,66.275253296,409.547607422
-96.356918335,66.312545776,385.254699707
-94.783050537,67.033126831,241.088012695
-96.114593506,67.215644836,342.016174316
-96.066543579,66.733795166,395.717071533
-96.224739075,66.302879333,400.130462646
-94.547492981,66.055816650,216.821517944
-97.201805115,65.765480042,212.647247314
-96.500587463,67.822731018,202.089126587
-96.046691895,65.820159912,373.647216797
-97.818138123,67.915359497,72.228538513
-98.006988525,67.590782166,69.606651306
-94.953903198,65.619331360,261.712615967
-96.261718750,66.292480469,394.209930420
-96.082702637,65.693527222,351.605407715
-96.762451172,66.281692505,333.071350098
-97.908332825,65.800315857,99.742370605
-95.508926392,66.649749756,392.880676270
-95.351814270,65.505805969,304.056884766
-96.186447144,67.575851440,267.844848633
-95.735176086,64.420005798,116.660179138
-95.479583740,65.948158264,370.936553955
-96.660408020,65.158317566,221.994644165
-96.875114441,66.638153076,308.043823242
-96.019409180,67.452499390,300.553863525
-98.267951965,64.353698730,9.615542412
-95.321998596,64.922637939,191.121109009
-96.171745300,68.051567078,180.465194702
-96.633598328,68.451400757,108.437469482
-95.170219421,66.258674622,349.781219482
-96.844711304,66.749313354,306.041534424
-96.491523743,65.961891174,346.254791260
-95.382308960,66.835067749,367.496490479
-94.428894043,66.127609253,201.113784790
-96.159309387,67.863174438,212.181869507
-95.550262451,65.468933105,311.886322021
-97.007278442,65.520042419,221.160079956
-97.577728271,65.407836914,125.490112305
-96.499519348,64.835975647,173.278625488
-93.809104919,65.989707947,100.416641235
-97.129562378,66.806816101,254.377578735
-95.259506226,66.168632507,363.121612549
-97.277282715,68.008148193,116.434753418
-94.461143494,66.439590454,207.671508789
-97.107383728,66.791595459,261.901092529
-97.875411987,67.861328125,68.548957825
-94.924041748,66.953338623,276.509277344
-97.053634644,67.646812439,178.161346436
-96.082321167,66.128326416,400.552246094
-95.383209229,65.782600403,346.103668213
-95.930847168,66.349243164,413.210815430
-96.565422058,64.175476074,68.140716553
-96.855209351,67.525352478,219.564315796
-96.574195862,69.738479614,19.106960297
-94.254676819,66.340522766,174.534713745
-95.571235657,69.402038574,28.147542953
-96.290481567,66.150512695,386.581542969
-96.069389343,66.705322266,400.139923096
-96.532470703,65.989814758,344.674316406
-94.518341064,66.564498901,220.859054565
-96.574661255,66.925796509,327.698791504
-95.603775024,65.918144226,379.607208252
-96.521141052,66.616203308,361.820831299
-95.801124573,68.069198608,181.416763306
-96.924461365,65.945503235,281.666442871
-95.601066589,66.975654602,372.355712891
-97.866195679,66.773956299,119.489624023
-96.823013306,67.329147339,256.904174805
-96.770736694,66.275955200,331.983398438
-95.798782349,66.818122864,397.758666992
-96.151962280,66.165969849,398.725646973
-96.906654358,65.895744324,278.555755615
-97.334251404,68.063095093,106.600425720
-95.858856201,64.959030151,218.066009521
-95.339324951,64.949478149,195.962249756
-96.847167969,66.485702515,317.245941162
-96.970001221,66.255462646,294.720672607
-95.481750488,64.670814514,145.436279297
-94.424568176,67.204017639,167.339782715
-96.608909607,68.532058716,99.198013306
-97.052207947,67.576179504,187.565902710
-96.279731750,68.448478699,122.888893127
-95.627319336,66.326652527,400.681243896
-96.116333008,66.421974182,410.588165283
-96.093269348,66.190093994,401.331207275
-96.378051758,65.896354675,352.847106934
-95.965148926,66.773506165,399.368957520
-95.331130981,66.728256226,364.382934570
-96.004516602,66.088241577,398.156188965
-95.767196655,66.676719666,407.149291992
-96.343009949,67.544898987,266.433013916
-95.273941040,65.829383850,338.083007812
-96.725479126,65.946235657,310.687896729
-95.943298340,65.684120178,361.516693115
-96.171897888,66.969139099,366.966217041
-96.223365784,66.698074341,389.697296143
-96.478019714,65.624763489,308.957763672
-95.638381958,64.768020630,167.903808594
-93.514877319,65.512435913,50.990570068
-96.727912903,66.216423035,336.909423828
-96.631889343,65.867324829,318.490783691
-95.651176453,66.368019104,403.595092773
-96.429512024,65.010627747,210.769851685
-96.925605774,66.638748169,299.189575195
-95.823303223,65.105255127,245.479553223
-96.166931152,64.038681030,63.375049591
-95.571403503,66.078018188,391.918487549
-94.928001404,66.947593689,278.705352783
-94.809555054,66.120246887,274.856567383
-96.028091431,65.674743652,352.299133301
-95.080474854,66.636451721,330.213348389
-96.133926392,67.730041504,244.162338257
-97.810943604,67.544136047,95.015586853
-96.777824402,66.587051392,322.323028564
-97.818191528,66.679168701,127.570671082
-96.716056824,65.352882385,245.549743652
-94.553207397,65.148040771,136.049575806
-96.381027222,66.967437744,354.526367188
-95.476226807,65.180236816,248.619003296
-96.335731506,68.245597839,142.302276611
-96.417098999,68.366294861,128.271728516
-95.650588989,67.041893005,366.718383789
-98.220001221,66.090599060,64.831085205
-94.666664124,66.095397949,249.068817139
-96.757011414,66.086387634,318.574798584
-95.436073303,65.565185547,319.577941895
-96.468124390,65.581832886,306.085479736
-97.074745178,68.135841370,117.683845520
-97.230995178,67.231124878,207.055587769
-95.834510803,67.722076416,243.239547729
-95.319969177,66.451156616,375.704528809
-94.980545044,66.106605530,307.091308594
-95.957862854,65.761947632,372.120452881
-96.490692139,66.964485168,338.479339600
-97.280364990,67.966606140,120.981735229
-95.549819946,68.087234497,171.004241943
-95.940704346,66.071495056,396.217773438
-94.881027222,67.727561951,162.796539307
-96.827430725,66.728080750,310.354766846
-95.709419250,66.346481323,407.132812500
-97.106666565,65.285766602,180.082931519
-93.542610168,67.699058533,35.260616302
-94.359535217,64.867263794,86.453041077
-98.287803650,67.863388062,38.461830139
-96.979576111,67.506828308,207.409057617
-95.317771912,67.190383911,305.450561523
-96.059761047,67.553703308,281.137176514
-95.688224792,65.988906860,392.263977051
-96.384719849,65.314483643,267.261871338
-96.153656006,67.034576416,363.849395752
-94.857284546,66.190238953,286.891967773
-96.415161133,65.695892334,325.091339111
-96.219818115,65.804695129,355.202453613
-95.960937500,66.243591309,410.313873291
-94.124969482,66.254180908,152.410903931
-94.362747192,65.920112610,177.596374512
-96.142539978,66.275329590,404.927337646
-96.124717712,65.309089661,285.458648682
-96.404159546,66.905464172,352.442016602
-95.646484375,66.891242981,387.357116699
-96.467147827,65.397888184,272.627014160
-95.504066467,64.203987122,80.588928223
-94.679908752,66.531074524,254.549606323
-95.061004639,66.350669861,332.983032227
-96.790664673,67.724044800,197.181549072
-95.353523254,66.530525208,379.471740723
-96.479850769,67.931282043,186.317260742
-94.405181885,65.921089172,181.886642456
-96.635131836,66.098449707,345.747558594
-97.254211426,66.308998108,238.253799438
-95.758033752,64.710739136,162.824752808
-96.671173096,67.461662292,248.351089478
-95.862907410,64.305633545,96.694221497
-95.742736816,67.443107605,297.164031982
-94.912414551,67.436721802,209.847442627
-96.526504517,65.947013855,340.755706787
-96.345237732,67.406379700,289.389556885
-96.987060547,65.854698181,260.808349609
-95.510887146,66.142143250,391.143951416
-97.490242004,66.856948853,182.466323853
-94.891265869,65.782493591,273.772277832
-96.136192322,66.210586548,402.059539795
-95.923240662,67.395782471,311.437164307
-95.624298096,65.974334717,390.523834229
-96.591567993,67.009223938,315.451049805
-97.341987610,65.507240295,171.989837646
-95.635765076,66.953437805,379.636169434
-96.742080688,66.333305359,336.739532471
-94.534957886,65.129364014,132.532348633
-95.948516846,65.447952271,309.887939453
-94.738098145,65.345161438,187.165023804
-96.323432922,66.401618958,390.348541260
-96.629295349,66.194854736,350.410675049
-95.995231628,67.116142273,365.545379639
-97.654052734,66.274856567,151.737548828
-96.356941223,66.127845764,378.711578369
-94.364982605,65.938949585,178.603668213
-95.016983032,67.021408081,284.589141846
-96.426864624,67.014648438,339.309387207
-95.872604370,66.916542053,385.850891113
-96.541511536,67.590148926,242.307495117
-96.438789368,66.297859192,378.594696045
-94.740447998,66.363845825,268.721191406
-96.054626465,67.059265137,370.254089355
-94.287437439,65.972358704,172.599792480
-95.814353943,66.911514282,388.848205566
-96.280944824,65.975181580,369.754821777
-94.921043396,66.139671326,295.842132568
-94.537551880,65.212242126,141.937988281
-95.662757874,67.137039185,351.177459717
-95.501411438,65.648841858,339.299041748
-97.289611816,65.709190369,199.310104370
-94.903335571,67.799659729,154.026794434
-96.543060303,68.540924072,99.910697937
-96.163391113,67.333404541,319.175994873
-95.962455750,66.306503296,411.284637451
-95.008140564,67.798561096,166.366500854
-94.813598633,66.534713745,279.998474121
-95.632156372,66.886207581,387.835937500
-93.879768372,65.708847046,101.314399719
-96.030662537,65.621978760,345.802154541
-96.011154175,66.073295593,397.197357178
-95.246246338,65.508834839,293.241180420
-94.084487915,67.169403076,122.897422791
-97.427970886,65.762504578,178.406082153
-96.560890198,64.943237305,190.684051514
-94.587944031,65.815185547,207.296951294
-96.492378235,65.410202026,273.135650635
-95.901634216,66.308418274,413.754486084
-95.865058899,67.095146179,368.264709473
-96.482757568,66.239112854,371.079345703
-96.898887634,64.093658447,52.914779663
-96.074478149,65.057220459,232.775207520
-94.963058472,66.720542908,303.023742676
-95.587715149,66.205009460,397.812927246
-97.323188782,67.546958923,154.445297241
-95.632583618,65.408035278,303.377136230
-94.861488342,65.807991028,269.980682373
-95.052986145,67.167533875,273.638732910
-96.071914673,67.579742432,273.685791016
-95.330703735,64.695686340,143.060623169
-95.069931030,68.777008057,56.746349335
-94.966842651,66.618171692,312.877868652
-95.900360107,65.880218506,386.279113770
-96.475746155,66.412612915,374.502716064
-96.551727295,66.554519653,361.662994385
-93.916664124,65.591636658,96.154968262
-94.756340027,66.373405457,271.439910889
-96.027938843,66.403755188,413.129821777
-94.272674561,66.142066956,174.452804565
-94.914108276,67.763542175,158.679702759
-97.057189941,66.859931946,266.586029053
-95.597961426,66.832794189,390.195648193
-96.734298706,66.770851135,317.597839355
-96.011062622,65.338172913,288.923339844
-96.728065491,65.885261536,302.923156738
-95.396080017,68.286483765,126.322822571
-96.022712708,65.215240479,267.625030518
-96.587387085,66.485786438,362.172943115
-96.573707581,66.902915955,329.650604248
-96.170280457,65.353210449,288.856811523
-94.654487610,67.233489990,197.222702026
-95.959899902,66.669799805,404.799377441
-95.915267944,66.746292114,402.305511475
-97.088737488,67.892089844,144.642654419
-94.910095215,64.986274719,156.611984253
-97.656158447,67.675689697,101.396545410
-96.239212036,66.397102356,404.986145020
-95.938774109,67.139244080,362.168975830
-93.031661987,66.579017639,25.979288101
-96.364768982,66.115753174,376.412567139
-96.044639587,65.840492249,377.549255371
-95.816009521,66.453834534,407.618072510
-96.505218506,65.779823303,325.243835449
-95.878295898,65.937454224,391.249237061
-97.938591003,65.986717224,95.113586426
-96.060516357,65.295875549,284.456024170
-95.064506531,67.329025269,242.700378418
-95.166061401,66.692893982,341.847320557
-95.145942688,66.210060120,342.722442627
-97.030509949,67.394348145,217.209396362
-94.911392212,65.217391968,196.348342896
-96.285400391,66.620704651,385.785156250
-94.331459045,67.532493591,125.936119080
-95.193748474,65.835853577,326.906860352
-95.993843079,66.340240479,411.765289307
-96.556144714,65.874374390,330.013122559
-94.095909119,66.222808838,147.340316772
-95.168518066,66.856933594,326.657012939
-95.915390015,65.584899902,345.009338379
-94.751327515,66.363296509,270.541137695
-95.292129517,67.678482056,218.782257080
-96.425422668,67.475067139,269.581298828
-95.610984802,67.156585693,344.153869629
-95.115180969,69.903511047,10.070484161
-96.514259338,64.245552063,76.411437988
-94.687820435,66.355979919,259.122070312
-95.381591797,65.297210693,264.314636230
-93.256752014,67.768684387,18.589717865
-93.932548523,65.284927368,75.793807983
-97.210899353,68.255630493,95.314788818
-98.081649780,66.916755676,81.291511536
-95.247772217,65.680725098,316.246978760
-96.041564941,68.153404236,167.160034180
-96.572441101,67.447860718,258.127319336
-93.903862000,67.346755981,87.761016846
-95.461601257,67.387725830,284.533782959
-96.229408264,67.337631226,312.648834229
-96.330314636,67.011878967,351.778900146
-94.299339294,66.905570984,163.868728638
-97.246315002,68.488052368,74.345466614
-96.014350891,66.368171692,413.979797363
-96.647651672,65.122261047,215.732971191
-95.583618164,65.887023926,374.317779541
-96.586692810,63.898040771,43.615558624
-96.005691528,65.540672302,328.525238037
-94.953872681,66.147727966,303.182617188
-94.649345398,65.297164917,170.803268433
-96.738700867,66.435974121,334.912994385
-96.093452454,64.455612183,117.334686279
-94.642601013,65.981918335,235.377243042
-97.825378418,66.101013184,115.212059021
-94.713508606,64.504028320,68.778709412
-94.798049927,66.857955933,264.209899902
-96.110412598,66.194770813,401.116333008
-95.413200378,67.078857422,332.473297119
-95.151405334,65.532508850,282.854187012
-96.199012756,66.963630676,364.784759521
-94.827156067,68.077957153,111.567054749
-95.935668945,69.633285522,22.068716049
-96.567893982,67.166152954,303.534698486
-95.601402283,65.965263367,390.262176514
-94.596023560,67.381431580,177.627273560
-93.769340515,64.440017700,22.609985352
-96.097412109,66.303192139,406.979461670
-95.610656738,68.296173096,135.799926758
-95.745857239,66.430206299,411.148712158
-96.650306702,65.080131531,208.614761353
-97.388015747,67.871276855,118.369041443
-94.784347534,66.623992920,271.962493896
-98.459121704,67.084037781,43.850318909
-97.697517395,67.200286865,128.876266479
-94.792030334,66.635139465,273.447631836
-94.928001404,65.541732788,248.838928223
-97.501632690,65.701385498,159.720535278
-96.600418091,66.452819824,361.247497559
-94.001068115,66.222892761,129.383483887
-98.136764526,66.108001709,76.543273926
-96.164970398,66.556304932,405.401824951
-95.219543457,66.330139160,360.370391846
-95.934478760,65.904075623,389.053924561
-97.192337036,66.556488037,256.213226318
-96.137863159,65.656021118,341.896270752
-97.196182251,69.240112305,29.167221069
-95.100585938,66.553932190,333.607513428
-96.368728638,68.224639893,145.270111084
-97.068725586,66.614852905,274.791320801
-96.107986450,66.322784424,406.850646973
-96.834342957,66.672721863,311.500640869
-96.064483643,63.825321198,45.069576263
-96.606552124,65.141944885,222.342559814
-94.601402283,66.732223511,228.068466187
-94.940422058,66.163673401,303.268005371
-94.924842834,67.294624329,235.338546753
-97.424041748,67.018074036,184.968170166
-95.462966919,65.787002563,355.166992188
-95.362434387,65.585105896,317.731994629
-95.586517334,66.721717834,395.817871094
-93.898567200,68.348434448,32.325088501
-96.618515015,67.507080078,247.304199219
-94.119010925,64.821281433,59.394065857
-95.983345032,65.798538208,375.543457031
-96.490562439,66.274421692,371.543640137
-95.035575867,67.625877380,194.834472656
-94.555252075,66.052124023,217.137237549
-95.179809570,66.232688904,349.482849121
-95.606491089,63.810993195,39.659835815
-95.624389648,66.105216980,394.358856201
-94.646728516,67.710838318,137.592453003
-95.075645447,66.865890503,310.023315430
-95.559158325,65.992935181,386.956359863
-94.685989380,67.777641296,133.573059082
-96.194778442,67.237861633,335.096282959
-96.652175903,67.597023010,231.116424561
-94.945899963,66.251945496,306.249786377
-93.522071838,66.341262817,68.446151733
-97.134346008,68.052909851,120.992980957
-95.669235229,67.623298645,256.259948730
-94.893913269,67.493919373,199.073944092
-97.499214172,66.150794983,182.268188477
-96.908775330,68.176231384,126.338745117
-96.606987000,68.417945862,112.020935059
-95.196479797,65.034828186,200.393936157
-95.719856262,66.120239258,396.959472656
-96.288017273,66.935173035,357.026184082
-96.424758911,64.988739014,207.831756592
-95.249618530,66.292121887,365.379302979
-97.080360413,68.060783386,125.606918335
-96.139839172,66.049530029,387.003143311
-95.614929199,65.852218628,373.740631104
-95.244392395,66.273445129,364.455383301
-97.012100220,65.151641846,178.651428223
-96.316055298,66.094482422,380.597961426
-95.158180237,66.695663452,340.803863525
-95.170593262,66.248306274,347.911590576
-94.608123779,66.693634033,231.376571655
-95.512298584,65.684844971,345.698333740
-95.504974365,64.965301514,213.166122437
-96.304656982,65.671730042,333.946685791
-94.365524292,66.216537476,190.350082397
-95.708251953,67.282089233,328.102905273
-96.532348633,64.660964966,138.481719971
-94.914100647,64.784072876,125.621208191
-94.734069824,67.056915283,233.909255981
-96.500564575,66.029708862,354.904144287
-96.811431885,66.567626953,321.459045410
-96.528511047,67.134674072,310.684265137
-95.632362366,65.727180481,361.070007324
-96.621681213,65.594055176,285.805419922
-95.438865662,69.224617004,36.772655487
-95.861488342,67.044609070,373.914001465
-96.296913147,64.888450623,195.792587280
-97.136428833,65.515060425,200.875198364
-95.073638916,67.364967346,239.036499023
-95.418342590,65.637016296,330.094665527
-96.652275085,67.421035767,258.406005859
-94.812400818,66.807746887,270.981262207
-95.304237366,68.077789307,155.004257202
-95.015373230,68.222404480,108.664245605
-96.205245972,66.030532837,381.531250000
-94.845939636,66.481414795,290.668579102
-96.220054626,68.855682373,76.856735229
-95.822044373,65.423683167,309.184295654
-96.309471130,65.528999329,309.558624268
-97.200096130,66.198501587,248.213134766
-96.164161682,67.140434265,350.479431152
-94.471046448,65.919204712,195.705780029
-97.609603882,66.942420959,159.829574585
-97.652671814,66.290130615,151.244674683
-96.679130554,66.361434937,347.386199951
-96.387153625,66.533889771,380.654144287
-95.486312866,65.295814514,268.812072754
-98.687316895,66.835044861,30.398239136
-95.471778870,66.268096924,392.458190918
-96.719841003,66.170509338,332.604858398
-94.970954895,68.527557373,69.159721375
-95.813522339,66.869857788,393.534240723
-94.833686829,66.068183899,280.186157227
-96.732307434,67.866020203,178.897659302
-95.881103516,65.013664246,230.627807617
-96.047904968,65.245079041,273.546295166
-96.175941467,66.730224609,394.185852051
-95.723152161,66.739486694,404.884155273
-96.468246460,66.725578308,361.176666260
-96.184188843,65.830238342,359.968414307
-97.129600525,66.246559143,262.782562256
-97.557960510,67.614570618,121.537559509
-97.116622925,67.650215149,169.346343994
-96.958892822,66.551071167,296.910125732
-96.214225769,66.985458374,363.553131104
-96.115310669,66.707984924,399.850128174
-96.646171570,66.536514282,348.315673828
-96.418876648,65.720458984,327.832305908
-96.171722412,65.156990051,248.307083130
-96.299743652,66.816123962,368.688140869
-97.093399048,68.482780457,83.791915894
-95.098098755,67.858245850,162.546386719
-96.108268738,66.394821167,409.678955078
-96.592041016,65.384323120,261.406921387
-95.150085449,65.278053284,240.049819946
-96.861007690,65.281417847,219.202926636
-98.067863464,66.026916504,80.352188110
-96.829673767,67.681823730,197.752090454
-94.949333191,67.020858765,274.842407227
-95.589706421,67.179626465,335.157073975
-96.343826294,65.975090027,364.819915771
-96.039970398,68.548896790,107.754669189
-97.024032593,66.886817932,270.899658203
-95.631683350,65.336425781,290.585388184
-95.687545776,65.438705444,310.987823486
-95.201263428,66.117347717,349.874481201
-94.746818542,66.350311279,271.479309082
-96.315994263,65.868850708,357.545837402
-95.634605408,66.911720276,385.642303467
-96.489471436,65.995780945,351.468109131
-94.747856140,65.220680237,173.125366211
-95.193511963,66.416053772,358.499511719
-95.510719299,67.658981323,237.231536865
-96.115226746,65.882484436,372.828277588
-96.560966492,67.494239807,252.166275024
-95.199974060,67.626205444,217.713958740
-94.996398926,66.906433105,292.975952148
-96.207626343,68.505668640,114.432350159
-96.127296448,69.053199768,55.047023773
-96.028976440,67.376838684,316.734161377
-96.173103333,65.331634521,285.740936279
-95.170158386,66.347480774,350.738739014
-95.425079346,65.890190125,360.997497559
-95.447006226,65.839973450,358.689941406
-95.378021240,68.128562927,150.657760620
-95.143127441,65.806587219,315.083099365
-96.334411621,67.847793579,206.974761963
-96.467590332,66.534103394,372.246093750
-96.233856201,65.957916260,371.104583740
-94.888389587,66.705787659,289.037261963
-95.935272217,66.797004700,398.753875732
-95.019004822,65.958122253,307.955566406
-98.938240051,65.792671204,20.539821625
-96.595596313,66.836997986,333.254577637
57.016639709,72.279869080,91.999443054
55.453468323,73.710647583,412.897705078
58.227363586,71.930664062,9.887602806
55.065483093,73.867485046,381.983001709
54.933010101,74.037376404,366.989715576
56.756984711,72.525352478,147.906417847
55.094985962,73.762084961,383.271301270
54.454593658,74.122001648,277.182434082
55.386524200,74.527061462,387.459320068
57.464199066,72.618064880,76.925636292
55.620323181,73.948776245,428.745300293
55.567016602,74.182029724,431.906463623
54.649684906,74.320060730,311.753662109
55.451114655,74.987777710,318.946258545
54.468032837,74.068565369,281.366333008
55.771453857,75.140060425,287.946594238
55.172775269,75.619506836,170.927612305
54.769149780,74.077079773,342.082031250
53.554286957,74.971054077,81.143760681
55.870861053,74.802192688,351.613494873
54.917606354,73.543273926,331.103302002
56.707752228,74.771080017,262.290527344
56.673992157,72.835845947,200.512985229
55.612255096,74.293884277,417.863433838
54.885150909,72.975952148,258.286041260
56.763153076,73.361129761,255.379943848
56.114212036,74.445968628,377.952270508
55.381618500,74.723617554,360.342315674
54.652267456,73.854988098,310.534057617
56.216297150,74.389541626,370.576782227
53.931907654,73.073020935,128.565597534
55.226692200,74.041915894,411.777557373
53.365665436,74.863494873,66.734962463
55.102008820,73.079025269,292.543060303
54.833003998,74.389411926,342.304534912
55.618827820,73.400627136,385.417572021
54.039611816,73.361946106,166.273818970
54.782485962,74.352645874,335.126708984
53.669525146,74.463378906,118.222045898
56.430656433,72.733779907,211.776794434
53.558639526,74.483779907,104.583717346
57.839855194,73.869606018,84.776306152
55.509410858,74.741348267,364.409484863
54.340518951,73.339462280,216.342041016
55.700317383,72.111259460,130.504730225
55.621788025,76.238716125,81.407554626
55.339302063,73.571990967,393.919982910
56.249439240,74.319053650,369.572235107
55.363647461,74.752067566,353.001678467
54.035964966,75.614433289,74.850479126
54.375156403,73.736595154,256.950347900
53.978145599,74.327461243,173.179336548
55.859375000,72.207969666,145.720336914
56.617660522,74.967941284,244.504394531
54.358116150,74.831970215,207.015899658
57.376037598,74.457199097,155.011581421
56.534458160,74.001480103,339.532073975
55.739639282,74.065200806,427.325775146
54.867538452,74.120872498,357.311737061
54.987354279,73.309020996,318.714477539
54.994411469,74.078208923,381.325958252
55.298370361,73.188606262,334.627593994
56.290157318,74.042938232,375.790710449
54.835063934,74.194114685,353.612823486
57.270549774,75.559265137,82.930122375
55.358810425,74.449996948,394.952239990
53.770439148,74.271110535,137.060104370
56.194412231,73.184265137,319.956665039
56.382358551,74.542144775,334.401092529
55.750160217,72.429771423,190.561065674
56.777671814,73.842483521,287.864196777
54.040500641,75.142684937,128.518844604
55.684848785,74.673713684,375.078643799
55.405639648,74.212921143,425.202484131
56.891441345,73.160041809,210.218688965
56.061466217,74.060478210,405.493927002
55.522823334,74.280784607,417.280090332
55.446990967,75.128395081,292.757385254
54.643836975,72.668357849,166.353485107
55.424270630,75.135444641,289.021850586
55.126815796,73.953117371,395.573455811
54.640174866,72.986259460,223.328964233
56.245941162,74.219665527,375.765472412
56.522869110,74.788780212,287.331329346
54.126258850,73.541534424,193.663726807
54.715419769,72.956054688,230.626480103
55.147209167,75.464813232,201.412155151
56.581333160,74.148139954,322.902679443
55.558052063,74.501907349,396.335906982
55.641864777,73.082221985,331.244628906
53.832775116,72.124549866,42.432865143
55.769866943,73.802536011,423.526641846
54.974224091,75.372955322,201.115280151
55.591957092,73.390846252,385.362091064
55.743610382,75.765785217,152.008361816
56.776386261,74.016952515,289.130737305
56.044788361,75.096618652,283.323303223
54.872646332,74.153572083,359.073791504
56.438095093,74.333297729,339.414031982
56.444366455,73.569908142,332.693572998
55.231670380,74.714859009,353.096038818
56.190952301,75.243194580,245.992263794
54.120990753,73.237037659,164.988693237
56.072345734,72.613121033,224.068511963
55.883991241,72.461029053,195.175842285
57.825790405,74.631713867,77.320922852
54.768142700,74.251113892,338.842834473
55.172306061,73.015663147,287.760742188
55.994049072,72.929420471,291.908386230
53.996833801,74.297790527,177.407318115
55.847625732,73.744964600,419.406341553
54.276401520,73.390876770,209.923187256
56.391563416,75.950508118,110.270706177
56.621723175,73.729400635,314.399536133
54.638839722,75.056571960,219.878433228
55.919414520,72.811203003,267.895629883
56.441329956,73.855644226,347.574035645
54.507030487,74.239318848,286.779907227
54.582977295,75.556007385,136.826324463
57.366268158,75.722465515,65.104049683
56.052906036,73.463279724,373.826049805
56.395629883,72.513786316,178.534164429
56.419399261,73.864036560,351.844665527
55.839195251,75.275634766,255.219985962
54.331092834,74.458374023,233.664077759
54.472743988,71.463203430,24.272800446
55.513229370,73.894226074,425.320617676
56.176025391,73.966331482,389.536773682
56.357521057,76.211380005,79.925407410
55.835193634,75.187301636,277.869262695
55.706058502,73.651756287,413.221832275
54.622367859,74.438987732,297.918975830
55.858589172,72.796760559,264.306610107
55.734382629,74.873626709,343.935180664
54.193592072,75.395202637,112.233993530
54.514846802,74.132286072,290.926330566
54.617233276,74.062088013,309.916412354
54.137298584,73.786407471,208.335556030
55.580066681,74.929588318,332.154571533
55.146903992,73.770591736,392.701965332
56.291316986,72.287254333,142.863082886
56.402015686,74.014373779,354.874237061
56.534862518,73.815727234,333.375152588
55.697864532,74.846702576,349.422210693
55.582752228,74.569747925,388.240631104
55.335277557,73.852561951,416.761749268
55.228874207,72.762985229,245.639846802
57.197681427,72.972007751,141.139724731
53.984664917,73.121421814,141.475280762
54.526374817,73.538452148,268.932678223
54.109264374,74.235954285,201.621398926
58.411697388,74.056419373,30.545755386
56.544944763,73.033393860,248.922027588
55.521751404,74.198326111,431.803192139
57.384254456,75.561470032,72.795768738
57.182292938,74.879249573,160.681167603
53.847301483,73.829216003,154.710723877
55.001201630,74.398094177,372.248016357
58.019115448,73.975532532,62.809368134
56.179210663,73.464523315,359.651611328
57.815673828,73.464363098,81.586799622
55.105926514,74.584236145,358.857086182
54.923446655,75.339424133,205.881576538
56.437393188,72.336616516,146.994903564
55.117877960,74.709152222,340.132171631
56.461101532,73.589256287,331.113647461
55.429191589,73.414443970,379.923980713
54.832107544,72.943984985,243.137985229
54.808589935,74.371391296,337.856201172
54.477069855,73.945777893,278.537109375
57.018695831,74.629867554,212.978424072
56.811985016,73.989692688,280.735809326
56.414302826,72.241294861,131.459487915
53.786117554,73.515991211,137.384582520
54.368556976,73.031738281,182.885528564
55.764041901,73.957717896,429.876617432
54.364055634,74.509628296,237.342422485
55.825107574,73.586730957,407.030456543
54.926845551,75.523361206,170.585830688
56.677711487,74.288116455,303.963073730
55.371501923,74.368606567,406.134552002
56.160873413,72.580230713,212.519897461
54.754592896,74.632026672,293.492858887
55.551231384,74.622520447,380.107727051
55.062431335,74.174240112,389.829864502
55.289112091,73.047019958,307.392272949
55.356372833,75.557411194,191.195602417
55.666217804,73.375976562,384.998352051
56.079982758,74.181488037,400.192871094
53.539386749,75.029701233,75.669166565
55.308929443,75.374542236,230.557083130
55.697040558,74.120513916,427.408386230
55.753425598,73.819480896,422.759155273
56.198925018,74.807792664,325.570983887
57.553241730,73.258415222,109.376014709
55.666233063,72.127471924,133.512008667
54.196941376,72.619544983,106.857093811
55.619701385,73.047584534,321.087280273
55.926696777,72.588798523,222.186431885
54.689685822,73.443023682,287.342285156
56.236270905,75.023597717,281.157501221
55.890422821,74.913047791,330.233154297
55.400238037,72.750610352,248.689422607
54.889812469,74.444534302,349.070800781
56.754833221,75.322746277,168.085464478
56.264636993,74.548744202,345.519775391
55.895622253,73.439270020,385.799194336
55.930328369,74.335281372,405.640563965
55.197093964,73.154029846,318.606414795
53.851657867,74.081932068,153.510177612
56.349964142,73.386726379,330.673187256
55.746139526,74.086311340,425.413726807
55.378932953,76.886192322,22.325817108
56.475837708,72.056190491,98.164398193
56.397235870,73.512771606,332.801849365
53.866523743,73.654083252,155.324035645
56.467670441,75.170021057,234.465515137
56.412868500,73.478683472,327.967620850
55.653373718,74.645706177,378.917236328
55.907035828,72.657424927,234.693267822
55.710819244,73.557815552,405.046966553
56.042503357,71.880973816,86.674888611
54.839984894,74.629959106,313.368255615
55.468070984,74.320083618,415.006683350
56.956996918,75.916015625,75.266204834
55.276222229,73.823814392,407.850036621
56.310062408,74.241577148,363.268981934
56.648586273,72.149230957,100.732765198
55.978164673,72.535102844,210.893096924
55.361629486,73.294731140,357.569122314
54.961563110,72.564384460,179.026992798
53.100551605,74.876052856,41.103160858
56.774753571,74.616516113,266.481628418
55.458633423,74.554862976,384.875427246
54.497539520,74.308448792,280.274841309
55.252029419,75.477394104,205.603332520
56.475009918,75.795188904,126.560661316
55.264263153,74.296516418,404.975128174
56.330997467,74.188941956,362.418426514
55.902809143,72.814590454,269.419525146
55.684852600,73.636993408,410.961547852
53.523498535,73.157394409,79.742294312
56.351619720,74.687194824,319.616729736
54.093318939,74.109550476,198.718963623
54.193569183,74.531021118,206.979187012
56.762321472,73.761436462,285.583618164
56.802497864,74.026596069,281.376342773
55.778831482,75.081176758,301.435150146
55.427181244,75.184570312,280.412170410
56.344753265,73.820922852,363.804382324
56.241058350,73.271347046,327.879089355
56.952674866,73.533378601,235.837631226
55.510707855,72.040328979,114.705574036
55.710597992,73.098701477,331.380554199
54.958553314,73.421043396,327.248382568
56.395240784,73.204132080,297.274047852
54.514255524,73.974617004,287.946258545
56.375022888,73.967498779,362.227325439
54.070575714,70.308143616,3.075452089
55.870613098,75.626708984,180.789932251
55.739208221,74.841346741,350.743896484
54.550090790,72.668937683,160.163787842
55.236305237,74.178871155,409.048706055
54.057235718,73.738281250,190.550476074
55.054378510,74.060333252,392.632324219
57.259845734,75.384536743,101.758293152
55.470863342,74.542053223,386.835784912
56.013725281,73.461067200,378.390136719
56.014617920,74.378501892,393.010314941
56.284385681,74.710708618,328.665802002
57.267478943,73.176849365,151.373458862
56.108383179,74.777839661,339.699188232
56.231113434,72.937416077,275.951446533
55.530754089,73.346046448,375.198699951
55.198299408,74.246093750,406.087249756
55.437870026,74.439796448,402.097900391
55.493064880,73.906669617,424.546356201
54.708992004,74.266586304,325.638641357
56.080039978,74.720397949,349.495452881
55.380619049,73.659523010,403.608337402
58.349956512,73.999282837,31.688362122
53.844963074,73.853279114,155.350036621
53.216930389,75.860916138,18.764228821
56.712989807,73.933296204,304.091491699
55.672565460,73.880966187,428.821838379
56.506988525,74.628768921,300.097961426
55.359935760,76.602371216,43.668399811
55.634460449,73.393112183,384.527221680
56.450801849,74.262245178,341.154571533
54.130256653,73.655723572,201.038391113
55.116783142,74.885787964,307.808105469
57.184204102,75.140304565,139.992904663
56.084884644,73.788238525,396.277526855
54.620018005,73.954872131,309.737579346
53.644992828,73.912620544,125.326164246
56.503498077,74.670822144,299.440277100
57.140762329,73.434944153,198.569686890
55.359146118,75.156936646,281.894409180
56.554672241,75.787010193,121.887931824
54.524776459,74.892349243,220.685165405
56.830451965,74.356170654,272.900543213
57.683380127,74.450424194,107.119941711
53.165824890,75.123680115,37.565288544
54.025775909,73.482322693,171.022491455
56.161262512,76.250083923,83.538070679
54.920547485,73.934356689,362.486633301
56.988548279,72.108055115,77.023132324
56.260593414,72.931259155,272.409912109
53.711261749,73.992904663,133.095993042
55.570121765,74.373474121,409.779235840
56.563083649,74.234809875,324.241271973
57.228176117,75.296714783,115.477073669
54.844829559,73.902748108,344.564666748
55.388099670,72.122596741,124.425903320
57.250362396,73.546348572,175.169021606
56.711631775,73.604721069,287.455047607
56.622688293,73.521400452,299.867309570
56.752109528,74.323997498,290.390075684
56.318233490,74.703697205,322.731109619
55.934123993,73.435508728,381.393249512
54.809459686,76.147270203,70.024307251
57.149158478,74.322921753,204.022415161
56.869705200,73.395088196,238.383941650
55.830741882,72.402389526,186.115493774
54.870838165,73.851638794,350.236083984
55.479835510,74.136924744,432.447143555
54.262924194,74.049568176,234.004867554
55.708808899,74.253097534,422.915222168
56.378894806,73.433982849,330.502319336
54.139789581,74.452484131,202.727371216
55.994132996,74.293136597,402.913146973
57.067417145,74.211341858,221.775085449
56.409023285,74.059982300,353.856445312
55.753360748,73.418617249,389.928588867
55.598854065,74.206367493,427.642913818
55.963859558,75.329559326,238.344863892
57.060501099,75.616661072,98.335205078
55.374713898,74.091598511,425.462493896
56.705986023,74.063598633,302.209320068
57.018650055,71.692230225,46.228099823
57.224987030,73.311645508,169.049911499
55.561862946,73.705154419,418.662139893
56.462471008,73.824699402,343.662536621
57.649833679,74.568046570,107.996093750
55.426208496,74.935371399,326.672546387
56.259414673,73.828666687,375.378112793
56.880630493,74.846374512,218.480422974
56.838573456,72.976524353,200.262115479
55.333946228,73.598068237,395.959991455
56.479900360,75.012969971,262.314788818
56.648113251,73.658454895,305.558868408
54.924938202,73.699508667,346.587463379
57.094879150,75.802680969,79.363800049
56.096473694,73.630844116,387.349578857
55.334236145,74.359619141,403.451019287
52.952938080,74.367370605,40.222618103
55.253578186,73.243377686,341.909606934
55.616180420,73.120307922,337.494506836
56.226539612,73.917160034,386.317871094
56.606372833,71.975967407,81.903167725
55.955348969,72.455604553,192.734603882
55.027748108,75.275741577,227.889724731
55.114265442,75.391059875,211.389114380
57.644237518,74.686561584,103.363357544
56.195625305,72.294601440,150.246673584
55.509281158,74.804687500,353.646606445
58.571571350,73.458427429,20.933036804
56.175384521,73.699607849,380.875152588
55.507701874,75.073532104,305.453918457
55.802505493,72.834724426,275.227813721
54.036491394,75.152290344,126.919227600
57.338790894,72.206680298,60.525791168
55.316379547,74.159263611,417.299285889
55.319862366,74.023597717,423.899139404
55.820365906,74.957962036,322.308837891
55.356845856,76.768669128,30.258897781
56.046070099,73.598983765,389.746643066
56.002712250,74.371597290,394.765197754
54.814910889,73.960433960,344.608459473
56.481452942,74.419898987,324.267578125
55.165187836,74.713020325,346.009613037
55.503444672,74.354766846,411.234375000
55.423965454,72.803573608,260.027832031
55.596164703,74.169799805,432.259674072
57.794254303,76.374519348,20.025054932
56.202102661,72.716529846,234.348754883
53.855873108,71.785568237,25.903991699
58.003829956,74.067314148,65.679687500
56.053047180,73.581382751,386.543304443
54.460659027,75.287406921,164.793136597
55.660228729,74.005424500,428.081970215
55.380134583,75.081665039,299.174499512
55.674381256,73.887397766,428.292114258
56.955070496,75.249107361,151.719787598
54.857635498,74.359268188,351.015319824
54.907127380,76.057693481,86.233833313
56.209621429,71.882987976,86.336906433
55.194179535,74.598915100,361.798400879
55.530395508,73.742446899,419.293334961
55.042003632,75.438499451,196.270141602
54.371669769,75.691238403,94.225204468
55.732887268,75.068107605,309.802124023
56.183418274,73.818206787,386.455169678
55.994403839,74.326927185,399.141235352
53.864921570,73.383522034,143.446090698
56.510307312,73.952545166,341.390075684
55.770168304,73.371490479,384.557739258
54.379928589,73.070404053,188.391113281
54.249992371,75.694931030,85.924423218
56.109657288,73.786659241,394.805175781
55.190441132,75.712265015,148.233779907
55.624664307,73.375732422,382.390014648
55.937629700,74.862922668,336.057312012
56.022045135,74.664527893,359.284149170
55.289813995,73.869659424,409.584930420
55.740352631,74.541946411,395.536132812
56.975467682,74.391448975,241.660644531
54.131000519,72.325889587,72.908027649
56.726104736,73.582954407,281.932586670
57.856124878,75.443992615,44.017616272
54.902248383,72.843299866,233.319839478
55.676223755,74.166633606,427.159362793
55.219322205,72.922348022,277.883483887
55.661582947,73.804512024,424.591552734
55.873146057,73.580703735,402.602081299
58.512088776,73.710792542,23.158317566
55.519401550,75.450775146,217.336441040
56.939323425,77.143928528,10.040046692
57.630432129,75.369110107,63.531009674
55.222362518,72.059402466,108.638183594
55.769680023,73.726821899,416.887390137
55.301109314,74.379188538,398.913330078
55.485721588,73.928756714,425.877288818
55.368083954,72.977806091,301.130767822
55.531597137,75.417114258,224.859344482
55.978775024,73.691856384,406.337188721
54.932987213,74.172866821,371.618927002
56.220310211,74.307029724,369.885742188
54.731082916,72.928688049,228.609420776
56.608978271,73.180801392,259.771728516
54.225387573,73.144004822,176.916885376
54.688320160,74.088813782,328.970031738
56.061416626,75.007125854,299.708374023
55.435287476,73.096282959,328.339996338
54.340461731,73.164466858,193.758117676
54.347991943,73.559883118,242.124877930
56.513401031,75.756706238,129.786560059
54.686000824,74.414314270,309.853820801
54.513389587,74.177993774,288.536590576
55.029430389,73.758529663,373.153991699
57.092182159,74.605606079,199.423278809
56.037193298,75.372879028,226.579360962
54.756381989,73.762855530,319.244110107
56.018028259,75.183776855,268.872589111
56.661701202,74.435386658,298.080627441
56.311286926,74.192314148,364.563171387
56.148136139,75.351325989,226.735961914
54.647071838,73.005363464,226.257431030
56.062656403,75.492362976,199.724090576
55.899761200,73.141731262,333.821716309
57.170139313,73.765075684,201.406372070
55.749568939,72.037460327,121.510803223
55.759899139,74.718582153,368.012695312
55.667560577,74.955871582,326.408233643
54.688022614,73.055297852,242.239318848
56.043895721,75.583183289,184.373001099
55.006248474,74.086387634,381.231964111
54.320537567,74.846878052,199.410614014
54.687728882,74.248924255,321.705841064
55.781494141,73.085815430,327.658752441
56.487438202,72.237167358,126.587669373
56.704135895,72.891586304,206.351974487
57.910907745,74.991104126,54.661594391
56.431015015,73.244132996,296.160888672
56.154586792,73.413169861,354.914550781
55.135402679,74.601593018,357.553314209
54.646205902,74.573135376,280.923126221
54.485073090,74.006217957,282.001861572
56.024471283,74.624076843,365.906097412
56.291027069,74.842048645,307.423095703
55.809577942,73.587867737,407.239959717
55.516998291,75.422264099,224.454971313
56.085594177,75.051399231,288.808532715
55.788669586,75.694068909,166.771743774
55.843101501,74.608039856,380.371826172
54.789367676,74.825843811,279.433074951
56.629432678,75.024513245,236.682861328
56.292621613,72.986183167,278.635955811
54.959201813,72.978431702,266.942993164
56.370311737,74.608871460,327.880310059
56.064079285,74.483154297,376.760131836
55.786201477,73.826736450,425.069763184
55.215946198,73.442291260,362.414520264
55.002700806,75.082122803,263.684936523
56.154483795,75.205009460,255.017837524
58.391899109,74.947265625,29.019590378
56.121101379,74.302963257,383.716705322
55.274353027,75.491920471,201.522384644
56.708343506,74.948173523,235.019027710
57.015029907,72.763618469,145.531051636
54.711864471,74.661643982,283.811065674
56.812515259,74.152893066,284.115295410
56.783374786,74.706520081,255.445175171
54.901065826,73.278579712,303.204956055
56.309680939,74.556007385,340.307769775
54.441871643,74.188720703,274.565582275
54.915622711,72.314659119,131.054046631
55.887874603,74.944175720,324.742156982
54.504882812,74.374137878,280.063018799
54.946472168,74.852111816,290.997070312
56.181373596,75.239738464,247.001159668
56.158050537,73.665420532,379.492340088
57.371582031,74.623252869,149.604919434
55.781002045,73.987899780,429.913696289
54.532318115,75.093917847,200.290191650
55.946002960,73.769645691,414.350708008
54.638599396,74.282554626,311.162170410
54.758781433,73.696678162,315.890380859
54.220287323,74.053588867,225.639739990
55.632293701,74.440589905,405.710144043
56.669174194,73.115806580,242.538055420
55.802284241,73.787689209,422.295989990
55.056152344,73.590103149,363.706695557
55.954471588,72.755981445,254.002487183
55.516235352,75.034103394,316.598236084
53.848655701,73.774635315,155.016967773
55.876960754,73.877677917,424.520172119
56.803161621,73.074417114,216.037261963
54.754985809,73.049301147,253.644439697
55.936355591,74.918449402,327.946014404
56.821273804,73.688507080,267.621215820
55.059356689,74.271697998,388.863311768
56.300884247,72.584815979,201.390487671
55.450313568,74.894332886,334.913818359
55.956733704,74.212669373,409.098449707
56.782436371,73.729270935,281.491424561
56.547451019,73.649444580,322.880279541
56.356040955,74.374374390,349.946350098
54.970546722,73.299835205,314.666534424
55.369594574,72.496154785,192.819458008
55.333011627,74.778175354,350.902801514
56.172107697,73.107612610,310.769348145
55.303535461,73.718063354,406.876342773
55.951229095,74.787139893,349.855010986
56.714736938,72.818092346,193.456985474
56.539291382,74.726661682,289.623168945
55.497413635,74.423431396,404.959594727
55.974025726,75.304733276,242.101684570
55.519763947,75.198570251,277.856567383
55.003967285,74.559425354,349.765594482
53.556198120,74.489883423,103.837860107
55.642551422,72.089279175,126.970954895
53.978790283,73.016426086,131.227462769
55.212429047,73.705467224,394.037963867
55.158927917,73.710365295,388.082122803
54.994739532,75.466506958,187.052703857
55.631450653,74.672119141,373.926300049
55.937030792,74.222358704,412.520385742
56.179023743,74.301330566,374.745971680
55.325321198,75.589057922,184.286743164
55.439006805,73.248886108,356.585235596
58.095588684,75.423118591,31.263422012
54.301506042,72.329521179,82.412963867
55.422405243,74.131126404,428.302551270
55.847923279,72.751518250,255.536651611
54.379623413,74.016876221,260.171905518
55.106304169,72.508064270,179.357376099
57.421291351,74.800445557,129.819229126
55.384647369,74.116180420,427.451934814
54.795288086,72.923400879,236.546752930
54.171997070,74.635337830,195.163833618
55.436237335,74.213386536,427.709045410
54.986064911,75.383796692,202.650268555
56.022819519,76.442520142,58.781539917
56.494575500,74.501403809,318.473022461
56.088897705,74.602928162,363.609191895
57.033672333,73.087715149,181.914978027
56.025272369,73.782638550,401.630004883
54.656848907,73.192886353,258.814025879
55.471767426,74.327774048,413.698822021
54.679862976,72.739303589,180.648773193
53.640769958,73.843482971,125.416862488
55.362709045,72.966194153,297.895233154
55.038364410,76.130302429,83.282531738
56.305534363,73.662193298,358.073944092
54.773803711,74.130996704,344.358642578
55.433872223,75.311569214,251.178695679
55.582187653,73.201797485,352.703155518
53.714233398,72.389053345,50.540599823
56.303783417,74.278900146,361.129150391
54.536567688,74.716529846,245.623168945
55.172378540,73.498374939,366.364440918
52.974201202,74.496292114,40.203105927
55.520130157,72.861091614,279.438110352
55.937934875,73.967308044,417.377899170
55.423576355,72.801666260,259.910705566
56.975624084,73.714210510,238.070114136
56.410808563,73.966667175,356.719665527
55.139854431,73.351356506,345.829071045
56.078971863,73.758995056,397.134857178
55.961685181,73.877647400,416.456451416
56.577033997,74.341194153,317.518981934
55.545482635,74.086112976,434.801544189
55.951080322,73.479972839,386.580932617
55.698143005,74.962341309,324.119781494
54.336921692,72.390243530,92.320549011
55.170330048,73.933761597,399.585662842
55.010360718,73.493003845,344.021270752
54.301738739,73.350433350,209.396347046
56.018775940,74.257301331,398.608581543
56.237083435,72.886741638,266.359161377
57.387172699,75.379386902,87.165061951
55.124588013,73.748428345,387.129119873
55.748298645,75.411514282,221.984527588
55.425182343,73.619804382,403.349914551
55.705757141,72.932319641,299.949035645
55.898029327,74.018402100,421.552612305
54.551250458,74.304428101,294.316558838
54.509223938,73.942062378,286.434631348
56.061573029,74.805465698,340.807983398
56.012714386,73.484664917,381.156768799
55.056827545,72.789085388,240.053176880
56.667301178,72.925064087,220.072753906
54.573173523,73.282974243,253.386322021
56.422538757,74.359947205,339.665679932
56.104755402,75.378021240,221.697723389
55.290023804,73.280784607,349.110900879
57.047458649,72.936698914,159.679229736
55.055477142,73.946968079,387.125762939
55.063671112,75.051605225,271.587219238
55.085346222,74.002464294,394.659820557
55.517871857,73.812217712,423.005462646
56.743576050,74.038627625,296.745300293
55.111091614,73.073707581,293.101470947
56.098674774,74.210121155,394.820190430
55.104492188,72.586563110,193.987091064
56.552345276,72.757308960,203.819595337
55.949050903,75.365554810,231.544036865
54.961929321,73.475051880,332.410705566
55.748176575,73.860794067,427.102905273
56.721641541,72.451866150,138.940307617
56.477054596,75.273803711,214.602630615
56.492885590,73.322128296,296.333404541
54.687660217,73.198188782,263.451721191
56.907836914,72.563117981,132.726455688
56.277412415,74.178451538,371.211273193
56.233577728,73.373527527,343.335571289
55.836593628,73.097000122,329.356567383
53.344619751,73.494422913,72.778121948
55.261058807,73.646163940,394.357849121
57.320209503,75.027297974,129.631118774
56.918174744,72.552574158,130.307586670
56.058273315,74.771438599,344.509307861
56.838222504,76.253402710,49.302101135
54.246040344,73.958641052,233.264602661
56.139743805,73.861839294,392.432678223
53.707248688,73.932861328,132.193130493
56.660430908,73.316078186,265.432312012
57.223461151,73.487442017,180.531600952
56.062664032,75.234954834,257.319915771
56.369533539,74.053077698,361.433044434
55.903224945,73.956535339,421.780700684
55.350002289,74.149505615,423.842773438
56.755447388,73.529464722,272.503906250
55.934551239,73.964561462,418.053009033
56.386539459,74.275115967,346.151428223
56.437568665,73.010948181,262.846771240
54.285205841,75.397743225,124.084533691
55.235046387,73.867538452,399.931945801
55.817481995,73.874137878,427.286621094
56.950523376,72.609710693,136.553665161
57.283817291,72.545341492,89.440811157
55.828426361,74.789794922,354.741394043
54.044124603,74.781410217,161.168167114
56.357067108,74.912918091,288.847473145
54.585540771,74.133544922,303.438659668
55.683654785,73.440643311,392.347167969
56.262855530,73.197654724,315.370452881
54.898910522,74.549713135,335.331634521
54.506542206,74.762992859,237.250061035
57.561996460,73.102592468,99.301544189
54.716762543,74.776168823,274.458648682
54.875755310,73.993850708,356.306335449
56.241561890,75.072822571,269.942474365
55.643642426,75.744316101,156.004608154
54.774765015,73.853851318,329.125183105
58.217716217,74.232124329,45.611274719
56.123523712,73.786682129,391.885986328
57.402183533,75.446014404,80.291839600
55.940208435,74.384529114,399.272918701
56.414203644,74.831321716,292.180816650
56.896827698,74.534530640,248.602844238
57.234947205,74.058013916,191.294860840
54.850547791,73.525535583,316.832946777
55.692260742,73.533866882,402.968444824
55.671531677,73.204414368,352.938659668
55.433319092,74.364646912,409.600891113
55.618927002,74.004348755,426.111633301
53.762325287,73.336250305,124.593902588
56.891727448,74.395027161,259.420623779
54.684192657,74.928329468,247.327438354
54.932411194,73.406700134,323.244995117
56.437267303,73.981979370,351.097869873
54.870811462,73.130966187,279.224822998
55.552791595,74.220123291,426.436126709
55.536087036,73.378700256,381.783020020
56.524185181,74.023178101,337.726470947
54.826305389,72.841766357,223.718978882
53.432735443,74.576782227,83.436233521
55.256614685,73.015922546,298.815765381
56.233890533,72.376388550,164.384658813
56.055488586,72.426239014,184.998107910
55.108207703,72.765617371,240.000259399
56.954986572,73.739540100,241.960083008
56.531959534,73.414115906,300.558929443
56.562915802,74.392555237,315.535766602
55.992706299,73.098747253,322.308410645
56.284549713,73.478698730,345.816314697
55.193649292,75.243637085,251.965255737
53.823585510,75.092056274,101.098228455
55.046253204,75.001815796,278.621337891
56.610744476,75.755111694,122.565475464
55.468570709,74.081420898,431.270141602
55.030498505,74.644828796,343.407684326
54.259548187,74.820175171,195.072357178
55.764717102,73.290771484,364.798614502
54.894149780,74.021759033,359.042419434
56.213001251,74.634643555,346.867706299
54.680130005,71.682594299,45.691043854
55.508789062,73.247596741,357.497314453
57.416347504,73.585212708,148.435821533
56.812419891,73.319343567,242.556716919
56.570205688,72.766105652,203.624618530
54.958145142,72.828521729,240.189147949
55.255115509,71.732276917,70.587097168
53.757232666,73.055641174,99.937675476
55.815933228,74.031524658,425.382019043
94.590446472,61.379901886,137.960128784
96.391395569,61.488250732,163.052551270
95.542274475,58.384498596,199.618362427
94.774299622,57.511371613,45.944412231
95.618965149,59.295509338,368.989807129
95.874031067,59.619762421,407.094848633
95.918869019,60.191200256,400.475219727
96.830787659,60.385875702,268.700469971
93.484497070,59.733493805,83.753028870
95.873664856,59.627876282,406.659423828
95.359542847,61.064483643,261.665771484
94.680816650,58.645942688,184.437515259
95.347801208,59.087921143,319.132446289
95.197776794,61.440734863,184.357620239
95.175964355,59.248607635,331.298309326
94.954345703,60.790931702,264.652252197
96.484939575,60.460594177,318.333312988
96.209136963,58.757106781,260.760284424
96.729148865,59.857822418,310.222869873
94.377143860,60.688621521,201.995391846
94.883407593,58.828231812,226.017425537
95.757675171,60.464370728,375.063934326
95.786140442,59.004432678,320.339233398
96.710937500,59.182388306,274.157653809
95.711196899,59.780635834,415.958923340
94.721603394,61.597076416,118.429199219
96.376861572,61.612377167,147.640350342
94.508750916,60.029067993,269.395294189
96.948532104,59.142513275,224.479766846
95.143051147,58.422576904,179.658599854
94.278381348,59.669609070,214.902282715
95.979019165,60.392505646,379.230407715
95.352157593,58.549716949,220.997695923
95.884986877,60.560092926,357.412139893
96.625495911,59.361778259,309.728088379
96.475921631,59.879058838,353.689086914
94.267074585,60.119079590,218.630264282
96.334175110,62.140422821,67.436828613
95.285820007,61.417819977,188.580017090
95.633430481,60.076766968,405.776092529
97.390251160,59.544158936,177.263076782
95.096931458,58.711704254,233.196456909
95.605972290,58.843299866,287.936828613
95.823547363,59.521301270,403.043243408
97.387733459,61.636447906,73.625625610
97.431571960,59.537120819,172.156906128
97.177276611,58.927509308,167.863845825
94.198623657,58.590091705,119.512199402
96.674827576,61.495742798,145.847869873
96.638633728,60.366561890,298.983551025
95.750793457,59.421615601,384.601654053
95.231346130,59.303260803,342.530761719
96.456367493,59.199668884,312.060638428
95.587493896,61.613803864,164.676727295
95.313400269,59.946670532,397.069854736
96.141281128,60.393299103,367.888946533
95.599517822,59.560516357,403.122467041
96.557586670,59.440528870,325.795440674
96.527183533,60.266452789,327.887817383
96.049301147,58.740440369,264.874969482
94.617240906,58.829322815,199.327224731
95.722236633,60.488918304,371.724670410
96.900520325,59.670497894,277.620117188
95.966720581,59.411014557,386.107666016
95.041786194,58.285854340,151.955474854
95.282135010,60.691844940,320.292785645
96.291938782,60.341079712,359.695953369
96.397605896,60.111923218,362.594970703
96.732933044,60.405681610,281.711059570
96.202041626,59.112842560,324.102783203
94.968147278,58.554332733,193.738677979
96.691062927,60.548698425,271.877532959
96.355552673,59.480678558,351.462432861
95.445175171,60.756290436,319.193634033
95.869277954,60.691406250,335.882019043
96.310699463,60.153934479,373.203399658
94.617782593,59.962718964,290.636993408
95.858856201,61.329380035,216.514297485
95.787925720,60.812309265,317.206298828
95.461105347,57.808803558,102.422172546
95.465873718,60.677665710,333.588592529
94.741996765,59.881160736,312.990844727
95.886993408,60.718952179,328.328826904
95.958282471,58.376346588,204.813156128
94.516082764,60.821693420,205.872619629
94.997146606,59.724643707,351.183532715
96.155174255,61.382820129,197.717224121
96.788558960,61.083065033,191.384567261
94.105674744,59.635658264,180.920104980
94.606208801,59.768985748,282.562805176
96.088478088,60.326110840,381.814636230
96.193641663,61.421417236,190.872726440
96.202377319,59.572216034,375.975738525
96.707595825,58.702068329,205.898956299
95.508499146,61.698528290,150.155136108
96.959579468,59.044094086,211.375259399
97.964691162,59.231529236,76.098869324
96.402709961,61.770374298,125.616981506
95.452056885,57.332912445,45.329193115
96.522537231,58.096473694,127.045494080
94.874855042,59.591197968,327.156341553
95.725929260,58.975196838,313.626617432
93.958129883,59.854492188,157.369033813
96.891540527,61.429458618,131.103546143
96.337448120,59.675621033,362.418548584
94.498741150,60.900844574,191.626525879
96.523933411,60.739662170,274.818511963
95.142425537,59.222057343,323.597656250
96.565071106,60.689178467,277.763702393
96.543167114,61.748336792,117.909538269
94.475532532,59.959331512,262.263793945
96.926391602,60.460155487,242.385604858
97.562545776,60.584808350,128.456939697
95.142639160,59.633331299,364.136077881
98.193649292,60.418727875,61.056316376
95.326316833,60.265262604,377.438018799
96.223968506,61.068546295,255.127685547
94.704444885,59.359489441,270.402496338
95.866661072,59.167339325,347.558410645
96.722839355,59.108688354,265.007812500
94.799400330,59.175354004,263.261962891
97.538459778,60.879829407,117.049530029
96.320060730,60.147815704,372.963592529
94.153167725,56.783466339,10.418128967
94.232513428,59.269710541,185.080154419
94.147438049,59.552490234,185.483764648
95.705360413,59.488971710,393.360290527
96.156234741,59.915908813,390.354278564
94.163993835,57.436264038,25.217536926
96.388717651,60.748195648,291.419708252
95.024093628,60.590972900,302.797424316
97.689071655,62.009586334,32.838550568
97.091598511,60.150184631,236.433731079
94.348297119,59.290840149,206.668136597
94.399444580,59.783088684,239.359909058
94.249351501,57.925739288,56.243694305
96.182167053,58.475410461,213.018478394
93.620964050,58.215686798,37.681980133
94.912483215,60.515029907,302.132690430
96.066818237,60.899635315,297.064971924
96.120399475,61.206474304,234.782546997
93.798423767,58.269569397,52.036090851
96.080368042,59.992633820,396.146728516
95.263893127,58.317543030,172.631408691
95.956817627,58.569839478,235.666305542
94.972465515,58.815090179,235.393508911
95.217048645,61.745975494,136.465759277
97.029182434,59.473472595,243.251235962
96.064704895,60.547676086,350.880981445
94.821037292,60.737884521,257.143524170
94.364288330,60.088161469,237.451675415
96.360816956,60.282436371,358.933441162
97.779518127,60.299163818,114.727951050
96.124557495,60.973842621,279.233886719
94.943115234,60.707180023,276.136779785
96.832817078,59.357669830,270.479125977
94.676559448,60.401401520,278.561492920
97.184761047,60.125503540,218.982360840
94.364143372,60.426551819,221.569122314
95.197700500,60.529685974,337.220031738
98.342468262,61.617748260,20.985179901
97.105331421,60.196304321,233.947601318
96.365051270,59.513759613,351.258758545
95.054237366,60.684890747,292.123779297
95.162384033,60.485790253,336.654174805
95.006286621,60.548816681,308.029022217
95.389938354,58.562046051,222.882308960
95.404502869,59.736553192,401.547302246
97.367393494,60.242115021,180.840606689
95.044548035,59.297409058,316.450256348
95.847335815,59.144958496,343.574951172
96.156372070,58.841804504,277.587615967
96.075706482,59.794483185,403.196136475
95.819160461,60.724166870,333.471038818
94.333923340,60.122528076,231.345916748
95.867042542,58.631465912,250.164352417
94.565811157,60.033512115,280.381958008
93.990592957,59.441616058,149.019302368
96.067909241,60.392932892,373.232025146
93.350090027,60.299438477,70.347335815
94.848136902,60.215732574,318.380035400
96.437667847,59.815593719,356.630889893
95.490951538,58.465602875,211.084518433
97.525375366,59.941310883,162.190643311
94.809638977,57.715015411,62.111400604
97.258590698,61.348896027,106.035690308
94.940544128,60.707653046,276.028381348
95.388664246,59.205837250,341.223327637
96.832481384,59.997642517,282.208251953
96.109580994,61.978458405,94.272796631
94.241683960,59.727237701,209.917205811
95.746421814,58.506927490,230.756286621
95.677627563,59.611728668,406.377929688
96.046043396,57.961166382,128.637145996
95.437667847,61.215286255,231.115127563
95.799316406,60.611583710,356.466674805
96.909187317,60.911060333,199.154953003
97.255958557,60.315093994,197.349746704
96.434852600,61.129283905,223.802993774
96.286689758,61.491519928,171.314224243
95.417785645,60.832130432,305.352325439
95.963584900,61.835391998,125.459823608
94.696380615,59.541896820,283.244689941
96.063415527,59.278106689,356.769134521
95.909385681,59.023174286,322.332153320
94.180213928,59.830997467,194.615905762
96.811866760,60.516242981,255.669128418
93.881225586,60.442306519,138.777694702
97.096893311,58.771564484,162.786026001
96.923286438,58.608654022,165.404464722
96.842285156,59.193157196,250.227355957
96.824218750,57.981887817,88.732887268
97.699531555,60.206554413,125.547225952
96.626068115,60.498271942,288.964050293
95.182899475,58.693035126,236.630325317
96.590339661,59.104503632,279.473419189
95.166381836,60.165233612,371.149261475
95.965591431,59.967376709,407.754974365
95.787117004,60.338821411,389.242950439
95.526031494,59.668376923,404.088989258
98.754425049,59.199962616,14.568245888
95.459342957,58.603965759,237.059646606
94.681663513,59.548011780,283.257995605
96.560523987,58.394886017,174.156280518
95.311523438,59.659023285,386.991851807
93.395889282,59.258140564,68.070037842
96.188240051,59.729221344,386.906616211
96.636070251,58.921504974,245.435836792
97.111267090,60.539791107,207.749877930
94.132637024,60.025276184,188.574722290
96.583724976,60.168315887,327.416748047
96.174369812,60.483188629,353.313262939
95.647186279,59.264335632,363.738983154
95.427406311,58.633392334,242.962783813
96.816741943,59.376888275,274.792083740
96.631111145,59.908756256,328.484710693
96.598327637,59.555110931,331.321105957
96.961647034,59.765228271,267.095977783
94.479934692,59.374240875,239.416748047
96.474403381,60.487339020,316.008666992
95.453224182,58.239974976,170.315643311
96.641052246,58.013343811,104.690666199
95.062202454,60.873081207,262.040222168
96.980140686,59.302947998,238.759170532
94.936775208,60.307750702,326.498992920
97.124145508,59.440494537,221.396621704
95.391708374,59.704273224,399.595947266
95.375030518,59.244258881,346.866668701
95.319488525,58.569110870,218.973617554
95.450080872,58.001468658,127.321044922
96.850875854,58.921409607,214.619674683
96.660018921,61.536144257,140.927703857
94.283119202,59.953063965,221.902465820
94.980468750,59.436737061,325.373992920
95.101707458,58.804668427,246.943130493
96.122528076,58.627986908,239.161621094
95.811630249,58.819389343,282.142150879
97.994010925,59.633060455,85.512504578
96.737945557,59.255146027,278.860443115
95.538635254,60.753528595,326.007354736
94.302139282,59.527114868,214.631225586
96.601814270,60.315658569,309.874023438
96.064353943,59.970287323,402.131134033
96.276725769,59.613849640,367.782409668
96.380867004,59.065620422,298.179779053
95.573188782,59.136199951,336.499664307
94.919677734,60.025283813,340.465454102
95.112899780,61.309288025,198.566604614
97.871871948,61.102321625,67.334541321
96.615623474,60.383506775,301.334960938
96.198257446,58.456714630,208.156753540
93.760856628,59.587551117,119.393722534
95.447998047,62.206783295,72.893394470
94.711166382,62.194499969,53.004028320
94.675247192,59.852008820,297.782409668
94.094528198,61.377758026,94.992294312
95.460998535,58.460018158,208.558242798
97.468505859,57.931316376,44.552764893
96.457687378,58.859718323,259.261657715
96.211547852,60.674369812,315.821228027
95.719970703,60.992603302,280.759857178
95.579055786,59.444980621,388.904479980
94.517601013,57.989009857,77.832160950
93.547378540,60.371860504,93.288795471
95.200447083,60.518081665,339.578033447
97.448944092,60.777050018,135.027084351
94.496482849,59.302951813,235.482437134
95.166275024,60.971733093,254.226974487
96.576843262,59.044254303,271.495574951
97.209693909,59.435028076,200.700073242
94.858322144,60.500000000,296.161621094
94.377655029,60.941852570,170.372985840
98.261108398,61.409812927,30.540893555
95.516250610,61.012775421,278.252227783
97.111328125,60.266098022,231.409988403
96.742401123,59.484725952,300.385833740
95.653877258,60.516685486,365.071594238
94.929801941,60.912780762,244.433837891
94.936332703,60.319263458,325.006256104
95.134651184,60.474525452,336.196472168
95.186485291,59.799659729,378.966003418
95.088142395,60.115718842,361.274108887
95.000495911,61.507511139,159.259201050
94.348762512,59.644577026,227.346664429
95.172744751,60.056472778,379.718475342
95.819992065,60.366046906,386.907104492
96.141433716,58.777885437,266.710327148
97.427009583,59.727577209,174.529159546
95.154693604,59.976615906,374.912536621
97.233787537,59.023956299,169.868011475
95.887176514,60.199893951,399.961273193
94.353942871,58.929069519,177.360107422
95.865592957,59.396209717,384.046081543
97.194610596,58.532257080,122.117744446
95.583793640,60.237384796,393.573516846
94.795730591,59.430877686,294.408264160
95.540435791,59.338436127,372.651702881
96.904724121,59.402225494,261.197662354
95.982360840,59.229076385,355.833435059
94.028739929,57.403568268,18.213514328
96.059707642,59.832477570,405.486724854
96.368911743,59.833087921,364.399139404
96.985626221,59.202220917,226.844604492
96.799240112,58.137107849,109.197952271
96.137489319,58.930370331,296.866271973
94.808273315,60.106792450,321.035644531
93.949104309,61.074016571,106.443008423
97.208976746,60.489948273,198.889587402
95.229171753,60.689739227,314.242797852
93.198005676,59.390029907,51.535503387
95.759552002,60.095455170,408.228515625
95.863281250,59.620319366,407.188018799
94.638656616,60.698448181,240.061706543
96.410034180,59.043643951,292.637573242
95.980064392,60.459339142,368.782897949
96.300216675,60.869377136,285.019836426
94.828628540,59.094264984,257.881408691
95.150306702,61.378543854,190.026031494
96.741699219,58.476482391,168.062240601
97.231994629,58.330116272,93.428100586
95.290557861,59.108100891,316.303894043
94.458435059,61.667236328,88.853561401
94.774475098,60.616264343,271.139221191
95.623176575,58.914524078,300.441528320
95.098815918,59.288303375,324.142913818
96.017356873,60.579341888,348.027618408
95.547698975,60.573234558,354.686248779
95.887290955,60.223075867,399.322784424
94.683029175,61.428382874,139.769744873
97.439422607,58.912376404,128.405441284
95.208106995,60.218349457,365.439880371
96.073905945,60.432987213,363.692993164
95.450775146,60.842559814,303.546478271
95.362907410,58.896438599,286.874938965
95.735061646,58.743968964,268.638519287
94.520111084,59.252021790,234.072555542
95.810134888,59.121555328,341.901000977
95.776779175,59.114707947,339.681182861
95.628456116,60.224239349,400.335174561
94.684783936,60.995849609,208.642868042
96.191833496,61.101436615,250.468719482
96.309265137,60.637130737,312.621673584
96.269607544,59.812412262,375.284515381
95.643730164,59.128559113,338.811340332
95.390388489,60.708061218,324.745666504
95.396118164,59.741767883,400.805664062
94.943260193,61.429393768,167.986373901
95.639099121,58.993618011,313.200042725
97.015617371,60.211856842,246.862854004
96.788711548,59.340160370,277.053375244
96.103355408,60.139953613,389.725738525
94.472122192,60.689201355,215.409713745
95.769027710,58.932247162,304.938690186
95.905448914,59.433452606,390.605743408
95.299087524,60.307685852,368.319152832
95.203971863,60.740142822,301.646057129
95.466224670,60.498703003,359.191680908
97.177955627,60.528263092,198.301986694
95.321060181,60.268611908,376.003417969
95.578659058,59.110404968,332.323791504
93.818641663,60.021015167,137.082168579
97.859405518,61.344100952,54.484825134
97.177848816,58.193168640,81.519241333
94.132659912,59.137786865,156.642593384
94.845146179,59.024120331,251.004028320
95.342453003,60.641086578,332.454406738
96.003501892,60.358730316,380.601287842
93.357231140,60.344757080,71.358390808
95.815277100,60.457992554,376.251495361
94.980026245,60.159431458,342.864929199
94.947669983,57.324909210,40.431846619
96.199623108,58.930694580,292.610504150
95.738227844,60.730476379,331.047912598
96.058990479,60.792381287,309.900299072
95.436203003,56.837753296,18.460584641
96.974128723,58.659626007,163.206314087
94.688003540,60.527526855,270.723144531
96.218475342,59.374450684,356.256469727
94.080108643,61.406173706,91.516731262
95.693611145,58.830745697,285.176727295
94.792526245,60.905010223,231.534088135
95.487472534,60.068862915,399.835418701
95.139701843,60.685428619,302.398437500
95.505523682,61.597640991,166.533676147
95.932823181,61.415004730,200.984970093
95.562385559,59.200752258,347.145568848
93.962173462,59.272922516,136.847122192
94.699462891,59.869441986,305.227935791
96.196952820,59.639904022,382.310852051
95.707351685,60.050674438,411.930725098
94.750793457,57.304000854,36.989509583
92.765022278,60.456607819,20.399843216
96.719093323,60.822113037,234.796264648
97.743064880,60.255699158,118.166740417
96.526123047,59.544265747,338.682403564
95.994392395,59.130046844,338.727111816
96.084289551,59.464290619,381.117584229
97.617980957,62.259975433,23.763698578
97.280204773,60.642559052,173.160125732
95.244110107,58.024917603,124.651306152
97.046264648,58.362167358,116.032318115
95.250663757,59.720558167,383.193237305
95.560348511,60.569023132,355.614288330
95.793388367,59.970787048,410.902496338
95.151367188,60.026290894,378.647521973
96.217163086,60.698852539,312.830749512
95.763763428,58.956302643,311.635620117
96.099113464,59.717460632,397.213439941
95.247505188,61.628353119,155.220474243
95.473953247,58.486099243,213.107879639
95.470481873,59.814323425,406.712768555
94.865524292,59.013484955,250.102996826
94.513320923,57.935947418,71.259475708
95.177429199,59.503887177,361.474121094
96.141807556,59.028945923,313.667022705
95.598785400,60.198680878,397.684783936
95.291641235,59.188529968,329.053527832
95.356750488,59.413635254,366.642822266
94.612228394,61.397953033,137.883407593
96.220321655,58.304588318,179.907485962
97.404602051,60.776954651,140.222167969
96.516296387,59.705696106,338.592834473
95.382171631,60.946727753,280.616760254
96.486564636,60.550354004,306.013610840
97.784530640,58.689002991,68.841537476
95.051574707,60.255577087,348.694274902
95.456222534,59.711696625,402.927612305
96.835571289,60.036369324,279.266967773
95.549438477,59.141780853,333.977020264
96.213249207,60.424514771,358.727355957
95.034255981,59.038970947,276.545898438
94.414459229,60.491657257,225.762603760
96.882904053,59.184555054,243.867538452
94.870590210,60.084720612,331.529449463
94.488685608,59.361896515,240.171783447
96.361473083,59.896320343,365.244659424
96.990180969,59.828182220,260.889038086
95.297264099,61.787471771,130.067214966
96.060501099,60.025917053,399.305633545
96.021331787,59.586917877,394.722137451
94.551643372,59.833930969,271.539215088
95.155540466,59.823398590,377.998352051
95.481330872,60.239681244,388.657867432
95.321075439,58.164844513,146.653579712
96.831336975,61.005992889,200.241119385
96.560783386,58.626792908,212.130065918
96.622642517,60.338699341,306.494995117
96.988670349,60.379695892,240.755386353
95.113105774,59.099220276,295.622039795
94.963058472,62.184326172,64.195800781
96.046890259,59.734260559,403.408386230
96.214736938,59.432689667,365.417877197
97.309753418,60.687217712,163.111465454
95.561843872,61.367786407,209.730468750
95.704956055,60.285118103,395.335235596
96.228118896,59.561794281,369.522979736
96.506790161,59.800662994,345.056884766
94.188140869,60.005733490,201.100219727
95.152816772,58.628421783,222.436370850
96.737022400,58.839149475,218.964035034
96.343048096,59.330810547,342.631378174
95.628791809,60.352733612,384.360900879
97.214172363,59.797504425,208.948898315
94.980567932,59.730728149,349.282684326
97.104003906,62.549228668,24.270849228
94.057289124,59.192325592,148.753036499
95.944694519,58.220275879,177.174468994
93.432052612,59.668045044,77.928878784
95.215003967,61.158191681,235.177734375
95.006355286,59.154415131,289.998565674
95.328628540,61.230991364,225.978134155
96.137115479,60.765090942,310.794006348
96.623001099,60.036579132,330.026641846
95.433792114,58.344680786,183.640991211
95.701179504,59.221702576,354.486541748
95.625442505,61.256038666,228.494705200
94.176948547,59.432373047,184.918426514
96.949615479,59.956478119,264.830566406
93.921852112,60.254566193,147.503662109
95.440635681,60.040325165,398.724731445
93.859466553,60.111206055,143.364547729
96.614921570,60.308113098,310.677246094
96.840652466,59.021957397,229.418395996
96.415458679,59.280635834,325.614501953
95.552551270,60.555992126,356.110717773
95.537376404,59.031272888,320.484985352
95.897155762,57.498943329,62.149040222
96.796607971,59.826297760,298.152343750
95.033012390,60.026683807,357.620666504
96.876342773,60.459484100,253.176666260
95.306861877,59.333118439,351.992492676
95.282127380,60.307621002,366.061798096
94.724151611,59.776069641,306.579803467
94.833122253,61.346748352,170.644134521
95.322463989,59.321273804,350.687713623
95.365715027,58.944038391,292.460815430
95.597602844,61.041786194,270.660064697
96.039993286,59.949134827,404.614257812
94.674812317,60.632354736,252.930023193
96.543029785,58.408107758,178.828613281
95.776695251,60.673645020,341.576049805
93.342536926,60.144039154,72.976318359
97.755325317,59.698287964,125.135108948
96.680343628,60.142250061,309.161834717
95.695671082,60.001529694,411.857330322
95.080192566,61.300457001,197.080703735
96.546012878,60.357078552,317.252075195
94.782234192,60.081836700,316.988067627
94.293060303,60.273468018,218.525146484
94.384475708,57.652694702,42.189220428
95.067276001,61.522239685,161.828414917
94.691253662,59.842308044,300.429229736
95.297164917,60.009140015,393.219085693
96.825248718,58.581302643,173.484848022
97.719886780,59.076839447,99.151382446
95.274085999,59.705635071,385.514160156
94.806808472,59.293060303,283.307647705
96.128952026,58.141983032,161.078506470
94.621994019,60.134185791,289.520080566
97.318031311,58.422477722,94.328910828
98.384422302,60.938861847,33.644065857
95.962707520,60.289028168,391.500610352
95.542922974,57.921852112,120.309570312
95.422157288,59.236351013,348.140136719
95.892181396,60.213115692,398.949737549
95.704017639,59.948913574,412.321044922
96.261642456,59.861743927,376.832305908
94.965171814,62.036785126,83.355438232
96.488395691,61.244235992,198.842651367
95.073600769,60.616001129,306.427825928
96.370895386,59.968540192,366.203826904
97.868507385,59.363746643,96.457778931
95.354606628,59.001148224,300.518127441
96.206626892,59.405651093,361.783996582
97.727287292,60.722564697,95.555816650
95.265838623,59.365009308,353.963958740
96.288993835,59.621337891,366.300079346
95.789115906,58.775333405,274.856384277
96.562591553,58.917121887,255.870269775
92.716255188,60.695144653,16.933465958
95.407104492,61.149845123,246.855789185
96.500770569,59.458847046,337.240112305
94.726119995,61.133274078,194.677169800
96.304588318,59.632514954,364.148590088
96.185256958,61.520553589,173.997467041
94.775978088,58.774894714,211.774444580
96.356254578,59.611343384,360.103546143
96.923095703,60.059959412,266.739898682
96.488533020,59.206291199,310.502349854
95.735954285,59.707649231,412.772796631
95.367744446,60.376842499,369.760070801
97.013435364,59.689884186,250.351593018
95.699882507,62.248172760,66.590576172
96.036521912,61.090087891,264.221099854
95.705337524,59.541248322,401.044067383
96.850044250,59.704532623,287.487915039
95.024528503,60.266742706,344.960571289
94.730651855,59.758422852,307.359436035
95.713989258,60.439949036,380.948883057
94.261367798,60.205112457,215.163314819
95.471992493,59.276798248,356.266296387
95.994125366,60.715656281,322.962768555
96.671699524,58.058490753,110.594337463
95.383666992,60.911869049,287.152496338
96.131340027,60.940937042,284.485595703
95.214630127,59.847179413,386.295501709
96.531852722,59.976169586,343.148651123
96.207496643,60.232006073,377.274261475
93.865928650,59.915012360,144.439437866
95.829643250,60.626937866,350.107788086
95.761199951,59.812511444,412.587188721
96.294471741,59.156715393,321.720367432
96.370964050,59.253864288,326.734649658
96.300491333,62.213035583,60.642425537
94.835388184,59.794631958,323.460479736
94.141784668,59.291347504,169.358810425
96.646049500,60.708572388,257.591186523
97.406028748,60.295883179,174.743591309
96.278396606,59.084083557,314.205047607
95.615699768,59.258026123,360.660186768
94.530303955,60.050971985,272.911865234
95.591156006,59.861152649,413.016082764
95.003402710,59.904594421,351.335693359
94.279624939,60.939285278,158.129608154
93.985572815,59.519447327,152.169158936
96.236351013,59.883773804,378.849395752
94.048416138,59.374481201,153.471771240
94.283363342,60.159641266,220.990890503
93.515670776,59.538639069,86.205612183
97.248733521,59.088031769,175.680480957
95.847175598,58.875762939,295.465423584
94.940513611,58.698528290,212.294540405
97.833885193,61.251098633,61.365428925
96.470771790,59.725410461,348.026184082
93.761016846,58.997680664,91.887756348
97.717506409,59.165054321,105.725723267
96.699958801,59.028690338,256.327545166
96.727180481,60.270130157,293.088897705
96.916900635,59.564567566,271.252258301
97.377426147,59.801620483,181.371948242
97.464195251,61.029205322,112.915977478
95.450576782,59.416881561,380.196289062
94.803764343,60.803249359,243.726867676
95.973205566,61.817760468,127.317604065
96.086898804,60.881061554,298.862182617
93.937324524,60.327777863,147.396835327
95.198356628,61.039951324,249.894409180
96.440361023,59.708885193,353.385498047
96.271377563,58.634098053,234.953704834
95.317344666,60.002571106,394.419769287
95.221290588,61.813335419,124.678825378
97.218162537,61.180397034,128.893981934
95.853820801,62.091560364,85.614624023
96.784469604,60.514556885,260.533294678
95.526672363,59.737480164,406.395843506
95.527069092,59.817176819,410.804870605
95.225952148,61.293872833,208.091537476
95.187156677,59.650787354,372.707458496
95.728225708,60.400791168,385.403106689
96.482307434,60.036399841,353.296600342
95.450874329,60.920234680,288.925872803
94.572242737,59.898235321,277.708007812
94.135597229,60.643737793,166.393341064
95.671005249,59.904575348,412.440795898
95.714035034,59.654354095,408.748901367
96.525032043,61.511417389,154.876174927
95.447143555,59.308975220,360.788696289
96.188896179,60.837970734,298.172332764
94.699867249,59.514614105,283.406433105
97.882690430,60.011077881,107.004119873
96.021102905,58.051158905,144.190414429
95.960258484,60.415603638,375.029724121
96.592628479,59.669784546,332.243927002
93.898483276,60.884311676,112.480194092
94.986976624,60.054943085,348.748229980
95.511207581,60.954200745,287.891052246
95.198295593,60.674648285,312.917144775
95.268898010,60.045642853,388.397888184
95.370697021,59.431186676,370.002838135
95.364837646,60.365997314,371.268920898
96.793388367,60.194450378,287.089019775
95.105575562,60.552337646,318.426391602
98.080017090,60.619831085,67.702293396
95.613220215,59.729679108,413.503936768
96.716545105,60.673374176,255.621368408
95.512725830,59.891166687,410.144866943
95.895126343,60.805320740,313.888732910
95.470024109,59.322639465,363.571838379
95.932861328,59.436481476,390.446685791
96.397117615,61.680965424,136.004028320
96.264282227,61.998321533,88.736175537
95.321945190,58.781295776,264.049774170
95.182670593,59.704151154,375.293518066
94.858268738,59.087776184,259.980499268
97.443862915,59.478607178,170.250701904
97.060157776,59.196136475,212.899520874
96.798881531,59.987155914,289.451965332
96.573654175,60.119609833,334.267791748
97.106826782,60.918632507,169.676559448
93.809143066,59.187049866,107.797035217
95.076034546,60.418415070,332.544982910
95.590644836,60.167304993,398.902435303
94.660072327,60.994152069,207.174530029
95.514884949,60.828266144,308.778503418
96.194602966,59.042865753,312.053741455
94.823173523,58.281078339,140.274017334
94.535148621,59.877967834,265.964172363
95.478965759,60.155475616,392.873260498
96.305198669,59.820018768,373.467834473
97.624183655,61.341320038,74.854606628
96.786193848,57.151523590,24.388702393
94.230812073,62.582126617,16.142013550
97.297210693,59.951381683,195.575073242
95.996734619,59.195240021,348.815551758
94.050918579,59.157386780,142.928115845
96.781906128,58.165859222,112.860298157
96.751121521,60.652786255,253.195281982
95.395767212,59.270503998,353.910980225
94.875617981,58.603767395,197.815185547
95.043640137,60.765846252,278.142211914
95.638305664,59.224246979,352.164367676
95.153656006,60.987152100,252.664276123
94.035568237,60.664890289,150.108032227
97.231292725,61.736110687,73.282844543
97.141815186,60.502292633,206.010070801
95.508186340,59.633148193,401.841674805
96.587135315,59.613109589,331.093841553
94.997657776,60.706199646,282.820434570
96.810646057,58.810577393,206.020645142
95.225265503,59.886730194,387.358215332
95.906753540,60.644313812,341.287353516
96.539794922,58.974784851,265.176055908
95.538230896,60.811370850,312.291687012
93.938545227,59.403118134,139.063171387
96.954093933,60.851318359,200.847488403
95.919342041,58.870876312,291.453704834
95.782234192,60.429702759,381.747467041
94.612976074,58.793807983,194.761444092
94.021469116,60.068885803,168.090896606
97.085548401,59.962593079,241.126083374
97.266067505,59.883884430,201.523101807
96.053260803,59.486568451,384.210723877
95.782241821,60.084331512,408.965118408
95.897735596,59.865264893,409.565277100
96.423095703,61.342224121,190.308868408
95.273338318,59.395362854,357.158752441
97.024368286,60.717697144,199.975570679
96.402008057,60.568069458,316.385375977
94.000267029,61.288745880,93.774276733
96.601135254,59.192806244,291.412078857
94.717277527,59.371025085,275.581085205
94.974563599,59.373603821,314.555969238
95.729278564,60.135108948,406.337341309
95.129470825,60.848155975,273.356506348
95.528564453,57.807415009,103.209106445
96.718688965,58.183765411,125.609977722
95.431709290,59.357433319,367.899749756
-6.823195934,58.144515991,95.057403564
-7.901797771,55.718402863,389.465911865
-7.526713371,54.567813873,205.378112793
-6.935019493,56.341861725,336.425018311
-7.570094585,54.037250519,111.783081055
-8.146553993,55.811523438,383.746612549
-6.959887505,56.636001587,320.772766113
-7.624445438,56.973392487,332.558288574
-7.583361626,56.542217255,383.057464600
-7.308414936,56.567012787,363.923553467
-7.068685532,55.468654633,313.511291504
-8.009780884,56.570983887,377.681915283
-7.828790665,57.288444519,272.476531982
-7.775477886,56.586986542,382.233642578
-7.667747974,55.704219818,388.568603516
-7.971590996,56.445163727,388.373443604
-7.139820099,55.120689392,275.678283691
-7.167363167,56.910953522,310.003204346
-8.466479301,56.459995270,325.693786621
-6.564500332,56.864200592,242.074081421
-7.222147465,56.655155182,345.774383545
-7.982106686,55.564189911,363.272613525
-8.777031898,58.555263519,40.823516846
-8.199348450,55.192371368,296.541168213
-6.644136906,56.757812500,268.991516113
-8.814351082,56.479518890,259.331665039
-6.521709442,57.149055481,201.501235962
-7.885229588,56.411617279,395.074462891
-6.150406361,55.783351898,185.161544800
-7.362339020,55.343063354,328.124938965
-7.316370487,55.515319824,347.406616211
-4.577894688,56.042163849,19.305948257
-7.409266472,56.991600037,317.052337646
-9.096027374,54.029884338,65.097831726
-5.690167427,56.623985291,108.245529175
-7.484877110,55.646804810,376.097686768
-8.436815262,56.031482697,352.465820312
-7.426424503,56.046836853,401.878356934
-6.932539940,55.947109222,335.897460938
-8.266192436,56.463565826,358.948364258
-7.348817825,57.866733551,159.810394287
-7.315382004,56.392761230,377.037139893
-9.209907532,56.241191864,207.308090210
-8.842826843,54.370620728,112.628860474
-8.801335335,55.213275909,227.547134399
-6.695126534,56.547508240,293.006195068
-7.893692970,56.614482880,376.023132324
-6.489217758,55.541130066,236.876419067
-6.642876148,56.047969818,291.719848633
-7.333310127,56.051651001,395.478363037
-5.881605148,56.408622742,140.864486694
-6.680287838,54.097297668,76.815765381
-7.655935764,56.495563507,388.560668945
-7.481789112,57.259243011,274.539306641
-6.883335114,56.196689606,331.785156250
-9.088297844,54.648220062,119.997314453
-8.917119026,55.178043365,203.122726440
-7.541784763,55.079544067,285.643066406
-4.105817318,56.707611084,4.486691952
-7.136850357,56.760295868,330.940399170
-8.634312630,56.274097443,309.695190430
-6.293190956,54.050643921,51.400550842
-6.783631802,56.116802216,316.825897217
-7.739725113,56.249820709,408.409942627
-7.933757305,57.076492310,308.030609131
-6.681010723,55.074138641,207.893844604
-5.884010792,55.842494965,141.338500977
-7.206760883,55.229709625,296.430908203
-8.473927498,57.071834564,256.254150391
-7.479197025,56.386764526,391.014709473
-8.637177467,56.560619354,290.761901855
-7.161636829,56.110019684,368.192962646
-6.901797295,55.734008789,320.014617920
-6.363194942,54.375064850,87.130386353
-7.797094822,55.959358215,409.950958252
-7.098700523,55.747383118,345.070068359
-6.547916412,56.424911499,274.177001953
-6.801010609,57.215675354,228.670455933
-7.372207642,55.383270264,331.849395752
-7.674894810,55.425975800,344.461486816
-8.800658226,56.908622742,228.445922852
-7.923786163,55.427349091,345.212738037
-8.390311241,55.130874634,269.280273438
-7.048199654,55.902198792,348.707794189
-8.275957108,56.371162415,361.022308350
-7.379689693,56.069377899,399.774749756
-5.864721775,55.285163879,115.747924805
-7.143627167,56.476524353,358.446014404
-8.598964691,55.995849609,322.663604736
-6.721508026,54.213775635,96.389099121
-6.868564606,57.297145844,223.204132080
-9.493425369,56.924381256,124.641166687
-6.537666798,55.467430115,238.137924194
-6.267610073,58.004943848,74.154396057
-6.256028175,56.641193390,199.800659180
-7.805621147,56.337566376,403.004486084
-7.753116608,56.384647369,401.646881104
-8.057128906,56.806606293,335.589355469
-6.878931522,56.650482178,312.249847412
-7.944442272,55.882980347,399.273284912
-7.036055565,55.187042236,272.798706055
-7.766746521,56.440448761,396.862152100
-7.718556404,55.174610138,304.729553223
-7.845172882,55.927860260,406.596984863
-9.198931694,55.256694794,169.191467285
-8.305411339,54.958572388,249.419464111
-8.753433228,57.010936737,226.178543091
-8.556960106,55.234081268,261.156036377
-8.520851135,58.306957245,72.034240723
-7.112879753,56.883953094,307.798522949
-8.592604637,54.723896027,178.029342651
-8.867476463,57.399616241,170.378356934
-7.332914352,56.234802246,385.958251953
-5.995244503,55.984569550,167.535812378
-5.666584969,56.347320557,108.301368713
-7.109691143,56.765018463,329.247955322
-6.453183651,56.983238220,210.649963379
-7.627629757,57.728240967,190.297592163
-7.497553349,55.268291473,314.771362305
-7.343325138,55.374679565,330.289367676
-5.823972225,54.880798340,74.844612122
-6.978161812,57.554149628,189.354904175
-9.275168419,56.998703003,149.082809448
-7.881749153,56.688701630,366.053649902
-8.813368797,57.175212860,202.263290405
-5.956965923,56.041999817,160.501342773
-7.988455772,56.226741791,396.557800293
-5.930572033,54.697265625,71.073478699
-6.345438957,54.326286316,78.403144836
-8.281208038,57.944793701,132.213623047
-6.170775414,58.402816772,38.353515625
-7.087100029,56.688995361,336.028442383
-7.702497482,54.671287537,221.110427856
-8.035389900,56.833938599,333.298919678
-7.765370846,56.276256561,408.475799561
-8.444052696,55.147006989,268.774993896
-6.299915314,58.181659698,59.390933990
-8.458921432,56.163105011,345.351837158
-8.696625710,57.250591278,208.284820557
-5.630318642,56.520282745,102.674011230
-8.195130348,56.977878571,300.994903564
-5.529391766,55.764698029,80.258941650
-6.554706573,56.495170593,272.965118408
-7.965708256,55.972156525,402.819274902
-7.347482681,55.910999298,385.723754883
-8.812671661,56.151088715,282.295135498
-9.350872040,55.007141113,122.216094971
-8.162266731,57.035232544,296.394714355
-8.648568153,58.354110718,63.496326447
-9.597874641,55.011825562,94.087081909
-9.237790108,57.080089569,148.744415283
-10.971371651,56.702766418,9.939198494
-8.127096176,58.046859741,125.876449585
-7.357979298,55.912918091,387.228515625
-6.853288174,55.211627960,252.984512329
-7.769933224,55.201786041,307.707489014
-9.380506516,58.088619232,48.757270813
-7.290025234,56.827533722,333.068054199
-7.370028973,56.558780670,373.334625244
-7.309292793,55.714157104,366.523529053
-8.354236603,55.929634094,366.208312988
-8.195185661,55.154029846,293.714416504
-7.171867847,54.947696686,242.141159058
-8.486970901,55.227359772,272.089935303
-8.455331802,56.357345581,335.222106934
-8.496814728,57.008937836,260.216613770
-8.366130829,56.315822601,353.588287354
-7.593771935,55.764911652,392.997497559
-7.369453430,55.544754028,352.816070557
-8.394426346,56.751247406,309.634643555
-5.589249134,55.914161682,92.744148254
-8.207788467,57.494014740,219.928756714
-8.942186356,57.825000763,105.218360901
-7.381932735,57.626815796,199.799682617
-7.330257893,55.325176239,324.220672607
-8.141901970,55.706157684,371.375732422
-6.751337528,55.907516479,304.580352783
-7.470053673,55.788539886,389.022155762
-6.288206100,56.858795166,192.724380493
-6.924547672,55.889537811,333.977081299
-7.839951038,55.144493103,303.384246826
-9.077349663,57.315040588,151.000335693
-7.050410748,56.139827728,358.608856201
-6.211177826,57.426570892,128.741333008
-8.469367027,55.088069916,256.977172852
-8.340418816,57.381404877,223.898910522
-7.695289135,57.195835114,290.858886719
-6.481555462,56.889179230,226.544601440
-7.299819946,57.896816254,152.160278320
-8.052117348,56.888969421,329.496551514
-9.122030258,55.995788574,220.506683350
-6.414046764,56.352245331,251.772125244
-6.752600193,55.795967102,298.414001465
-8.071052551,56.203636169,390.894592285
-6.817669392,55.918037415,312.358795166
-7.133923531,55.989837646,367.335357666
-8.054307938,58.008750916,133.647003174
-7.394127846,55.575584412,357.487915039
-8.360728264,55.637077332,344.266967773
-6.781710625,58.576320648,50.881740570
-7.700621128,57.766551971,182.777862549
-8.837513924,56.263137817,271.367858887
-7.530817986,56.411369324,391.782531738
-7.845806599,56.411449432,395.174468994
-8.222659111,55.827831268,377.892395020
-6.602592945,55.202293396,213.572326660
-8.199308395,56.965694427,301.370147705
-6.661146164,56.372333527,293.744445801
-7.734012604,56.959205627,332.963195801
-7.700156212,57.062343597,316.333435059
-9.296316147,55.214443207,151.167999268
-5.367691994,54.958889008,35.867095947
-7.636404991,55.179073334,302.304107666
-7.908246994,56.412151337,393.406616211
-7.482717037,57.120491028,298.502136230
-7.959988117,54.711448669,223.608032227
-7.557277203,57.435581207,245.896041870
-8.518386841,55.892601013,334.776397705
-5.204613209,56.195831299,52.851642609
-7.661129475,55.952045441,405.560974121
-8.130731583,56.911434174,315.128417969
-6.514947414,56.403285980,268.261962891
-7.849603653,56.251552582,406.554565430
-7.742280960,54.642372131,215.280548096
-9.050341606,56.172237396,232.751144409
-8.490725517,55.175144196,266.369201660
-7.380836487,57.457447052,235.727432251
-9.059853554,55.529338837,216.563232422
-7.410386562,56.901878357,330.456634521
-7.503817081,56.439380646,389.779663086
-7.589548111,54.658477783,221.509872437
-8.059236526,54.836704254,238.093261719
-7.852904320,56.269519806,403.875091553
-6.768101692,55.339305878,257.944335938
-7.119919777,57.336750031,238.623153687
-8.534413338,57.744300842,153.056182861
-9.392799377,56.831829071,141.086715698
-8.702538490,57.186408997,211.707336426
-8.172154427,55.769950867,378.515716553
-9.051270485,53.706916809,38.572292328
-8.551936150,56.295734406,321.825927734
-6.977105618,57.950958252,127.816627502
-9.156010628,55.930328369,214.790405273
-9.501341820,55.784931183,148.213836670
-7.957679749,54.906650543,257.434722900
-8.740794182,55.733875275,293.695556641
-8.937673569,54.780353546,145.072555542
-6.588796139,55.512222290,251.444778442
-8.939614296,56.545181274,236.689254761
-6.004960537,57.726219177,83.764350891
-7.728537560,55.800384521,399.513092041
-6.707749367,56.637889862,290.482879639
-6.598995209,55.745147705,270.488006592
-7.223179817,55.485424042,335.728515625
-7.081708431,55.121871948,270.221710205
-8.746719360,56.934391022,234.755874634
-7.035077095,55.588771820,324.062469482
-7.581393242,55.569183350,368.372283936
-8.127198219,56.555309296,367.374694824
-7.623972893,56.434402466,393.578887939
-9.159410477,56.051273346,215.749877930
-7.309026718,56.980792999,312.722290039
-6.922310829,55.361995697,285.292724609
-8.102454185,56.182872772,389.524383545
-7.507732868,57.097473145,301.755035400
-8.743855476,53.992301941,81.210327148
-7.454208374,56.910713196,332.485931396
-7.714880943,56.716411591,365.386810303
-8.803109169,54.610057831,140.133331299
-7.145091534,55.608154297,339.158050537
-7.700253963,52.935855865,9.860759735
-8.206428528,54.878047943,241.173080444
-6.799274921,55.775115967,303.981903076
-7.380491734,55.755146027,379.093902588
-9.550694466,56.348213196,137.647109985
-8.575327873,56.661079407,294.082611084
-8.729372978,55.120651245,221.246643066
-8.737741470,55.798599243,295.509216309
-8.005692482,57.035907745,310.571197510
-8.867581367,57.629577637,143.031997681
-7.243731022,57.090465546,288.491973877
-6.943862438,57.375568390,217.594299316
-8.094697952,54.607513428,198.832901001
-9.176461220,55.375343323,181.713211060
-7.964003563,56.930877686,329.503631592
-6.949706554,56.750263214,310.270782471
-8.542490005,56.402614594,316.702484131
-6.951815128,55.329410553,285.285461426
-6.908266544,57.311527252,224.332275391
-8.670392036,55.172294617,239.898437500
-7.872093678,56.379928589,397.086486816
-9.288920403,55.346019745,163.149200439
-7.637752056,56.594429016,378.069641113
-6.270666599,56.228172302,212.753677368
-6.428942680,55.546352386,224.245056152
-7.250614166,57.513969421,215.110794067
-8.115138054,55.636856079,364.293731689
-7.561841488,56.027969360,407.693664551
-7.064538479,55.558406830,324.860443115
-7.891947269,55.529220581,363.963653564
-9.577360153,55.984622955,141.001922607
-7.765413284,55.953037262,408.966461182
-5.901392460,57.533424377,89.839790344
-7.251449108,56.084217072,383.646759033
-6.941847324,55.951778412,337.608703613
-7.281304836,54.859100342,235.737670898
-8.271612167,57.375400543,232.353530884
-8.534975052,54.171222687,110.396377563
-8.279580116,56.364078522,361.022430420
-6.646301746,55.678909302,274.672271729
-8.122859001,55.508426666,343.828308105
-6.953145981,57.143077850,256.970092773
-6.487036705,56.033527374,262.664367676
-8.649535179,55.852268219,310.158111572
-7.760736465,55.948036194,408.343505859
-6.947262287,57.547248840,187.788085938
-7.295354843,54.601001740,201.250915527
-7.207272053,57.405227661,233.180419922
-8.627425194,55.626541138,302.835296631
-7.044239044,58.029701233,120.905296326
-7.658315659,57.865333557,165.986816406
-7.941876411,57.363636017,254.111846924
-7.613799095,54.630088806,218.248748779
-8.478878975,56.255889893,340.250274658
-7.175951481,54.600498199,194.688156128
-6.333863258,54.571605682,102.661140442
-9.561728477,54.550693512,72.184898376
-8.563033104,58.346424103,67.229774475
-6.284086704,55.877918243,209.570556641
-6.119840622,55.585166931,172.023834229
-7.172337532,56.909500122,310.195953369
-9.262272835,56.659954071,174.547866821
-7.396655083,57.462448120,235.009002686
-8.403764725,55.897010803,356.020446777
-7.953741074,54.822891235,241.309143066
-5.792967319,56.050682068,126.754493713
-5.612139702,55.427680969,81.593627930
-7.511746407,54.993015289,272.669097900
-7.346725941,55.907974243,385.657562256
-7.007185459,57.009128571,284.535125732
-7.545181751,55.670776367,381.939788818
-8.055368423,56.053890228,399.131469727
-6.713684082,57.404312134,189.932434082
-7.075685978,54.955482483,236.013534546
-8.826164246,56.489009857,256.836639404
-6.626274586,56.490226746,286.731353760
-7.266655445,56.886829376,320.843902588
-7.727214336,57.020397186,322.637054443
-8.229638100,55.304431915,309.655517578
-8.219524384,55.301216125,310.407562256
-6.776241779,56.718048096,292.311096191
-9.599781990,55.173980713,103.263717651
-8.151698112,54.696929932,211.913299561
-7.199690819,57.152481079,274.828918457
-8.192348480,57.737354279,177.773483276
-8.397632599,59.574218750,6.960857391
-7.028481483,56.542217255,339.267242432
-7.729388714,56.884490967,346.334533691
-9.022335052,56.680942535,213.637145996
-5.398294449,57.459136963,38.268333435
-9.100921631,55.741722107,219.851455688
-8.725054741,56.318508148,287.887512207
-7.251613140,56.359558105,375.977142334
-7.555642605,55.268054962,317.159149170
-8.017220497,54.028442383,112.674858093
-6.869273663,56.512447357,318.620727539
-9.416273117,56.574466705,151.372009277
-6.758056641,57.812789917,137.744674683
-8.327521324,55.248855591,291.796661377
-7.673810959,55.530139923,368.860961914
-7.554083347,55.880386353,396.852752686
-7.180648804,56.855899811,319.292175293
-8.917344093,56.356838226,249.169982910
-7.447119236,57.141624451,291.574615479
-8.347521782,57.604068756,197.718933105
-8.611844063,57.577445984,173.796615601
-9.488342285,57.250579834,110.395889282
-8.330764771,53.836483002,82.756576538
-7.385894299,55.044441223,273.362365723
-7.059858322,55.605739594,332.821777344
-9.749385834,57.536872864,64.019866943
-5.894122124,55.435703278,123.504997253
-6.155896664,55.592124939,176.945205688
-7.195939064,54.765205383,221.543319702
-6.335858345,57.379615784,144.183410645
-8.090633392,55.627765656,364.657043457
-6.926169872,54.358146667,131.592498779
-8.805009842,56.132148743,285.156158447
-5.822529316,56.438152313,132.212036133
-7.436660290,54.797035217,232.192581177
-5.592323303,56.373401642,98.436294556
-8.196331024,57.877891541,146.381027222
-8.415131569,56.264751434,347.898193359
-8.192258835,54.527454376,183.962326050
-7.796681404,56.704532623,364.961242676
-9.833663940,57.851947784,40.967807770
-8.682708740,56.501396179,286.901916504
-7.027643204,55.112377167,261.931762695
-6.978744984,58.797634125,38.765686035
-8.249721527,56.510150909,359.675231934
-7.362993717,55.720317841,372.900909424
-6.029760361,56.667503357,157.851318359
-6.197331905,56.384567261,199.065093994
-6.826149940,54.252246857,106.060394287
-9.016037941,54.654361725,125.081909180
-8.073109627,55.499011993,348.911712646
-10.030670166,55.873378754,73.476303101
-6.703919411,55.489749908,270.253540039
-7.687096119,55.869499207,403.971038818
-5.738795757,55.845863342,113.753288269
-8.981432915,56.539810181,230.528457642
-8.396990776,55.100479126,264.156768799
-7.893730640,56.794479370,352.861755371
-9.621351242,56.598537445,120.640098572
-7.174486160,56.388862610,365.921875000
-5.345602036,56.207374573,67.466400146
-7.514256477,55.726531982,386.893188477
-7.477653027,55.991085052,402.862274170
-8.975953102,56.638118744,224.889480591
-7.855064392,55.026168823,285.894622803
-7.482970715,54.470878601,183.528854370
-6.975166321,56.013347626,343.498992920
-6.438661098,55.335422516,211.020843506
-7.330031872,55.490009308,346.785675049
-8.377720833,55.377696991,303.973022461
-7.823462009,56.883453369,345.401550293
-7.261759758,57.480018616,221.157455444
-8.111618042,55.910060883,391.758178711
-7.213237286,55.309059143,309.672698975
-9.260563850,56.713897705,172.693191528
-6.544057369,55.707378387,255.338348389
-7.877142429,58.149135590,118.536567688
-6.779725552,57.196575165,225.696807861
-7.861083508,55.140735626,302.397186279
-9.220545769,56.101234436,206.537628174
-5.852978706,58.168869019,36.555801392
-9.562481880,57.398128510,91.036033630
-8.782291412,56.423496246,270.043823242
-9.113789558,55.449512482,196.167282104
-7.815890789,56.735595703,361.806427002
-6.488707066,56.394672394,264.994964600
-6.908453465,56.456890106,328.046417236
-8.811681747,58.127323151,75.348197937
-6.712507248,56.670536041,289.280517578
-7.104765892,56.628940582,341.646484375
-8.515786171,56.762828827,285.345397949
-9.535661697,55.417285919,128.999130249
-7.369008541,56.104442596,398.421813965
-6.877396107,54.125869751,95.689170837
-8.386929512,56.902725220,284.454132080
-7.984978676,56.157096863,400.763061523
-7.529783726,55.394187927,338.269958496
-9.682841301,56.668720245,115.519989014
-8.315554619,55.704715729,352.954620361
-7.943727970,57.122779846,299.514282227
-8.513257980,54.970500946,232.401077271
-7.690770149,57.126094818,305.033172607
-7.481461048,57.246814728,275.223785400
-9.285200119,55.737369537,182.428329468
-7.859611511,53.795780182,79.632034302
-6.649861813,57.732803345,139.004714966
-9.407974243,54.817901611,99.751556396
-6.663759232,58.345962524,60.999412537
-7.533820629,55.587871552,366.841674805
-6.619532585,56.551410675,281.584991455
-7.487420082,55.621860504,371.655975342
-6.788934708,55.594669342,290.072998047
-8.742865562,56.911411285,236.139358521
-8.211801529,56.138656616,376.638031006
-9.284318924,55.666000366,179.200378418
-8.835640907,56.360298157,263.958496094
-8.366518974,54.958690643,245.412536621
-7.439859867,55.974670410,400.207122803
-7.555150509,57.003383636,322.775238037
-7.931934834,56.216487885,401.654357910
-8.158718109,56.196117401,379.858673096
-8.096518517,55.308223724,324.489654541
-7.716810703,55.753494263,395.370330811
-7.808223724,55.880405426,405.875183105
-8.198575020,56.699298859,337.419525146
-6.581520081,53.988113403,58.739444733
-7.069387436,56.283267975,355.470520020
-7.509867191,56.086277008,404.522216797
-7.807989120,54.817741394,246.528106689
-9.539566040,55.090538025,105.279411316
-9.113908768,57.874446869,87.263488770
-7.067271709,55.969955444,352.912353516
-6.981252193,55.187351227,269.661743164
-7.501503468,54.415603638,172.455062866
-8.455704689,54.645477295,177.106399536
-7.560258389,53.768142700,75.819068909
-6.901281834,54.401824951,133.373397827
-6.843225479,57.853687286,136.558044434
-9.089453697,54.858039856,135.353744507
-8.243126869,56.883880615,309.271545410
-6.468314171,55.172451019,194.786941528
-8.139002800,54.900524139,250.724105835
-7.461492062,57.145633698,291.495452881
-8.935754776,56.801818848,215.638305664
-9.458549500,55.459411621,141.687637329
-8.189781189,55.732711792,371.744995117
-9.709260941,56.359210968,117.163909912
-9.013167381,56.955921173,195.004470825
-7.152783394,57.634021759,190.473907471
-6.704400063,56.887882233,262.992309570
-8.160684586,54.993225098,267.526702881
-7.165835857,54.941135406,240.474197388
-7.387697220,53.711986542,65.541221619
-8.708576202,56.569869995,273.465087891
-8.919678688,56.282272339,251.454193115
-8.521415710,54.831859589,205.894531250
-9.064223289,56.968441010,187.179977417
-8.695795059,54.843406677,186.636993408
-6.716680050,55.891262054,298.192871094
-8.212405205,54.459995270,169.691772461
-8.074384689,55.128982544,293.263214111
-7.413686752,57.431388855,240.426620483
-6.494106293,56.228599548,268.560638428
-7.444534302,55.637928009,368.465270996
-7.276715279,54.790344238,228.099960327
-7.580470562,55.120357513,290.847778320
-7.160101891,55.565616608,337.695739746
-8.808075905,55.115123749,212.607788086
-9.010191917,55.540569305,225.211944580
-6.726505756,56.353176117,304.630706787
-6.854167938,56.811553955,290.389556885
-9.012165070,57.124618530,180.127243042
-7.726868629,56.714656830,367.168670654
-8.347495079,56.760326385,315.907135010
-6.783672810,53.392127991,26.181140900
-6.971574783,56.181068420,344.409881592
-6.867443562,57.033744812,258.040863037
-8.863809586,56.462673187,253.647094727
-7.923812389,55.833126068,398.348724365
-7.111290455,55.928649902,357.085754395
-7.992431164,57.213756561,279.040924072
-8.781119347,56.581222534,262.126464844
-7.359117508,55.753452301,375.513763428
-6.215171337,55.834808350,197.602981567
-7.464502811,56.764476776,355.994812012
-6.655889511,56.443836212,292.101776123
-8.178093910,57.757205963,173.966430664
-8.533744812,54.799091339,198.782241821
-8.315910339,54.376285553,146.491760254
-8.649303436,55.417053223,271.198547363
-7.240916252,56.187934875,378.878143311
-8.835054398,55.945472717,280.349792480
-8.299159050,56.498210907,353.334106445
-9.229387283,56.526927948,190.223327637
-9.220541000,54.866512299,123.089790344
-9.485584259,55.816108704,152.743103027
-9.899113655,58.917846680,7.844590664
-8.529836655,56.299594879,328.276245117
-6.636005878,55.295597076,232.016418457
-6.532729626,56.437492371,270.130310059
-8.960574150,54.895580292,156.481170654
-9.515217781,55.793972015,147.062316895
-8.403599739,54.551082611,171.278442383
-5.497039795,55.589546204,73.060569763
-6.326266766,55.315967560,192.579132080
-7.474167347,56.254608154,401.673828125
-8.506392479,56.668399811,303.485260010
-8.535004616,54.883945465,211.856445312
-6.932178974,57.785156250,156.123870850
-7.063055992,56.661071777,334.871032715
-8.390813828,53.737239838,62.720085144
-8.296996117,54.829734802,227.883010864
-10.243128777,57.364589691,31.883331299
-7.214626789,56.209674835,375.602264404
-7.193119049,56.444004059,366.791412354
-6.949246883,56.233444214,340.906463623
-7.017203331,57.338413239,232.579010010
-8.390993118,55.267047882,289.820739746
-8.594318390,55.275848389,264.771789551
-7.047075272,55.256126404,284.682037354
-9.623757362,56.213253021,131.319808960
-6.713159561,57.187149048,221.402740479
-6.408379555,56.857131958,214.746780396
-7.101986408,54.956974030,238.104736328
-7.068865776,56.125709534,360.505859375
-6.771920204,54.702564240,169.881668091
-8.301416397,54.948619843,249.054718018
-7.843252659,56.103225708,411.126129150
-8.911941528,55.498325348,236.162124634
-7.860093117,57.397956848,250.500198364
-8.332638741,55.533493042,335.745117188
-7.748220444,58.369880676,85.474586487
-6.602341652,56.284343719,283.226135254
-8.162650108,54.617992401,197.774200439
-8.165787697,58.890132904,30.853876114
-8.560340881,55.271030426,267.761718750
-7.191564560,54.420993805,160.906707764
-6.005685806,56.535621643,161.213821411
-7.038173676,55.069427490,256.158264160
-8.536536217,56.327533722,325.832489014
-7.198892593,55.617130280,347.418426514
-7.820130825,56.832141876,351.978271484
-6.483716488,56.284915924,264.776519775
-6.638263702,56.403610229,290.400085449
-8.291794777,55.329593658,310.602783203
-8.220009804,56.362411499,369.168487549
-6.823178291,56.948974609,267.616180420
-8.106836319,55.927570343,392.705322266
-7.862921238,57.439678192,241.554687500
-9.164752007,54.067970276,65.085029602
-7.851461887,57.234413147,283.741912842
-8.126142502,57.392475128,241.576843262
-7.930333614,55.475879669,354.840148926
-8.487853050,56.891536713,275.279693604
-7.991619587,55.391376495,337.943572998
-9.273446083,56.576110840,178.603866577
-6.357585430,57.198097229,174.758071899
-7.374893188,55.766094208,378.635314941
-8.874840736,55.271263123,217.833694458
-7.598768234,55.150726318,295.355957031
-7.719969749,55.432483673,345.320068359
-7.126097202,56.808959961,323.231445312
-7.743455887,55.167442322,303.781707764
-7.323530674,56.825454712,335.763336182
-7.483053207,56.677379608,364.225708008
-7.442607880,57.584255219,211.435714722
-7.740278244,55.117164612,299.600799561
-10.252307892,57.472019196,31.179527283
-8.051329613,54.484260559,187.319427490
-9.708408356,56.325969696,117.207260132
-7.875876904,56.742774963,358.191436768
-6.312121391,57.926929474,88.262214661
-8.321361542,56.250671387,362.222290039
-8.187533379,57.247276306,260.468383789
-5.861775398,57.564300537,82.171623230
-5.197530270,55.636287689,44.407245636
-7.964336872,55.543205261,362.267242432
-5.753686905,56.558467865,120.246635437
-7.211064339,56.742656708,335.661315918
-8.415705681,57.020172119,266.123779297
-6.636726856,54.635303497,143.424163818
-7.865215302,56.187709808,409.268066406
-7.554250717,57.754955292,183.537368774
-7.696864128,56.826210022,352.795776367
-6.527851105,56.369678497,271.739593506
-5.705004215,57.123546600,90.089683533
-7.375513077,54.835170746,239.900741577
-7.848809242,57.870010376,161.352737427
-6.811413288,56.595478058,308.115966797
-8.698340416,57.089317322,225.600189209
-7.515848160,56.905540466,335.196228027
-8.331071854,55.321887970,301.748840332
-8.443081856,56.880977631,284.426239014
-6.924791336,56.615524292,318.725982666
-7.472726345,54.705699921,223.147994995
-8.982515335,56.497413635,233.511062622
-9.335695267,57.359615326,117.364624023
-8.429359436,57.024459839,264.330261230
-8.210730553,56.642330170,341.085571289
-7.319488525,55.344951630,325.450195312
-8.692056656,57.159534454,216.056915283
-7.580193520,55.503372192,360.227233887
-6.931886196,56.710250854,311.468109131
-7.804440498,56.872886658,349.153106689
-8.249978065,54.653888702,198.537841797
-7.427012444,56.457706451,384.639648438
-7.679175377,58.711605072,50.636081696
-8.617838860,56.627693176,287.573852539
-7.688737392,58.750320435,45.696708679
-6.387409687,56.438602448,246.376022339
-7.044734955,56.344844818,353.865142822
-9.193685532,56.739849091,184.959625244
-9.343180656,54.838283539,109.151542664
-6.660822392,57.357753754,190.114334106
-7.377763271,55.933170319,391.644561768
-7.152224064,55.991519928,368.034301758
-7.487907410,57.040004730,312.478027344
-7.400765419,55.559440613,356.439483643
-6.828760624,57.489219666,188.585906982
-6.874955654,54.884014130,204.731826782
-7.113471031,55.315319061,297.793670654
-9.456538200,56.472232819,149.892196655
-5.543200970,56.972946167,75.855026245
-8.286767960,56.286254883,363.141845703
-7.010566711,55.474617004,307.878204346
-7.958696842,56.243309021,400.175109863
-9.153318405,56.017528534,217.200805664
-7.714657307,54.873943329,255.979141235
-8.533112526,55.745628357,324.824096680
-8.574466705,55.379600525,277.394287109
-8.366221428,56.753025055,313.631713867
-7.610462189,54.770149231,240.145568848
-9.620423317,55.974826813,134.285491943
-6.811423302,54.226852417,101.377586365
-8.398242950,55.225730896,283.151916504
-10.122035980,55.754802704,60.440628052
-6.679086208,54.080520630,74.582908630
-7.921292782,55.411437988,342.807586670
-7.242651939,55.811779022,370.557434082
-6.604738235,55.638195038,260.751678467
-8.754949570,57.834545135,123.397323608
-8.372442245,55.975955963,362.805541992
-5.571688652,57.072460175,77.994094849
-6.859816551,55.504455566,290.609497070
-6.976438999,57.136104584,259.211151123
-8.976556778,57.080936432,191.215240479
-7.821226597,55.848442078,404.602966309
-7.668479919,55.575958252,375.572692871
-8.608834267,55.996051788,321.591735840
-6.896493435,55.802330017,323.744964600
-6.967707634,55.952560425,340.003479004
-9.255839348,57.450702667,115.443412781
-6.797182083,54.952316284,207.877838135
-8.887796402,56.159027100,265.791748047
-8.682899475,55.258121490,250.263641357
-6.164598465,56.242439270,198.044326782
-6.564496517,58.453269958,50.352615356
-7.786932468,56.664611816,368.198181152
-7.874273777,56.362224579,398.563293457
-7.246470451,55.512172699,339.861694336
-7.770770550,54.856281281,255.434997559
-9.480050087,55.055477142,110.337333679
-6.279360771,56.497280121,213.763031006
-7.628005981,56.390083313,396.790313721
-7.100233078,57.398994446,227.927841187
-7.972942352,56.789745331,344.817016602
-7.790486813,56.258026123,407.260437012
-9.863281250,56.450607300,96.481185913
-8.118441582,56.421455383,375.002929688
-7.549631119,57.408405304,249.757522583
-7.767759323,56.755596161,359.851776123
-7.164362431,55.854064941,364.471466064
-8.700972557,56.348587036,290.539855957
-9.374840736,56.531501770,158.838485718
-7.283975124,57.770244598,172.795730591
-7.867855072,55.096210480,297.727691650
-8.454267502,56.494770050,321.885192871
-8.032139778,56.174190521,393.325500488
-7.933481693,56.111804962,407.676208496
-8.987605095,54.633853912,125.862335205
-6.668913841,55.956737518,293.417205811
-7.450771332,54.930923462,258.506256104
-75.842247009,27.717567444,371.325469971
-75.577285767,28.523204803,320.290252686
-76.230735779,28.021148682,415.682830811
-78.455207825,27.880620956,112.160797119
-76.171638489,27.463577271,381.119476318
-77.883972168,28.278625488,215.066436768
-76.899375916,28.380298615,378.580169678
-76.911209106,27.406061172,351.202209473
-76.811569214,28.064619064,401.645782471
-75.906074524,27.922601700,392.201141357
-75.644805908,28.632040024,325.361511230
-76.557640076,28.918392181,334.896545410
-77.323524475,28.402225494,312.985046387
-77.036552429,28.776165009,315.807037354
-77.499664307,27.981288910,297.603546143
-75.528656006,25.839145660,67.791908264
-77.059242249,27.856866837,366.246948242
-75.438796997,28.713491440,282.004058838
-77.789642334,27.463026047,220.125778198
-75.636360168,29.797323227,133.878311157
-77.549263000,29.478277206,139.016113281
-77.654167175,29.700962067,93.515083313
-78.103477478,28.295068741,172.609039307
-77.916229248,27.294061661,175.215545654
-77.361015320,28.424377441,305.155609131
-74.645912170,29.702854156,68.502151489
-75.776794434,28.707334518,330.708618164
-76.271018982,27.641958237,399.204742432
-76.841819763,28.689678192,350.737487793
-75.023963928,28.256643295,235.134246826
-75.704238892,27.022047043,262.483673096
-76.660446167,26.609283447,225.875579834
-75.665962219,27.190128326,287.988403320
-77.354637146,26.591733932,157.535354614
-76.547760010,28.051958084,415.885559082
-76.496009827,28.525623322,392.251647949
-75.630683899,27.313611984,301.945281982
-77.674972534,26.642921448,132.279861450
-76.908561707,27.692537308,381.433807373
-75.572174072,29.498451233,174.766647339
-76.372917175,27.482358932,383.929199219
-75.727409363,28.026655197,365.091247559
-76.068527222,28.624559402,373.741882324
-76.847656250,28.576557159,365.399810791
-75.697250366,26.439765930,160.548797607
-77.603088379,29.265130997,163.225646973
-75.709732056,28.397378922,353.591491699
-76.029243469,29.164319992,270.849884033
-76.801528931,28.393356323,388.293609619
-77.825012207,29.257144928,136.380737305
-77.145591736,27.540990829,328.848754883
-75.976432800,28.734947205,351.152648926
-75.402427673,29.633478165,140.659545898
-77.890617371,26.750181198,122.894966125
-77.246109009,26.710664749,189.444961548
-76.406661987,29.848302841,138.024246216
-76.694427490,28.201593399,410.601776123
-78.782585144,27.945831299,75.081069946
-76.596153259,27.270248413,352.613403320
-75.454185486,29.320878983,186.713653564
-76.428153992,30.497243881,52.007301331
-76.247032166,27.135562897,325.489349365
-75.845252991,27.574743271,360.505218506
-75.799255371,27.497987747,348.537658691
-78.390617371,29.023523331,89.920707703
-76.228263855,26.267616272,157.045166016
-77.452201843,28.236042023,298.549407959
-77.589981079,28.543186188,256.490936279
-74.568046570,26.388271332,50.619190216
-74.804374695,27.394474030,162.315261841
-78.159362793,28.154024124,164.022857666
-76.474624634,28.511959076,392.285308838
-76.100502014,27.660696030,396.444519043
-75.088928223,28.739244461,216.654006958
-76.193725586,27.562721252,391.730407715
-75.530281067,29.414377213,182.919601440
-76.215026855,28.444593430,398.588287354
-77.215057373,27.960474014,349.991058350
-77.468948364,28.121938705,300.945465088
-76.100936890,26.255119324,151.880325317
-76.842353821,29.284603119,243.144515991
-76.913116455,28.578771591,355.310058594
-75.600860596,27.727302551,335.907928467
-77.330169678,28.220541000,322.549560547
-76.009689331,25.967332840,99.173904419
-75.690940857,28.085159302,359.103302002
-76.265365601,29.606254578,187.839569092
-75.217231750,29.548543930,135.589553833
-74.612464905,28.081443787,156.011154175
-76.413368225,28.529932022,390.466308594
-78.250465393,29.747734070,48.461956024
-77.896614075,26.763822556,123.666992188
-76.525253296,25.290725708,41.165168762
-76.173583984,28.587152481,386.451721191
-76.287811279,30.341547012,67.789886475
-76.553451538,27.532550812,387.242156982
-76.586822510,28.450529099,394.157470703
-76.977752686,28.105081558,382.769622803
-76.130172729,29.328130722,241.138397217
-75.069961548,27.533672333,222.109695435
-76.920753479,29.390548706,217.167877197
-77.832916260,27.480392456,214.663711548
-75.361091614,26.899772644,195.242309570
-76.623535156,28.425754547,396.221954346
-76.461402893,28.159986496,415.868164062
-75.603973389,27.617322922,331.569824219
-77.065689087,27.481801987,336.591156006
-76.138885498,28.708381653,366.121276855
-74.754837036,28.077482224,183.053131104
-77.034164429,25.985191345,93.556213379
-76.771339417,26.810386658,254.867568970
-75.215065002,28.402366638,268.870697021
-78.658218384,28.576484680,80.249221802
-76.645256042,29.693986893,165.938125610
-77.504684448,25.854869843,65.861213684
-76.675834656,29.244443893,252.282562256
-77.056098938,29.744985580,135.188278198
-76.997924805,29.630950928,156.889343262
-77.293373108,27.149480820,266.380462646
-76.999168396,27.672622681,367.958801270
-77.959236145,26.911094666,131.761260986
-76.302444458,26.884309769,269.090362549
-75.296142578,29.392242432,162.958175659
-76.732231140,28.269466400,403.313293457
-74.991058350,28.484235764,216.002822876
-76.364486694,29.147153854,281.004028320
-74.574409485,27.206834793,117.122932434
-75.528999329,27.376773834,297.536499023
-74.410263062,27.252395630,97.900985718
-75.380447388,28.475439072,295.355987549
-75.844589233,27.795522690,377.250549316
-75.698242188,27.372621536,320.232421875
-77.747169495,27.731739044,243.697769165
-76.344268799,27.598958969,395.855560303
-76.085922241,27.715934753,400.175598145
-77.917427063,28.316249847,208.686859131
-73.144424438,28.599758148,9.471391678
-75.542770386,28.103284836,341.735626221
-76.227180481,27.970882416,413.016723633
-76.491409302,28.040075302,415.768402100
-76.339103699,28.736974716,367.672912598
-76.112670898,28.575704575,383.467224121
-77.366256714,28.131023407,321.483612061
-75.350341797,27.868856430,301.588684082
-78.548995972,27.617748260,96.650779724
-75.515060425,28.738271713,291.291473389
-77.555824280,28.250373840,280.680938721
-74.994522095,29.923725128,76.310813904
-76.537445068,27.404310226,370.810882568
-75.236297607,27.411466599,240.289337158
-75.743232727,29.729955673,146.375610352
-77.099075317,28.323465347,348.674865723
-78.161399841,28.454601288,152.621902466
-77.981155396,28.502235413,185.889389038
-76.037872314,27.612041473,384.255065918
-74.560920715,29.762332916,57.661411285
-75.619506836,27.437278748,315.265777588
-77.460029602,26.783168793,183.282287598
-76.438514709,27.488273621,382.410003662
-76.560913086,25.349328995,46.369598389
-77.086837769,27.480020523,333.297546387
-78.266296387,27.504829407,129.360900879
-77.658927917,27.353899002,234.957977295
-77.209976196,26.457094193,149.628219604
-75.137374878,29.337965012,151.949584961
-77.374977112,28.235879898,312.193756104
-77.530899048,26.708303452,159.965911865
-76.477500916,27.991956711,421.185729980
-77.504554749,28.157669067,290.948059082
-77.187171936,27.871517181,347.586120605
-76.805786133,26.814750671,253.220504761
-74.078674316,28.423555374,73.543228149
-75.478103638,27.347864151,282.293670654
-75.332305908,28.519502640,279.694854736
-75.047058105,27.647586823,227.994247437
-75.600440979,28.054821014,349.205383301
-75.812194824,29.561992645,176.424545288
-77.136398315,25.556825638,54.536552429
-76.445068359,28.424335480,401.542694092
-76.557495117,27.172281265,337.248565674
-77.493675232,27.566503525,283.321350098
-76.534934998,26.415052414,186.149429321
-75.632728577,27.580869675,334.380187988
-76.145858765,26.973407745,284.744598389
-77.093833923,27.636732101,352.274383545
-75.796089172,26.672477722,203.260864258
-75.892112732,29.249191284,245.120239258
-77.673408508,30.253686905,42.296875000
-78.317718506,27.842456818,133.416427612
-74.296203613,28.669008255,95.637359619
-77.531532288,27.993738174,292.225463867
-75.793762207,28.480928421,355.429840088
-76.847335815,28.747812271,343.342834473
-75.595764160,28.972946167,270.457885742
-75.291656494,27.463356018,259.875366211
-74.752044678,29.178834915,125.638481140
-77.539207458,27.290090561,250.842285156
-76.620452881,28.326051712,406.210723877
-76.744384766,27.998640060,405.867889404
-76.504562378,27.527816772,391.128143311
-74.942321777,28.225347519,218.643066406
-76.337867737,27.107667923,324.680664062
-75.888969421,27.886180878,388.771911621
-77.353706360,26.630876541,165.615798950
-77.203231812,28.790401459,288.855163574
-77.409065247,27.878387451,312.156250000
-75.917495728,27.160243988,310.008300781
-74.536132812,26.404340744,49.165985107
-76.375335693,27.664808273,404.822601318
-75.817314148,26.518342972,184.678253174
-75.751190186,27.114578247,280.800933838
-75.976760864,28.435256958,386.314788818
-75.748260498,26.838546753,228.471511841
-76.408210754,27.911695480,411.728057861
-76.997299194,29.924915314,102.384811401
-78.344818115,27.510862350,118.093101501
-77.027313232,25.977413177,91.591476440
-76.542022705,27.995985031,415.222137451
-75.481712341,28.533246994,307.270141602
-75.841491699,28.861923218,317.344116211
-76.846107483,27.736518860,390.653442383
-75.575912476,27.545246124,318.850372314
-75.582496643,26.989505768,238.523941040
-77.245338440,27.748384476,336.248321533
-75.789222717,27.400646210,334.261322021
-76.302627563,28.531879425,390.748291016
-75.895324707,29.990407944,111.892204285
-75.782066345,27.553968430,352.444824219
-76.737869263,28.596986771,371.782348633
-76.700057983,27.937612534,410.748229980
-75.547874451,27.955003738,334.417694092
-76.532424927,27.717586517,403.164489746
-76.936004639,28.433265686,366.679107666
-75.879577637,29.361249924,226.135894775
-75.970695496,30.048149109,106.444305420
-76.848625183,30.248256683,68.578979492
-75.525077820,28.360429764,330.590393066
-76.210128784,27.235609055,343.958740234
-77.037078857,26.476058960,168.304229736
-77.200187683,27.649526596,336.562866211
-76.615554810,28.729053497,362.542785645
-75.708290100,29.175144196,244.698318481
-76.710357666,28.010873795,409.778900146
-76.159416199,25.855300903,88.786766052
-76.406318665,27.819492340,409.221679688
-74.746826172,28.362592697,175.624191284
-77.233085632,28.143886566,343.348236084
-75.374908447,27.551927567,284.023956299
-75.582817078,26.992944717,239.301834106
-76.365722656,26.116619110,125.770057678
-75.015380859,27.698638916,221.618545532
-75.939651489,27.303283691,337.032409668
-76.858505249,26.091133118,117.381202698
-76.423286438,27.525077820,390.035003662
-74.906806946,28.937936783,163.367340088
-77.254981995,27.423585892,306.107147217
-77.474174500,29.009599686,219.755676270
-77.697463989,28.323740005,249.258926392
-75.635467529,27.516723633,325.706726074
-77.990242004,28.794956207,162.279434204
-74.627731323,27.928834915,160.105361938
-75.956176758,26.775522232,236.359558105
-76.362716675,29.256984711,259.683258057
-78.706962585,27.893102646,82.600364685
-76.955039978,29.419322968,208.704132080
-76.636810303,28.238832474,409.454833984
-74.875160217,27.949411392,201.707107544
-74.990798950,28.042472839,227.130310059
-75.633125305,29.288370132,214.853546143
-76.613319397,27.597040176,389.998016357
-75.111778259,26.808341980,151.664596558
-77.919425964,28.185043335,208.904083252
-74.689262390,29.379613876,100.529457092
-76.101913452,28.671554565,367.947601318
-77.884956360,25.882978439,50.241149902
-77.232536316,29.071067810,241.389785767
-77.238426208,25.602443695,56.576919556
-76.577316284,28.558694839,385.385925293
-75.158706665,30.082319260,68.773765564
-77.359413147,27.711627960,312.823303223
-75.204551697,27.665393829,260.884033203
-78.034698486,27.074361801,135.942550659
-77.344352722,28.281278610,316.760528564
-75.871192932,27.589578629,367.448150635
-75.379364014,28.155635834,310.840484619
-76.817695618,28.063524246,399.034759521
-77.556068420,27.012704849,206.956527710
-77.835426331,28.532321930,212.129501343
-77.672538757,28.087570190,265.364959717
-76.021018982,27.891439438,403.642181396
-77.131080627,27.574138641,337.198181152
-76.210128784,27.371900558,369.423461914
-76.827301025,27.972841263,400.361267090
-76.975654602,27.339450836,332.835113525
-75.386306763,30.069946289,78.236366272
-74.708923340,27.903272629,171.267608643
-75.927558899,28.541851044,369.773773193
-75.190322876,27.075386047,196.145263672
-77.677314758,27.284837723,225.048019409
-75.506683350,27.978532791,332.872192383
-76.248802185,25.943561554,98.943481445
-76.915046692,28.195127487,388.129486084
-76.169250488,27.870925903,407.475128174
-76.483978271,27.416740417,374.181427002
-77.437889099,28.450687408,289.151000977
-74.999748230,28.948503494,179.075500488
-76.171577454,27.377593994,368.488128662
-78.182403564,28.083181381,161.146286011
-77.404685974,26.235754013,107.197463989
-74.960739136,27.992559433,219.856643677
-76.013999939,27.751184464,394.924926758
-76.779312134,27.587282181,385.808654785
-77.124298096,29.142890930,245.088027954
-77.132186890,26.662673950,193.371902466
-75.815322876,27.479946136,346.588714600
-77.946510315,28.627614975,183.946182251
-77.455802917,29.016534805,221.372436523
-76.319793701,27.451591492,379.825927734
-77.054267883,29.098812103,257.399932861
-76.020507812,28.417016983,391.755767822
-76.238960266,28.981004715,314.974273682
-77.915115356,28.895336151,165.733551025
-76.533134460,28.056222916,415.441986084
-76.517379761,26.688564301,236.781356812
-76.182792664,28.937541962,328.704986572
-75.499771118,29.008907318,248.926269531
-75.513694763,28.201120377,337.074340820
-77.505668640,28.604469299,261.881988525
-75.552825928,26.839843750,206.996200562
-76.500663757,28.189697266,411.068481445
-76.414802551,29.551454544,195.812469482
-76.984367371,28.584665298,348.283660889
-76.064231873,28.953968048,321.388641357
-74.945709229,27.047218323,150.608245850
-77.404960632,28.675767899,276.320068359
-76.319381714,28.551534653,390.020782471
-78.307350159,27.216632843,108.536842346
-75.982566833,28.783699036,343.346740723
-76.397186279,28.053022385,418.493682861
-75.606086731,28.245271683,343.377014160
-77.941650391,28.330034256,204.207092285
-77.097244263,26.663309097,196.079071045
-75.831748962,28.661128998,341.873992920
-75.503639221,29.771291733,126.209068298
-75.843437195,28.612194061,349.135162354
-76.371032715,28.070058823,418.454925537
-76.460060120,26.992328644,299.741699219
-74.948448181,28.516124725,207.904602051
-76.257865906,29.208005905,269.414093018
-76.990859985,28.599084854,343.815307617
-76.639503479,27.216569901,339.999542236
-78.340911865,27.984825134,131.443252563
-76.773414612,27.617290497,388.781921387
-76.578613281,27.802898407,408.213989258
-73.960739136,28.011686325,58.367053986
-76.625282288,27.999155045,413.914611816
-76.610031128,28.186428070,410.517486572
-76.729843140,26.826589584,257.045227051
-74.697250366,28.566278458,159.803253174
-76.553024292,27.843746185,411.062774658
-75.370048523,27.318525314,254.029052734
-77.396667480,27.466064453,287.400421143
-76.417465210,28.908897400,337.407745361
-75.289260864,27.722414017,282.475494385
-76.335105896,29.422658920,224.484039307
-77.865745544,28.753814697,189.334976196
-77.128143311,27.318387985,310.063476562
-75.486381531,28.014440536,329.466827393
-75.612586975,28.660579681,318.636566162
-77.312118530,28.527870178,305.221679688
-76.438011169,28.257059097,413.460266113
-75.597465515,28.802488327,297.716613770
-76.304962158,28.054565430,419.442871094
-75.635040283,26.803262711,211.459915161
-76.192550659,26.548145294,205.694015503
-77.281402588,28.635490417,299.322631836
-73.789131165,27.494371414,40.639247894
-76.902160645,28.292428970,385.856201172
-76.471916199,27.815177917,407.685882568
-75.237213135,28.541975021,262.581207275
-75.137184143,28.289962769,258.380371094
-74.874656677,26.454303741,85.024620056
-76.782363892,27.800325394,400.083892822
-75.934783936,27.976211548,395.400695801
-77.780204773,30.989267349,9.302217484
-74.401092529,27.453355789,107.388671875
-75.578109741,27.814672470,334.487487793
-76.838851929,26.977666855,284.696258545
-76.678703308,28.200662613,410.947357178
-74.288368225,29.022796631,74.516952515
-77.262397766,28.120271683,339.039611816
-77.820945740,28.195121765,230.669204712
-76.973510742,28.446147919,360.666381836
-75.105506897,26.694093704,135.166854858
-76.823905945,27.935993195,400.782531738
-77.718849182,28.342966080,243.561965942
-76.542175293,26.795749664,254.700836182
-76.729866028,27.578279495,385.654785156
-77.186485291,27.749572754,343.875061035
-76.870155334,27.104433060,304.203582764
-78.588783264,27.863758087,94.105468750
-77.249862671,28.146541595,340.088745117
-76.470046997,27.523746490,389.891448975
-76.525733948,26.402359009,183.739501953
-75.588706970,27.631530762,328.740722656
-76.846244812,27.495334625,368.382781982
-76.112289429,27.165199280,326.353912354
-77.219543457,26.316474915,133.086578369
-74.979469299,29.367149353,135.433563232
-76.478096008,28.623834610,380.642974854
-77.997604370,28.847879410,157.670440674
-77.014602661,28.849370956,306.084686279
-77.328605652,28.972524643,245.212234497
-77.606781006,28.197887421,275.948883057
-77.839920044,27.426542282,208.585601807
-78.465019226,25.379079819,10.955317497
-75.542961121,28.193435669,340.593627930
-75.480323792,26.920732498,215.484664917
-78.116775513,28.159137726,169.078094482
-77.649909973,28.842739105,216.555511475
-76.410469055,28.795658112,358.894989014
-77.147727966,27.749359131,348.027740479
-76.542343140,27.811075211,410.616424561
-77.321426392,27.541625977,308.165588379
-76.157508850,28.223222733,408.829315186
-75.795555115,27.541156769,351.292572021
-75.826004028,28.315525055,370.440429688
-76.618385315,27.853670120,406.604370117
-76.700347900,26.741849899,245.462997437
-76.760581970,27.465003967,370.253936768
-77.359802246,28.071468353,325.815765381
-75.331832886,28.719718933,261.606384277
-77.207771301,27.080619812,265.064849854
-76.511024475,27.553758621,391.502380371
-75.474113464,28.193550110,331.226959229
-74.587318420,26.534616470,63.260200500
-76.006164551,28.311973572,398.687377930
-77.728446960,26.953226089,167.760482788
-75.751312256,28.322317123,362.420227051
-77.095748901,28.570699692,333.595184326
-75.663253784,28.903282166,292.041503906
-77.339424133,28.740226746,277.434967041
-76.627426147,28.446172714,393.091522217
-77.402061462,26.294532776,116.150718689
-74.048271179,28.170507431,70.194290161
-76.812225342,26.267736435,146.839721680
-76.409156799,27.012825012,303.389434814
-75.442092896,26.952325821,213.031448364
-75.642837524,25.390464783,35.455593109
-75.410362244,27.943492889,312.522705078
-76.429412842,30.169910431,86.319664001
-75.532821655,27.824428558,324.302307129
-77.624824524,25.452104568,34.187644958
-77.328796387,27.616065979,314.938934326
-74.877983093,25.377819061,17.475940704
-76.203796387,29.111495972,288.360900879
-76.659446716,28.281230927,407.086517334
-77.344619751,28.368246078,310.302398682
-77.199226379,28.110498428,349.422668457
-75.457672119,31.305805206,9.846897125
-76.388587952,27.743965149,405.183197021
-78.078613281,26.791950226,102.696632385
-76.305549622,28.296535492,408.305603027
-74.829429626,28.155143738,195.919387817
-75.936775208,27.781898499,388.874633789
-74.792861938,27.503969193,166.237426758
-74.648262024,29.429813385,93.507453918
-76.122909546,26.620687485,217.864379883
-75.892715454,27.835517883,382.785247803
-77.726417542,28.276821136,246.354827881
-77.826622009,28.030204773,236.901687622
-76.276565552,28.849956512,350.483764648
-76.837738037,28.345838547,390.132110596
-76.106689453,27.477951050,375.056152344
-75.365798950,27.673513412,295.122772217
-74.934265137,29.446256638,123.368164062
-76.096031189,29.352081299,235.869659424
-77.043243408,28.988418579,277.723480225
-75.347206116,28.385566711,296.053466797
-76.874588013,27.023725510,287.008605957
-75.583435059,29.070995331,250.129364014
-73.900001526,28.485181808,52.550773621
-75.751007080,30.141027451,89.896179199
-76.631546021,27.263856888,351.155517578
-76.124916077,28.005397797,411.959869385
-76.095161438,27.392833710,364.775573730
-75.924339294,28.499137878,373.582366943
-78.612609863,26.667108536,42.479381561
-76.264465332,29.628376007,184.841598511
-78.026306152,27.189111710,145.145660400
-76.936584473,27.510391235,360.565551758
-74.950698853,26.788627625,127.205375671
-77.770088196,28.627775192,216.665008545
-77.890266418,27.974056244,220.307861328
-74.136398315,27.004123688,52.630962372
-77.822753906,28.762481689,195.858291626
-77.124046326,27.974000931,360.912322998
-76.433204651,27.500131607,384.127807617
-75.593658447,28.039197922,346.400512695
-78.788124084,30.175611496,10.649816513
-77.406929016,29.388237000,168.175231934
-76.634162903,26.108785629,126.612365723
-76.835899353,27.921176910,399.651214600
-77.103347778,26.853855133,238.947280884
-77.128395081,27.468162537,325.153228760
-76.275070190,28.646419525,379.335388184
-75.152709961,29.425636292,144.057434082
-75.738594055,27.570659637,346.962921143
-76.483787537,26.956922531,293.934906006
-75.858512878,28.137279510,380.715148926
-76.647743225,28.268882751,408.154296875
-76.302673340,28.524305344,391.653320312
-77.056648254,29.567317963,166.203720093
-76.612678528,27.962829590,412.694427490
-76.349464417,26.419946671,188.480987549
-75.377090454,26.643325806,164.507125854
-76.196228027,28.282796860,406.142761230
-76.922660828,27.189086914,312.050842285
-76.745834351,27.467906952,371.373229980
-75.871810913,28.283779144,383.112365723
-75.519447327,29.211404800,210.509552002
-76.411026001,28.462770462,396.663787842
-77.472145081,27.384881973,269.189392090
-77.931861877,28.172039032,207.079803467
-77.642440796,30.123477936,53.704998016
-76.868812561,28.390394211,380.058044434
-76.212982178,28.166112900,416.495269775
-76.028495789,28.167253494,404.530426025
-75.188430786,27.048173904,190.274581909
-76.512016296,27.464439392,381.070434570
-75.593368530,28.053176880,348.217651367
-76.661521912,28.212602615,410.554992676
-76.817153931,28.322774887,393.774078369
-75.871940613,28.466346741,369.128662109
-77.133598328,28.357378006,339.872802734
-77.121017456,28.734422684,308.599578857
-75.327140808,27.770944595,291.658996582
-76.970794678,28.640567780,343.995513916
-78.380241394,26.297601700,40.762428284
-75.577003479,26.930366516,228.915588379
-76.248382568,26.640943527,227.607666016
-76.596801758,29.429637909,215.958618164
-76.191390991,28.769472122,359.337341309
-76.146469116,27.754608154,403.623596191
-76.007369995,28.982316971,303.729675293
-75.641769409,28.802104950,304.992584229
-73.459648132,28.129188538,24.919075012
-74.779739380,27.101182938,137.988250732
-76.100334167,26.318473816,161.997406006
-77.386962891,27.892734528,319.543304443
-78.603988647,28.244924545,92.686698914
-77.035568237,27.707511902,367.493133545
-75.925239563,28.649251938,358.093994141
-75.108894348,28.216043472,252.971755981
-78.111549377,28.204511642,169.760467529
-76.989105225,29.378597260,216.393020630
-76.566337585,28.523857117,388.156097412
-77.277793884,26.835815430,208.969589233
-76.901062012,25.823680878,79.731567383
-77.868881226,27.132993698,169.217346191
-74.890266418,29.455276489,115.780746460
-76.370704651,27.944917679,413.828918457
-75.538452148,28.244787216,338.580200195
-76.416824341,27.492090225,382.585327148
-77.054008484,29.294887543,223.329605103
-77.087829590,28.579269409,332.392303467
-75.934844971,27.239168167,328.731964111
-75.100265503,28.866109848,202.930007935
-75.052169800,28.738582611,208.265609741
-74.843864441,28.485439301,193.852615356
-74.742538452,27.859716415,173.949523926
-77.088844299,28.746768951,311.669097900
-74.776664734,27.112648010,138.150894165
-74.779571533,27.583095551,171.077728271
-76.039642334,29.009563446,302.710662842
-77.016014099,28.317869186,363.772033691
-77.125968933,28.187463760,352.709442139
-75.882125854,28.814716339,331.235229492
-74.965896606,29.050809860,162.475234985
-76.883789062,29.822637558,131.773620605
-74.696189880,27.443391800,146.447341919
-75.195999146,28.371429443,269.440887451
-75.607299805,28.513423920,327.508911133
-76.188438416,27.120206833,318.999786377
-76.799438477,26.866958618,263.523193359
-76.482475281,28.033542633,418.235290527
-76.969329834,27.909484863,387.490753174
-76.386985779,28.112821579,418.871734619
-76.618324280,26.706171036,238.300445557
-76.281562805,27.520023346,389.876373291
-76.549751282,26.213743210,140.528076172
-76.974342346,26.388729095,157.267471313
-76.957672119,29.339515686,223.566131592
-76.966583252,28.308664322,372.025054932
-76.484344482,26.194871902,138.617202759
-77.978904724,29.234752655,120.691696167
-76.726898193,29.004560471,306.621398926
-78.115913391,29.563697815,76.136764526
-75.409080505,28.608114243,284.458007812
-76.919403076,28.336122513,381.268585205
-74.730484009,28.431993484,171.249359131
-76.659416199,28.462383270,391.392395020
-75.684432983,27.950681686,359.675933838
-76.887847900,25.451347351,52.018295288
-74.203598022,26.089069366,21.083654404
-76.642448425,29.089225769,292.399627686
-75.065650940,26.513891220,109.477584839
-76.844825745,26.850164413,260.385437012
-75.826232910,29.530391693,183.465805054
-75.661888123,26.966051102,244.932769775
-78.173164368,28.041271210,160.944534302
-76.076484680,26.749488831,238.335205078
-75.738510132,28.837205887,308.689086914
-75.988273621,27.629665375,381.716308594
-76.009323120,26.862012863,257.909271240
-76.183715820,26.709093094,241.119903564
-76.193794250,28.589427948,387.252593994
-76.409690857,28.334926605,405.284454346
-76.719512939,25.208307266,34.601661682
-77.473823547,27.972589493,302.027496338
-74.947113037,27.966566086,218.979064941
-76.524230957,27.489347458,385.723083496
-76.779953003,28.944601059,317.101562500
-77.325248718,27.322004318,284.800018311
-76.371658325,29.677852631,174.137039185
-76.434120178,27.877826691,411.886413574
-76.990791321,27.363157272,335.218902588
-78.808067322,28.514228821,66.304832458
-77.472579956,28.104467392,300.837219238
-75.591163635,26.314788818,134.590499878
-75.501892090,27.349580765,287.793853760
-75.793998718,26.299501419,143.602828979
-76.734886169,27.804283142,404.466217041
-76.695411682,28.781684875,350.454742432
-75.626411438,28.503381729,329.940979004
-76.461074829,28.899925232,336.682037354
-78.457946777,28.485221863,109.013259888
-76.752334595,26.707622528,237.923004150
-74.357414246,29.328590393,71.268959045
-76.110137939,28.646249771,374.158020020
-75.005714417,26.781330109,133.529327393
-77.446990967,27.706277847,298.429748535
-76.910224915,28.439950943,371.083465576
-75.915702820,28.337203979,387.303161621
-75.618659973,29.384481430,195.722518921
-77.346023560,28.080736160,328.322387695
-75.423210144,28.325275421,314.634704590
-77.087806702,26.975051880,260.850646973
-74.926933289,29.546253204,112.536613464
-75.859832764,28.441179276,369.996978760
-77.865676880,28.844900131,177.654174805
-76.361083984,27.788957596,406.131744385
-78.141761780,29.203842163,107.795562744
-76.601928711,28.133565903,411.721008301
-76.197952271,27.850711823,408.824768066
-76.440261841,28.786958694,358.735229492
-74.498916626,28.536911011,125.722404480
-74.945899963,27.556407928,196.853866577
-75.130882263,28.073211670,261.953125000
-75.172622681,28.826324463,221.150604248
-78.398246765,27.602682114,114.953887939
-77.590789795,27.721061707,274.285797119
-75.995262146,31.285572052,10.787523270
-76.684677124,28.968648911,314.975128174
-75.565605164,27.604101181,323.751953125
-75.870864868,27.432678223,349.552093506
-76.010398865,28.444702148,385.808898926
-75.512710571,27.938007355,329.909759521
-76.538658142,26.900722504,281.318206787
-76.854522705,29.415512085,216.401184082
-75.243461609,27.770318985,273.842254639
-75.876419067,29.347232819,228.662826538
-76.855125427,27.828569412,395.930389404
-76.002136230,27.660354614,385.495971680
-77.387756348,28.128765106,317.956085205
-76.240173340,27.761987686,401.561950684
-75.902702332,27.858779907,385.906707764
-75.809257507,29.535009384,180.027832031
-75.668777466,28.625001907,330.312805176
-76.158576965,26.721757889,240.952972412
-76.837059021,29.068162918,281.474609375
-75.477607727,28.200241089,330.766754150
-74.881156921,29.123678207,147.277038574
-77.055870056,28.015233994,369.397308350
-75.900009155,29.248849869,245.885528564
-75.648933411,28.379453659,345.041992188
-75.475242615,27.127124786,248.990676880
-76.100639343,27.646165848,395.370697021
-76.651435852,27.333553314,361.086273193
-75.332511902,26.735538483,171.584991455
-76.798233032,29.370754242,225.475173950
-75.505081177,28.872915268,269.582458496
-76.211929321,27.489253998,384.130584717
-76.054183960,29.355312347,234.113494873
-80.791748047,27.638097763,2.705509424
-76.766563416,27.665094376,393.475250244
-74.913002014,28.492488861,202.152984619
-76.833900452,27.699943542,390.095428467
-76.761856079,27.468870163,370.381652832
-76.223518372,26.993217468,291.592071533
-76.053840637,27.953254700,408.803710938
-76.276451111,28.295841217,407.492889404
-77.289764404,26.552389145,159.057418823
-78.652175903,28.177654266,88.816085815
-76.280830383,29.601530075,188.082183838
-77.745223999,28.977273941,178.738296509
-75.846496582,25.815029144,76.363723755
-76.017837524,27.455173492,365.290039062
-76.042152405,28.694829941,361.407653809
-76.907936096,28.337448120,381.684326172
-77.562301636,29.006652832,208.471740723
-76.279777527,29.478431702,209.296829224
-77.323516846,28.944475174,249.748733521
-76.611618042,28.452425003,392.533782959
-76.987174988,27.194574356,309.643676758
-76.616088867,28.864011765,341.343292236
-76.589324951,28.092998505,415.211669922
-76.645339966,27.456478119,378.523986816
-75.931106567,27.687778473,380.505371094
-74.890609741,28.397073746,199.587905884
-77.242294312,29.051702499,242.662963867
-76.210487366,26.983974457,289.728027344
-77.882583618,24.551988602,6.721487045
-78.453285217,29.662399292,42.039951324
-76.302108765,27.752361298,399.541290283
-75.932472229,29.410610199,220.024749756
-76.893432617,29.166767120,262.423828125
-76.332275391,28.320991516,406.704132080
-77.759483337,28.086158752,246.279510498
-78.129425049,28.280178070,166.016418457
-75.672492981,27.557588577,337.406280518
-76.238380432,28.258102417,409.566345215
-77.898529053,27.099517822,161.021728516
-75.906997681,28.800012589,336.918609619
-76.410369873,26.663536072,233.818222046
-75.681610107,30.622253418,43.292976379
-76.963912964,26.970529556,273.031860352
-69.470932007,89.587097168,131.838562012
-71.755287170,88.756385803,371.407989502
-69.889137268,88.743888855,220.621490479
-72.449867249,88.385246277,240.476135254
-71.159454346,89.002502441,400.109710693
-71.298233032,89.242675781,393.956939697
-70.950607300,89.314720154,378.152648926
-71.237884521,87.476676941,193.539382935
-70.384338379,88.189331055,253.268020630
-72.084449768,89.858619690,286.997497559
-71.624137878,89.914451599,317.607818604
-70.652824402,88.437721252,322.133239746
-70.481834412,89.651100159,304.796264648
-70.545631409,89.365547180,340.212646484
-70.319053650,91.036994934,82.029243469
-71.171737671,88.951080322,404.667388916
-70.621345520,89.539962769,334.999572754
-71.934097290,88.747802734,343.568420410
-72.294227600,89.294059753,298.675292969
-69.796775818,88.998924255,214.069076538
-70.264335632,91.479797363,35.333217621
-72.002441406,89.149139404,355.114288330
-70.332481384,88.515304565,281.475250244
-70.937995911,89.213920593,383.305847168
-71.518127441,90.550849915,200.052352905
-70.946807861,86.942291260,90.746994019
-70.835159302,88.822242737,377.614288330
-71.246925354,89.173599243,399.400634766
-70.585403442,89.157119751,349.294006348
-72.033683777,91.774543762,33.940681458
-71.012161255,88.855690002,396.730865479
-70.317619324,87.536758423,151.052413940
-71.058883667,90.039176941,295.461975098
-72.184539795,89.133262634,322.669586182
-72.126106262,87.187324524,110.898712158
-72.788116455,87.964286804,150.027297974
-70.894546509,89.646179199,345.420959473
-68.773780823,89.150238037,59.838218689
-70.834350586,89.788635254,328.214904785
-70.795494080,90.811126709,137.240890503
-69.445243835,88.328041077,125.374778748
-71.621459961,89.310241699,383.251251221
-72.191955566,89.565040588,301.012573242
-71.132125854,89.828804016,338.315887451
-69.186088562,88.432823181,100.357078552
-71.416366577,89.233009338,391.586547852
-71.201972961,88.370285034,362.747406006
-70.441543579,86.720954895,58.962936401
-70.901298523,88.683433533,376.799530029
-71.388893127,88.834724426,397.528900146
-72.682861328,87.863830566,153.463226318
-70.369308472,89.284439087,319.162414551
-71.426559448,89.562652588,373.399017334
-72.680305481,89.044944763,227.729324341
-71.053054810,89.744598389,346.367675781
-71.504295349,89.551879883,372.298614502
-71.275558472,89.342117310,386.249725342
-70.535530090,90.307319641,209.888534546
-71.216384888,89.642539978,360.972106934
-71.074981689,88.193138123,328.373443604
-70.167663574,88.507896423,248.828506470
-70.823898315,88.525856018,357.857666016
-72.226654053,90.511123657,161.262329102
-71.232597351,91.474914551,63.389282227
-70.173210144,88.544296265,255.996643066
-73.285667419,88.561683655,119.706283569
-71.777915955,90.374549866,227.084243774
-69.032196045,88.826286316,95.994667053
-71.500007629,89.173141479,392.739105225
-72.619071960,88.649955750,229.083404541
-69.892646790,89.435920715,217.458358765
-72.641387939,90.270057678,141.494750977
-72.264259338,88.754196167,296.033874512
-71.049644470,89.261314392,389.997558594
-72.897636414,88.775665283,180.159988403
-71.760765076,89.459503174,359.878356934
-70.793228149,89.897094727,304.495697021
-71.290748596,88.708747864,390.178283691
-71.289848328,88.318641663,354.071502686
-71.769554138,87.155906677,123.053878784
-72.428077698,87.821990967,180.512985229
-72.788047791,88.373840332,187.541641235
-72.224945068,89.435577393,305.853576660
-71.657295227,89.072723389,385.448883057
-70.997917175,89.836791992,328.675109863
-72.479377747,87.019775391,82.923645020
-71.783454895,90.111198425,278.212738037
-70.974861145,90.085151672,278.951049805
-72.403060913,88.641777039,267.769195557
-72.732208252,90.439491272,111.006721497
-70.964256287,88.114028931,305.080291748
-72.029212952,89.314208984,341.372802734
-70.858047485,89.434356689,362.432830811
-71.125793457,89.905448914,324.511505127
-70.786102295,90.291175842,230.901321411
-72.339004517,90.554595947,144.749969482
-71.857063293,89.771003723,322.445373535
-69.430328369,88.989334106,142.750579834
-72.070808411,87.921867371,237.699493408
-71.515998840,89.755775452,349.733215332
-71.066711426,88.882041931,398.218139648
-70.232574463,89.396980286,292.981994629
-73.605697632,88.033210754,57.643943787
-70.879051208,90.201339722,250.251403809
-69.926437378,88.974800110,237.173019409
-70.867996216,89.816444397,325.202026367
-73.147972107,88.215919495,121.134620667
-71.450096130,90.410552979,226.804626465
-71.404922485,89.702667236,355.860412598
-70.848297119,89.628456116,343.725799561
-72.919799805,88.164573669,147.165435791
-72.812408447,86.352523804,25.251192093
-72.286140442,87.451744080,143.165344238
-71.976799011,88.441688538,316.979949951
-70.662635803,88.890319824,359.242797852
-71.828384399,90.033042908,287.858154297
-70.576812744,87.330558777,132.357666016
-70.771224976,90.241409302,237.992340088
-72.956535339,87.945297241,129.470672607
-71.709129333,87.536392212,192.605041504
-71.690841675,87.028373718,109.108436584
-72.624412537,88.677345276,229.134338379
-71.796073914,87.637893677,207.411834717
-71.882301331,88.984596252,364.765563965
-71.858215332,88.228202820,299.634674072
-70.117980957,89.328094482,270.893707275
-71.090614319,87.696304321,229.173339844
-71.059158325,88.535911560,374.782653809
-72.486579895,92.021675110,20.798294067
-70.527893066,90.779548645,126.621620178
-71.398254395,89.853202820,332.750823975
-69.067626953,89.583648682,79.411544800
-72.080841064,87.913497925,234.623764038
-71.683105469,89.317085266,378.483215332
-67.968887329,89.940956116,11.981301308
-72.522926331,89.201431274,257.415100098
-71.019905090,90.142471313,272.171508789
-72.616004944,89.650588989,217.611679077
-71.093101501,88.357254028,353.142639160
-70.575378418,90.150032043,238.300277710
-71.032272339,87.674713135,221.444503784
-72.459861755,89.542648315,256.483215332
-70.900764465,89.812828064,329.185577393
-70.299583435,88.918754578,312.660888672
-70.762092590,90.928153992,119.540107727
-71.619758606,91.221694946,91.252990723
-71.997650146,88.032356262,262.291412354
-70.209487915,88.542915344,263.120971680
-72.041252136,88.766555786,330.805572510
-73.206512451,90.417297363,66.062911987
-69.772674561,88.388092041,176.882125854
-71.728630066,87.076164246,114.669967651
-71.388473511,90.124290466,284.460205078
-72.082656860,90.298522949,210.352447510
-69.838249207,88.063072205,159.499298096
-72.532211304,89.128517151,253.313339233
-69.890480042,88.134292603,169.162322998
-71.451339722,90.249397278,256.598571777
-70.882789612,86.129928589,27.912504196
-72.962295532,89.426818848,167.848602295
-70.140373230,89.889007568,220.202178955
-72.135414124,87.706657410,191.593215942
-69.747726440,90.005592346,141.646652222
-71.244834900,89.965576172,315.336212158
-70.986099243,89.388946533,375.666931152
-71.037734985,87.727706909,229.617263794
-72.469810486,89.066291809,266.752227783
-72.482429504,90.377464294,149.332489014
-70.026512146,89.411247253,247.419769287
-73.554832458,88.508483887,78.454086304
-71.719131470,89.271293640,376.916137695
-70.492660522,87.415466309,143.567657471
-71.723579407,89.275596619,376.715057373
-72.319313049,90.667579651,128.160186768
-71.964973450,87.476486206,171.994781494
-70.222305298,88.553359985,265.788330078
-70.111747742,89.065612793,275.554351807
-71.006584167,88.614479065,380.055664062
-70.208686829,87.955551147,197.209152222
-68.782325745,88.906509399,67.004318237
-69.986900330,90.299415588,142.584106445
-71.136306763,89.397056580,384.399810791
-72.947227478,89.470252991,165.491302490
-71.847343445,89.762741089,323.762969971
-73.612182617,88.212974548,66.215553284
-70.822319031,88.952438354,377.293029785
-71.298530579,88.336425781,356.753204346
-71.680664062,88.655792236,367.768554688
-68.092262268,88.944343567,17.845073700
-72.405044556,89.918830872,222.139556885
-71.369369507,88.679611206,386.671478271
-71.084609985,88.822685242,394.397430420
-69.949775696,88.703804016,229.749649048
-70.328720093,89.461006165,304.133514404
-70.438827515,91.021080017,90.485885620
-70.676071167,88.557464600,340.867126465
-70.651153564,89.299468994,352.668060303
-70.398666382,89.175483704,325.627716064
-71.694839478,90.791320801,152.591873169
-71.196563721,90.347618103,237.384094238
-72.066825867,88.312515259,293.798980713
-72.432868958,87.147865295,95.155532837
-71.653015137,89.213531494,380.653747559
-73.042007446,89.308761597,152.374099731
-71.693168640,88.700607300,371.802764893
-70.839294434,88.771911621,378.508819580
-72.780052185,89.340103149,201.790206909
-71.433372498,89.730384827,352.524536133
-71.660232544,90.987792969,124.113296509
-72.148010254,89.028923035,325.625061035
-71.013221741,89.257492065,386.363189697
-71.626419067,89.017089844,387.355316162
-69.812614441,89.466659546,199.475204468
-71.026496887,87.513130188,193.251419067
-71.762313843,90.298568726,239.161315918
-71.349166870,90.054229736,298.250152588
-73.764144897,89.570404053,52.510097504
-71.685791016,89.547782898,359.634765625
-71.238800049,88.885017395,401.117187500
-72.032920837,89.282897949,341.580108643
-73.014183044,89.169509888,166.137237549
-70.157608032,88.085639954,208.614562988
-71.548843384,89.252471924,391.094573975
-71.055236816,89.306694031,385.816894531
-71.057800293,88.487937927,367.771118164
-71.706771851,89.594757080,351.992950439
-72.372840881,87.765472412,179.048233032
-71.106147766,88.831077576,396.707855225
-70.795959473,88.512306213,352.857910156
-72.199020386,88.382217407,288.088439941
-71.402313232,88.574920654,382.838287354
-72.119613647,89.224227905,335.237457275
-69.745552063,87.857452393,127.210845947
-71.291679382,87.421981812,180.883438110
-71.322410583,88.577354431,388.128448486
-70.725631714,89.030265808,366.627868652
-69.793098450,89.233299255,211.090377808
-70.107902527,89.722145081,236.720458984
-71.417335510,89.545486450,376.515014648
-71.631439209,87.109268188,119.629432678
-71.601814270,88.817344666,386.306091309
-71.855720520,89.139358521,365.787414551
-72.964469910,88.761657715,168.522018433
-70.835121155,88.285972595,321.376861572
-72.111351013,90.187187195,230.220596313
-72.276275635,91.004478455,83.890686035
-70.676025391,89.511238098,339.435302734
-73.263313293,89.694435120,100.293037415
-69.534866333,87.850494385,104.519577026
-70.621490479,87.392829895,148.549789429
-72.872070312,88.264549255,165.538909912
-70.306381226,90.353141785,176.405181885
-72.242698669,89.417793274,303.982910156
-72.304695129,89.152435303,296.609741211
-71.175758362,87.604911804,217.928024292
-71.012763977,88.129440308,313.881378174
-72.103126526,88.911262512,328.275573730
-73.460044861,88.932983398,96.671234131
-71.475639343,89.309631348,386.723510742
-71.877616882,88.643348694,343.357604980
-71.549682617,88.797706604,385.686920166
-70.398498535,89.505722046,309.206481934
-72.160125732,90.611785889,154.849151611
-72.519042969,87.797431946,167.118209839
-70.785003662,89.545463562,350.244628906
-70.354675293,88.552047729,290.798919678
-69.439292908,88.190238953,120.631072998
-68.829566956,89.190986633,65.750106812
-71.500419617,90.448974609,220.115707397
-70.903533936,89.727249146,339.048400879
-70.706214905,88.449684143,332.848754883
-72.249504089,88.450485229,283.526611328
-70.193115234,88.229827881,228.698974609
-70.518280029,89.553771973,320.618225098
-72.546684265,89.677093506,224.674453735
-72.560142517,89.750160217,217.253051758
-70.039466858,87.989768982,181.942306519
-70.616447449,89.317199707,347.932525635
-71.574150085,88.512886047,368.088958740
-70.251693726,88.016075134,210.503646851
-72.710266113,88.878852844,216.409988403
-70.896911621,89.823844910,327.304443359
-71.432907104,89.596298218,372.098266602
-72.481231689,89.217422485,266.231201172
-70.047149658,88.659805298,244.053863525
-70.928283691,88.613059998,372.223297119
-69.603187561,89.473785400,160.934738159
-71.158470154,89.617912292,362.219329834
-70.745506287,87.786277771,230.918518066
-70.367614746,88.406539917,273.653350830
-71.635520935,88.653541565,371.763397217
-72.598854065,87.291572571,98.149047852
-71.023468018,88.920913696,396.132965088
-73.958717346,88.575942993,41.112232208
-71.729652405,89.841270447,323.111541748
-70.394744873,89.901687622,264.693786621
-71.027458191,88.969970703,394.934356689
-71.231964111,87.326133728,158.207382202
-72.733551025,88.221931458,183.682525635
-70.773239136,88.897293091,372.566589355
-72.846626282,91.334533691,37.858428955
-71.497512817,88.020027161,298.420593262
-72.764869690,89.686233521,188.449645996
-69.141914368,89.438835144,92.625228882
-71.737533569,88.646797180,362.368316650
-72.110778809,88.015518188,249.034896851
-68.950195312,87.751342773,51.266704559
-71.293579102,87.928291321,280.744598389
-71.047340393,88.666664124,383.783477783
-71.493591309,90.345520020,237.733734131
-71.575386047,88.142745972,318.234252930
-70.358413696,90.146049500,216.124542236
-70.955703735,89.888458252,314.257537842
-71.848335266,89.768295288,321.661499023
-71.142822266,89.860549927,330.707031250
-72.122985840,88.740608215,318.072296143
-72.547515869,87.778846741,160.828857422
-71.640144348,89.316627502,382.687896729
-73.475540161,89.582817078,81.728942871
-69.162582397,89.453544617,95.477890015
-72.413764954,88.378616333,249.250976562
-70.735191345,89.769294739,320.087493896
-71.305541992,88.788116455,393.952728271
-73.082839966,89.955154419,107.385894775
-73.373672485,88.054298401,86.578239441
-72.206298828,88.707557678,301.899536133
-69.077674866,90.223129272,47.000370026
-72.479148865,87.010452271,82.705627441
-70.849746704,87.886093140,257.916320801
-71.489715576,87.546783447,201.757522583
-71.775947571,88.766777039,369.145477295
-72.588050842,88.266632080,207.869537354
-71.523216248,90.319496155,241.211929321
-71.002830505,89.244575500,387.507965088
-69.320014954,89.764923096,99.744209290
-71.692687988,89.854034424,324.035980225
-69.631134033,90.012329102,125.156425476
-72.529182434,89.977493286,194.953643799
-70.416412354,88.830108643,326.770965576
-70.421073914,88.824028015,327.519226074
-72.429824829,87.929878235,196.229125977
-71.891914368,88.231941223,297.707183838
-70.249221802,89.158813477,305.336181641
-70.677299500,88.692375183,350.385437012
-72.638938904,88.726081848,228.876998901
-71.203125000,88.353820801,360.145782471
-71.210128784,87.760543823,246.294097900
-70.418922424,87.824462891,200.719802856
-69.956680298,89.526382446,229.197265625
-71.865310669,89.721740723,325.534240723
-71.847137451,88.797828674,358.786315918
-70.456909180,90.160491943,226.976226807
-71.602005005,87.660034180,223.056396484
-71.014015198,88.565391541,375.897033691
-71.679557800,88.664199829,367.444000244
-71.712768555,88.185371399,308.741668701
-73.225875854,89.405586243,118.529678345
-70.492134094,87.123115540,102.376327515
-73.839370728,89.956626892,39.609859467
-71.586471558,89.389923096,379.627746582
-71.227867126,86.939819336,97.761711121
-69.802307129,91.667388916,16.084014893
-70.805175781,89.004409790,377.795623779
-69.792861938,89.390167236,201.080657959
-71.576965332,89.882041931,323.797454834
-70.910934448,89.399040222,368.334991455
-71.747901917,87.141326904,120.862495422
-71.410972595,89.056884766,396.605651855
-73.430717468,89.241355896,97.523796082
-70.359001160,87.791816711,188.944107056
-71.568443298,89.114540100,390.551025391
-69.976776123,86.794815063,50.934932709
-73.149391174,90.355895996,76.506484985
-72.181938171,88.754028320,305.670776367
-72.172454834,87.943641663,232.526626587
-69.577461243,88.330894470,145.077743530
-70.042060852,88.714622498,249.459716797
-70.333015442,87.848480225,194.156906128
-70.747924805,88.692230225,360.147430420
-71.624252319,88.795097351,382.385284424
-70.419654846,88.703987122,319.596435547
-71.841583252,89.559509277,342.154724121
-71.921630859,88.196868896,291.755249023
-71.390480042,88.436637878,370.464172363
-70.897239685,89.911659241,310.520935059
-71.208511353,89.183273315,396.786560059
-71.261947632,88.757041931,392.578369141
-70.342201233,89.214935303,318.010314941
-69.426528931,88.691040039,139.790451050
-72.241088867,87.605957031,164.721572876
-71.306083679,87.270378113,149.568252563
-70.759620667,88.144973755,298.386199951
-71.123641968,89.276702881,388.443542480
-72.085243225,89.852851868,287.213439941
-69.795158386,89.996940613,149.116287231
-72.038291931,90.787872314,132.171112061
-70.646911621,88.056137085,268.797424316
-72.309600830,91.327819824,54.551170349
-69.676574707,90.951942444,44.465282440
-71.262374878,91.670257568,46.862056732
-72.342338562,89.205444336,291.003204346
-71.438339233,88.876525879,396.564941406
-72.388275146,88.607254028,266.672271729
-70.999298096,88.933303833,395.188049316
-70.511222839,89.361999512,336.785461426
-73.833290100,89.054267883,55.336532593
-70.521446228,89.535903931,324.971527100
-72.194534302,88.780464172,308.454040527
-71.569831848,88.873016357,390.869476318
-70.796478271,89.698181152,336.269378662
-72.185424805,87.251441956,119.346145630
-70.676269531,89.864036560,299.639617920
-70.924156189,89.137786865,388.901062012
-72.152107239,87.656906128,184.399429321
-71.555778503,87.917732239,272.430938721
-71.986640930,89.227775574,352.888549805
-70.709289551,89.713417053,325.947265625
-70.874359131,87.630348206,208.241699219
-71.893791199,88.236648560,297.857482910
-70.291503906,90.493934631,152.844894409
-72.789550781,86.994110107,60.477920532
-70.802757263,90.594123840,176.840972900
-71.693153381,88.902740479,383.578765869
-71.692962646,90.175582886,265.342132568
-72.998016357,89.546997070,153.196472168
-71.285873413,89.050331116,400.858734131
-71.907943726,87.669105530,203.572799683
-71.446830750,88.448593140,368.822296143
-70.306274414,89.082138062,311.947509766
-71.358764648,89.809616089,340.665130615
-71.194534302,89.017845154,402.295928955
-70.436225891,88.795349121,328.394134521
-71.580871582,89.482810974,372.571411133
-69.673774719,87.606506348,99.144424438
-71.461868286,86.858299255,91.290824890
-70.726554871,89.419914246,352.908508301
-69.284370422,88.244308472,105.870819092
-70.950347900,89.323265076,377.403900146
-70.117164612,89.047439575,275.877410889
-72.367225647,90.440551758,153.516372681
-71.806114197,90.225418091,250.912368774
-70.033172607,90.048217773,180.179397583
-71.151977539,88.646240234,388.716247559
-69.872489929,89.783973694,186.461532593
-71.712425232,88.312477112,323.410095215
-69.120315552,90.012985229,60.890747070
-70.202514648,89.080230713,295.179687500
-72.373580933,89.245071411,284.600463867
-70.376609802,88.796882629,320.537597656
-71.171363831,89.880630493,329.326354980
-70.167434692,89.045494080,286.574890137
-72.584136963,88.937980652,241.405944824
-73.216423035,90.744705200,48.220260620
-70.082580566,87.763168335,161.827835083
-72.149200439,87.894935608,226.950637817
-71.708862305,89.180969238,376.892730713
-71.231506348,88.565017700,380.206726074
-69.901237488,87.666954041,128.295089722
-72.060813904,88.697586060,323.238067627
-71.393386841,90.518791199,210.461975098
-70.760932922,87.922500610,257.651428223
-72.490104675,90.572448730,126.080131531
-71.328323364,89.593742371,372.721771240
-71.833427429,90.694572449,162.982162476
-71.628059387,88.863815308,388.336029053
-71.568412781,88.981872559,392.694061279
-71.385498047,87.532554626,200.354385376
-71.736808777,89.979423523,302.432922363
-73.540931702,89.034149170,85.111343384
-72.501159668,90.928138733,78.803329468
-72.069793701,87.086547852,102.555511475
-71.695716858,90.611961365,184.876586914
-71.693778992,89.165390015,379.878082275
-71.964332581,87.874610901,242.502700806
-71.695938110,87.596694946,207.053421021
-70.023880005,88.988777161,255.010284424
-72.485931396,88.745956421,259.516113281
-73.044670105,88.652954102,151.531692505
-70.969108582,88.212532043,322.348876953
-70.808952332,89.553092957,349.544036865
-71.269622803,90.275772095,250.675323486
-69.568321228,88.504417419,151.930419922
-70.618835449,88.703865051,344.869018555
-72.524803162,90.477142334,134.774185181
-71.091430664,89.700996399,353.165161133
-73.439155579,89.575340271,85.762557983
-72.759796143,88.430511475,195.920654297
-71.510208130,87.963920593,285.543518066
-70.400718689,90.158355713,217.728393555
-72.182586670,89.321800232,321.678710938
-72.626914978,88.198120117,199.092315674
-71.132362366,90.217094421,258.547607422
-71.540016174,88.780754089,387.946350098
-71.528266907,89.589881897,367.544708252
-71.161796570,89.348800659,386.383880615
-71.623344421,88.524406433,364.596405029
-72.150955200,88.456855774,302.738525391
-70.425285339,90.147605896,223.979080200
-70.464126587,87.804573059,205.224014282
-70.259178162,88.791267395,300.882080078
-72.201812744,87.320724487,129.882125854
-71.254150391,89.361976624,385.869476318
-71.196220398,86.792709351,79.818237305
-72.235671997,88.569396973,296.284820557
-72.770538330,88.035469055,159.641525269
-70.910507202,88.309158325,330.788543701
-70.315628052,88.887809753,313.191528320
-72.544654846,88.052696228,192.885467529
-70.421920776,86.377792358,34.688362122
-69.171714783,88.474754333,99.657920837
-72.322372437,90.800743103,107.335998535
-71.746696472,89.907295227,312.001281738
-71.848754883,90.764907837,150.171798706
-71.543647766,88.607086182,379.899230957
-72.043266296,86.895683289,83.268966675
-71.835647583,89.605712891,340.229705811
-70.103820801,87.908523560,181.908493042
-71.037994385,88.342010498,347.403503418
-70.580520630,90.606246948,159.007446289
-70.489746094,90.651733398,150.741348267
-72.975212097,87.210281372,64.979492188
-69.651153564,89.561767578,165.200668335
-72.559402466,89.140151978,246.319808960
-69.585975647,89.168434143,169.469100952
-70.568626404,88.595222473,329.547973633
-71.539642334,88.939743042,392.253143311
-69.903266907,88.947998047,233.528198242
-71.770004272,89.204277039,373.535888672
-72.404083252,87.591133118,151.842941284
-71.501029968,87.689300537,232.156921387
-72.226791382,88.906478882,311.027221680
-69.980827332,88.654815674,233.620147705
-70.304168701,89.051872253,311.836242676
-71.707221985,88.719657898,371.326263428
-70.921501160,89.251152039,379.499938965
-70.959701538,85.381927490,4.702977657
-71.354316711,89.955322266,318.408081055
-70.717681885,88.060218811,279.912261963
-69.413536072,90.009597778,97.701599121
-70.288589478,88.807502747,304.517700195
-71.490859985,87.831253052,259.661010742
-70.612380981,90.845222473,122.178779602
-72.046859741,88.649925232,322.888702393
-71.147811890,88.984779358,402.913269043
-71.169242859,90.254386902,255.018753052
-73.336814880,90.074295044,72.180847168
-70.251876831,88.632766724,279.942993164
-71.345214844,89.228698730,393.409240723
-72.244888306,88.984916687,307.200073242
-72.247711182,89.339736938,309.227447510
-72.314125061,88.627418518,284.076934814
-71.052490234,89.613700867,360.064270020
-71.191902161,87.156967163,129.151214600
-70.283447266,87.433387756,134.693771362
-71.043380737,89.379463196,380.552429199
-68.617797852,88.965415955,50.255512238
-71.305587769,90.319725037,242.344039917
-71.539398193,89.459434509,377.058532715
-71.421920776,87.477134705,190.462234497
-69.721931458,88.521568298,180.069168091
-72.129440308,88.450881958,302.949279785
-70.616851807,91.063697815,94.116386414
-71.355308533,88.666305542,385.719116211
-71.855438232,88.779365540,358.162841797
-70.467384338,89.077056885,333.611968994
-70.133865356,88.526634216,245.339202881
-72.462783813,88.750991821,262.017730713
-71.446617126,89.076690674,393.231872559
-71.954971313,87.780517578,223.654373169
-72.032836914,89.501853943,327.820190430
-71.040473938,89.109420776,394.547332764
-70.748947144,88.420852661,334.181365967
-71.314361572,89.845428467,336.585784912
-71.436851501,91.257408142,88.136070251
-72.511466980,90.269851685,160.303848267
-70.751167297,89.221504211,368.960021973
-70.870468140,88.802116394,382.470245361
-71.324295044,89.464965820,381.322967529
-72.068023682,90.584152222,165.852294922
-70.443061829,90.202728271,217.844360352
-69.834289551,89.004234314,222.061859131
-70.418426514,89.028434753,329.911834717
-72.379127502,89.720504761,254.798248291
-71.110206604,89.748809814,346.310363770
-71.266281128,89.034225464,402.608886719
-69.833145142,89.315681458,215.760711670
-71.651031494,90.557029724,197.424194336
-70.866065979,89.281761169,373.375885010
-71.043869019,89.024322510,395.653106689
-71.321456909,90.075607300,295.847290039
-71.535751343,89.080192566,393.082061768
-71.491363525,87.815216064,253.942993164
-71.274238586,89.029380798,403.192321777
-71.137847900,88.689277649,388.145355225
-70.251953125,89.710968018,258.917633057
-73.332038879,87.545845032,61.969738007
-69.512527466,87.589637756,79.719276428
-71.520271301,88.680023193,385.735198975
-71.762702942,88.429412842,334.973480225
-72.522766113,89.822143555,217.572311401
-69.949668884,88.127944946,178.885055542
-70.699058533,87.477485657,169.529312134
-71.570648193,87.809883118,247.306427002
-72.172767639,88.322662354,285.516021729
-71.650764465,90.724449158,163.962158203
-71.624725342,87.834175110,254.248992920
-71.357345581,90.453376770,221.304016113
-70.890762329,88.862220764,385.983032227
-72.550910950,87.778678894,159.507003784
-71.841941833,89.441764832,351.448333740
-72.928131104,89.574493408,159.839599609
-70.102935791,88.381652832,226.609573364
-70.791030884,89.890312195,305.404632568
-72.479591370,89.393486023,258.267211914
-71.003295898,86.378334045,43.013961792
-71.275428772,89.929931641,325.905242920
-73.718788147,88.629615784,64.112442017
-71.597717285,88.043212891,293.941894531
-71.423812866,89.494354248,379.964569092
-70.586242676,88.316764832,298.005340576
-69.867462158,88.444114685,198.763183594
-73.006843567,89.861450195,126.350715637
-71.664375305,88.645942688,367.854583740
-71.079368591,88.100105286,304.213531494
-70.259773254,88.057807922,217.777587891
-70.448852539,88.492401123,301.735931396
-72.777053833,89.254493713,205.928741455
-71.995353699,88.929801941,344.451385498
-71.069740295,87.534927368,201.388442993
-71.307617188,88.617202759,386.584564209
-69.918884277,88.074813843,166.683990479
-70.947036743,89.445518494,367.490661621
-70.749435425,88.137260437,295.325592041
-72.408752441,88.387710571,252.140304565
-72.769264221,89.871124268,168.875167847
-71.954246521,88.201126099,290.391937256
-69.594055176,88.229881287,141.466369629
-72.191261292,89.211326599,322.979339600
-69.499557495,87.583320618,77.539192200
-71.161445618,90.592605591,190.513320923
-72.802009583,89.175086975,203.695205688
-71.417739868,89.789154053,346.171020508
-72.489555359,88.866645813,262.051361084
-71.112854004,86.940605164,96.564521790
-71.324020386,88.689643860,390.194610596
-69.587142944,89.195411682,170.526290894
-70.716621399,88.249763489,307.530761719
-71.721954346,89.429618835,368.500030518
-71.745094299,87.131736755,119.971412659
-70.794479370,88.487815857,351.198211670
-72.342552185,90.552185059,144.144607544
-69.438110352,90.370262146,73.406257629
-70.834220886,89.236816406,377.132659912
-70.725486755,89.581336975,339.634063721
-71.532890320,89.411987305,380.799346924
-70.487205505,90.605880737,156.252792358
-72.185905457,88.434219360,295.642150879
-71.408164978,91.552886963,58.561145782
-71.312065125,89.736816406,349.800750732
-69.408370972,89.538055420,123.100303650
-72.952316284,87.393974304,80.654098511
-70.113433838,88.884643555,270.724395752
-70.659187317,86.855178833,78.763885498
-71.089653015,88.767440796,390.849639893
-70.841964722,90.597335815,179.190124512
-72.048156738,86.537872314,56.926414490
-69.596618652,88.398818970,151.034423828
-71.402236938,88.638923645,384.551147461
-72.806762695,89.417228699,193.355667114
-70.961204529,89.916145325,310.455322266
-70.765281677,88.883239746,373.297760010
-71.025726318,89.909858704,316.771759033
-71.534637451,88.994171143,394.046264648
-71.352119446,89.389869690,387.485992432
-72.077278137,89.372428894,332.620300293
-69.752571106,90.196464539,122.532470703
-70.764129639,90.461372375,194.540130615
-71.314735413,88.103218079,316.988769531
-71.378639221,88.508506775,377.284362793
-70.093078613,89.021270752,272.718231201
-70.906700134,89.006164551,387.648925781
-71.421905518,88.381629944,359.329132080
-71.865814209,88.426727295,323.025054932
-71.217147827,87.803962708,257.163299561
-72.066505432,89.827049255,292.184814453
-71.993103027,89.389579773,340.634429932
-71.969039917,88.629447937,332.315673828
-72.527847290,88.426864624,237.215347290
-70.747467041,89.905090332,298.595550537
-71.927116394,88.948410034,354.200866699
-73.821083069,86.839408875,11.821277618
-70.081947327,86.962493896,63.974952698
-72.706672668,89.114532471,225.388137817
-70.053855896,88.285278320,212.245986938
-68.782722473,87.592567444,31.696207047
-71.133186340,90.670234680,180.437500000
-71.190917969,88.717353821,391.841949463
-69.895324707,87.766296387,135.903274536
-69.048843384,89.660972595,76.291282654
-72.969932556,87.172409058,62.060558319
-70.081527710,88.227142334,212.728469849
-70.873123169,89.944404602,299.701599121
-70.700424194,88.679267883,351.476593018
-70.521781921,89.927131653,274.436431885
-72.038444519,91.413085938,55.280773163
-71.435188293,90.396392822,228.860702515
-72.480590820,91.215782166,58.464351654
-71.131248474,86.894584656,91.164550781
-70.866996765,88.480964661,356.499816895
-71.632820129,89.559089661,362.999328613
-72.325408936,89.118659973,293.886688232
-71.130111694,90.330772400,240.235290527
-73.517326355,85.407890320,2.355716705
-71.679351807,89.094596863,381.757843018
-70.738243103,89.631729126,336.400695801
-71.738754272,89.040061951,377.478179932
-69.792533875,87.714660645,119.130287170
-71.470146179,88.561203003,379.894897461
-72.371520996,88.827590942,279.089630127
-73.151664734,89.626045227,121.486244202
-71.282722473,90.958335876,131.175827026
-69.488922119,88.402153015,135.176345825
-69.525466919,87.944595337,109.288261414
-72.116546631,87.973602295,241.593826294
-69.772148132,88.928619385,209.208831787
-69.728157043,88.787254333,192.716247559
-70.113273621,89.370147705,267.523254395
-71.297210693,89.662841797,358.473602295
-71.899337769,88.749305725,351.054901123
-71.418693542,89.386077881,384.766479492
-69.862388611,88.681556702,212.020019531
-70.863243103,90.377082825,217.080963135
-74.072792053,89.320541382,34.314792633
-73.342575073,90.620407104,45.487606049
-70.578620911,89.951042175,273.534973145
-71.578125000,89.692352295,353.361785889
-70.753746033,90.169029236,251.638763428
5.267489433,-15.770940781,204.747467041
3.712482929,-15.600431442,174.579162598
5.154984951,-16.691963196,342.224884033
4.989135742,-16.740327835,366.940856934
4.002032757,-17.094379425,400.464263916
4.128796101,-17.814464569,352.296691895
4.993698120,-14.882364273,81.261947632
5.491104126,-15.067485809,86.977500916
2.796375751,-17.085994720,192.518875122
3.560961485,-16.117849350,246.339660645
3.295220375,-16.077167511,207.294158936
5.843380928,-16.954298019,221.007095337
4.742444992,-17.569496155,379.475280762
5.052967072,-16.747465134,358.041015625
4.612495899,-17.871330261,345.975341797
4.597927094,-17.725038528,370.465515137
6.248336792,-17.795562744,104.398902893
4.893326759,-16.695487976,379.965637207
5.137680531,-16.338603973,310.252624512
2.724814892,-18.423114777,99.097663879
3.417639256,-16.341783524,260.692199707
4.120121002,-17.401985168,396.353271484
4.266078472,-18.628021240,201.459411621
4.316329002,-15.840976715,268.314025879
2.391645670,-18.351119995,71.064453125
5.467388153,-17.148595810,300.480712891
4.244218826,-15.843588829,259.984649658
5.185932159,-15.894727707,229.145645142
3.883950233,-15.002365112,91.880111694
3.307645798,-16.568817139,264.245269775
4.557192326,-17.228136063,420.399627686
4.667363167,-18.792999268,164.610885620
3.087467909,-17.613090515,237.333877563
3.698545456,-16.580408096,341.576385498
5.670905113,-17.125106812,256.576690674
5.454899311,-16.851198196,308.385253906
3.505842924,-17.064693451,330.991363525
3.969921827,-16.196775436,314.340728760
5.419157505,-15.855393410,206.843444824
5.450543404,-16.978702545,310.052581787
4.735637665,-16.440937042,372.329071045
3.648509264,-17.162374496,349.823150635
6.963847637,-17.714862823,33.511379242
4.280397892,-18.236413956,279.265869141
3.594100714,-17.256467819,337.608123779
4.831013203,-17.180961609,403.716522217
3.311727285,-17.433748245,288.922973633
3.435243368,-15.657057762,161.433883667
4.735869884,-17.247623444,411.240539551
3.540950060,-17.526472092,319.216827393
3.834798336,-16.874847412,379.609313965
4.200854778,-18.166177750,290.765563965
6.090530872,-18.062528610,107.802444458
4.376828194,-16.849502563,421.573669434
3.840339661,-18.315322876,248.061309814
3.947389364,-17.877899170,323.801910400
5.941974163,-16.280380249,173.343856812
2.646347284,-16.486907959,148.467681885
4.476025105,-17.601507187,383.747436523
2.204329967,-16.610073090,89.559883118
3.812094927,-17.884874344,310.615814209
4.029043674,-17.007270813,406.556640625
2.857661009,-15.890626907,129.593200684
4.126530170,-17.953685760,326.235839844
4.569938660,-17.005121231,423.565124512
2.090875387,-18.791898727,28.412330627
4.003646374,-18.646442413,186.458801270
3.441669703,-18.894189835,115.654220581
3.472114801,-16.783779144,318.739410400
6.290599346,-17.225223541,134.060409546
3.837895632,-18.693601608,171.811050415
4.384994984,-17.978706360,328.315551758
4.204281330,-17.498283386,397.198028564
3.764092684,-17.870223999,307.245086670
5.678684711,-18.283267975,146.043380737
4.317732811,-17.738977432,366.435638428
3.634324789,-15.654490471,177.317703247
5.486708641,-18.255760193,181.287673950
4.604661942,-17.291488647,415.812347412
4.615766525,-16.955547333,420.674804688
4.603353024,-17.591939926,384.029296875
2.225960016,-17.310773849,93.707244873
3.123164892,-16.600109100,232.530090332
3.616903543,-16.505191803,316.366882324
5.706251621,-16.338666916,217.153457642
6.165514946,-16.774805069,159.638641357
5.091320515,-16.128131866,282.742736816
3.760373831,-16.555292130,345.208709717
6.040391922,-15.313922882,74.448181152
5.582252026,-16.173227310,220.379928589
3.481588364,-18.430126190,193.120330811
4.157538414,-17.677249908,374.592742920
4.200366020,-16.904033661,418.417602539
4.228032112,-16.715322495,411.452545166
3.344336987,-16.969514847,303.592712402
4.172994137,-16.315073013,349.940002441
4.457191467,-17.533246994,393.509429932
3.885004282,-16.019578934,268.079742432
2.217953920,-16.654464722,90.213859558
4.604763508,-16.200983047,339.314880371
4.283405304,-18.429185867,242.467239380
4.722022057,-16.382280350,364.250976562
4.056061745,-16.879592896,406.030151367
4.779649734,-16.499523163,372.918395996
4.938580990,-15.447122574,173.267898560
4.210152626,-17.174291611,418.459899902
3.215652943,-16.456544876,239.231399536
3.654959917,-18.793474197,146.447235107
5.167945385,-17.794311523,299.915618896
4.537199974,-17.902214050,342.889007568
5.617823601,-17.978944778,201.924560547
2.853559971,-17.223659515,200.440811157
4.030433655,-17.226964951,401.826629639
4.186864376,-17.611820221,383.629211426
5.767284870,-16.025318146,179.723709106
4.126568794,-14.121136665,18.325750351
3.298580647,-18.358999252,182.962265015
4.833013535,-16.035591125,291.649688721
4.175299644,-16.662069321,397.313201904
5.187228203,-17.717370987,305.919860840
5.614823341,-16.767139435,267.903442383
5.537215710,-17.700954437,252.577911377
3.373146772,-15.971276283,203.472946167
5.760837555,-17.281137466,233.687240601
4.372566700,-17.014469147,425.622070312
4.673059464,-16.550306320,390.888519287
4.359394550,-17.162298203,417.107482910
4.663509846,-15.754096985,249.655136108
4.856037617,-17.966539383,317.889160156
3.650208473,-17.226636887,345.977111816
4.853980541,-18.170337677,268.978027344
4.454577446,-16.498783112,389.259460449
4.637641430,-16.586427689,398.318817139
3.656213522,-16.866716385,353.930816650
3.536111355,-17.787763596,290.898040771
4.893943310,-17.056594849,394.276824951
4.812383175,-16.593923569,379.484252930
3.831459522,-15.414918900,150.710388184
4.075415611,-17.558008194,382.126037598
5.643591881,-15.887056351,179.702102661
4.172093868,-16.583906174,390.662994385
1.995204210,-16.777902603,68.236381531
4.978162766,-18.688041687,164.859268188
5.683931351,-16.433168411,226.071838379
3.950662136,-17.556478500,365.990661621
4.976899147,-16.116720200,293.267456055
3.729652882,-15.569536209,170.454132080
2.182438850,-17.992956161,66.136779785
2.673619509,-15.513581276,75.971313477
5.477295399,-16.657335281,288.684509277
4.726836205,-17.043163300,413.078674316
5.512935162,-15.429789543,137.017227173
4.473555565,-15.876876831,274.230560303
3.668823957,-17.474027634,340.272308350
5.509646416,-16.219367981,235.022445679
3.541802406,-15.851019859,203.952484131
4.185445309,-16.529251099,386.749725342
4.383310795,-18.691009521,192.591461182
3.990552187,-17.918718338,324.171173096
3.083039761,-18.873527527,87.482460022
5.469923973,-17.760766983,257.239379883
4.160588741,-17.060821533,417.180328369
3.346480131,-18.537626266,156.127731323
5.912604809,-16.537025452,194.693359375
5.099638939,-16.614093781,348.449096680
4.537794113,-15.465196609,187.665725708
3.383997202,-18.740423203,131.999084473
5.550112724,-15.286209106,117.639045715
4.401002884,-16.943052292,425.618164062
5.903760433,-16.918855667,208.565261841
3.052160025,-16.495338440,215.682006836
3.513839960,-16.022962570,226.921554565
3.392262936,-15.666153908,156.596450806
3.081978559,-15.102303505,68.699325562
4.112202168,-16.193471909,322.141662598
4.562017441,-16.590499878,401.093414307
4.891636848,-16.010786057,279.828216553
4.497166157,-16.714130402,416.111358643
3.890557051,-17.014953613,384.937835693
5.201976776,-16.328535080,299.145599365
5.689448833,-16.746976852,252.504119873
3.518815041,-16.959661484,332.726593018
4.420743465,-16.244262695,348.268707275
4.092413902,-18.164037704,288.462005615
3.307851076,-17.051828384,296.735626221
3.433108330,-17.800281525,275.275085449
4.477441311,-17.274948120,417.329223633
2.052415133,-15.711536407,40.288074493
5.880047321,-17.263458252,210.566665649
5.420874119,-17.107051849,312.138092041
4.755479336,-17.070850372,411.162109375
5.283986568,-16.125425339,256.477966309
5.976064682,-16.602174759,187.804931641
4.115659237,-15.569702148,200.217330933
5.060627460,-16.626447678,351.571319580
3.356549501,-17.240997314,302.672698975
2.660968304,-17.393577576,153.827758789
2.367189169,-17.738304138,98.508140564
5.036485672,-18.983207703,112.711372375
4.055176258,-18.313304901,260.541381836
3.090039492,-19.276706696,48.092945099
5.109324932,-17.037952423,360.629028320
5.313055515,-14.944485664,83.307304382
3.283222437,-17.670656204,266.998779297
4.713494778,-17.728477478,362.636749268
3.283402920,-15.678889275,150.351913452
3.570799112,-15.760071754,191.579132080
5.324877262,-16.724409103,322.429718018
4.071203709,-17.196508408,408.049682617
5.109628201,-17.044422150,360.618621826
5.014712334,-18.368930817,220.046844482
3.067214966,-18.167205811,169.862823486
4.122976303,-17.445211411,393.020202637
4.861989498,-16.898172379,398.546142578
5.280120373,-16.401062012,297.980621338
3.852827787,-17.443817139,365.661407471
3.456743002,-17.346490860,316.368804932
3.909574270,-17.950059891,307.335418701
4.905854702,-16.456293106,353.478668213
5.715067387,-17.895153046,190.454269409
4.857868671,-16.247070312,326.619293213
5.249504089,-17.715408325,297.465454102
6.777160168,-16.488756180,67.494888306
4.325928688,-17.825513840,355.708862305
5.337707043,-16.563566208,305.460784912
5.533272266,-15.190437317,100.269020081
4.989706516,-15.475594521,174.834472656
2.519927979,-17.911222458,110.365150452
4.684661865,-17.526929855,388.481536865
5.217036724,-17.019742966,343.264801025
4.810155392,-16.729526520,396.009918213
3.239665031,-17.190923691,283.350189209
3.462971926,-16.637493134,303.271301270
4.023027420,-18.124116898,293.736236572
4.669000626,-19.290040970,79.875602722
3.256047487,-17.599367142,267.849884033
2.410971642,-15.780002594,74.948043823
4.923044205,-16.185455322,312.774749756
5.553681850,-17.267269135,278.029205322
2.641012669,-18.916805267,52.015819550
4.887533665,-15.268738747,148.382171631
4.117358685,-17.564643860,384.034667969
2.941859245,-16.727653503,210.372756958
5.072003841,-17.867429733,300.129302979
5.099843025,-16.531370163,333.623443604
5.227437019,-18.049360275,249.596572876
3.394107819,-16.737686157,302.679229736
5.867748737,-16.272068024,184.375946045
5.188203812,-17.010602951,347.100860596
4.224421024,-17.527463913,392.362243652
3.889305592,-17.749729156,337.901062012
4.832955360,-17.109991074,405.896026611
6.183874130,-15.677422523,94.187889099
3.299875259,-17.096609116,294.070007324
3.729098797,-16.992300034,367.654449463
3.842633247,-16.881700516,380.654327393
4.203335285,-16.562795639,389.682983398
2.637443066,-15.426302910,67.785377502
3.657591581,-17.559261322,326.139739990
5.180383682,-16.074991226,261.700592041
4.264400005,-17.155672073,422.399902344
5.038399696,-18.547714233,188.252853394
3.655908823,-17.446990967,340.283111572
4.209272385,-16.360721588,360.244842529
5.586675167,-17.477832794,260.716186523
4.848228455,-16.717519760,388.586212158
4.802214622,-17.749298096,349.712524414
4.628514767,-19.447935104,60.429279327
4.447112560,-17.590290070,386.068206787
4.021034241,-16.936847687,404.600097656
3.938860893,-16.035295486,274.492492676
5.100551128,-18.118539810,252.369506836
3.999084473,-18.520252228,216.824569702
5.127923489,-17.178855896,360.404113770
4.581998825,-17.237953186,418.740966797
4.938159943,-15.779681206,236.027282715
4.865241051,-16.091388702,298.810546875
4.966581821,-16.038202286,278.774871826
3.968053579,-15.632189751,202.151199341
3.917130947,-16.143194199,297.398345947
2.558315754,-18.922086716,48.459159851
5.041322231,-17.231367111,374.733795166
3.278370619,-16.029123306,199.495529175
2.337137938,-16.392576218,100.124618530
4.555595875,-15.632057190,219.407455444
5.296922684,-16.719432831,327.472167969
2.593164682,-16.421508789,138.128250122
4.704021931,-18.260818481,264.125030518
3.658254623,-18.178331375,256.781311035
4.601124287,-17.391292572,403.046112061
4.161587715,-18.516105652,220.934494019
4.842314243,-15.797023773,247.797546387
4.415873051,-17.887216568,345.293518066
3.929815292,-17.649011612,356.213531494
4.380569458,-17.425514221,404.478881836
3.969827175,-15.712752342,216.138977051
2.440343857,-17.699514389,114.726325989
3.591834784,-19.124540329,85.422523499
3.619739532,-16.111339569,252.190383911
5.122314930,-16.701648712,347.498748779
2.147548199,-17.568130493,74.157951355
4.399059296,-17.022504807,424.518859863
4.657487392,-15.959815025,288.219635010
1.837646842,-19.672830582,5.964354515
4.912540436,-17.400255203,381.091796875
4.071925640,-17.456237793,389.199340820
4.753382683,-20.152063370,14.510267258
4.337007046,-15.083539009,114.925697327
4.270571709,-19.148916245,109.161399841
5.306115627,-18.569433212,150.860244751
3.656929255,-17.486036301,335.200317383
2.761146545,-17.638883591,171.316589355
4.686730385,-15.697376251,234.300079346
4.617127419,-15.394318581,175.624053955
4.671608925,-17.578231812,385.106597900
2.739995241,-16.984903336,178.294235229
4.128196716,-17.055891037,412.836029053
3.971955061,-17.922748566,319.899383545
4.968859673,-16.651407242,364.739440918
5.952705860,-17.202032089,196.889785767
3.561629534,-16.240594864,267.881286621
4.151913643,-16.346303940,353.632446289
7.123941898,-18.971391678,5.055886269
3.193079710,-16.110116959,196.872253418
2.132606030,-17.231731415,79.583717346
2.862778187,-17.569593430,193.130508423
4.617291927,-18.419847488,233.703247070
5.967771530,-17.069234848,197.877838135
4.442375660,-18.546159744,213.057022095
3.516445160,-15.672483444,173.074203491
3.303246021,-16.623374939,271.939819336
3.963041306,-16.802274704,394.001037598
5.427311897,-17.276924133,303.782928467
4.466160774,-16.948822021,426.171722412
4.246099949,-16.946344376,422.060119629
3.763318062,-18.865247726,136.020950317
4.075209618,-16.526113510,380.802398682
4.945266724,-17.536191940,364.140625000
3.623402596,-17.414079666,336.417358398
4.592691898,-16.082151413,316.023315430
4.446459293,-17.555065155,391.590057373
4.247712135,-16.234863281,338.125946045
4.198056698,-17.462129593,399.317413330
3.190469265,-17.512880325,265.840240479
5.732567310,-18.174257278,154.384048462
4.726998806,-16.435228348,372.191772461
4.062559605,-15.426426888,168.970382690
5.233973980,-17.292133331,337.056121826
5.799370289,-15.700448990,142.408843994
4.598476887,-19.162439346,102.737350464
5.281864166,-16.951589584,331.210174561
4.343938828,-16.816627502,422.562347412
4.209654331,-17.671085358,375.611511230
4.231165409,-17.151544571,418.931182861
3.675082684,-15.125002861,99.528106689
4.414919853,-16.740940094,419.538208008
5.627219200,-15.958291054,190.596893311
5.227024555,-18.306606293,207.503097534
2.281325579,-14.944867134,24.749378204
5.521308899,-16.800077438,289.362426758
4.032741547,-17.543172836,377.891998291
3.180234194,-17.355003357,271.898132324
4.221884251,-17.254137039,416.676269531
5.331094265,-16.955398560,324.909820557
4.218924046,-17.817213058,353.504394531
3.503348112,-15.257202148,107.267333984
4.546824455,-17.816690445,358.192199707
4.406313896,-14.969226837,97.147933960
3.340599060,-17.650302887,276.704681396
5.535464287,-15.816950798,184.867340088
4.187374115,-17.041135788,419.488037109
3.040188074,-16.881849289,236.310241699
4.555674076,-16.386343002,376.661926270
4.293129444,-17.622741699,382.574645996
4.587996960,-16.029356003,304.062103271
3.617169380,-18.294332504,231.989547729
3.854172468,-18.063371658,291.183776855
3.539368629,-15.940305710,215.619033813
3.576516151,-17.038534164,343.116149902
2.494238138,-16.406492233,121.445304871
5.123427868,-15.617200851,191.660079956
4.802516460,-17.208936691,406.757843018
3.996796370,-16.438034058,358.900238037
4.087038040,-16.965864182,412.095977783
4.470153332,-17.827552795,354.760162354
5.528303146,-17.480047226,275.133148193
3.405474424,-16.070577621,219.889022827
5.015672684,-17.550848007,354.560333252
3.685499430,-17.097921371,362.084869385
4.926343441,-15.811557770,243.310607910
5.641615391,-17.093927383,264.014099121
4.376710415,-17.870025635,348.695098877
4.478525162,-18.956542969,142.324249268
6.077230930,-16.591243744,169.346298218
5.262026787,-17.225799561,339.041809082
4.699179173,-17.668136597,371.749450684
3.592787266,-17.512216568,327.471740723
6.396771908,-15.710959435,74.618896484
4.459126949,-19.601776123,49.535095215
6.748897076,-17.318201065,61.234088898
3.003238916,-17.632051468,217.776931763
2.176547766,-15.890667915,62.030033112
5.405827522,-15.261026382,120.943420410
5.754971027,-16.236574173,197.018737793
3.697784424,-16.983669281,366.036682129
4.962943554,-17.395408630,373.743743896
4.792383194,-18.065042496,297.079803467
4.494811535,-17.467798233,400.255035400
4.656291008,-18.792924881,165.358413696
4.847940922,-16.286964417,339.098937988
3.798865080,-16.573740005,352.430328369
6.506045818,-17.706295013,80.566017151
2.174835443,-15.841327667,57.894527435
4.318609238,-18.142074585,296.391357422
4.914802551,-19.045480728,114.637954712
5.293969631,-17.303920746,328.685546875
3.523387194,-17.501577377,319.529418945
5.891539097,-17.317241669,207.256179810
3.168094158,-16.632740021,242.534042358
3.599419355,-17.429212570,332.594329834
3.402840376,-17.845123291,267.383178711
6.028155327,-15.851820946,135.899291992
4.311455250,-16.580202103,400.721466064
3.934510231,-18.365724564,246.202880859
4.789287090,-18.218017578,260.839172363
2.998238087,-18.221336365,156.507156372
4.581049442,-16.072782516,313.761260986
4.310677528,-17.278150558,415.606658936
4.243196011,-18.089965820,302.588653564
4.260150433,-16.763870239,418.126800537
4.139269352,-17.424043655,396.871978760
4.077788830,-16.743350983,398.708099365
5.802967072,-15.214700699,85.055641174
4.583458900,-15.119747162,126.136802673
5.030641079,-16.856853485,369.300048828
4.280607700,-18.131601334,296.881286621
5.929724216,-18.171487808,120.200393677
3.114654779,-16.959218979,253.639724731
4.910348892,-17.319725037,384.653076172
4.867341042,-18.584123611,190.264724731
5.132349491,-16.850839615,351.022155762
5.036060333,-16.647504807,357.377227783
3.826269627,-16.760297775,373.795349121
5.121659756,-17.607904434,326.455627441
4.872904778,-17.801866531,336.531341553
3.425164938,-17.565900803,299.615386963
5.692538738,-17.213394165,249.619918823
4.875990868,-16.550355911,364.741790771
5.878576279,-15.187318802,75.304832458
3.234726906,-16.918960571,276.930267334
4.053727627,-18.023712158,309.369049072
4.221275330,-17.667842865,376.490631104
5.188020706,-16.142953873,270.476287842
4.098765850,-17.202056885,409.897766113
3.972074270,-16.808795929,394.434844971
3.476577759,-18.736263275,139.630966187
3.777654648,-17.093791962,371.319000244
3.365737200,-16.535182953,272.824310303
3.603594065,-18.594394684,175.768753052
4.324751854,-17.625434875,381.447937012
4.810861111,-14.231459618,26.702802658
3.284954548,-16.472503662,252.445343018
5.021037579,-16.518556595,347.580200195
4.608604908,-17.741891861,367.037872314
4.649965763,-17.646198273,378.596588135
3.915286303,-17.711652756,345.570098877
3.451832771,-16.724222183,309.077789307
4.291527748,-17.078678131,423.495330811
5.399816036,-16.775207520,314.325256348
5.314712048,-17.801891327,277.826171875
3.884310961,-17.082849503,385.464385986
4.699405193,-18.026777267,313.717010498
5.023220062,-16.400333405,330.831115723
4.917032719,-17.136644363,393.864776611
6.096267700,-17.750982285,133.145462036
4.292561054,-15.734928131,238.305450439
5.042536259,-16.209465027,297.871917725
3.570171356,-15.274446487,111.086296082
4.120796680,-18.011159897,317.739227295
3.014651299,-17.233375549,238.055969238
6.180008888,-15.425417900,73.209602356
3.838874102,-16.749847412,375.867614746
3.542210102,-18.595024109,168.737945557
5.389621258,-17.961593628,239.288589478
3.252803564,-15.713651657,153.269851685
4.630559444,-18.570158005,205.725769043
4.334618092,-15.430603981,177.299896240
4.167309284,-18.056098938,308.046966553
3.581973553,-16.764568329,337.558715820
3.515308857,-19.143589020,79.204399109
5.177138329,-17.058370590,354.338836670
3.621038437,-16.136993408,259.425384521
5.892537594,-16.005016327,162.208343506
3.305782557,-16.167562485,219.318649292
5.346989632,-15.576126099,166.695800781
3.415484190,-17.186416626,311.581970215
4.421670914,-17.790695190,360.543273926
4.821677685,-17.686794281,357.330444336
3.415149927,-16.879156113,314.317718506
4.675829887,-16.619951248,398.987426758
4.411474705,-17.198568344,421.310760498
4.787711620,-15.806247711,251.244338989
3.608725786,-16.699022293,337.297332764
4.168387413,-17.561225891,386.311279297
5.529471397,-16.693910599,282.745178223
4.227489471,-16.818094254,417.819366455
3.513743401,-17.764060974,288.880004883
4.132181168,-17.993282318,320.047271729
2.643026829,-16.798049927,157.309112549
2.962250710,-16.260808945,184.041427612
5.016857624,-17.660020828,341.992706299
4.481400013,-16.831012726,427.732269287
2.926716089,-16.196434021,172.433013916
5.887167931,-17.343875885,205.843109131
3.072838068,-18.297559738,157.454162598
5.348754883,-17.687400818,284.268890381
4.575276375,-15.878937721,276.761352539
5.039412022,-16.958898544,373.080383301
5.636082172,-16.876529694,264.423065186
4.069069386,-16.462451935,372.837585449
4.503464222,-14.768907547,74.196914673
4.070751190,-17.014261246,409.548309326
5.803361416,-16.707340240,225.878952026
2.879888296,-15.100675583,57.818298340
6.117124557,-16.357536316,154.373260498
4.664629459,-17.119052887,421.793304443
4.011837006,-16.709396362,390.520416260
3.022079706,-17.042083740,238.430969238
3.603518009,-16.434526443,308.363006592
5.802896976,-16.150661469,180.347320557
5.253595352,-16.315685272,287.679290771
4.245428562,-17.436725616,404.851226807
3.541802645,-16.724142075,329.525268555
5.852833748,-16.230934143,181.814544678
5.443589211,-16.060405731,228.068878174
3.752138376,-18.398504257,223.828933716
5.481765270,-17.884111404,239.107894897
5.253233433,-18.061508179,244.276870728
5.369518757,-16.605993271,304.933013916
3.232632875,-16.161344528,207.923309326
5.495382786,-18.987012863,71.073608398
4.646163940,-16.493856430,386.418457031
5.836600304,-15.640875816,129.712432861
5.377775669,-16.315738678,270.043914795
5.307087898,-16.465393066,297.571838379
5.333347321,-16.457124710,291.337768555
5.574084759,-16.099822998,214.254867554
3.804927588,-16.057044983,268.560546875
4.057440758,-16.734113693,397.956817627
2.466307402,-18.030654907,96.083007812
4.634888649,-16.547708511,395.562683105
3.215573549,-16.331497192,228.428833008
5.643487930,-16.879535675,262.790283203
2.072318792,-16.538461685,72.100822449
4.370599747,-17.670042038,377.448242188
4.146348953,-15.534504890,193.245468140
3.381174088,-15.559803009,139.180267334
5.109499454,-14.678856850,63.046237946
4.057651520,-16.524261475,379.083282471
4.398560524,-17.268827438,415.677307129
5.426040173,-17.022058487,311.577575684
4.262263298,-18.011194229,319.053375244
5.217123032,-14.952517509,86.587455750
3.848055840,-16.445264816,342.842773438
3.886065483,-17.035217285,387.268829346
4.502909184,-17.679328918,379.190063477
5.651851654,-16.384634018,230.287200928
6.164948463,-15.594075203,90.666374207
4.341521263,-16.733182907,415.505920410
4.419557571,-17.792947769,359.835693359
4.181388855,-16.317596436,350.828063965
4.678132534,-18.327220917,245.781967163
4.869495392,-17.366254807,385.845642090
5.154337406,-17.589132309,324.369506836
4.782377720,-18.490970612,212.121002197
4.728846550,-16.257526398,345.673400879
5.037052631,-18.543371201,189.119705200
2.070027828,-17.603033066,64.281723022
3.743625641,-17.006814957,369.036285400
3.449239492,-17.447198868,313.729858398
4.345098972,-16.603330612,404.330047607
4.153947830,-16.222024918,329.342559814
6.579506874,-17.470825195,79.408370972
5.626184464,-16.766481400,266.637023926
3.918126822,-19.319713593,76.338157654
4.667244434,-17.728593826,366.015472412
5.602147579,-17.327587128,267.364349365
5.069164276,-18.015861511,277.563446045
4.325452805,-17.235912323,415.687927246
6.147518635,-15.554745674,89.101333618
5.486211300,-18.025484085,216.157836914
4.955832958,-16.579917908,359.218688965
4.343855858,-16.245227814,345.626464844
5.392817020,-15.528097153,157.788162231
4.928043365,-17.590475082,359.863250732
5.252446175,-16.584070206,324.011199951
4.827387333,-16.554981232,374.656951904
3.628233910,-18.881662369,129.598709106
3.015206575,-16.196725845,184.423278809
5.386719704,-16.066535950,236.923950195
3.686797857,-17.165933609,354.732727051
4.602612972,-17.647554398,379.367919922
3.421508789,-15.676885605,161.298980713
5.011035919,-16.685247421,362.401824951
5.356677055,-17.540134430,299.746215820
2.791285992,-17.714654922,169.604919434
3.465885401,-16.967695236,327.517761230
3.753139019,-17.624349594,332.510681152
5.017588615,-16.504152298,344.131927490
4.825579166,-17.769414902,346.273681641
4.870424747,-17.850290298,331.738494873
4.721347809,-17.622110367,373.786590576
5.337765217,-17.720754623,281.791290283
4.320333481,-17.466409683,403.005798340
4.292840481,-15.864755630,268.331939697
5.274986267,-18.607217789,147.775588989
2.848639250,-17.058046341,202.591400146
4.771208763,-16.572336197,383.284637451
2.400106668,-18.058078766,86.588966370
4.374011993,-17.450908661,401.350280762
5.962068558,-16.905740738,198.695129395
5.493487358,-17.413301468,284.398010254
5.128617287,-17.323419571,355.129150391
4.259357452,-16.732805252,414.206176758
4.153081894,-18.783432007,170.718887329
2.132601738,-16.344932556,76.049636841
4.514274120,-17.422784805,403.798522949
5.161139965,-18.107398987,248.860397339
4.739809990,-15.534749031,197.463226318
4.540844917,-16.977571487,424.833374023
4.216339588,-16.340536118,358.690032959
4.540929317,-15.824505806,268.721954346
4.645585537,-18.542806625,208.833572388
4.546027660,-13.431509972,4.050461292
2.845365763,-17.095588684,201.148437500
3.409274340,-15.887639999,196.355529785
4.642364025,-17.300701141,413.179382324
3.686989069,-16.020490646,248.259918213
5.568581104,-17.472272873,267.414733887
3.623116732,-16.231950760,277.621429443
3.305291414,-17.409925461,288.937225342
5.724923611,-17.013826370,245.952362061
2.816221952,-17.663209915,180.230163574
5.512992382,-16.841024399,292.676849365
4.164179802,-15.618804932,213.086486816
3.426858425,-16.817966461,310.871337891
3.836343765,-16.147884369,290.591217041
4.386396408,-17.598508835,386.945373535
3.971512556,-16.870796204,397.399139404
5.626187801,-17.217613220,265.769744873
6.121527195,-17.638710022,140.411773682
3.608908892,-17.631626129,311.709442139
2.268134832,-16.833705902,101.664085388
4.725726128,-17.280992508,409.222869873
6.016129971,-16.189344406,161.183502197
5.064799786,-17.960639954,290.338623047
3.852305651,-18.137659073,282.943603516
3.754960060,-19.621089935,46.002929688
4.829085350,-19.992801666,21.594276428
3.685255527,-17.168678284,354.648345947
3.407248497,-18.081699371,240.802139282
4.293925762,-15.909230232,274.534240723
3.831193209,-18.015661240,294.747161865
5.339076042,-18.434522629,173.796249390
3.098881483,-16.308023453,202.939895630
5.289073467,-18.049331665,242.042739868
3.577304840,-18.019180298,269.282104492
4.560009956,-17.726573944,372.174468994
4.654071808,-17.154258728,418.259643555
5.841732502,-17.183227539,221.066650391
1.190271139,-15.524490356,10.037871361
3.742922068,-17.608428955,331.975006104
2.962289810,-17.065574646,230.142761230
3.409149885,-17.002256393,319.189514160
4.362413883,-17.272413254,413.028839111
3.493813515,-16.388122559,281.220123291
3.841647148,-17.364061356,371.147705078
3.689116240,-16.288097382,295.996643066
6.280711651,-18.448535919,58.115200043
4.320666790,-15.666842461,226.076690674
4.778057098,-16.841533661,405.610137939
3.719923019,-18.160940170,265.750762939
4.138535500,-15.929730415,266.581176758
3.570634604,-17.848114014,291.399627686
6.529070854,-16.980352402,98.448913574
4.062873840,-17.654481888,369.326629639
4.834863663,-17.039831161,402.247222900
4.729233742,-18.850963593,153.698928833
3.446145535,-17.198123932,318.077667236
5.611784935,-16.307392120,229.261474609
5.765043736,-16.762639999,232.055877686
3.813907623,-18.127698898,282.462249756
2.826227427,-17.552478790,184.855255127
5.045894623,-16.670032501,357.042419434
5.809236526,-16.386444092,203.043411255
2.861778498,-17.330345154,199.533432007
4.805830002,-17.068502426,408.589752197
5.388376713,-18.105127335,221.004776001
2.764898539,-17.152353287,182.843627930
3.020983934,-18.966688156,74.020347595
3.634736300,-17.174144745,346.660980225
5.036230564,-16.546157837,347.419616699
4.363507271,-16.101673126,316.988861084
5.122139931,-17.156793594,363.294464111
4.496986866,-16.240741730,349.869567871
4.252007961,-17.776847839,361.200225830
4.664913654,-17.297567368,413.380645752
3.327164173,-15.768793106,169.357940674
4.912288666,-16.593633652,364.672912598
5.175694942,-15.482755661,165.420867920
4.354173660,-19.027286530,129.810058594
4.430531025,-17.890024185,344.468231201
4.575397968,-17.402130127,403.124633789
3.649710178,-18.082477570,269.742370605
5.626673222,-15.334388733,116.574089050
7.076503754,-16.534086227,36.182071686
2.355098248,-15.682570457,64.000053406
3.510431528,-16.407558441,287.489929199
3.947805166,-17.078321457,395.603698730
3.723895073,-16.111585617,270.110595703
4.948672771,-17.005813599,384.914642334
4.692339897,-15.999057770,293.704498291
3.107605457,-17.302337646,258.326324463
4.127509117,-18.405599594,244.534530640
5.323680401,-16.530069351,301.633026123
4.184156418,-17.883209229,340.790893555
5.612545490,-18.862157822,75.473915100
4.277518272,-18.511072159,225.533477783
4.512254238,-17.038768768,424.954223633
3.621156216,-18.070829391,267.391845703
5.088561535,-18.031961441,272.372100830
5.518424988,-16.363412857,249.439559937
5.380140781,-18.369493484,178.238571167
6.080099106,-17.331134796,167.179977417
3.011403799,-18.571620941,114.425788879
3.342697620,-17.688938141,274.624725342
4.552936554,-17.454080582,398.992370605
-46.681758881,55.317333221,362.742858887
-47.512561798,54.666584015,375.965698242
-46.335906982,55.732620239,273.539764404
-46.819080353,56.258605957,215.711532593
-44.716670990,53.927574158,55.269130707
-48.019664764,55.149684906,294.710906982
-46.098457336,56.075691223,191.423492432
-46.679946899,54.011730194,315.642303467
-46.546905518,54.293090820,345.063690186
-46.986072540,55.210845947,389.106109619
-50.002441406,53.649108887,15.933727264
-45.362007141,55.901550293,118.571960449
-46.093166351,53.398635864,164.538787842
-49.288948059,55.321407318,89.052467346
-47.390239716,57.439926147,52.705413818
-46.910377502,53.942516327,314.525115967
-46.366859436,55.394714355,325.363159180
-46.279922485,55.129238129,330.862915039
-45.458698273,53.917808533,146.143630981
-46.313045502,56.634090424,125.206459045
-48.814094543,52.244663239,16.952976227
-46.577335358,58.096446991,15.545090675
-47.608116150,53.804374695,264.109741211
-47.056404114,55.275508881,382.954864502
-46.190620422,56.181671143,188.403503418
-46.776729584,54.453006744,379.840026855
-45.025794983,53.416236877,53.403511047
-48.404781342,54.822578430,235.846206665
-47.818256378,54.481235504,323.395080566
-45.686115265,54.972373962,228.240722656
-47.175537109,56.516586304,174.747024536
-46.474140167,56.998172760,89.640068054
-47.174884796,55.428817749,364.070007324
-48.349246979,54.883296967,243.563049316
-46.979465485,53.793327332,284.375457764
-46.728141785,53.850914001,290.459106445
-48.520442963,55.626113892,174.426986694
-46.942768097,54.683921814,393.967559814
-46.778118134,56.215503693,223.584991455
-46.511619568,54.413063049,355.307983398
-45.971378326,54.575298309,280.455291748
-47.192329407,54.571304321,389.210449219
-46.181934357,54.818401337,319.016174316
-47.268901825,54.681579590,393.772644043
-47.675064087,54.386585236,335.369964600
-47.149532318,56.423118591,187.110275269
-48.167366028,55.803234100,216.547348022
-46.143356323,55.623100281,264.878173828
-46.598583221,54.590244293,373.299072266
-48.090404510,55.207118988,280.881713867
-47.827072144,55.057182312,329.740570068
-47.361484528,53.380062103,207.070709229
-49.145652771,55.957279205,78.111717224
-46.713989258,53.965648651,308.571655273
-47.149841309,53.653446198,256.812530518
-47.075920105,55.389877319,372.439819336
-46.431610107,54.208541870,318.434417725
-46.406162262,55.052299500,348.558227539
-47.564357758,57.531646729,41.769157410
-46.097999573,55.269046783,296.753692627
-48.042152405,53.415119171,160.962600708
-46.660518646,53.478622437,220.585189819
-47.184753418,55.390911102,370.740325928
-46.007808685,54.805229187,284.825012207
-44.519645691,54.523979187,52.300674438
-46.664768219,56.280590057,206.605133057
-47.500305176,54.847923279,384.992156982
-46.749183655,54.143466949,341.248016357
-47.051914215,56.843208313,119.730918884
-48.108547211,55.087768555,284.576202393
-47.753429413,52.863464355,102.047660828
-44.960212708,54.565067291,100.536193848
-46.468784332,52.317012787,52.182479858
-46.810573578,52.587776184,86.854057312
-45.586109161,54.167579651,181.967727661
-46.294200897,55.406166077,315.839508057
-47.504348755,54.933574677,384.065216064
-48.262065887,53.750186920,181.438613892
-46.622100830,55.194690704,373.763824463
-46.497154236,54.725879669,366.187347412
-49.078464508,54.923469543,124.940727234
-47.006099701,53.297893524,194.710311890
-46.592601776,55.543106079,329.925994873
-47.700138092,52.889003754,110.766357422
-46.121417999,55.600521088,265.373168945
-44.632545471,54.821502686,63.702121735
-48.602161407,56.068504333,127.609840393
-47.857975006,54.633686066,333.266265869
-48.311195374,54.309616089,231.284896851
-48.116344452,56.022033691,196.599685669
-47.030174255,53.609214783,254.987518311
-46.608963013,53.997894287,306.226837158
-47.693214417,55.977111816,247.371185303
-47.412277222,54.181930542,333.917816162
-46.134887695,54.503456116,302.233154297
-47.634567261,56.139545441,222.949081421
-46.430622101,54.510005951,354.097259521
-46.966831207,53.293457031,196.223770142
-48.808414459,53.812622070,109.856666565
-46.788978577,55.651416779,327.990112305
-46.592685699,54.178268433,332.701049805
-48.589817047,56.078571320,128.852203369
-46.724548340,55.302543640,368.992462158
-47.835849762,54.740253448,336.575683594
-48.215602875,55.111854553,261.628814697
-47.471618652,54.038078308,313.016754150
-47.042678833,56.259132385,222.083816528
-46.937290192,56.403945923,189.236282349
-45.764778137,53.309501648,120.594345093
-47.353733063,53.260639191,183.506851196
-47.056896210,53.929191589,314.973937988
-47.913543701,54.598373413,316.932373047
-46.963336945,54.260986328,366.841430664
-49.083152771,54.865005493,124.680427551
-48.849079132,55.179111481,161.154541016
-48.512420654,54.769763947,219.407028198
-47.733718872,56.025012970,236.774932861
-47.892734528,55.428951263,295.112091064
-48.524257660,54.963752747,212.042373657
-47.907814026,53.600082397,200.860733032
-46.441909790,55.821731567,272.264190674
-45.864475250,54.574665070,266.165100098
-47.180435181,54.232791901,364.223907471
-44.353080750,55.478904724,30.919412613
-47.535720825,54.913806915,380.086273193
-47.104141235,56.246841431,225.068832397
-46.272460938,55.139812469,330.920013428
-47.696990967,53.927520752,277.270751953
-47.213455200,57.236083984,66.693420410
-49.566680908,55.444389343,60.197666168
-48.517276764,55.262172699,201.673446655
-47.534343719,55.236099243,363.369781494
-46.884296417,54.966453552,398.546600342
-47.161575317,54.757534027,402.139312744
-46.845981598,55.475524902,359.289367676
-47.962272644,55.001556396,310.867065430
-47.889087677,53.452133179,180.417129517
-46.489833832,53.673141479,242.608016968
-44.539398193,54.087665558,46.868206024
-46.894809723,54.403560638,379.595031738
-48.504524231,52.899845123,62.619178772
-46.743770599,55.442623138,357.695037842
-45.953128815,55.672615051,231.849731445
-47.654953003,56.836948395,106.222724915
-45.708713531,53.063316345,84.107864380
-46.224746704,52.456439972,52.115955353
-46.472400665,53.792236328,259.356536865
-46.452339172,54.168491364,315.749389648
-46.532558441,55.583122253,322.249664307
-48.978034973,54.868228912,143.026351929
-47.871307373,54.640640259,330.311767578
-46.712532043,56.317478180,203.661758423
-46.684883118,55.521022797,342.195220947
-47.691738129,56.118736267,226.766189575
-47.827957153,52.424282074,56.647636414
-48.301219940,57.168956757,43.258857727
-47.549377441,57.981998444,16.430381775
-46.809448242,54.297409058,367.584167480
-46.037597656,54.948066711,290.482727051
-46.786094666,55.568546295,343.362854004
-46.792957306,55.458755493,359.162261963
-49.435684204,53.680404663,44.677833557
-47.903633118,54.387538910,306.112731934
-45.749923706,54.838424683,242.457366943
-47.026760101,56.086631775,254.483596802
-48.248825073,54.866844177,261.082824707
-45.494560242,53.351379395,91.750152588
-47.005828857,55.093746185,397.615264893
-49.000934601,54.731380463,134.279144287
-47.511577606,55.656673431,310.255981445
-47.016223907,55.725708008,318.972442627
-46.434822083,54.163906097,312.546722412
-47.513694763,55.240894318,365.084503174
-47.754154205,54.920406342,350.733764648
-46.590248108,56.124069214,230.754959106
-47.316558838,53.142326355,164.756301880
-48.051692963,57.197124481,51.108612061
-47.997417450,54.709762573,307.956848145
-46.588890076,52.395591736,59.900672913
-47.246341705,53.633441925,251.457397461
-46.383419037,54.022518158,280.240600586
-46.150440216,54.868938446,313.808105469
-46.504158020,56.608440399,144.131469727
-47.845012665,54.749805450,335.610229492
-45.038272858,54.194545746,101.208633423
-47.613674164,53.965187073,287.595642090
-47.304336548,53.323543549,195.943405151
-46.971565247,55.745128632,314.840728760
-48.684062958,53.107376099,65.177803040
-47.516014099,55.093612671,382.058990479
-47.776573181,53.976718903,278.986755371
-47.458251953,53.816844940,279.019989014
-46.686386108,54.369235992,366.367828369
-47.903079987,56.336143494,169.785507202
-46.404064178,54.178474426,308.429962158
-46.573234558,54.763114929,374.633605957
-47.248458862,53.918312073,306.998901367
-45.454166412,54.306774139,169.359222412
-46.071544647,55.109043121,299.137115479
-47.526252747,56.143955231,228.679168701
-46.113956451,55.817386627,232.479888916
-46.444255829,55.663372040,298.917297363
-45.980384827,54.731628418,283.663269043
-47.185943604,53.156291962,169.186691284
-45.766353607,54.072093964,205.908203125
-49.310077667,55.982841492,63.759399414
-48.423545837,55.322498322,213.834945679
-48.056579590,54.383674622,284.478332520
-47.019359589,56.185676575,237.511428833
-47.227214813,53.514801025,233.149978638
-46.448368073,56.080768585,230.353408813
-47.775794983,54.370925903,324.905944824
-49.036003113,53.558074951,72.084793091
-45.880458832,54.315677643,250.593444824
-48.411632538,54.069568634,196.073089600
-47.125728607,55.262619019,387.127471924
-46.707473755,55.931137085,272.606781006
-43.676807404,56.581272125,4.724319935
-47.186504364,54.570964813,389.279602051
-47.924713135,54.982295990,315.063812256
-46.357013702,54.482273102,338.256866455
-46.767929077,55.125339508,386.260406494
-46.295722961,54.295539856,310.923339844
-47.525291443,53.612178802,237.039962769
-46.735687256,54.720890045,385.902709961
-45.116249084,56.353698730,53.098426819
-46.014377594,55.597972870,248.000503540
-46.516185760,54.892719269,371.113128662
-46.463943481,56.561096191,146.621902466
-46.184062958,54.651252747,316.046539307
-47.072990417,54.382404327,378.630981445
-48.257190704,52.619113922,60.911357880
-46.275505066,54.299007416,308.371429443
-45.960109711,55.273559570,265.380004883
-47.523361206,55.443164825,336.862579346
-47.659656525,54.950984955,362.487426758
-47.328117371,54.453315735,377.959106445
-44.785263062,53.896255493,59.199344635
-47.735870361,53.792613983,248.317993164
-47.055149078,54.065677643,342.968444824
-46.119903564,56.749866486,102.639022827
-46.836357117,55.030597687,396.066741943
-47.328437805,54.322940826,360.996612549
-48.242172241,55.310626984,247.517440796
-46.603775024,56.952873230,98.671264648
-48.677227020,55.524085999,161.401855469
-46.178951263,55.314311981,308.349914551
-47.664073944,55.723075867,283.481018066
-46.344615936,54.887371063,343.338165283
-49.357830048,55.555576324,76.766983032
-46.880283356,53.200687408,175.811447144
-48.307327271,54.031322479,209.804748535
-47.369518280,55.085128784,395.419494629
-46.310874939,55.573745728,298.602081299
-48.444629669,56.117553711,142.396133423
-47.228153229,54.459030151,376.448944092
-48.506374359,55.186779022,212.745330811
-47.971794128,52.904438019,94.843505859
-45.678356171,55.266563416,214.499176025
-46.764305115,54.849979401,395.375701904
-47.499259949,54.685485840,379.680664062
-47.478263855,55.439216614,344.877593994
-47.012031555,55.105892181,397.413269043
-47.850357056,54.364887238,312.620391846
-46.701263428,53.039493561,145.975082397
-46.444046021,54.347637177,346.434906006
-46.789783478,55.607875824,337.350128174
-46.820865631,56.846176147,116.697975159
-46.724803925,54.587303162,382.671417236
-48.201988220,54.024768829,223.655197144
-45.899768829,54.652832031,272.569488525
-48.806259155,55.048946381,167.730453491
-47.671798706,55.382305145,327.635864258
-48.583511353,55.833324432,149.283508301
-47.960552216,53.908954620,242.165176392
-46.699604034,55.514255524,344.623291016
-45.052570343,55.768299103,83.360847473
-49.188064575,53.830177307,74.523605347
-45.072959900,55.271347046,114.489456177
-48.453845978,55.664493561,181.864303589
-46.948116302,54.047447205,338.845825195
-47.356166840,55.610927582,330.948699951
-47.426460266,55.089813232,388.444244385
-47.301902771,54.372642517,371.780883789
-45.422882080,56.415618896,75.822555542
-46.904739380,55.310691833,377.469940186
-47.631366730,56.321708679,193.312896729
-48.449607849,54.234966278,200.323364258
-48.375350952,55.564041138,202.587371826
-47.909549713,54.030128479,272.963928223
-48.208892822,54.689796448,267.384460449
-46.618503571,54.140220642,329.324737549
-46.661281586,54.499225616,376.826049805
-47.806621552,56.079856873,223.059020996
-46.959045410,53.935729980,313.239929199
-47.204933167,54.746036530,400.884002686
-46.941528320,54.820186615,400.235748291
-47.202308655,54.213203430,358.893829346
-46.052154541,56.048664093,191.656570435
-46.798500061,55.733917236,311.435852051
-48.409980774,53.583003998,141.707962036
-47.436759949,57.477996826,48.154685974
-47.166805267,54.843395233,406.614593506
-47.765087128,54.602760315,344.220153809
-46.271095276,56.307163239,175.504333496
-48.656860352,54.712753296,194.003082275
-47.252040863,56.421489716,190.237258911
-46.980377197,56.250595093,223.686401367
-48.722629547,54.864494324,184.512817383
-46.072082520,53.151760101,127.564155579
-47.013156891,56.288642883,216.303176880
-46.833271027,54.187377930,352.982788086
-47.343780518,53.902748108,300.555114746
-48.952480316,55.154769897,144.299911499
-46.655998230,54.053398132,318.971618652
-47.328136444,55.292320251,382.407501221
-48.198028564,55.530044556,242.645507812
-47.204269409,53.416759491,218.778167725
-49.519531250,54.387836456,62.897052765
-48.065582275,53.694179535,197.621994019
-48.200298309,54.224010468,244.488189697
-47.482906342,53.659641266,248.063278198
-46.734802246,55.668045044,320.133575439
-46.576499939,54.836971283,376.822509766
-46.336078644,55.319587708,326.563140869
-45.803218842,53.328483582,126.487632751
-46.354179382,54.662025452,341.851196289
-47.810565948,56.175914764,204.612747192
-45.962520599,54.098335266,236.567977905
-47.352561951,54.868473053,396.290618896
-48.026454926,54.121994019,266.074096680
-47.130378723,54.895999908,407.548522949
-47.834812164,55.968826294,234.658355713
-47.604316711,54.369045258,341.212066650
-45.508392334,55.650756836,157.130599976
-44.843666077,56.580238342,27.822765350
-49.492248535,54.555984497,69.918792725
-46.026824951,55.823528290,219.825134277
-46.825645447,55.370498657,369.190124512
-47.624614716,55.333541870,339.689514160
-49.515899658,56.103752136,45.184921265
-46.887805939,55.470245361,361.200103760
-46.381725311,53.629135132,225.783950806
-47.604129791,55.244869232,353.618438721
-46.833229065,54.267032623,365.425292969
-47.715595245,53.878265381,266.587097168
-46.878437042,54.034286499,334.054473877
-46.302131653,55.349395752,322.363739014
-47.147071838,56.468097687,180.795379639
-47.171714783,56.779571533,130.403518677
-45.293449402,55.090904236,155.284378052
-46.612510681,52.214641571,46.862247467
-47.149818420,55.260578156,388.764953613
-49.911285400,55.701148987,35.919391632
-46.748226166,53.525115967,236.259689331
-47.205505371,54.908237457,407.065032959
-48.011650085,54.069107056,261.876495361
-46.462734222,55.491416931,326.321594238
-47.374130249,55.333427429,371.547180176
-48.809673309,55.149963379,167.251708984
-47.837482452,55.090545654,326.552917480
-47.355995178,54.456802368,374.335266113
-47.008838654,56.023925781,263.943084717
-49.986660004,55.388515472,34.782085419
-46.504608154,55.348320007,346.353790283
-47.582950592,53.419868469,197.322006226
-45.319915771,56.586013794,51.274013519
-47.473857880,53.882110596,285.446868896
-47.256980896,55.029006958,400.999359131
-46.459381104,54.386001587,348.910949707
-47.510639191,55.295875549,360.004974365
-49.065158844,54.023124695,94.691413879
-47.699337006,54.479206085,343.410491943
-47.834377289,57.254066467,57.418540955
-45.982540131,57.257583618,45.166938782
-46.798450470,54.814811707,393.479492188
-47.278682709,53.686244965,256.118164062
-45.984569550,54.424442291,278.509948730
-46.958770752,55.242656708,383.376464844
-47.250633240,55.878948212,289.833221436
-48.833965302,55.094867706,163.410995483
-46.587867737,53.757114410,267.597198486
-45.797050476,54.972152710,250.245742798
-48.032699585,55.366500854,277.997741699
-46.275177002,54.309108734,308.677185059
-46.842144012,54.149494171,349.562622070
-46.185188293,53.145488739,133.630264282
-46.939861298,56.498191833,174.462753296
-47.389171600,55.474948883,351.921234131
-47.167858124,54.281806946,366.960144043
-45.952610016,54.705764771,280.176055908
-46.345520020,54.380565643,329.562225342
-46.077728271,54.715267181,299.047454834
-47.368350983,54.288784027,353.459533691
-50.169612885,55.509563446,24.659078598
-47.579692841,55.136684418,368.805297852
-47.184547424,55.283992767,383.384490967
-48.132678986,54.705268860,283.332763672
-47.044536591,54.790714264,405.012817383
-47.544811249,52.921794891,126.054496765
-49.146213531,54.813320160,115.819999695
-46.995819092,56.200920105,233.005950928
-47.102096558,54.951168060,405.675048828
-46.815708160,53.780010223,280.268432617
-48.449497223,54.468284607,215.255813599
-45.598312378,56.189697266,124.244575500
-47.869804382,54.534278870,319.107147217
-46.928573608,55.563076019,348.986145020
-47.616710663,53.984970093,289.600891113
-47.018146515,55.354564667,376.326629639
-46.554531097,57.638790131,35.964912415
-45.980834961,55.473972321,251.055847168
-47.363010406,55.418720245,361.136505127
-46.333850861,55.741050720,273.101470947
-46.965961456,54.170227051,355.136932373
-45.563465118,57.240421295,26.348043442
-46.265186310,54.680839539,327.755462646
-47.645931244,54.991466522,362.761962891
-47.100727081,55.083885193,404.135894775
-46.828125000,54.509418488,387.492401123
-47.055423737,55.269222260,383.752471924
-44.730949402,54.605857849,73.436256409
-49.064144135,53.810310364,83.784889221
-43.257087708,53.926647186,4.887314320
-47.756813049,53.167343140,149.507186890
-45.903800964,54.852977753,270.014739990
-46.160419464,54.692134857,313.442565918
-47.895435333,54.459350586,311.159057617
-46.446445465,55.053558350,355.596618652
-46.935104370,52.778362274,110.295722961
-48.868309021,53.938903809,113.534820557
-46.761203766,54.878490448,394.635925293
-48.005149841,53.908489227,238.138504028
-46.229690552,54.867336273,325.140380859
-46.772777557,55.325847626,371.637054443
-44.730281830,56.073387146,39.537624359
-47.021373749,54.776115417,402.585144043
-46.955627441,53.634231567,262.279754639
-46.152332306,54.960525513,314.911071777
-46.876758575,55.765457153,310.137115479
-48.009937286,53.484920502,172.830078125
-47.907508850,55.099906921,315.512817383
-46.081901550,55.690082550,246.460739136
-45.890960693,54.291404724,251.140701294
-46.011592865,55.171134949,278.418457031
-45.687908173,54.125522614,195.886215210
-46.872379303,55.010280609,400.960632324
-47.576744080,55.048400879,375.727813721
-46.418392181,54.981101990,354.021270752
-46.150081635,54.896221161,314.381103516
-47.192752838,56.267406464,222.560958862
-46.930660248,53.169456482,171.650314331
-45.075492859,54.987361908,120.421028137
-47.524780273,56.842655182,109.875053406
-47.064590454,53.864048004,302.504394531
-47.938583374,55.820564270,246.870788574
-48.001296997,56.377815247,152.401168823
-45.898086548,55.728610992,214.754196167
-47.340103149,54.446594238,374.449127197
-48.703083038,55.562911987,155.498947144
-46.978912354,54.077972412,345.332458496
-46.942790985,53.587360382,253.771774292
-48.246623993,53.972789764,211.744415283
-47.287109375,54.439350128,377.873352051
-48.390995026,54.733135223,237.147994995
-48.679580688,53.703861237,120.143066406
-46.967533112,55.155941010,391.540344238
-47.055473328,52.426677704,69.126197815
-43.765075684,56.034667969,7.625692368
-45.145866394,55.146011353,128.808258057
-45.417964935,54.519348145,174.460311890
-45.598731995,54.230869293,192.890106201
-46.169406891,53.092685699,125.934799194
-46.605064392,56.129760742,229.543212891
-46.561294556,55.739246368,296.367309570
-47.529598236,54.836868286,381.000671387
-45.547824860,55.125461578,196.898864746
-46.459056854,53.577041626,224.520172119
-47.257934570,53.493747711,227.617355347
-46.663822174,56.791770935,122.641517639
-46.097450256,53.208484650,138.661972046
-47.539009094,54.799274445,376.937133789
-48.758647919,56.161300659,101.266197205
-47.905887604,54.035556793,273.929382324
-48.167301178,54.501083374,270.580444336
-46.588905334,54.381866455,360.499938965
-47.822246552,54.931606293,339.824707031
-48.696998596,54.864101410,189.322372437
-47.099231720,55.693561554,328.315124512
-48.230148315,55.212890625,253.499328613
-47.533901215,55.675830841,306.482971191
-45.892078400,55.394298553,245.333343506
-47.002689362,55.406921387,367.226409912
-48.610031128,54.309726715,178.153396606
-47.685276031,54.325366974,328.485565186
-46.083240509,55.162113190,300.054565430
-47.988079071,54.307064056,289.866607666
-46.130722046,54.270954132,285.255249023
-48.140232086,56.007862091,195.786315918
-45.225414276,55.294483185,136.889160156
-47.333850861,56.423736572,188.312103271
-47.320400238,54.476436615,381.209808350
-47.083232880,54.347274780,376.747589111
-47.059322357,54.842559814,405.712646484
-46.259578705,54.839794159,329.003509521
-46.593441010,54.121944427,323.618713379
-45.920661926,54.921283722,269.635284424
-46.994701385,54.129131317,350.897766113
-46.260864258,53.188518524,144.809600830
-46.445835114,54.983531952,359.366912842
-46.383934021,54.903877258,350.528076172
-45.925754547,55.476406097,242.373275757
-47.153606415,53.567058563,242.250900269
-47.678390503,55.707820892,282.521881104
-46.714500427,54.039543152,324.887573242
-45.782756805,53.966403961,196.867767334
-47.096790314,54.283363342,370.630157471
-46.697673798,54.665115356,382.687194824
-47.248394012,54.014541626,328.231781006
-46.792427063,55.769718170,305.312591553
-45.618724823,55.520381927,193.959579468
-46.535625458,54.735992432,370.121948242
-45.359519958,54.331371307,157.603790283
-47.765266418,55.080883026,341.190338135
-47.594268799,54.698188782,368.152954102
-45.884956360,55.279758453,254.084075928
-45.421577454,55.226596832,176.086090088
-46.489452362,54.477207184,356.792449951
-46.479835510,52.961025238,125.337623596
-46.053131104,54.205776215,265.776000977
-46.580692291,55.680366516,306.375793457
-46.842453003,55.035964966,395.470520020
-48.666259766,55.610301971,156.387908936
-45.417831421,54.474380493,172.827957153
-47.182388306,55.247203827,388.156951904
-45.437248230,54.822822571,181.024002075
-45.742858887,54.791126251,243.838928223
-46.387397766,53.705738068,239.219314575
-49.073818207,55.633056641,102.986167908
-46.984817505,54.335422516,375.286926270
-47.703678131,54.713298798,359.190856934
-47.946666718,53.157070160,131.869308472
-47.058540344,55.881668091,290.218475342
-48.477645874,56.293247223,115.504333496
-45.642658234,55.816291809,168.265136719
-48.068485260,55.906661987,218.722442627
-47.470668793,55.419319153,348.176239014
-48.169750214,55.546104431,243.479553223
-47.030406952,54.331485748,376.391418457
-47.466247559,53.923583984,295.468597412
-47.149600983,57.302253723,64.817909241
-49.296669006,56.351863861,46.392169952
-48.314918518,54.613780975,244.359497070
-48.325569153,54.523777008,241.367050171
-48.508426666,54.663578033,215.716384888
-45.298252106,55.076293945,155.012725830
-46.870914459,55.193897247,385.216461182
-46.857482910,54.785816193,397.702789307
-47.196727753,55.313240051,381.716827393
-45.964477539,55.764236450,218.212783813
-46.879497528,56.485744476,177.751235962
-48.408458710,54.678703308,230.339492798
-47.606216431,55.476341248,320.633117676
-45.995948792,53.340057373,148.729629517
-45.820621490,54.479740143,251.498870850
-47.151729584,54.487888336,381.180511475
-47.919090271,55.100978851,312.553863525
-47.443065643,55.697460175,311.746032715
-47.708496094,53.745983124,244.096206665
-46.587432861,53.986072540,300.912109375
-46.639015198,55.065925598,379.120758057
-48.541461945,54.689407349,209.485153198
-47.455917358,56.041721344,253.821151733
-45.810775757,54.469795227,248.384246826
-47.988773346,54.713691711,312.049285889
-49.200584412,54.451786041,100.378471375
-45.674530029,54.860637665,227.876205444
-45.043201447,53.072299957,35.714653015
-47.098033905,52.163715363,44.382301331
-47.371898651,55.430202484,358.731323242
-44.742889404,53.913074493,56.798664093
-48.143321991,55.844573975,215.966705322
-46.275203705,55.717311859,270.753509521
-47.537929535,54.400711060,351.054290771
-47.930789948,55.105201721,312.592224121
-46.834255219,54.929687500,400.832855225
-46.891632080,52.583007812,87.695968628
-47.418865204,52.918193817,128.562347412
-46.061851501,53.296028137,148.898223877
-47.565666199,55.234424591,362.414245605
-46.107933044,54.197555542,274.664642334
-46.885730743,55.708076477,320.438171387
-46.160942078,55.163345337,313.370758057
-46.729255676,54.902397156,390.902282715
-44.428409576,54.490768433,44.012145996
-47.902935028,56.107727051,208.120895386
-46.387924194,56.449085236,159.479293823
-48.775497437,54.492782593,160.468658447
-46.883537292,54.729400635,394.630676270
-47.002750397,51.357208252,9.832080841
-47.585613251,54.832214355,376.021636963
-46.714439392,53.929199219,302.545166016
-48.545692444,55.634460449,170.316192627
-46.392002106,53.680679321,236.345260620
-45.613677979,54.652904510,215.594192505
-47.115352631,53.520439148,235.897872925
-47.065105438,52.436302185,71.174476624
-47.736595154,55.352733612,325.589202881
-46.737796783,55.234249115,376.652282715
-45.870159149,54.605930328,268.656005859
-46.479980469,54.515804291,359.768585205
-45.256191254,55.083736420,144.015487671
-47.417095184,54.619266510,381.345092773
-47.296211243,53.762851715,274.761840820
-49.272964478,54.380386353,92.188751221
-45.067035675,55.791721344,84.588485718
-48.086776733,56.212985992,172.185577393
-45.373958588,54.576587677,165.565765381
-47.934024811,53.216259003,142.016677856
-47.884948730,56.074443817,217.428894043
-48.874153137,56.094825745,96.654518127
-47.487064362,54.110031128,317.631469727
-47.502403259,55.354644775,350.611663818
-46.998813629,53.547641754,241.559097290
-47.784996033,55.224773407,329.114776611
-46.126911163,57.028545380,72.894279480
-46.665172577,55.530754089,337.700225830
-46.390380859,54.595314026,347.333007812
-48.818256378,55.213512421,164.060714722
-45.956352234,55.615116119,236.370529175
-48.241855621,55.279121399,249.968429565
-44.773693085,55.154842377,80.259963989
-47.713775635,55.351520538,330.097564697
-46.439075470,56.644615173,129.140411377
-46.698902130,54.346965790,365.843475342
-47.246685028,52.879489899,125.376365662
-47.406475067,54.761104584,389.773468018
-48.007644653,55.793033600,243.085250854
-47.277908325,54.899341583,400.336486816
-46.321685791,54.851951599,338.050994873
-46.478897095,55.397533417,337.744384766
-48.424549103,55.965251923,161.898529053
-48.180221558,56.055885315,184.045547485
-46.348896027,54.959251404,343.908813477
-49.185245514,54.593128204,105.022979736
-48.580509186,55.545566559,172.375457764
-46.038566589,54.143150330,254.074462891
-47.553852081,55.226173401,364.219573975
-46.322711945,54.249511719,310.448333740
-48.151218414,54.818305969,278.319946289
-45.786998749,53.903919220,192.068099976
-47.314098358,54.465404510,380.447967529
-48.039142609,54.923500061,300.910705566
-46.319919586,54.767314911,338.916198730
-46.846843719,56.280391693,213.014480591
-45.563777924,53.491676331,118.368019104
-46.546855927,55.606246948,319.186248779
-46.903823853,55.772510529,308.188842773
-46.818675995,56.016418457,260.713073730
-46.278247833,53.762886047,233.176971436
-46.615440369,54.390167236,364.607116699
-45.783107758,56.294811249,129.496353149
-47.616836548,55.493476868,317.322967529
-45.434066772,54.787902832,180.211349487
-48.560977936,53.946304321,156.389709473
-46.992446899,54.197254181,359.420867920
-48.340549469,53.303710938,112.290588379
-45.418933868,54.634822845,177.142608643
-47.470638275,55.240573883,370.571594238
-44.697322845,53.768207550,47.439090729
-45.705574036,54.275505066,211.558135986
-46.997676849,55.848705292,294.374450684
-46.650588989,55.994152069,256.172332764
-45.919483185,54.949924469,268.796630859
-46.293376923,56.187263489,193.907165527
-47.067974091,56.472740173,181.382415771
-46.694286346,54.463481903,377.309204102
-46.296432495,54.877967834,337.461883545
-46.378597260,53.083332062,137.005142212
-48.483276367,54.069763184,182.762542725
-49.345981598,53.647277832,51.799053192
-46.043827057,55.173564911,288.587554932
-47.777912140,52.818714142,94.434593201
-47.509323120,55.299873352,358.711639404
-46.964923859,53.791767120,284.267700195
-47.507907867,55.942111969,265.496520996
-46.887004852,55.645530701,333.229797363
-47.381820679,54.679084778,387.370483398
-46.491844177,53.569370270,226.054931641
-45.865245819,55.830780029,196.183792114
-46.966304779,56.043563843,260.311676025
-47.430465698,54.206214905,335.643218994
-46.325016022,56.390384674,162.925308228
-48.089511871,54.960586548,290.534484863
-48.163047791,53.305538177,131.709701538
-47.863910675,53.864330292,250.525009155
-46.067924500,55.602458954,255.090728760
-46.036468506,55.100299835,291.280273438
-47.400173187,56.640037537,149.943344116
-48.302803040,56.941429138,64.612861633
-47.097923279,55.491493225,358.085327148
-47.848320007,54.711242676,335.774627686
-47.022808075,53.780708313,286.157806396
-46.270130157,54.487957001,326.031066895
-46.641689301,55.687854767,308.719329834
-46.519554138,53.365070343,190.209365845
-47.857795715,54.067897797,284.389221191
-48.010112762,55.604347229,262.129577637
-48.327808380,55.451885223,220.627197266
-48.264514923,53.566802979,157.164901733
-48.902050018,54.792240143,151.137359619
-48.683635712,55.040248871,183.273498535
-47.462966919,53.658153534,248.378097534
-47.168117523,55.959304810,276.653381348
-46.709499359,55.430858612,357.461242676
-47.031703949,54.733051300,399.300384521
-47.654167175,55.624721527,294.486694336
-46.656147003,53.764469147,269.919403076
-46.062545776,54.360164642,288.761779785
-47.040122986,54.612358093,393.701995850
-47.324501038,54.872619629,399.979614258
-48.638851166,55.130722046,190.369842529
-47.074344635,54.702342987,397.056488037
-45.939491272,54.220485687,252.315002441
-48.808509827,53.133232117,58.850597382
-46.659355164,53.480461121,220.658264160
-47.578468323,55.096042633,373.148101807
-50.399135590,55.267162323,17.063861847
-48.179935455,53.870864868,212.089569092
-47.232555389,52.647827148,95.598785400
-46.788711548,53.104415894,159.917831421
-47.654113770,56.267059326,198.997650146
-46.743412018,53.998500824,318.536773682
-48.089984894,55.703891754,243.174148560
-47.588127136,55.602058411,306.903625488
-47.959266663,55.592151642,268.866027832
-45.614562988,54.448383331,211.090576172
-7.870665550,12.814382553,260.272155762
-9.229429245,13.397649765,397.897430420
-7.123529911,13.106735229,162.237960815
-8.650695801,14.011969566,405.493377686
-7.198024750,13.930158615,189.186096191
-7.146058083,14.603687286,128.216400146
-10.482687950,14.117820740,161.118041992
-9.046561241,15.281312943,168.747390747
-8.063883781,13.430179596,352.465301514
-7.758873463,15.096248627,150.761489868
-7.861933231,15.861903191,65.568901062
-7.164436817,14.648456573,125.452789307
-6.488838673,14.098917007,77.259429932
-8.785273552,13.378714561,414.945404053
-7.333243370,13.282938957,213.001022339
-8.049734116,12.954046249,305.314117432
-6.675009727,13.726107597,105.457305908
-6.553243160,14.935169220,54.549873352
-8.298796654,13.285708427,378.477355957
-7.994582653,13.169574738,319.951141357
-8.465872765,13.436752319,408.683135986
-9.836882591,13.597653389,304.826934814
-8.764339447,12.709466934,326.020843506
-7.667613983,14.180639267,260.290863037
-9.324263573,13.777422905,387.819915771
-8.719408989,14.213555336,389.083648682
-9.317544937,12.381835938,241.316696167
-7.912097931,11.656895638,87.339630127
-8.937384605,12.619683266,309.722503662
-10.182087898,12.715887070,182.024658203
-9.085030556,15.611235619,116.016914368
-8.276017189,13.640266418,387.175750732
-8.350147247,13.231301308,379.579071045
-9.658828735,13.203863144,329.428558350
-10.751474380,13.580736160,126.880104065
-10.246974945,14.347915649,184.187179565
-9.570011139,13.685938835,357.345458984
-8.679501534,11.367459297,73.722259521
-7.496085167,14.582824707,187.694122314
-8.436118126,12.832674980,338.873779297
-8.451947212,13.391942978,403.326568604
-6.343676567,13.084030151,57.810871124
-8.883684158,14.078180313,399.514251709
-10.265668869,14.149990082,196.272628784
-10.276101112,13.646162987,214.892166138
-7.402645588,14.595666885,171.597091675
-8.741913795,13.310863495,408.419372559
-9.296563148,12.008450508,172.706665039
-7.981355190,14.075271606,324.194671631
-8.219346046,13.474020958,380.001770020
-7.264200687,13.349271774,203.445785522
-9.211780548,14.453770638,330.271575928
-8.305387497,13.213399887,373.857421875
-8.703271866,14.292928696,376.785064697
-9.256788254,14.091775894,376.866363525
-10.428159714,15.178021431,80.777435303
-8.644754410,12.418284416,272.292205811
-8.411474228,13.680617332,401.366180420
-8.651680946,13.240797043,402.589447021
-8.704966545,13.104010582,391.214874268
-9.760477066,12.770444870,256.172485352
-6.996187210,13.244803429,147.615081787
-6.821856499,15.102044106,65.712341309
-7.781405449,12.891358376,260.911102295
-9.436175346,12.507786751,254.616668701
-9.044084549,11.618889809,111.835395813
-8.443303108,15.017160416,222.057876587
-9.056724548,12.784608841,334.604217529
-8.498461723,13.102479935,376.775451660
-7.560165882,13.983420372,258.410675049
-9.832221985,14.320160866,262.185699463
-8.386547089,13.978525162,385.892150879
-9.280315399,13.362372398,388.322570801
-7.512275219,14.678101540,177.526382446
-8.901642799,13.180826187,398.976379395
-7.661407948,13.839086533,281.890197754
-7.605393887,12.482000351,177.708755493
-6.528413296,13.787753105,87.097351074
-8.888851166,13.361200333,409.875488281
-10.278770447,13.510643959,214.960525513
-10.065788269,14.149990082,236.980499268
-10.213117599,13.605267525,226.971069336
-8.743521690,13.673310280,423.149261475
-10.505900383,12.846226692,141.685882568
-8.787122726,12.165500641,218.341705322
-10.097154617,14.016294479,239.482467651
-9.085907936,13.246283531,396.537017822
-10.047444344,11.620749474,70.687492371
-10.165086746,13.299683571,232.171554565
-10.733475685,14.074629784,123.383621216
-8.545924187,13.055645943,376.548461914
-7.655762672,13.969759941,273.379760742
-8.637985229,12.771424294,339.926635742
-7.334801197,13.005587578,195.159057617
-8.635159492,14.515756607,334.721954346
-8.933782578,12.811560631,342.201019287
-8.095738411,12.838649750,300.043426514
-9.188901901,12.863296509,345.682464600
-8.482283592,13.742114067,406.508666992
-10.128131866,13.859324455,245.158538818
-7.344173431,13.994479179,212.383316040
-9.379629135,13.026391029,347.610443115
-8.504231453,13.349280357,403.440155029
-7.750614643,13.993644714,291.732482910
-8.464963913,12.886013985,348.833190918
-10.224921227,12.948292732,193.291915894
-10.116941452,11.855379105,86.308860779
-8.698026657,13.229687691,401.013824463
-7.690684319,15.972700119,48.530834198
-8.542025566,12.697607994,320.192108154
-9.379898071,13.033649445,349.106353760
-8.272202492,14.513091087,304.149444580
-6.954136372,11.330615997,19.721660614
-8.066465378,14.008481026,341.706115723
-8.997175217,12.884076118,352.039337158
-11.550909996,12.961061478,29.249151230
-8.997245789,13.977321625,408.633941650
-9.091464996,11.881196022,159.729751587
-7.335616112,12.781904221,174.596176147
-8.579417229,13.733686447,416.131927490
-7.921846390,15.395322800,126.042106628
-8.336657524,13.323922157,384.907318115
-9.443462372,12.570455551,267.354522705
-7.370489597,13.238306999,217.947204590
-9.671215057,13.226771355,328.743316650
-9.203107834,13.840672493,396.573974609
-6.500901222,13.493011475,80.416488647
-8.668366432,13.186690331,396.865081787
-8.660748482,14.310256958,374.285949707
-9.194605827,13.625394821,404.958465576
-9.660079002,12.547055244,235.272140503
-9.650825500,12.653582573,257.504608154
-9.929886818,13.745045662,287.210174561
-7.323965073,13.810601234,223.101821899
-10.752693176,12.170921326,57.266159058
-9.440966606,11.874945641,142.078826904
-10.393732071,13.754716873,187.174468994
-10.074028015,13.988612175,249.120742798
-7.579199314,13.645271301,266.550109863
-11.839034081,12.314802170,10.309155464
-7.703595638,14.168043137,267.881256104
-8.338923454,15.169642448,183.186996460
-9.349659920,14.144999504,363.432403564
-9.390048981,13.796440125,382.425170898
-9.469359398,14.079117775,354.925628662
-7.183524609,12.764755249,148.387283325
-11.408238411,13.884019852,41.566162109
-10.547514915,15.376614571,51.733234406
-8.198934555,13.142252922,347.601318359
-8.974916458,13.241168976,402.207519531
-8.285593987,12.284677505,224.647079468
-9.884778023,15.085710526,149.989196777
-8.880663872,15.684507370,107.622016907
-8.765110970,14.367283821,363.803344727
-9.264320374,13.692385674,395.221282959
-9.587834358,14.301907539,306.282836914
-7.022833347,14.249626160,142.007873535
-9.383512497,13.885087967,381.029052734
-8.388567924,13.844738007,393.795318604
-9.502787590,13.611735344,367.165008545
-8.952376366,14.692204475,296.540069580
-8.792762756,13.338069916,413.560913086
-9.863984108,12.964536667,263.584655762
-9.379131317,13.083141327,354.732757568
-8.974993706,14.818063736,273.277557373
-6.701766968,14.873233795,68.934738159
-8.993622780,12.824229240,343.538482666
-9.496290207,13.990366936,358.770141602
-8.705709457,14.120493889,394.618133545
-9.043861389,13.290499687,403.867767334
-7.929585457,14.735699654,229.276489258
-9.263678551,13.164587021,375.878509521
-6.158267975,13.822088242,49.474655151
-8.708069801,13.384325981,416.282745361
-9.598612785,13.831912041,348.116149902
-8.181849480,13.077301025,335.811004639
-8.448009491,12.317219734,241.216567993
-8.828451157,13.856855392,416.658813477
-8.273464203,12.754685402,310.530120850
-8.920675278,13.350661278,405.881317139
-10.716537476,14.859701157,79.718994141
-9.043844223,15.318107605,162.813339233
-8.902853966,13.890625000,417.685852051
-9.499027252,14.529144287,281.723358154
-8.922151566,13.758080482,421.958251953
-7.800088406,12.982209206,272.215362549
-9.126036644,13.775156021,406.295562744
-9.200140953,12.438918114,267.261047363
-8.270991325,11.919793129,152.935104370
-9.189825058,14.384333611,344.632812500
-8.296072960,13.621681213,389.196502686
-7.747678280,13.134809494,281.592956543
-9.108864784,15.263198853,171.717086792
-9.475287437,12.397985458,231.926986694
-8.446466446,13.545055389,408.329437256
-7.842081070,13.459369659,314.864593506
-8.019088745,15.133422852,166.537963867
-8.121107101,12.691327095,279.759063721
-9.435141563,13.973277092,372.329254150
-9.137236595,12.190972328,209.166107178
-8.537232399,12.138782501,205.768417358
-10.132985115,13.242434502,236.768478394
-7.167472839,12.681460381,136.092956543
-8.035115242,14.566838264,267.865386963
-7.928027153,13.786327362,328.072784424
-8.994797707,13.157371521,393.217193604
-8.453901291,13.779190063,402.778259277
-9.174237251,14.581930161,305.501312256
-9.989816666,13.619917870,273.080993652
-8.278211594,14.275748253,346.051635742
-10.642483711,11.887926102,49.275348663
-8.454803467,12.355619431,250.303817749
-9.256236076,13.355269432,388.402954102
-8.964150429,15.438548088,140.521347046
-8.533089638,14.252463341,373.695495605
-8.798199654,15.469157219,139.789840698
-8.941981316,12.330538750,254.128601074
-7.753765106,12.768632889,241.570312500
-9.447065353,13.418986320,374.055603027
-9.411442757,12.696151733,300.022613525
-7.435286045,12.954771996,205.484237671
-8.076584816,13.376278877,351.172821045
-8.676163673,14.223647118,384.011474609
-8.756924629,12.719450951,330.174438477
-8.231286049,13.787308693,378.890716553
-6.737446785,14.892334938,71.850143433
-7.947849751,12.130787849,168.125381470
-8.581686974,15.300283432,165.913391113
-8.827921867,13.257381439,406.831817627
-6.453495979,15.033592224,42.859989166
-8.067689896,13.964737892,344.706146240
-9.270274162,14.581322670,302.389221191
-8.562484741,13.703441620,416.149719238
-7.834078312,13.361801147,310.834472656
-7.300076962,13.270103455,207.386413574
-9.352311134,14.355282784,330.105712891
-8.741868973,13.351180077,411.724517822
-8.238117218,12.208166122,206.645446777
-9.784736633,14.871751785,193.565383911
-8.530758858,13.067964554,377.353820801
-7.741282940,12.985744476,264.488342285
-9.341890335,13.842156410,386.599029541
-7.701030254,13.700956345,288.863311768
-8.851726532,14.973938942,240.931182861
-7.872596264,14.720330238,224.850204468
-8.238759041,13.903594017,369.963470459
-8.398831367,12.960616112,353.489807129
-9.453594208,13.256459236,360.889190674
-9.732282639,13.463541985,324.485382080
-11.578061104,13.555724144,30.923316956
-8.905337334,15.006732941,232.316482544
-9.207175255,14.086690903,382.631805420
-11.471295357,13.948726654,36.251907349
-8.619233131,13.758340836,415.245391846
-7.940947056,14.926968575,197.801757812
-9.824679375,13.672897339,310.419036865
-9.872512817,12.336347580,172.454483032
-7.300153732,13.279299736,207.521621704
-9.890667915,13.785469055,293.567352295
-8.445326805,12.847561836,342.866027832
-7.711703777,13.910304070,287.728424072
-9.309682846,14.855667114,241.938476562
-8.568943977,13.790694237,409.037078857
-9.770859718,12.811880112,261.654083252
-9.038451195,12.655772209,316.832366943
-9.174916267,10.566282272,16.552949905
-9.079753876,14.280318260,369.967803955
-8.579617500,14.867205620,254.746871948
-9.117279053,14.501783371,328.942596436
-9.531144142,12.860495567,312.513458252
-8.077484131,12.350225449,218.965255737
-9.559168816,13.821131706,353.964813232
-7.977327347,13.554540634,346.086975098
-9.198680878,13.322498322,392.621246338
-8.639547348,13.544981003,418.931274414
-10.361185074,13.659183502,195.653015137
-8.333806992,14.696331024,275.254455566
-8.844875336,13.915349960,414.772216797
-8.953054428,13.640711784,421.773742676
-8.491438866,11.879149437,158.437454224
-9.094839096,12.979603767,363.773559570
-9.902720451,13.616740227,292.342071533
-6.897159576,12.783500671,109.102966309
-9.204894066,14.097223282,381.694763184
-8.138304710,14.694454193,256.366271973
-9.647065163,12.718587875,269.790954590
-8.272297859,14.495891571,307.433197021
-8.851387978,13.845587730,416.934753418
-8.260133743,14.275087357,344.833221436
-8.239040375,13.601841927,381.461486816
-7.227211475,13.287407875,192.946655273
-9.442165375,14.366521835,317.098602295
-8.442219734,13.678199768,406.575439453
-9.136097908,12.779565811,332.270751953
-9.232263565,13.484468460,399.598571777
-8.109977722,12.932802200,311.880981445
-7.967969418,13.577135086,343.871185303
-8.751152039,13.392486572,416.212738037
-7.665015221,14.536870003,220.239242554
-9.578976631,12.703768730,279.332946777
-9.023302078,15.249265671,176.435928345
-9.574184418,13.786383629,353.095886230
-9.800259590,14.759961128,205.620178223
-8.257283211,13.299717903,374.715118408
-9.817217827,13.994512558,300.302001953
-10.541536331,13.516453743,162.988311768
-9.150871277,13.918799400,401.434020996
-9.787701607,14.911394119,188.703598022
-9.413603783,13.468653679,380.449157715
-7.227873802,12.467958450,121.846244812
-8.178626060,12.617267609,278.648773193
-9.847337723,14.131685257,280.678497314
-7.640976906,12.454572678,178.040695190
-9.766078949,13.812128067,321.998931885
-10.055722237,14.489868164,204.777236938
-8.211617470,13.008699417,335.163238525
-8.799189568,14.302463531,375.595397949
-8.106187820,13.427469254,358.649719238
-8.612220764,13.061266899,382.152465820
-9.286503792,15.030199051,208.818786621
-8.907310486,14.542566299,331.058654785
-8.000000954,13.745101929,346.668853760
-10.313585281,14.983416557,119.110862732
-8.187548637,13.380954742,371.406890869
-8.900013924,13.294865608,403.512023926
-9.962182045,12.642474174,205.712631226
-10.322901726,10.890346527,16.229763031
-7.517640591,14.916074753,147.926589966
-9.019617081,11.999197006,181.420227051
-8.986609459,12.550104141,300.239837646
-7.635124207,14.716020584,189.731018066
-8.476793289,13.646632195,409.020263672
-9.686785698,16.807664871,6.524568558
-11.794638634,13.802123070,20.232074738
-9.028998375,13.105176926,386.546905518
-6.934010983,14.522945404,108.378585815
-7.397526741,15.618825912,63.288764954
-9.639886856,14.019094467,332.329803467
-7.844480038,14.605866432,239.295913696
-6.731791496,14.778256416,75.783775330
-8.029974937,14.327897072,303.165222168
-8.652079582,12.832785606,351.800567627
-7.565249443,11.936946869,98.174850464
-8.600976944,12.933382988,363.321502686
-10.177953720,14.996886253,131.611236572
-6.608880520,13.046216011,77.978775024
-9.874894142,13.141801834,278.049560547
-9.056002617,14.011879921,406.690032959
-9.690017700,14.675235748,232.466690063
-9.303297043,13.001609802,351.855377197
-9.770300865,12.157454491,155.943603516
-8.707781792,13.628981590,424.438812256
-8.142634392,15.748650551,87.474678040
-9.049383163,13.238780022,395.718322754
-8.599130630,14.535636902,330.664154053
-8.815940857,14.806825638,273.568603516
-8.384042740,13.540476799,400.816894531
-9.619942665,14.874454498,211.605163574
-7.941218853,13.307982445,330.057739258
-8.499937057,14.470901489,336.202056885
-7.807824135,14.775398254,206.419738770
-10.190725327,14.554776192,178.552505493
-7.632914066,14.834599495,175.880554199
-8.859195709,14.128843307,395.245330811
-8.333076477,13.525123596,397.095214844
-7.549168110,14.007373810,255.533218384
-10.148120880,13.142844200,227.327056885
-8.106678963,13.418145180,357.346618652
-9.773745537,13.585302353,317.670196533
-8.219540596,12.296872139,221.326492310
-8.768898010,15.260163307,171.824157715
-8.336384773,13.732437134,392.439086914
-6.857115746,16.302558899,11.143393517
-8.414868355,16.390626907,32.066726685
-7.753677368,14.343506813,256.704071045
-7.298541546,12.375026703,119.085754395
-7.748343468,12.783481598,241.905700684
-8.896537781,12.247405052,235.317687988
-7.506027699,14.445708275,207.438964844
-7.897519588,14.081999779,308.386840820
-6.570726395,13.130411148,78.430740356
-7.736902714,15.973528862,51.888813019
-9.374697685,15.466056824,130.531387329
-9.577278137,14.174589157,320.919158936
-8.980339050,12.985157967,370.467559814
-7.326533318,13.710147858,223.769546509
-8.313635826,13.211621284,374.100402832
-8.279178619,13.557349205,387.275085449
-8.231684685,12.310303688,227.233474731
-10.087983131,14.346636772,216.831756592
-9.746782303,13.125975609,302.247711182
-8.052294731,14.861845016,220.825805664
-8.878717422,14.547574997,331.505279541
-8.746248245,12.121777534,207.277847290
-9.596319199,13.924447060,346.498779297
-9.091575623,13.624970436,413.364135742
-8.175395966,14.009099007,357.549163818
-7.336049080,11.927113533,76.714065552
-8.717792511,14.364928246,363.602386475
-10.009432793,12.709244728,209.040542603
-6.984403610,14.162220001,141.250137329
-7.698310852,13.594833374,289.533752441
-7.752709866,13.315842628,297.805755615
-8.652396202,14.039195061,402.270050049
-8.853104591,12.195105553,226.226699829
-8.820333481,13.026866913,379.660827637
-9.052602768,15.387421608,148.816650391
-9.401648521,13.353233337,373.819671631
-10.640571594,14.128655434,135.869934082
-9.714056969,13.308465004,320.926971436
-9.762725830,13.332072258,313.629180908
-9.392991066,13.888004303,379.957000732
-9.231483459,14.308939934,353.930938721
-9.021058083,12.285956383,240.330230713
-8.454612732,13.553997993,408.599945068
-10.700581551,13.975632668,130.239730835
-8.923212051,12.943625450,364.128570557
-8.380542755,14.187174797,370.086334229
-8.211209297,12.986223221,333.097381592
-9.284992218,14.330358505,346.607452393
-8.445051193,12.856389999,342.688934326
-9.415103912,12.123427391,182.781616211
-8.326251030,13.103322983,362.079956055
-7.362093449,14.652880669,158.236907959
-9.052441597,10.738139153,23.949775696
-8.307423592,13.993091583,371.438690186
-9.236815453,12.813551903,335.114685059
-9.087741852,15.002460480,230.311889648
-7.596632004,13.700694084,269.831726074
-9.543213844,15.302234650,141.508361816
-9.507931709,13.893323898,360.647918701
-9.724273682,14.490839005,253.823593140
-9.188644409,14.996928215,221.669876099
-8.826190948,14.726492882,295.292663574
-7.961197376,14.724487305,231.446090698
-8.149202347,13.650017738,373.381164551
-8.666663170,12.920373917,362.318023682
-7.991956711,11.967370033,145.608612061
-9.766150475,13.226799965,306.378967285
-9.843694687,14.179230690,276.561737061
-8.263634682,11.310483932,59.752208710
-8.444254875,14.716295242,279.997131348
-9.866292000,14.737686157,202.315551758
-6.556828976,13.384725571,82.654350281
-8.441858292,13.672536850,406.610961914
-8.695816040,14.010087013,408.581848145
-6.918824196,13.593571663,143.952621460
-8.944652557,11.709393501,128.315689087
-7.948654175,15.057785034,178.434051514
-7.468219757,14.208150864,221.393600464
-10.619103432,11.418578148,23.061088562
-7.996538162,13.905540466,336.363067627
-7.418396473,13.088906288,215.158279419
-8.955983162,14.461886406,345.462738037
-9.931357384,14.201859474,256.833465576
-11.081449509,12.490179062,48.637432098
-8.589740753,13.959423065,404.725036621
-8.939162254,13.091573715,388.120391846
-8.769410133,14.295631409,377.645538330
-9.133829117,11.474883080,91.377868652
-9.378686905,14.577489853,291.319152832
-9.545237541,13.883724213,354.773956299
-8.349226952,12.853707314,332.734710693
-8.721545219,15.641780853,115.392028809
-10.404122353,13.834215164,183.268493652
-8.406219482,14.637989044,293.828521729
-9.875165939,12.691391945,225.372299194
-10.256542206,13.394289970,214.782516479
-8.845599174,14.521484375,336.705322266
-8.792508125,11.602728844,109.388854980
-8.274979591,13.305302620,377.364074707
-7.608602524,13.351346970,269.881805420
-9.773878098,12.526804924,217.351119995
-6.243433475,13.367650032,53.560260773
-8.381498337,13.790103912,394.422668457
-7.336894035,13.670950890,223.221710205
-9.315162659,13.577205658,397.982788086
-9.505205154,12.764085770,298.110809326
-8.692490578,13.782093048,417.698303223
-9.142672539,12.621929169,307.446594238
-9.066443443,14.493190765,333.290069580
-7.905901909,14.748273849,225.487655640
-9.243199348,12.713350296,317.435089111
-9.210865974,13.196064949,383.478393555
-9.195956230,13.365368843,397.762542725
-10.039198875,13.002440453,234.750946045
-9.814966202,14.613589287,224.937911987
-7.765604496,11.743424416,91.199531555
-8.893393517,13.650916100,423.753570557
-9.847830772,14.529828072,229.693389893
-10.399714470,14.154000282,168.052215576
-8.639667511,12.381972313,264.495819092
-8.053321838,13.246249199,336.629058838
-10.425562859,12.932903290,162.231536865
-9.575332642,15.426606178,122.718055725
-7.922876835,12.654728889,248.214019775
-8.120074272,14.299639702,318.284423828
-8.979692459,15.413628578,142.664230347
-9.203378677,12.709296227,318.928192139
-8.752598763,12.834794998,350.874633789
-9.043611526,14.869068146,254.065658569
-9.522847176,14.980575562,199.614746094
-9.204145432,13.208445549,384.072235107
-8.906677246,14.851676941,263.690734863
-10.130661964,12.461992264,153.802047729
-8.263681412,13.336608887,378.114166260
-11.159178734,13.331481934,63.962982178
-8.691354752,13.218338966,399.983306885
-9.683781624,12.935198784,295.116271973
-8.378887177,15.550113678,115.344657898
-8.671554565,13.133830070,393.220886230
-9.589193344,13.699118614,353.813110352
-7.864779949,13.157140732,302.329589844
-8.150557518,12.929254532,316.398132324
-9.428796768,15.135086060,180.050811768
-8.589481354,13.589835167,421.746673584
-9.626091003,13.523145676,346.385589600
-7.970044136,14.143957138,316.573974609
-8.817572594,12.244182587,235.809783936
-8.944162369,13.163407326,396.909149170
-7.981557846,14.072009087,324.304443359
-8.460821152,14.229853630,370.506866455
-8.296199799,12.595062256,285.958953857
-9.860065460,14.093800545,283.976715088
-9.678390503,12.914991379,293.940093994
-8.750698090,14.592949867,323.834533691
-8.257298470,12.290006638,223.079360962
-7.992484093,14.224474907,314.687591553
-8.658757210,12.818072319,349.271881104
-9.434720993,13.607971191,380.170196533
-9.063686371,11.712530136,125.052185059
-7.817082882,13.047705650,284.131561279
-7.499207497,13.018558502,222.513412476
-8.298401833,11.592525482,95.818649292
-6.979074478,13.894205093,153.987854004
-9.201063156,14.156449318,373.420135498
-9.424736977,14.172662735,351.694335938
-9.922240257,14.246420860,251.944671631
-10.260154724,11.887190819,79.838645935
-7.107640743,13.462285995,176.741333008
-9.296839714,13.643945694,396.833221436
-10.049206734,12.939134598,226.935501099
-8.676082611,14.519901276,335.543182373
-7.463913441,14.080666542,233.830810547
-7.777556419,12.005683899,130.165359497
-9.899451256,13.960238457,284.679809570
-10.439679146,13.048334122,164.574371338
-7.774985790,13.180548668,291.440979004
-7.766505241,13.786191940,298.388397217
-8.842313766,13.664080620,421.241668701
-6.594184875,13.790157318,94.454643250
-10.066136360,15.316613197,102.967292786
-8.738850594,13.691130638,421.707641602
-9.555148125,12.906949997,315.321746826
-9.558224678,12.603260994,262.439208984
-8.466133118,13.594679832,411.380035400
-10.232516289,12.100336075,98.287445068
-9.810082436,14.044589996,298.332092285
-9.413908958,14.299090385,328.827056885
-9.630199432,13.618805885,348.205871582
-10.745501518,14.745080948,86.432380676
-8.670153618,12.529021263,292.650665283
-10.311267853,13.302981377,198.014907837
-8.348933220,14.151065826,371.123046875
-8.803918839,13.816676140,419.171234131
-9.158398628,12.800196648,334.666198730
-10.384257317,17.292448044,1.851863384
-8.623686790,15.208122253,183.743530273
-9.833147049,13.120395660,285.236907959
-8.965135574,12.383238792,266.954864502
-8.813556671,13.198488235,400.102203369
-9.828091621,15.327171326,121.119377136
-9.024615288,14.074242592,401.383483887
-8.492203712,14.865753174,251.410232544
-9.066327095,11.356845856,76.610336304
-9.798326492,14.102939606,297.469299316
-8.069292068,15.404836655,126.640235901
-7.740461826,14.536720276,228.103805542
-8.965669632,11.599411964,110.012825012
-9.743186951,14.038517952,309.437011719
-8.141730309,14.468730927,299.588592529
-9.453138351,12.660116196,283.281341553
-7.264211655,12.753622055,160.401901245
-10.797004700,12.915772438,100.158287048
-9.411173820,13.469149590,381.168579102
-6.773862839,13.818004608,119.003890991
-8.030508041,15.067193031,185.396591187
-11.893621445,14.535646439,12.297238350
-7.986912727,12.395049095,216.380035400
-8.277386665,13.845527649,378.514282227
-9.886407852,15.251973152,125.506126404
-9.867717743,13.025580406,268.450378418
-6.875153542,12.921437263,113.133453369
-9.071199417,14.158726692,387.637054443
-9.661890984,13.801842690,338.438415527
-8.493674278,13.202636719,389.826934814
-7.455556870,13.956487656,241.203231812
-8.983129501,13.028445244,374.797332764
-10.112453461,13.963109016,241.792175293
-7.596149921,12.875421524,229.986251831
-8.289091110,12.807604790,320.869903564
-8.506436348,13.045706749,371.120910645
-8.851175308,13.005377769,376.919891357
-7.259507179,14.204580307,188.832031250
-9.448280334,13.561112404,376.462066650
-9.064888000,12.928017616,360.000732422
-9.635313034,14.072875977,326.241760254
-7.553365707,14.953907013,147.815002441
-8.484686852,13.160571098,385.797210693
-7.553884506,13.389964104,262.438171387
-8.154603004,13.010746002,325.129577637
-8.849609375,14.740016937,289.676940918
-7.415590763,15.207460403,101.784584045
-9.043368340,15.293617249,167.583709717
-9.985836983,14.103809357,259.879516602
-9.219586372,14.269453049,359.704681396
-8.967005730,13.437182426,414.252624512
-10.014959335,13.490283966,263.050018311
-9.297118187,14.123981476,369.020599365
-10.885034561,13.425916672,105.276550293
-8.754663467,14.259162903,382.957336426
-8.701779366,13.748188019,417.671661377
-8.428809166,12.409955025,260.334167480
-8.436667442,14.229832649,368.655548096
-8.813142776,15.365362167,154.446533203
-9.541518211,13.515310287,361.939331055
-9.137380600,14.307391167,361.019866943
-10.452814102,14.846755028,114.024589539
-8.295800209,14.536210060,300.644134521
-7.704415321,14.553232193,224.888137817
-7.915702820,13.939858437,323.742370605
-7.309133530,12.222685814,104.365577698
-7.783271790,15.390040398,119.662986755
-7.848888397,14.488278389,253.574478149
-8.437691689,12.184419632,214.496704102
-9.120479584,13.725775719,409.581024170
-8.686833382,13.301071167,405.902832031
-10.305919647,14.948353767,124.007888794
-7.494071007,13.834829330,251.109848022
-7.474487305,12.900769234,208.909866333
-9.955941200,11.480595589,62.250991821
-9.816963196,14.022014618,299.688049316
-8.239684105,13.646260262,381.504882812
-7.357933521,14.088418961,212.776077271
-8.923849106,14.599308968,320.358642578
-9.314534187,14.905058861,229.555664062
-9.656370163,14.878610611,206.766693115
-7.765383244,12.049139023,134.480651855
-7.833860874,12.479492188,211.085952759
-9.536004066,14.218280792,323.654449463
-9.663201332,14.875829697,206.704467773
-8.451228142,15.307806969,162.038101196
-8.354189873,13.242127419,381.834106445
-9.454393387,12.872223854,323.761230469
-8.116812706,14.502600670,288.695861816
-7.290110111,14.087429047,201.632873535
-9.536576271,14.612200737,263.848724365
-9.118335724,12.539858818,293.365417480
-9.473597527,13.642566681,372.142395020
-9.008153915,14.098136902,398.270935059
-9.348918915,14.398820877,322.126831055
-9.371454239,12.547552109,271.500244141
-7.652190685,14.146265984,262.300994873
-7.178482056,12.624908447,133.889862061
-9.591459274,12.937374115,313.054168701
-8.066677094,13.563354492,356.646789551
-8.699751854,13.131435394,394.063751221
-8.693814278,14.020726204,407.624847412
-10.961834908,13.375137329,92.080680847
-7.953424931,13.976789474,323.634094238
-8.483092308,15.799223900,88.126495361
-9.918659210,12.251008034,155.712310791
-9.117625237,12.287345886,235.482238770
-7.929432392,12.775303841,267.886505127
-8.330747604,11.999017715,174.796905518
-8.989588737,15.085598946,213.606735229
-9.410766602,13.494491577,380.221801758
-9.035360336,13.772837639,417.044525146
-8.523347855,13.938829422,401.470458984
-5.862298012,12.198063850,13.137850761
-8.080847740,14.132226944,334.160034180
-8.150445938,13.590084076,372.817596436
-7.625811100,13.831755638,273.993988037
-9.344033241,13.738372803,390.039306641
-5.958742142,13.936870575,35.980602264
-9.786770821,13.732692719,317.917327881
-8.269292831,14.911127090,227.094070435
-9.329427719,15.210212708,174.369644165
-9.355632782,14.533378601,302.701202393
-8.876193047,14.456762314,348.127746582
-8.019100189,13.126145363,321.146667480
-10.530200005,14.123847008,152.212661743
-8.467811584,13.833535194,399.913818359
-8.159779549,15.238956451,156.776229858
-8.757741928,13.686983109,423.105560303
-9.511930466,12.306635857,205.647064209
-8.845427513,14.854238510,262.968750000
-8.798262596,12.461353302,279.278961182
-7.076156139,14.387670517,137.979461670
-8.622730255,13.477934837,417.657897949
-9.688003540,12.695938110,256.066680908
-9.625891685,14.261193275,306.697113037
-8.472761154,14.446065903,339.345062256
-8.190229416,13.363923073,370.041229248
-9.112700462,13.568090439,412.937103271
-8.551640511,14.665477753,302.298095703
-10.236058235,14.452461243,181.650436401
-9.161399841,13.216032982,387.925933838
-8.793395042,11.530941010,98.397811890
-9.603966713,13.210597992,336.873474121
-8.928322792,12.379155159,265.796783447
-8.150794983,13.319404602,361.401672363
-8.348760605,13.726319313,395.337432861
-8.987843513,13.824892044,417.321350098
-8.801730156,13.222861290,402.066070557
-8.834097862,12.532768250,293.970184326
-9.732719421,12.009753227,135.057678223
-9.355805397,13.604222298,392.156524658
-10.365509033,13.636773109,196.635131836
-8.846018791,13.663059235,421.252441406
-8.796745300,13.895396233,415.167144775
-10.381220818,13.721884727,192.142181396
-10.193723679,12.411170006,142.784393311
-10.444387436,12.292584419,94.610092163
-10.171056747,14.244014740,208.893646240
-10.395132065,13.749226570,187.117645264
-9.743379593,15.685915947,79.860290527
-8.372391701,15.627634048,108.979042053
-9.194345474,12.941861153,359.774749756
-7.205088139,13.555289268,193.082885742
-9.947030067,13.499370575,281.143188477
-9.852765083,13.259376526,294.130950928
-9.146258354,11.816048622,145.922256470
-9.123404503,13.662468910,409.531982422
-6.844439983,14.186864853,118.380477905
-8.779001236,13.563879967,426.926544189
-8.925441742,14.811577797,273.271850586
-95.591178894,24.870132446,206.128082275
-95.859184265,22.802967072,341.735198975
-96.262466431,22.321073532,256.560852051
-94.436515808,23.496158600,164.464385986
-94.588706970,24.443876266,145.540084839
-95.583732605,26.020626068,49.979713440
-96.059974670,23.111715317,382.188629150
-97.977958679,22.626747131,134.571105957
-94.922523499,24.674369812,171.649627686
-96.620887756,23.909574509,370.841125488
-95.728134155,25.239208221,149.240173340
-95.079353333,23.674737930,279.125854492
-96.823684692,23.767887115,355.599914551
-97.799285889,22.539279938,150.773056030
-97.921157837,23.384489059,176.582931519
-96.901062012,22.906028748,309.286926270
-95.282592773,23.813867569,310.754272461
-96.317611694,23.432592392,405.817749023
-94.379501343,24.579929352,113.702560425
-96.875488281,23.019248962,326.526824951
-97.569496155,22.816356659,209.879776001
-96.534645081,21.523487091,107.976013184
-96.130508423,23.479494095,406.092437744
-97.574501038,22.746555328,204.359344482
-95.920036316,24.471714020,294.909454346
-94.593673706,23.276317596,187.284713745
-97.714576721,20.920299530,21.644071579
-97.243453979,22.508794785,225.799026489
-95.030105591,22.644060135,215.407165527
-95.666023254,23.959770203,351.160278320
-96.922508240,25.420637131,116.586402893
-95.206077576,21.110483170,40.626647949
-95.058090210,23.300220490,274.372009277
-96.748229980,24.464813232,286.676544189
-97.453514099,22.776407242,223.147521973
-95.743995667,24.403224945,295.521545410
-96.656867981,24.667398453,255.765167236
-96.057220459,21.673078537,133.799530029
-97.114990234,24.401050568,250.567398071
-94.283874512,25.945762634,16.028659821
-97.374717712,24.120264053,247.832702637
-97.387489319,23.657730103,272.717590332
-96.989135742,23.021310806,313.996215820
-97.173698425,23.626491547,301.207244873
-96.997406006,23.649021149,332.107208252
-96.487541199,23.892761230,381.209289551
-97.103675842,23.727052689,312.264953613
-96.088806152,22.826436996,355.847869873
-95.780723572,24.905685425,208.206542969
-95.569892883,23.900522232,347.227874756
-97.627601624,24.020467758,214.490112305
-98.300712585,21.695823669,41.218162537
-96.779914856,23.700572968,366.626800537
-95.065567017,21.920875549,116.768959045
-95.257827759,23.411859512,313.142730713
-96.250083923,25.681665421,97.660758972
-95.286605835,23.703182220,314.789001465
-96.668182373,22.495784760,285.060150146
-96.686965942,21.875556946,171.428421021
-95.375679016,23.130327225,311.741485596
-96.549613953,22.653556824,316.718109131
-95.580009460,22.490198135,265.342987061
-95.707351685,21.978759766,170.063644409
-96.602737427,21.999540329,194.701248169
-96.368133545,24.709848404,258.056823730
-97.542198181,22.632425308,200.860855103
-96.710586548,22.486373901,283.885101318
-96.006034851,23.358905792,399.115844727
-95.509773254,23.369842529,351.335205078
-95.029327393,23.564615250,272.275329590
-97.253570557,23.447826385,289.463378906
-97.250740051,23.240854263,283.063812256
-95.251411438,24.759883881,197.949050903
-94.902442932,23.365358353,245.103179932
-99.361839294,24.802310944,11.442127228
-97.200790405,23.572364807,297.309234619
-97.257308960,23.005010605,273.290435791
-95.021148682,23.466648102,268.782775879
-95.639549255,24.021993637,340.628601074
-96.202056885,23.273548126,402.530364990
-94.718757629,22.318881989,131.684066772
-96.092613220,24.310684204,327.100616455
-96.452407837,23.478868484,398.830444336
-96.088317871,24.773479462,245.612823486
-95.542617798,24.058620453,324.915557861
-94.057014465,23.940166473,101.887374878
-98.185295105,24.688348770,77.684066772
-95.708198547,23.480640411,386.388214111
-95.043167114,22.575248718,207.413040161
-96.060523987,22.741451263,345.425048828
-97.572792053,24.761547089,147.520584106
-95.220390320,24.222000122,267.081298828
-94.922042847,23.180374146,240.529617310
-96.894699097,23.274772644,343.289276123
-96.642860413,24.419372559,302.367828369
-96.738220215,23.322187424,373.385955811
-94.614341736,23.408037186,196.587402344
-96.046722412,23.479751587,405.165832520
-96.624183655,24.606393814,269.284362793
-96.776184082,22.770223618,310.945465088
-96.466255188,21.616468430,128.849349976
-95.747108459,24.367488861,300.244567871
-95.784667969,22.638891220,308.712585449
-96.787467957,24.850091934,213.596725464
-96.337402344,23.688634872,397.621582031
-95.930892944,22.325464249,252.301940918
-97.364891052,25.118499756,122.241111755
-95.786537170,23.442468643,395.702239990
-96.172363281,24.925539017,218.334762573
-95.344268799,23.452783585,328.128784180
-97.103118896,23.523664474,315.691406250
-95.777671814,24.177133560,336.523651123
-95.844802856,24.132705688,346.251159668
-97.355804443,24.789293289,166.617980957
-97.245040894,24.272514343,249.118072510
-97.221763611,22.504850388,227.639358521
-96.013854980,23.299186707,397.148925781
-94.944732666,24.228065491,215.666992188
-96.365783691,24.187295914,348.303009033
-94.625175476,23.386564255,197.022476196
-95.787651062,22.619760513,305.344604492
-97.577384949,22.114234924,133.636093140
-97.108924866,23.741155624,311.255096436
-95.571624756,23.825485229,355.034973145
-96.070915222,23.531137466,406.541259766
-96.014549255,22.964164734,368.052124023
-96.456565857,22.877010345,351.142486572
-95.223869324,22.428392410,215.355926514
-97.411605835,24.972835541,139.040298462
-95.333374023,24.052177429,305.775085449
-95.120956421,22.945672989,257.989624023
-98.148902893,24.798856735,76.836158752
-95.864089966,24.714654922,248.742019653
-94.130805969,24.896383286,49.396938324
-95.751296997,23.421701431,390.337493896
-94.470016479,23.845087051,166.208740234
-95.639884949,25.579315186,95.571075439
-97.054039001,22.236408234,214.343872070
-94.319885254,23.789045334,142.842712402
-94.787635803,23.500097275,225.182983398
-97.321884155,25.980293274,39.691783905
-95.760368347,25.884769440,66.032165527
-95.420829773,24.215633392,301.168334961
-97.365966797,23.142251968,262.001190186
-96.777404785,24.800756454,225.162124634
-96.703010559,23.723962784,376.742584229
-95.691970825,25.568861008,100.020439148
-95.714286804,23.104076385,359.890747070
-97.758789062,23.041896820,193.302276611
-95.172592163,23.884986877,290.224853516
-95.874961853,23.911840439,373.646331787
-95.697883606,22.375244141,253.927612305
-96.604759216,23.303466797,380.789764404
-96.372985840,23.846097946,386.483581543
-95.517677307,24.139913559,316.573974609
-95.558708191,23.632976532,364.378021240
-97.289710999,24.761997223,174.216278076
-96.057060242,22.466760635,289.102478027
-93.495903015,24.538543701,24.928447723
-94.885437012,22.828514099,211.553375244
-95.250053406,23.407590866,310.328460693
-96.819099426,21.865909576,165.443786621
-97.691139221,23.373067856,220.857833862
-96.281532288,21.972118378,193.953781128
-95.840560913,22.081016541,200.551010132
-95.858535767,23.250143051,386.115600586
-96.424598694,22.147510529,222.968185425
-97.326576233,23.810932159,277.401367188
-98.175407410,22.020460129,66.880218506
-97.051071167,21.174552917,55.119445801
-95.898857117,21.694402695,130.204254150
-95.746162415,22.917488098,343.962707520
-96.370277405,23.582691193,398.905700684
-95.415573120,22.995143890,308.334686279
-97.591506958,23.544921875,241.354003906
-95.976303101,25.062921524,191.501480103
-94.804229736,21.984203339,106.910392761
-97.244125366,23.360666275,290.767486572
-95.869979858,22.554800034,300.052124023
-95.794197083,22.966646194,352.359161377
-99.068778992,23.353870392,31.225015640
-97.561531067,24.251657486,205.167144775
-96.653511047,22.508504868,287.133636475
-96.224929810,23.199623108,395.184539795
-95.342704773,23.943607330,314.542541504
-96.682945251,25.858987808,75.453392029
-95.211906433,23.537727356,303.983795166
-95.725509644,23.896530151,361.763610840
-96.958999634,21.511011124,97.882301331
-97.831962585,22.799186707,167.007858276
-95.153282166,23.791725159,288.507873535
-96.499534607,23.764020920,389.302551270
-96.382614136,24.667955399,267.424621582
-94.867126465,23.139806747,228.669311523
-95.867851257,22.353946686,256.705505371
-97.119148254,25.229940414,127.522430420
-95.499778748,24.322389603,295.502593994
-96.877990723,23.589675903,359.204071045
-97.680801392,24.279741287,182.413970947
-95.647659302,22.843606949,323.276275635
-95.806793213,23.563234329,394.611511230
-96.587974548,22.198883057,232.224243164
-96.634544373,23.139511108,363.633422852
-96.684799194,24.161890030,334.621368408
-95.481704712,23.080869675,325.146301270
-95.992630005,21.807241440,151.829544067
-98.766143799,24.566537857,44.258750916
-97.054924011,22.183006287,203.373199463
-97.193023682,24.045700073,279.082366943
-95.580810547,23.150512695,349.321472168
-94.983520508,23.254186630,253.642898560
-96.401489258,22.644659042,322.221069336
-95.862564087,24.535631180,280.123199463
-95.910385132,24.048101425,358.229278564
-96.495498657,21.876604080,174.642181396
-96.051521301,23.869714737,383.925384521
-96.657012939,23.950059891,363.362457275
-95.741432190,22.838642120,331.659515381
-96.250572205,23.730699539,396.606658936
-94.579223633,22.784885406,154.506195068
-95.787071228,24.497234344,281.504089355
-97.709182739,24.557764053,142.979949951
-96.417144775,23.218927383,390.322631836
-96.350662231,23.182508469,388.600860596
-95.940185547,24.060211182,359.345458984
-97.660453796,22.221183777,139.329879761
-96.228713989,23.070903778,382.348236084
-94.231323242,23.543945312,133.414962769
-96.768920898,23.010791779,341.910186768
-96.528259277,25.435274124,123.111557007
-95.861160278,24.632404327,263.760589600
-96.412185669,25.329977036,140.236679077
-94.896598816,22.555482864,181.574615479
-94.226898193,23.962444305,127.072700500
-96.039909363,23.836595535,389.551605225
-97.455070496,22.920923233,237.493179321
-97.099967957,22.937618256,293.058349609
-96.078895569,23.645883560,402.887054443
-96.741249084,24.220882416,320.379547119
-96.613037109,23.852878571,382.735900879
-96.640754700,22.778503418,327.042083740
-96.471389771,22.512487411,294.348236084
-96.230995178,25.259929657,159.321853638
-95.174293518,24.747816086,192.967590332
-98.168449402,25.049425125,58.967773438
-95.862434387,23.148933411,376.817138672
-96.042930603,22.239231110,237.724243164
-94.800781250,23.194976807,220.006561279
-96.257339478,22.449041367,283.059448242
-95.261276245,23.418741226,312.135894775
-95.920104980,22.525960922,295.421844482
-97.335952759,24.539615631,201.258316040
-95.980247498,21.549674988,114.885147095
-95.424385071,22.987081528,308.456756592
-95.389739990,23.554811478,339.887145996
-94.138031006,22.093885422,53.892562866
-95.426681519,23.960773468,325.667022705
-95.559089661,24.187393188,314.995025635
-95.814353943,20.654462814,22.708501816
-97.165817261,23.081905365,292.864410400
-96.371200562,23.609760284,399.893371582
-95.951881409,23.677860260,402.632904053
-95.744346619,25.457633972,116.463150024
-95.551460266,24.653245926,244.200241089
-96.128349304,24.019819260,369.719512939
-94.042770386,22.793039322,80.492073059
-96.889335632,24.775733948,217.791854858
-95.759918213,21.493030548,101.782722473
-96.965972900,23.482732773,344.487609863
-96.067466736,22.868835449,358.155151367
-95.778007507,22.264152527,237.755493164
-97.903869629,23.707107544,180.330276489
-95.314292908,23.268001556,315.373809814
-96.983428955,22.833528519,296.476043701
-96.829635620,24.764827728,226.335464478
-95.915367126,23.605817795,402.672790527
-96.796257019,22.552927017,284.884796143
-96.657051086,21.975563049,186.338394165
-95.177253723,24.150615692,263.686553955
-94.912010193,23.178153992,239.388519287
-94.870208740,22.850280762,211.467178345
-94.856880188,24.362871170,188.795898438
-96.930267334,22.496524811,264.822448730
-96.170814514,23.840167999,390.428009033
-96.911331177,24.432376862,273.768798828
-94.262023926,24.482187271,104.067749023
-97.001029968,21.940843582,166.404754639
-94.681632996,24.598266602,148.792144775
-96.347091675,24.713388443,258.630920410
-98.570045471,21.868833542,35.400974274
-96.597595215,24.413064957,308.529174805
-94.090156555,22.782861710,83.522171021
-95.573448181,22.402015686,251.467971802
-98.955909729,23.540845871,42.229732513
-94.905395508,23.066730499,231.152175903
-97.081977844,23.076320648,300.560180664
-97.740417480,22.724378586,174.767745972
-94.545379639,23.956687927,175.108413696
-94.733596802,23.961307526,204.439361572
-96.073280334,23.283054352,398.525970459
-96.348678589,24.650979996,270.431457520
-97.924308777,22.575311661,138.543121338
-95.753913879,23.431236267,391.694305420
-96.715827942,23.940153122,357.213256836
-97.528869629,23.555326462,253.184799194
-96.295890808,22.917089462,365.353057861
-96.678848267,24.068513870,344.076995850
-96.876869202,22.899950027,312.343994141
-95.096794128,23.139677048,269.146026611
-97.332656860,23.880456924,273.289855957
-97.991027832,24.337993622,128.299011230
-96.113906860,24.503131866,299.914642334
-97.311668396,24.360225677,228.866516113
-97.154922485,22.940343857,284.204040527
-96.427452087,22.725460052,332.819244385
-96.254287720,23.245944977,399.594970703
-94.669586182,24.420442581,162.654708862
-94.718429565,24.658939362,148.205139160
-98.406402588,22.359207153,67.368476868
-96.772346497,23.627201080,370.099212646
-94.659301758,23.182744980,198.020034790
-95.812057495,22.839059830,342.378417969
-93.893867493,24.407001495,57.386405945
-96.362899780,23.843221664,388.505432129
-96.056068420,24.837421417,234.324768066
-95.704940796,23.739904404,375.375610352
-97.850257874,22.466045380,140.545150757
-96.549713135,22.135873795,220.527435303
-94.221641541,24.811084747,63.452007294
-96.384750366,24.251815796,335.694580078
-97.722953796,23.942298889,203.563522339
-95.528732300,22.544853210,269.815643311
-95.216438293,24.423166275,241.079299927
-95.996383667,25.814296722,78.073806763
-97.375267029,22.533622742,208.597488403
-96.161903381,22.099184036,212.287017822
-96.409393311,25.482347488,120.750007629
-97.006950378,23.405654907,339.659698486
-97.092544556,23.539152145,316.082611084
-96.508522034,23.628101349,395.791717529
-96.266990662,23.988061905,373.023315430
-96.713035583,24.256484985,320.913085938
-95.873207092,21.316137314,81.007064819
-94.955108643,23.153032303,242.974411011
-96.240303040,23.654527664,398.329498291
-96.296920776,24.025251389,366.878601074
-94.190551758,23.172216415,114.095130920
-96.809944153,21.261936188,69.460502625
-97.235435486,23.104473114,282.781036377
-95.669624329,24.173864365,326.440032959
-96.748039246,24.151451111,328.957946777
-97.608909607,22.969018936,212.728805542
-96.472930908,23.112464905,376.315704346
-97.083457947,22.639617920,265.184722900
-95.433502197,22.754083633,292.724792480
-95.165077209,21.262647629,52.576641083
-98.041290283,22.007720947,83.324676514
-95.590873718,25.528173447,101.585609436
-96.677154541,24.039440155,348.087371826
-95.762237549,23.148870468,370.760375977
-95.937446594,24.535291672,283.563018799
-94.133132935,24.946588516,48.280559540
-97.025436401,22.782407761,288.403228760
-96.061050415,22.106931686,209.080886841
-94.705444336,25.060300827,96.543693542
-96.337608337,23.447908401,403.869018555
-94.962661743,23.761787415,255.337219238
-95.633483887,22.797039032,313.694213867
-96.996482849,23.429956436,340.178802490
-94.479225159,22.958076477,152.126831055
-96.520820618,23.282835007,387.235229492
-94.862533569,24.161510468,204.216217041
-95.817199707,23.395404816,396.757598877
-96.643074036,24.523035049,280.215026855
-95.836273193,24.551858902,274.686218262
-97.873077393,23.342752457,186.179214478
-96.317153931,24.575405121,286.771057129
-95.383697510,24.585287094,243.623519897
-95.671066284,23.639291763,379.736968994
-97.506286621,22.759666443,216.197311401
-98.345748901,23.206859589,107.496566772
-96.913978577,22.700984955,289.189086914
-95.531913757,26.139577866,37.951995850
-96.383872986,22.199380875,234.360717773
-95.163307190,22.298871994,186.128799438
-96.363105774,23.818290710,387.841735840
-95.623977661,22.103813171,194.583587646
-95.647911072,24.528497696,268.845703125
-96.325225830,22.112041473,216.400497437
-96.556495667,23.802045822,381.489837646
-94.737648010,22.677747726,168.663772583
-96.585563660,23.636230469,388.071228027
-97.676910400,22.917642593,201.396423340
-96.641105652,23.697725296,382.490875244
-97.331130981,24.847656250,163.491043091
-95.944801331,22.754837036,341.325195312
-96.565650940,23.973772049,369.686218262
-96.700553894,24.417835236,296.818023682
-95.930686951,22.497219086,290.288787842
-95.582618713,25.677892685,81.182708740
-96.809837341,23.832290649,352.470733643
-96.619155884,22.933044434,346.921569824
-95.026809692,21.801168442,103.245452881
-97.324424744,24.852672577,163.497879028
-97.133049011,23.500164032,312.013610840
-96.394935608,24.945486069,215.907714844
-97.887809753,24.413978577,133.469696045
-97.089530945,22.133443832,188.231430054
-96.180152893,23.009881973,376.789031982
-93.141815186,22.031280518,4.637089729
-95.931823730,22.549125671,301.076507568
-95.131416321,24.270862579,244.775146484
-94.748771667,24.532690048,167.318161011
-97.004539490,23.071266174,314.492584229
-94.994140625,23.475732803,261.979064941
-97.327308655,26.033449173,37.077159882
-94.771644592,23.177076340,215.850540161
-95.574546814,23.750329971,360.719482422
-95.499031067,25.001020432,177.147842407
-96.522590637,23.623033524,396.161041260
-97.506843567,22.681238174,209.820358276
-95.629882812,23.892517090,354.250488281
-96.779022217,23.087961197,344.112243652
-98.386657715,24.385242462,73.142135620
-94.908920288,23.557483673,250.291259766
-95.632919312,24.639991760,249.820861816
-96.911605835,23.256072998,340.058685303
-97.862838745,22.902206421,166.788665771
-95.730903625,23.964576721,355.188018799
-96.302169800,23.204883575,394.361267090
-94.720054626,23.322711945,212.966201782
-95.512596130,24.045513153,323.026031494
-94.765693665,24.504348755,168.885162354
-97.367797852,23.644298553,274.430694580
-96.834396362,23.191528320,349.496795654
-97.316154480,23.002428055,262.668273926
-98.463371277,23.387882233,94.461502075
-96.661186218,22.518106461,287.519592285
-96.582427979,24.075395584,354.702453613
-97.406082153,23.150308609,255.899093628
-95.737686157,24.762306213,235.382568359
-96.252464294,23.425931931,408.062255859
-97.718986511,24.626264572,138.629013062
-95.278884888,23.418527603,314.757751465
-96.570999146,23.348503113,386.227172852
-96.414237976,22.616420746,316.471649170
-96.317802429,25.128406525,180.789916992
-93.359481812,23.555400848,29.463043213
-97.684066772,22.470418930,162.960769653
-95.923545837,22.810659409,347.961914062
-96.891357422,22.612016678,282.618164062
-96.141952515,24.147954941,353.610382080
-96.419845581,24.704139709,259.061492920
-97.635322571,24.948371887,120.632614136
-95.704933167,23.981771469,351.595062256
-95.837081909,23.925216675,370.168487549
-96.193153381,24.389179230,316.494354248
-97.437583923,24.781141281,162.060333252
-98.280662537,23.501209259,115.741401672
-97.636680603,25.276384354,85.854347229
-96.564788818,23.435581207,390.537322998
-97.718605042,23.455629349,216.513259888
-96.727676392,23.211038589,360.499389648
-97.343971252,22.045047760,146.509368896
-95.790298462,22.179229736,220.648513794
-97.839210510,23.948585510,186.345733643
-97.523796082,23.134078979,234.499404907
-96.400184631,24.158571243,350.928985596
-97.537200928,23.353057861,244.655227661
-97.252929688,24.808027267,173.006546021
-95.558731079,24.188737869,314.933471680
-94.526664734,22.911767960,156.494018555
-94.657752991,24.281499863,171.357315063
-94.611709595,23.657291412,192.497161865
-98.963783264,23.866958618,37.481170654
-97.058418274,23.673671722,320.837646484
-97.532608032,23.116905212,234.478576660
-94.576591492,23.315124512,184.343536377
-97.018081665,23.104372025,314.586303711
-95.585708618,23.793054581,359.200500488
-96.245796204,22.513938904,299.414978027
-96.476974487,24.453247070,304.479431152
-95.910156250,23.852472305,386.669738770
-98.879257202,23.794559479,42.935001373
-96.436088562,24.884279251,227.718307495
-97.933624268,24.104354858,157.280929565
-95.342292786,22.186771393,189.247589111
-95.507415771,25.033340454,172.914184570
-96.409973145,24.741220474,254.165893555
-97.890907288,24.218618393,152.200195312
-96.499244690,23.328004837,391.180175781
-95.992156982,24.772176743,246.431625366
-95.893554688,23.268146515,387.067810059
-95.530441284,23.505207062,361.576660156
-95.671836853,22.581323624,287.528656006
-95.571731567,23.350425720,361.386047363
-94.928634644,23.356004715,250.634155273
-96.534103394,24.515987396,288.866363525
-95.610595703,22.865674973,323.011138916
-95.312622070,23.777978897,320.620635986
-95.700614929,23.822559357,368.212280273
-95.361450195,23.453907013,331.907989502
-94.514366150,23.841648102,173.768814087
-95.081428528,24.627010345,197.107452393
-97.746376038,21.940486908,98.684844971
-96.204948425,24.848583221,234.378509521
-96.167427063,24.517732620,296.855865479
-96.092117310,24.451282501,306.040893555
-97.647819519,22.257690430,143.798522949
-97.473640442,22.447893143,185.739105225
-95.318145752,23.893245697,314.539306641
-97.897941589,23.882358551,176.516006470
-96.082954407,21.443471909,99.800659180
-96.617156982,24.393890381,309.057800293
-96.031761169,25.002758026,204.499649048
-96.760452271,23.490470886,374.496429443
-95.358825684,22.472480774,239.293518066
-96.423225403,23.406017303,397.872100830
-98.418495178,21.957885742,45.370426178
-94.171348572,22.551824570,86.229598999
-96.095771790,23.348405838,405.060882568
-97.165740967,23.737495422,302.862915039
-96.386245728,24.753293991,251.922882080
-97.753326416,25.033355713,97.023689270
-96.147605896,24.257762909,339.934051514
-95.577713013,25.740427017,74.044700623
-95.408943176,22.045602798,170.331359863
-96.610321045,23.027936935,357.822204590
-95.689346313,23.887062073,360.393646240
-95.617553711,22.465335846,264.362152100
-97.287559509,22.387260437,205.096206665
-97.564208984,23.545499802,245.847000122
-96.808815002,25.339227676,128.763977051
-97.174682617,22.792947769,266.455322266
-97.401283264,24.757078171,165.737396240
-94.507209778,22.793565750,145.637329102
-95.343109131,24.729812622,210.467697144
-95.045379639,23.364534378,272.522766113
-96.343818665,23.810272217,389.451446533
-95.772506714,24.656221390,250.376312256
-95.561485291,23.428020477,366.606628418
-96.952651978,23.766649246,336.186462402
-96.139549255,25.249565125,161.480270386
-97.193923950,21.801965714,132.745452881
-95.250564575,22.541555405,231.980133057
-96.542938232,24.435354233,308.510711670
-96.201034546,23.466577530,407.775451660
-95.076210022,22.596273422,214.923004150
-95.368301392,22.318582535,211.130935669
-95.207420349,22.992624283,276.562866211
-96.475288391,24.217403412,340.933013916
-96.139152527,24.409914017,314.279113770
-94.351158142,22.791004181,120.107978821
-96.468627930,23.009994507,368.180725098
-95.545364380,23.871828079,350.066253662
-96.274436951,22.838474274,356.715637207
-99.512947083,22.651325226,9.372111320
-97.644172668,23.710880280,226.273345947
-97.199752808,24.752246857,186.733154297
-96.529624939,23.315647125,389.256866455
-97.667686462,24.391269684,167.339401245
-96.189201355,23.452642441,405.951019287
-94.662261963,22.353630066,128.443511963
-96.320419312,23.800090790,392.337890625
-95.656372070,22.524864197,280.588378906
-97.496620178,24.557378769,173.879089355
-96.600090027,22.592853546,300.534240723
-98.223342896,21.927272797,56.308547974
-94.935401917,24.010156631,232.777435303
-94.609580994,23.635061264,193.060684204
-96.739395142,23.007648468,345.099151611
-96.553504944,23.646360397,389.858215332
-98.294601440,23.745786667,115.067092896
-97.774765015,23.030389786,188.790649414
-96.347053528,23.469205856,403.206787109
-98.388046265,24.886627197,52.033340454
-96.009407043,23.360515594,399.771636963
-96.731948853,24.252449036,316.924194336
-96.466156006,23.561216354,397.115417480
-97.982444763,24.027444839,155.082077026
-95.773307800,25.060562134,183.232467651
-95.956817627,22.025629044,193.726928711
-96.666213989,22.291542053,245.528701782
-96.176284790,24.816390991,240.404937744
-94.950866699,24.138149261,222.581588745
-96.262588501,22.300167084,251.157241821
-96.153724670,22.437726974,281.420959473
-96.879722595,24.083229065,325.056823730
-96.158782959,25.199991226,171.656005859
-97.485694885,23.699283600,256.252136230
-95.617813110,23.840913773,357.482788086
-98.448715210,23.806718826,91.480865479
-95.170967102,24.842731476,174.042037964
-96.337081909,21.934949875,187.810943604
-97.233436584,23.656887054,293.523132324
-94.775657654,23.371402740,224.050231934
-97.108123779,23.106882095,300.007446289
-97.239936829,24.071638107,269.088439941
-97.756217957,25.498292923,56.929557800
-95.650985718,22.599081039,289.752105713
-96.879348755,23.955711365,340.324157715
-95.460494995,23.440908432,346.323211670
-96.226638794,25.085449219,192.185302734
-96.795242310,23.769977570,360.790191650
-97.544273376,22.890174866,219.241256714
-96.412399292,23.184495926,387.300506592
-95.365600586,24.092266083,304.246612549
-97.395187378,24.841436386,160.706665039
-96.895339966,24.869541168,200.297927856
-96.835273743,23.212261200,349.120086670
-95.900299072,23.607845306,400.597717285
-95.503517151,23.705610275,356.158843994
-97.279762268,26.099153519,33.373878479
-97.844215393,23.900197983,186.163925171
-97.251022339,23.734558105,287.623382568
-95.473007202,23.668542862,352.812255859
-96.307929993,24.825271606,237.101379395
-95.678253174,22.735551834,314.039001465
-95.070579529,22.494352341,199.917312622
-94.944007874,21.707960129,86.871047974
-97.837043762,23.479593277,191.618026733
-96.071929932,23.409759521,406.154205322
-97.406288147,21.267845154,54.785842896
-97.265007019,23.554313660,290.188385010
-96.276695251,25.443450928,128.918914795
-96.592842102,23.007505417,358.808258057
-95.477783203,20.984653473,36.045104980
-96.149986267,23.016290665,376.329711914
-97.106567383,24.396797180,251.640274048
-94.708518982,23.684570312,211.669708252
-95.378631592,22.729799271,282.367065430
-96.969696045,23.518833160,341.248352051
-95.625076294,24.809082031,219.987197876
-95.171485901,23.179439545,284.362060547
-95.438453674,23.271686554,337.576477051
-94.717300415,23.184333801,208.890197754
-96.520240784,23.488372803,397.608306885
-96.454521179,22.513208389,295.662261963
-95.042465210,23.150220871,261.202484131
-97.304580688,24.768377304,172.989074707
-96.297294617,22.784549713,347.539611816
-95.691688538,23.300598145,372.164184570
-96.819656372,22.484422684,275.524353027
-96.178512573,22.448183060,283.936584473
-96.272583008,23.115617752,386.453277588
-95.390525818,22.723217010,283.128967285
-96.047218323,23.644613266,403.950225830
-97.426177979,25.027097702,132.158111572
-95.516311646,24.675813675,239.771026611
-94.588912964,22.563112259,140.047164917
-95.300010681,22.878475189,283.816070557
-96.006202698,23.772281647,398.627685547
-97.236640930,23.124979019,284.854766846
-95.581100464,22.874252319,319.408203125
-96.953392029,23.792108536,335.155548096
-95.548896790,22.001377106,172.759094238
-96.772056580,23.950189590,352.148742676
-96.420097351,22.818597794,345.538330078
-98.274665833,24.681486130,70.059242249
-96.880264282,23.653818130,354.943237305
-95.074661255,23.407678604,279.786071777
-95.724647522,24.885665894,208.954208374
-95.066276550,24.814624786,171.352645874
-94.540069580,23.203001022,176.602142334
-95.856422424,22.999214172,362.074676514
-97.681625366,23.046745300,206.131195068
-97.025291443,26.099975586,43.979064941
-95.629989624,23.635955811,374.174041748
-97.656631470,23.437709808,228.259475708
-97.439247131,22.681432724,219.900558472
-93.699935913,24.341302872,40.898700714
-96.662055969,22.149244308,219.744567871
-96.411598206,22.105688095,214.098922729
-95.903404236,24.003303528,366.969299316
-97.056457520,21.512575150,94.061210632
-94.867568970,23.435895920,238.825622559
-96.769767761,23.853961945,358.821014404
-96.228652954,23.002599716,375.333770752
-98.843750000,25.431463242,14.424775124
-95.140159607,22.082181931,153.578155518
-96.143165588,23.635129929,401.271881104
-95.954765320,22.509412766,294.855834961
-97.807914734,22.051736832,102.963050842
-95.628768921,22.916173935,332.762969971
-95.446586609,23.883218765,334.463500977
-96.883735657,22.723320007,294.603729248
-97.340660095,24.131364822,251.446807861
-96.278266907,23.104505539,387.344726562
-96.313224792,22.952125549,368.987884521
-95.212829590,23.512933731,304.679321289
-95.903923035,23.742149353,397.933105469
-96.678642273,24.711883545,246.488800049
-95.028625488,23.624120712,272.636169434
-96.640731812,23.186096191,369.182067871
-95.657135010,24.359836578,299.384246826
-96.605346680,24.668445587,262.201354980
-96.576789856,22.048519135,204.163955688
-96.851531982,24.420774460,285.224456787
-96.497650146,23.331932068,391.853820801
-96.905738831,22.550910950,272.875396729
-95.724807739,24.577604294,264.993255615
-95.206863403,24.479925156,234.212905884
-96.907089233,23.011802673,323.433563232
-96.753479004,23.013380051,343.044494629
-96.107780457,23.121517181,384.639984131
-95.254966736,24.631084442,215.499969482
-95.451431274,23.630250931,349.684112549
-96.831146240,23.944799423,346.611480713
-95.076194763,24.493070602,212.496490479
-96.167404175,22.473176956,288.307434082
-95.381446838,24.620803833,234.053543091
-94.776382446,23.463956833,223.322250366
-96.485679626,24.049104691,361.658233643
-96.767784119,23.175947189,352.717407227
-96.052352905,24.650394440,272.600799561
-95.333709717,24.159257889,293.540557861
-96.471817017,23.966457367,372.180023193
-97.375602722,23.350318909,266.832550049
-97.229797363,22.893459320,269.518371582
-95.614974976,24.114854813,328.986785889
-96.539581299,22.894111633,347.062957764
-95.334442139,23.669164658,327.705688477
-95.823913574,22.685123444,320.286651611
-94.859298706,23.270675659,233.616043091
-95.750595093,22.308286667,242.704010010
-97.953674316,21.722249985,64.697540283
-98.088340759,23.919975281,139.296417236
-94.797416687,25.301292419,82.106857300
-96.475997925,24.378524780,316.633972168
-97.028572083,23.048303604,310.643737793
-95.430862427,24.072679520,312.434844971
-97.728652954,24.046350479,194.111404419
-95.674720764,23.273935318,371.837677002
-95.762275696,21.763010025,135.280410767
-98.001495361,22.486574173,122.470161438
-96.886428833,23.480722427,356.074584961
-94.649734497,22.542196274,143.533157349
23.346027374,23.053539276,315.954803467
22.594501495,22.920305252,375.987976074
23.592700958,22.891952515,260.416687012
21.834688187,24.177341461,287.710937500
23.402631760,22.847011566,287.451538086
22.093004227,23.926038742,345.279083252
21.844017029,23.162019730,360.170349121
21.278812408,22.471567154,208.784072876
22.099180222,22.330438614,279.072448730
22.899003983,21.837297440,182.169494629
22.150815964,24.437799454,277.121215820
21.551967621,21.596359253,110.197021484
21.953571320,22.561220169,305.148223877
23.674072266,22.874000549,249.270629883
22.817186356,23.947465897,351.166076660
22.634420395,21.686836243,166.839126587
22.390031815,25.251688004,132.251754761
23.033067703,23.411256790,365.127777100
21.469579697,23.379352570,307.923187256
21.442092896,21.999597549,167.057174683
22.529764175,21.802188873,189.108795166
21.965183258,22.262207031,254.964935303
21.149532318,24.713264465,141.214233398
21.770927429,24.406553268,257.124084473
21.623096466,23.439455032,334.350128174
22.600280762,21.786661148,187.509689331
21.140083313,22.649526596,207.790298462
23.228919983,25.252010345,113.579261780
23.019308090,23.790552139,353.743225098
22.369907379,24.509634018,266.125640869
21.769262314,24.398405075,257.478912354
22.164968491,22.859001160,370.214080811
22.178894043,23.273782730,396.132019043
23.553005219,22.666551590,249.890884399
22.969093323,22.413820267,284.412322998
21.543361664,21.571426392,106.317573547
21.735094070,23.482791901,350.072570801
22.944522858,24.448028564,258.948486328
22.427221298,24.844516754,198.485580444
21.118700027,25.287343979,70.755943298
21.653282166,23.376256943,339.890594482
23.255882263,22.719137192,300.530364990
23.348899841,24.355335236,240.307556152
22.380498886,22.933633804,380.634124756
22.527107239,23.294345856,399.466735840
23.087749481,25.146343231,133.433105469
23.236185074,22.760051727,308.673553467
19.883775711,22.765935898,55.633068085
22.460441589,23.928083420,370.046844482
21.747726440,23.263919830,350.029479980
22.087478638,23.221487045,386.608886719
23.873273849,23.992504120,202.236083984
23.217395782,23.524885178,338.593017578
20.937288284,25.285732269,58.172653198
21.433160782,22.172298431,188.286804199
23.180608749,22.618476868,297.932067871
22.004585266,22.979158401,372.636047363
22.178791046,22.839698792,366.769195557
23.415620804,21.564468384,108.012672424
22.893869400,24.953351974,177.098388672
23.333169937,23.559720993,319.488922119
22.963590622,23.223163605,369.414642334
21.531801224,23.830741882,295.246032715
23.041856766,25.142208099,139.521301270
21.920331955,22.067487717,222.376235962
19.847637177,23.561697006,56.842674255
21.259431839,24.318492889,203.940780640
22.537479401,24.405712128,293.521484375
23.443571091,22.801439285,281.945220947
23.342702866,24.658958435,191.866546631
23.271045685,22.950386047,318.371307373
21.204732895,23.651039124,253.590042114
22.025156021,23.306262970,382.572021484
22.836130142,21.756896973,173.442855835
20.512838364,22.442354202,110.681510925
23.405607224,20.102312088,10.975183487
22.858577728,23.934164047,349.729431152
22.217945099,24.037239075,341.626617432
22.759727478,23.913587570,361.938049316
24.196147919,23.909027100,151.617095947
23.347343445,23.167854309,318.498321533
22.792625427,22.186170578,254.133972168
22.711702347,24.585643768,247.425247192
23.142614365,22.926073074,331.033538818
21.523786545,23.317901611,317.591735840
22.219526291,25.957218170,47.606899261
22.647844315,24.892116547,189.944259644
22.517852783,23.807596207,381.519897461
22.252313614,22.995374680,384.888336182
22.466379166,24.283061981,312.833740234
21.814647675,23.152767181,358.936737061
22.814868927,21.898666382,204.469787598
22.820035934,23.158872604,386.603576660
24.491132736,22.857898712,107.609970093
22.743331909,20.704532623,39.883636475
24.123708725,23.203590393,183.665206909
21.075263977,23.198781967,235.933120728
23.492153168,23.738986969,289.410980225
22.630611420,23.948030472,365.521942139
23.392164230,21.914718628,163.353179932
22.346576691,21.915054321,209.504379272
24.059686661,21.897111893,97.313613892
22.472013474,21.610013962,151.033370972
23.349264145,25.170560837,114.526557922
22.697311401,23.527359009,389.921356201
22.113433838,23.178823471,386.092651367
22.942581177,22.823081970,340.513122559
20.977514267,22.381986618,161.063034058
22.841892242,24.411569595,270.921752930
20.004291534,24.615594864,42.309146881
24.469787598,23.007190704,111.950828552
23.852163315,21.760679245,100.999320984
21.988124847,23.021684647,373.196411133
21.605955124,23.527664185,328.132995605
22.332910538,22.302524567,284.206970215
21.921560287,22.555406570,302.166381836
22.086648941,20.436830521,25.766155243
21.057741165,23.321590424,233.389862061
23.952838898,24.048860550,186.278854370
21.005350113,24.476888657,156.320404053
22.614408493,23.848190308,378.854125977
21.116622925,24.504079819,162.599960327
21.351600647,21.831850052,132.142028809
22.194707870,23.953453064,350.392089844
20.613784790,23.645978928,151.034973145
23.529645920,21.397983551,81.616355896
21.118656158,24.335235596,179.634475708
22.314622879,23.251333237,401.581970215
23.203619003,23.073545456,338.195465088
20.707307816,23.187831879,167.900970459
22.146617889,24.931877136,177.265579224
21.151823044,25.078763962,95.046546936
22.636299133,25.589387894,82.817848206
23.917545319,23.937168121,199.461196899
23.759323120,24.841224670,120.005744934
20.486145020,23.506843567,131.056274414
21.475080490,22.987054825,296.035003662
23.176439285,23.357807159,348.311279297
22.917177200,23.884984970,353.974609375
23.028051376,23.608367920,365.622528076
25.265140533,23.037254333,30.861511230
22.808971405,22.075681686,236.891464233
20.924175262,24.929178238,94.554847717
22.854679108,23.120073318,379.073944092
21.722702026,23.355264664,347.965606689
22.350698471,24.667266846,234.154190063
22.071493149,23.754766464,362.761535645
20.461448669,21.833217621,58.334125519
22.719205856,22.382947922,290.397705078
22.494268417,23.410524368,401.789184570
24.223743439,22.441419601,122.964881897
22.218980789,25.548236847,89.426918030
21.441032410,22.361013412,212.356018066
22.742036819,23.321153641,390.264404297
21.881511688,22.878187180,346.607299805
24.534387589,22.912611008,104.186927795
23.352739334,22.466617584,258.593109131
20.866577148,22.561832428,163.874816895
22.142360687,23.782274246,366.012329102
19.906343460,22.868049622,63.970802307
24.167469025,21.866731644,88.540420532
25.135787964,22.989767075,37.946014404
21.575756073,25.814027786,45.220451355
22.716840744,21.986862183,226.689117432
23.352304459,22.726915359,288.864624023
23.123844147,23.848516464,336.576293945
23.624067307,22.926797867,257.729034424
23.215414047,24.868642807,170.269775391
22.820030212,22.983146667,369.130096436
24.260375977,23.226367950,155.761077881
22.518308640,23.849637985,378.721252441
21.514791489,22.495187759,244.325851440
22.850717545,24.719367981,219.001861572
24.345556259,22.698226929,124.836448669
22.751281738,23.145444870,390.259948730
23.510433197,24.530466080,188.991409302
20.924757004,23.809432983,195.784606934
22.021430969,23.993486404,335.404052734
22.600839615,23.358919144,398.022735596
21.706909180,24.164150238,282.690795898
22.082048416,23.304822922,386.085632324
22.805124283,23.406545639,385.394744873
23.203041077,24.492218018,229.605529785
22.369892120,22.268451691,278.362548828
24.464916229,24.830852509,55.286819458
23.827991486,23.036193848,229.385620117
23.361049652,22.935106277,301.691619873
22.395956039,23.155651093,400.229522705
21.888433456,22.777095795,334.132995605
23.987981796,23.324972153,207.719177246
22.035085678,23.240583420,381.694396973
21.670063019,22.918357849,315.730834961
21.245714188,23.662946701,260.876739502
24.065988541,22.949810028,182.199203491
23.037843704,23.894357681,341.701324463
22.628538132,23.379470825,395.390045166
23.835031509,24.781106949,117.207168579
21.258516312,23.194240570,268.342529297
23.205209732,23.261217117,341.421203613
23.148263931,23.348596573,352.625732422
23.298818588,26.653398514,12.177907944
22.261861801,24.669500351,231.717620850
22.217445374,23.415838242,396.103332520
23.625701904,23.888851166,255.667907715
22.343336105,22.825981140,369.179901123
19.935522079,24.143600464,55.213871002
24.200283051,25.070322037,60.393905640
21.308067322,23.695562363,270.683319092
21.888513565,24.828176498,184.571289062
22.513219833,22.237751007,273.532226562
24.171052933,24.553352356,104.108764648
21.821901321,22.422206879,270.608337402
20.536012650,23.759948730,134.903137207
23.128877640,24.250141144,285.032531738
22.476385117,23.019504547,390.645355225
22.493436813,22.834383011,365.854919434
22.320075989,24.662187576,234.869705200
22.520591736,23.114757538,398.793762207
23.168148041,23.354988098,349.907653809
19.907255173,22.637767792,51.067203522
24.108022690,21.823511124,88.342575073
22.731201172,25.821945190,59.228866577
23.363088608,25.155364990,115.995704651
20.659774780,22.439689636,129.192398071
22.073966980,24.156587601,321.235717773
21.744581223,23.229158401,345.905548096
21.654184341,24.091911316,285.047027588
22.871391296,23.546480179,380.843383789
22.028125763,25.278244019,122.594482422
22.531303406,21.661115646,162.316818237
24.949213028,23.595067978,56.032173157
20.559217453,24.162250519,120.873519897
24.034557343,24.727470398,101.937217712
23.181043625,23.215610504,343.446746826
22.388076782,23.337156296,405.223358154
22.839221954,21.845369339,189.884292603
22.043682098,24.411670685,271.330627441
23.201137543,24.281124115,271.608886719
21.384283066,22.993165970,285.938903809
24.886743546,24.565679550,33.258735657
19.976968765,22.680559158,61.796424866
21.999294281,23.467102051,379.925598145
21.755844116,23.279262543,351.691284180
21.968303680,23.794202805,352.638824463
21.634199142,22.115673065,204.138381958
23.738456726,23.869499207,234.679244995
22.957916260,23.123100281,365.328826904
20.363687515,23.705060959,112.977371216
22.275190353,23.356847763,400.808868408
22.908061981,24.079120636,331.961944580
23.032789230,22.192720413,245.959701538
22.884950638,23.358747482,376.240264893
22.054132462,22.852916718,363.501464844
23.151235580,24.076478958,308.342285156
21.192922592,24.048130035,221.631698608
21.538143158,23.454748154,325.000732422
22.726985931,22.832550049,358.134918213
21.329242706,23.217966080,284.865936279
23.055524826,24.309438705,276.970947266
22.624631882,23.632843018,394.835571289
21.500577927,23.505710602,313.736633301
22.363462448,24.675971985,234.375686646
20.005661011,21.881397247,34.599521637
21.304281235,23.940441132,249.809295654
21.660905838,24.923936844,156.702865601
22.972978592,23.605079651,371.923004150
21.242824554,23.961771011,238.146438599
23.201049805,24.193010330,282.772949219
22.273900986,23.185314178,400.784637451
22.944545746,23.547351837,378.077209473
20.661001205,23.899024963,151.153488159
21.757698059,22.795259476,320.470550537
24.420898438,21.919069290,63.342445374
20.593404770,24.393217087,110.185317993
21.836336136,22.972606659,347.793518066
20.505094528,23.325132370,131.778396606
22.401123047,22.982976913,387.269866943
23.050416946,24.593467712,228.711807251
21.974180222,20.516153336,29.397172928
21.216621399,24.479330063,176.139678955
23.201831818,22.625663757,295.040069580
22.749441147,23.984155655,353.678192139
22.385482788,23.884798050,372.251373291
21.730085373,22.117240906,210.835739136
23.352533340,24.508871078,210.322311401
21.713981628,23.040054321,334.608245850
23.414470673,23.942344666,282.898834229
22.327775955,24.377944946,294.233184814
22.475639343,24.563190460,257.536193848
22.845954895,21.702077866,164.151412964
22.857202530,22.546554565,313.844268799
23.246170044,23.355802536,334.152496338
21.703247070,23.594482422,340.441223145
22.633983612,22.751321793,349.899505615
22.160089493,25.294858932,124.692138672
19.771697998,21.691062927,19.384040833
22.486785889,23.202707291,401.884124756
22.433584213,22.663755417,347.125579834
20.969184875,23.043655396,208.501937866
23.120372772,24.986873627,157.296173096
21.297069550,24.034444809,235.338790894
23.641897202,22.760646820,245.237442017
20.407295227,23.945577621,111.227233887
22.977897644,22.677268982,322.120025635
23.388195038,23.325511932,313.116821289
21.402214050,21.545364380,93.818290710
23.858022690,24.662733078,127.395782471
21.901458740,23.080209732,362.541259766
22.313667297,22.493436813,317.315002441
24.132104874,22.326782227,129.245437622
20.698818207,25.561571121,28.907672882
22.980012894,22.385835648,278.492553711
20.787878036,23.243106842,183.878936768
23.501413345,22.488756180,235.396026611
21.248271942,24.197971344,211.344314575
23.850988388,24.149045944,191.389587402
22.252574921,22.634805679,339.361877441
23.354619980,23.866233826,301.246520996
21.426246643,24.596996307,184.270248413
20.932430267,24.001478195,182.082778931
22.145170212,24.132614136,326.204772949
21.991500854,22.673833847,328.260589600
23.448276520,23.549707413,297.259277344
22.939622879,23.836875916,358.827880859
23.078855515,21.239149094,78.403411865
23.154590607,25.420585632,89.453895569
21.966257095,23.433839798,382.676940918
21.772445679,20.954635620,52.349067688
23.364351273,22.486803055,257.164855957
22.217397690,23.907735825,357.489166260
22.541414261,23.723535538,390.926696777
21.796665192,25.705724716,61.218513489
23.287183762,22.869173050,313.892517090
22.936660767,21.962043762,206.963012695
22.622331619,20.859756470,53.325519562
21.279121399,24.677976608,159.819046021
22.876325607,24.927949905,181.485870361
22.796655655,24.400751114,276.236999512
21.501831055,21.215608597,68.056381226
22.371044159,21.796827316,188.497497559
22.543663025,23.240121841,399.733184814
23.568292618,25.193634033,99.503036499
21.142831802,23.634378433,247.074234009
23.384183884,21.820995331,146.369766235
23.624872208,21.208017349,55.982170105
20.502866745,23.749010086,131.995391846
21.804283142,25.611167908,73.636184692
21.324979782,23.254880905,283.171569824
22.733144760,23.536483765,388.656097412
20.907938004,24.950695038,89.462692261
22.340791702,24.495727539,269.144683838
22.468511581,23.051181793,393.217193604
22.659778595,23.129472733,392.066009521
20.727109909,23.031011581,169.404571533
22.955776215,24.326856613,276.661346436
21.456701279,24.463708878,209.863021851
21.366811752,23.299005508,291.086395264
22.413923264,24.814657211,203.507568359
23.205278397,22.030317307,200.063095093
22.532428741,23.729249954,390.159912109
22.994958878,22.655260086,318.377899170
22.189512253,24.186521530,320.596435547
21.414457321,23.090967178,288.890808105
23.622606277,21.401447296,78.579788208
22.379102707,22.677124023,350.344665527
22.922088623,23.754699707,367.420257568
21.772449493,24.229722977,278.836029053
22.066270828,22.495454788,307.284698486
24.840444565,23.809364319,62.248222351
24.006875992,24.387851715,138.558441162
23.306684494,23.484685898,323.358978271
23.357849121,24.307010651,246.881027222
21.129384995,25.405658722,59.462936401
23.840311050,22.754138947,212.971618652
22.724893570,25.409015656,104.960548401
23.373859406,23.265781403,313.017608643
23.512817383,23.876316071,276.267639160
22.016660690,24.678602219,222.228652954
21.691911697,23.914892197,314.153137207
23.398412704,22.471546173,249.168670654
21.997283936,24.088144302,324.560668945
23.129676819,23.836576462,337.332519531
22.268968582,23.806135178,374.022613525
22.490564346,23.315248489,401.337982178
22.064867020,23.071969986,381.012512207
22.619863510,23.839466095,380.982269287
23.702856064,24.015600204,229.177673340
23.918556213,23.569221497,218.166763306
23.325281143,24.949375153,147.871810913
22.022039413,23.095502853,376.548461914
22.418098450,24.053907394,354.009033203
21.630954742,20.641721725,29.191570282
22.825214386,23.265085220,385.805725098
22.366413116,22.827199936,369.510131836
21.352779388,21.772331238,122.928245544
21.574035645,22.638477325,271.331237793
21.989938736,22.670019150,327.443817139
22.744104385,24.402816772,284.519531250
22.935234070,23.983160019,339.915435791
24.245950699,23.109121323,158.447326660
22.010730743,24.518478394,253.755966187
22.405834198,20.938550949,61.593929291
22.360475540,22.498960495,319.345306396
23.786653519,23.367868423,244.816528320
22.104640961,21.076835632,71.727210999
20.627815247,22.899982452,154.591873169
21.427591324,22.525701523,230.900619507
22.926214218,22.694864273,327.091979980
22.899692535,25.445344925,94.020217896
22.701372147,22.735351562,344.910888672
22.250644684,22.432783127,304.122924805
21.829568863,22.981746674,347.199157715
20.525642395,23.127517700,138.900543213
21.862722397,22.854661942,342.729125977
22.058071136,24.138326645,321.788818359
21.372674942,23.649087906,279.853118896
24.406833649,23.743625641,127.641036987
21.684610367,23.367248535,342.913757324
21.042161942,23.716487885,220.474655151
22.152893066,23.817316055,365.102600098
23.273157120,23.347717285,331.643402100
22.726362228,23.612604141,390.435028076
23.068387985,21.267011642,80.977165222
21.635402679,24.625196457,199.194305420
22.890211105,24.559610367,244.010543823
21.468431473,23.618463516,303.002410889
24.004325867,24.362960815,140.423751831
21.793361664,24.157745361,292.276794434
21.208524704,23.229164124,259.015319824
25.011350632,23.981439590,46.071258545
21.599147797,24.748437881,177.478698730
23.307283401,23.548183441,322.106872559
21.634386063,23.262296677,331.070922852
22.111162186,23.156066895,383.867126465
23.444946289,23.032327652,292.593261719
22.879524231,23.502635956,378.113098145
20.884155273,23.919380188,181.741958618
22.095325470,22.602031708,325.864044189
21.330831528,23.026803970,276.893646240
22.767026901,24.221694946,314.215270996
22.227083206,21.770998001,179.040084839
21.991615295,22.471193314,298.134460449
20.871946335,23.353034973,198.404724121
22.748874664,23.538032532,386.548980713
22.301536560,23.430854797,399.790222168
22.491275787,23.339895248,403.170806885
21.870346069,22.706909180,322.279571533
22.593360901,22.442844391,307.171020508
23.010913849,23.386085510,366.041137695
21.742168427,24.292301178,269.615692139
23.706470490,24.195734024,212.087646484
22.529222488,24.377460480,296.924957275
22.995298386,23.763113022,360.192352295
23.500928879,23.147260666,287.471618652
23.297128677,23.543289185,323.854492188
22.043313980,22.459541321,298.226257324
24.335836411,22.354005814,102.569923401
22.570241928,22.798683167,358.950195312
23.212455750,22.809896469,315.998138428
24.441179276,22.636291504,108.355117798
23.339160919,23.778419495,311.516906738
22.665975571,25.005889893,170.806060791
22.349929810,26.301818848,26.458818436
23.043354034,24.072954178,315.456787109
22.748197556,23.340206146,389.001037598
22.250074387,23.601867676,388.523193359
23.221368790,22.929784775,321.893218994
22.060609818,22.557758331,314.439788818
23.341186523,23.703432083,314.879943848
23.797895432,22.962919235,233.579589844
21.735866547,20.994123459,54.627372742
23.762535095,22.956377029,236.534225464
22.429761887,23.405796051,402.319610596
22.550731659,23.626811981,394.707366943
22.754709244,22.979534149,372.187286377
23.409528732,23.562702179,308.245483398
23.583580017,23.486852646,273.221435547
21.951135635,22.007724762,214.448699951
22.769622803,23.478019714,385.083831787
21.709556580,23.869342804,317.555358887
20.448390961,21.612989426,46.268825531
23.697250366,24.457704544,175.108520508
21.261137009,23.305427551,271.227172852
21.056787491,23.739353180,223.257507324
21.709285736,22.056503296,199.589019775
21.345863342,24.089921951,237.975173950
24.047004700,23.708492279,191.172195435
20.756862640,22.800626755,168.211334229
23.135406494,23.946485519,324.865905762
22.815158844,23.230472565,385.751251221
23.175493240,24.265092850,275.587646484
23.080505371,22.470493317,286.491088867
24.412830353,24.091402054,107.917060852
22.949041367,23.035051346,359.766143799
22.166173935,22.704864502,348.715972900
22.870306015,23.017293930,368.198516846
22.702728271,23.483306885,390.373840332
23.369272232,20.825351715,39.386173248
22.998231888,23.795591354,356.092041016
21.171554565,22.068195343,145.954589844
24.725934982,22.857755661,75.928787231
21.965917587,21.964801788,206.431121826
22.843391418,22.272087097,269.205902100
23.580938339,24.747558594,153.707153320
22.254356384,22.736289978,354.995971680
23.719316483,22.964159012,247.421951294
22.429265976,24.204860687,326.504608154
22.271278381,22.247934341,270.205505371
21.494844437,25.044967651,126.165130615
23.034803391,22.031192780,213.329101562
23.458862305,23.392541885,300.849822998
21.345537186,23.237440109,287.714447021
22.494310379,23.872013092,375.460205078
22.355360031,24.589654922,252.058441162
22.450189590,23.223623276,405.631134033
22.924575806,22.779977798,335.228179932
21.693080902,24.320501328,257.733886719
22.868188858,24.348016739,280.304107666
21.947772980,23.462499619,380.718750000
21.168956757,23.485326767,253.293701172
22.350824356,24.837043762,199.917617798
22.604053497,22.630750656,334.755371094
20.590578079,23.996126175,133.080474854
22.477807999,23.589658737,399.783966064
23.075450897,22.821559906,329.864929199
24.695804596,22.478271484,63.324863434
23.054832458,23.898448944,339.765319824
20.826208115,23.519500732,191.839797974
22.600427628,25.137525558,149.052749634
23.342975616,25.190465927,115.218673706
22.689027786,23.250740051,397.365295410
20.569988251,21.859884262,63.904319763
21.010017395,22.980857849,216.122695923
23.587514877,23.781879425,269.084655762
22.046100616,24.330095291,288.201263428
21.968378067,25.534091949,88.469154358
22.893068314,25.017864227,164.524780273
22.839805603,21.811086655,183.934188843
21.516517639,24.812019348,161.633789062
23.505435944,22.872516632,271.552337646
23.341989517,22.424545288,252.332748413
22.971138000,23.354095459,369.281280518
23.625375748,23.205972672,267.038604736
20.999738693,24.349927902,164.815170288
21.759439468,22.311840057,243.200714111
23.889612198,25.211570740,70.929634094
21.698829651,22.361328125,244.380462646
23.833330154,26.441040039,11.848408699
21.339195251,22.713323593,242.551361084
22.264406204,24.196788788,327.795471191
22.360746384,22.379243851,297.082122803
20.682764053,23.168184280,162.498718262
25.024616241,23.034732819,47.634635925
21.006597519,22.400106430,164.965393066
22.105512619,23.662662506,377.003143311
22.380891800,23.095897675,399.666473389
21.185709000,22.692625046,219.840744019
22.865167618,23.052360535,369.693908691
22.673273087,22.611356735,331.498046875
23.117364883,23.189729691,353.824340820
21.995927811,23.102521896,373.432647705
20.293729782,21.688072205,43.512386322
23.310438156,23.423742294,323.573822021
21.943746567,24.334199905,277.621582031
21.249689102,23.482570648,268.805206299
20.454431534,24.231866837,105.531272888
21.355245590,21.590888977,96.089393616
23.452724457,22.351726532,224.032455444
23.762241364,23.948150635,224.376510620
21.033246994,23.664081573,221.925247192
22.622873306,22.913576126,374.360321045
21.478569031,24.123432159,253.819091797
23.780477524,23.407697678,244.471817017
22.828523636,23.473981857,384.486328125
20.372121811,22.768239975,106.983451843
22.956071854,22.430929184,290.407806396
22.898717880,21.393749237,105.126304626
23.666587830,23.393695831,263.375091553
23.998176575,24.484853745,127.621940613
22.355360031,22.796503067,366.334289551
22.413019180,25.450538635,103.793823242
21.878438950,22.545728683,297.430084229
22.100580215,23.042900085,381.957275391
20.393989563,23.545257568,118.593025208
21.953760147,23.877063751,344.718109131
23.577831268,22.748741150,252.885360718
22.080917358,23.558650970,382.624969482
24.224044800,22.773401260,145.233367920
23.601903915,22.932168961,259.539520264
22.973794937,22.310945511,266.769042969
22.745376587,21.774257660,181.170776367
23.559652328,24.383064270,203.889083862
22.028282166,23.641006470,370.607696533
21.888284683,24.208879471,291.282562256
23.892141342,24.084838867,191.839004517
24.380649567,24.674497604,72.004699707
22.637428284,25.516580582,92.077491760
21.313333511,22.493839264,215.589767456
20.732053757,22.427316666,136.092880249
24.053716660,23.163351059,191.359588623
22.696128845,22.904073715,368.403503418
23.038011551,22.633893967,312.106781006
20.567760468,22.841833115,137.017410278
22.190210342,23.159240723,396.792846680
22.577617645,22.472808838,314.335113525
21.999370575,24.323041916,284.125701904
23.286153793,23.364967346,327.345367432
22.305418015,24.210826874,326.284698486
21.325649261,23.192270279,283.161712646
23.219497681,23.147102356,337.910949707
23.573568344,23.571174622,274.633270264
24.233968735,22.098833084,96.521331787
22.198171616,24.191383362,321.691467285
22.323488235,22.865131378,372.172729492
22.457826614,23.378343582,403.089385986
23.172416687,22.831960678,323.692810059
21.159488678,24.057744980,215.723770142
22.941875458,23.750864029,366.391204834
22.000616074,23.112060547,374.971649170
21.065635681,22.670108795,197.687347412
21.950334549,22.680332184,326.127288818
22.548934937,23.868843079,374.155975342
24.041978836,23.322210312,194.629974365
23.525157928,24.734209061,160.030914307
22.402387619,23.558683395,394.546630859
21.704849243,21.788360596,154.425720215
21.055915833,23.878547668,212.860015869
22.625597000,24.176933289,328.298248291
23.232944489,24.167196274,283.363555908
21.228250504,24.152690887,213.271453857
22.707040787,22.931516647,370.367126465
22.399864197,23.645347595,390.341430664
22.278985977,23.852804184,368.913604736
22.173395157,22.333732605,281.881011963
22.265676498,21.888982773,200.271926880
22.923517227,23.541038513,378.836364746
21.885332108,23.040699005,358.589355469
22.568265915,24.135356903,337.262420654
22.334627151,23.087882996,397.690063477
20.914140701,23.162761688,202.457977295
22.549209595,23.734323502,390.568603516
22.269123077,24.032117844,343.760986328
22.463024139,24.024442673,356.651153564
21.854248047,24.076457977,307.184906006
24.442424774,22.288736343,86.447776794
22.261291504,24.483251572,273.463317871
23.054214478,25.009815216,160.356063843
21.165187836,21.513526917,76.638099670
22.638645172,21.975265503,223.470794678
22.099178314,23.910717010,347.224761963
20.945383072,22.493480682,167.956848145
21.032424927,23.521320343,225.657241821
21.397455215,24.340539932,219.251052856
22.006214142,23.125589371,374.787780762
20.378177643,23.353385925,116.456375122
22.385742188,24.303796768,309.639617920
21.628658295,24.612789154,198.971221924
23.594308853,22.958290100,264.024932861
22.936048508,21.953151703,205.887176514
21.566453934,23.870452881,300.953460693
22.981897354,24.619112015,229.959518433
23.899818420,24.233787537,176.066848755
22.861730576,22.401451111,286.775909424
22.448455811,21.875391006,203.689056396
23.413076401,22.873168945,290.596923828
24.261459351,23.064310074,153.225082397
23.767782211,23.547624588,245.253356934
24.747257233,23.755048752,77.497978210
23.269184113,22.178178787,224.273574829
24.061717987,25.043588638,72.871894836
24.935523987,22.835126877,50.656116486
21.710142136,23.940406799,312.090911865
22.523582458,23.971691132,363.790100098
21.845315933,22.253311157,241.423049927
22.915590286,22.943828583,357.145355225
21.874719620,23.368350983,369.886901855
23.468011856,22.008176804,171.618270874
21.078245163,22.530735016,186.376968384
20.406913757,25.524065018,22.965833664
22.926839828,22.476284027,297.546661377
23.422630310,22.837432861,286.288269043
23.229846954,23.898376465,315.546203613
23.854137421,23.124662399,228.284576416
21.577501297,22.988243103,308.413330078
23.864185333,22.829935074,212.117324829
20.472984314,23.503429413,130.576858521
22.328187943,24.106334686,341.415344238
22.643781662,22.781009674,355.326446533
21.125574112,23.058662415,236.634216309
22.481462479,26.070098877,39.248870850
21.442773819,23.256528854,301.196228027
21.920089722,23.427417755,376.284179688
21.669857025,23.433036804,339.910858154
22.556211472,24.370412827,297.885864258
21.118577957,23.043798447,234.866592407
20.721242905,22.739570618,159.094192505
21.854511261,23.697441101,354.707061768
21.430202484,21.671131134,112.195800781
23.050540924,21.388883591,99.528625488
22.802745819,22.998519897,372.334472656
20.635101318,24.129871368,132.494232178
23.218618393,22.133037567,221.987304688
23.768451691,22.351703644,180.170227051
21.317308426,21.517852783,84.777175903
21.015918732,23.583990097,221.317306519
21.939741135,23.603046417,369.166534424
23.592008591,23.628206253,270.396972656
20.543949127,22.780923843,132.312728882
22.808652878,23.023778915,372.194427490
21.658046722,21.992086411,183.337509155
22.793779373,22.606281281,326.226409912
21.618249893,22.282295227,228.183319092
21.556636810,23.649293900,319.968780518
21.604682922,22.246488571,221.928543091
20.986631393,22.089841843,128.138565063
23.527036667,24.625473022,174.162475586
21.409437180,23.853477478,270.561035156
20.513721466,23.048854828,136.013061523
21.471334457,23.205282211,304.391693115
20.293716431,23.767419815,104.040794373
22.780467987,23.006071091,374.806152344
23.070060730,22.272762299,256.734100342
20.799636841,23.524072647,184.534667969
23.236879349,21.720420837,142.501571655
24.035594940,23.916683197,177.267639160
21.776147842,23.831832886,332.611785889
22.057823181,23.812005997,358.822906494
22.100009918,22.756429672,353.029449463
21.769668579,23.780921936,333.871948242
23.198369980,22.668933868,302.264984131
22.954076767,23.006984711,357.145965576
22.075227737,23.998308182,336.440979004
23.243652344,23.535167694,331.842895508
23.285057068,22.944519043,316.999633789
22.655750275,22.560453415,325.378845215
22.164733887,24.097362518,331.916534424
23.712810516,23.380681992,255.484313965
87.350502014,36.095581055,226.172225952
89.297439575,35.777862549,361.262969971
89.960449219,37.647159576,159.981018066
91.211944580,38.144393921,18.068073273
88.830131531,36.168033600,423.366973877
88.785842896,36.220932007,423.842651367
89.215034485,35.652011871,357.668243408
87.297866821,35.981540680,214.501556396
89.126396179,36.120052338,394.730346680
89.014389038,35.837604523,390.657348633
88.564430237,35.827362061,391.000946045
89.963897705,36.402282715,275.039215088
89.047973633,34.997920990,248.682922363
89.407814026,35.995098114,358.796386719
87.597244263,36.584781647,270.768280029
88.390792847,35.855567932,386.087524414
89.173332214,36.112594604,392.093200684
87.275871277,36.762748718,195.428710938
90.184242249,35.752593994,209.598724365
88.702430725,37.073211670,344.371246338
87.545913696,35.116485596,175.497604370
88.506668091,36.374542236,417.074768066
89.738403320,35.840770721,302.024322510
88.095550537,39.335830688,14.893403053
87.939750671,35.141967773,229.974502563
89.386291504,36.707763672,347.908447266
88.988105774,34.779178619,210.154296875
88.917846680,37.103134155,336.654357910
87.597259521,36.879081726,246.739410400
89.037185669,35.999118805,399.768585205
89.314788818,34.874385834,210.840240479
89.626892090,35.030387878,208.505172729
87.971595764,38.213798523,95.652290344
89.010673523,37.139957428,323.641845703
88.770286560,35.335857391,314.645568848
91.946250916,36.645950317,14.144371033
87.538696289,35.531917572,227.528839111
87.432144165,37.602058411,133.008529663
88.518188477,35.500488281,337.994812012
88.566589355,35.546512604,348.571990967
88.336235046,34.813175201,209.955688477
88.912071228,35.324039459,315.621520996
88.467277527,35.610904694,354.637451172
86.059989929,34.121025085,9.957459450
88.695060730,36.526145935,411.438659668
88.610374451,35.275894165,303.460632324
88.516174316,37.371402740,274.111450195
89.727478027,36.449356079,314.360290527
88.380233765,35.210243225,285.939361572
89.668472290,35.154102325,226.532135010
88.071403503,36.250186920,367.440887451
88.254203796,35.661643982,344.284912109
88.905448914,36.178195953,420.238159180
90.313011169,36.607643127,191.500976562
88.965957642,34.433712006,147.890350342
88.275291443,35.414234161,312.349151611
89.073371887,36.118000031,400.910552979
88.294258118,35.634239197,345.104858398
88.391387939,38.481590271,80.376846313
87.873054504,36.927513123,285.984375000
88.812164307,35.394767761,324.240051270
89.933830261,36.787113190,250.416946411
89.237052917,35.795341492,372.949279785
90.643402100,36.169479370,132.891525269
90.229057312,35.037799835,129.791503906
87.888938904,36.583190918,332.695434570
89.468421936,36.364978790,359.110351562
89.407295227,37.170455933,279.404815674
89.630630493,35.860553741,321.749450684
87.973533630,36.530715942,348.756530762
88.864952087,35.528400421,347.328735352
88.159416199,36.042465210,375.280761719
87.752059937,35.745342255,287.913085938
89.019645691,37.646526337,224.601516724
88.591476440,34.210697174,103.087341309
88.032516479,35.699245453,320.289642334
89.017654419,35.881893158,394.326171875
88.819450378,37.042869568,348.717529297
90.001327515,36.368694305,266.866424561
88.758232117,35.722290039,379.293365479
86.333984375,35.948501587,66.680213928
88.115745544,37.114131927,299.419616699
88.236587524,36.938751221,343.885223389
88.631210327,36.099231720,418.951904297
86.667778015,35.650295258,95.347999573
87.775650024,37.117782593,246.040756226
89.003196716,36.981033325,356.396942139
87.294136047,36.714706421,204.463058472
89.492919922,37.732742310,184.107604980
90.158142090,37.300998688,173.579238892
87.598587036,35.534580231,236.578598022
85.663757324,37.517875671,10.266431808
87.718078613,36.771236420,281.008483887
86.415702820,33.926731110,10.767615318
87.181846619,36.961975098,164.976791382
89.699188232,35.233810425,233.571502686
90.319480896,36.352817535,197.189071655
88.263015747,35.731826782,356.214782715
90.969444275,36.180606842,82.007904053
87.623100281,37.664550781,147.997756958
87.877784729,35.346481323,258.983520508
88.872688293,37.648574829,230.619400024
88.350425720,35.182025909,277.666381836
87.172256470,34.472518921,59.201656342
89.797889709,36.827224731,271.176544189
89.294944763,35.142421722,263.177154541
87.488601685,36.736389160,243.914627075
88.043937683,36.913986206,323.852813721
87.342041016,36.116931915,226.447937012
88.549957275,35.722637177,376.159576416
86.667320251,37.421337128,73.133888245
88.506515503,37.331775665,282.171722412
89.028457642,36.306266785,409.116851807
89.424285889,35.595275879,322.775909424
88.920616150,36.594882965,403.209320068
87.348724365,34.798515320,113.509574890
86.459678650,37.561645508,47.165359497
89.515350342,34.758132935,169.122039795
89.442794800,36.965560913,312.889587402
87.185882568,36.005535126,195.710937500
90.484291077,35.936836243,158.449508667
89.406906128,37.084880829,295.154541016
89.166656494,38.062564850,141.027328491
88.142631531,36.562633514,367.627349854
90.089714050,36.518947601,235.598571777
89.856086731,37.729167938,159.888229370
87.455787659,36.476898193,247.416885376
89.164855957,38.227256775,119.787834167
89.449424744,35.578632355,316.917083740
89.524101257,37.467071533,229.894760132
88.068084717,35.687389374,322.448669434
89.475891113,36.534595490,350.091308594
90.258476257,34.886444092,105.543014526
88.690971375,37.464756012,258.306335449
89.491653442,38.022834778,136.041549683
88.870140076,36.362049103,419.773437500
90.970901489,37.397464752,62.146396637
89.466392517,37.131591797,278.038330078
88.326637268,34.509765625,153.245315552
88.570098877,35.969009399,408.569335938
88.570228577,36.631813049,406.516204834
88.535026550,37.352451324,278.391204834
89.359207153,37.204418182,277.969146729
86.022346497,33.780036926,5.809772015
89.178359985,35.519470215,339.292724609
89.289428711,36.485130310,379.443481445
89.687438965,36.032260895,321.678710938
87.650009155,36.405654907,296.508209229
88.425682068,36.703598022,386.963623047
89.383247375,37.083221436,296.516815186
87.973640442,36.534957886,348.666900635
92.229949951,35.443378448,6.073460102
88.344757080,35.288509369,299.793151855
87.866783142,35.768318176,301.988464355
86.621238708,35.863018036,97.025558472
89.187698364,36.509201050,388.592224121
88.804443359,37.158718109,324.828887939
90.323432922,36.787891388,178.839935303
89.887428284,34.023826599,54.026046753
89.011734009,35.771591187,385.444427490
89.391304016,36.264110565,375.784118652
88.828964233,37.573394775,242.645553589
89.367828369,36.241771698,381.125244141
89.897933960,35.111049652,183.984680176
89.583259583,35.778705597,320.794281006
87.887763977,35.351696014,260.864288330
88.478614807,37.544952393,238.343246460
89.816291809,35.823040009,282.790740967
88.991416931,36.299015045,411.717468262
87.380874634,37.028453827,192.123153687
89.973213196,35.133441925,177.706390381
88.378585815,34.001010895,68.312179565
88.667259216,35.004802704,255.781677246
88.723541260,36.797523499,384.997344971
88.985519409,34.705001831,196.950393677
88.078720093,37.401470184,239.238754272
89.339080811,36.503089905,366.901702881
89.210868835,35.205909729,280.781646729
88.111694336,35.840671539,349.625762939
88.994964600,35.695392609,373.248687744
88.476661682,36.422348022,409.930938721
88.585472107,39.033412933,31.437671661
88.032119751,37.472927094,217.086380005
89.282569885,36.408515930,387.433319092
88.158775330,38.064582825,131.162033081
88.608711243,35.197074890,287.566284180
89.432601929,36.189468384,371.518157959
89.036087036,34.530555725,160.683883667
89.229461670,36.719665527,367.604522705
89.276390076,36.824230194,351.752258301
89.336723328,36.306106567,384.078704834
87.692131042,37.333969116,196.611022949
88.602157593,37.285892487,293.105865479
87.560127258,35.757385254,256.594329834
87.925567627,36.977684021,293.494781494
89.390304565,35.094154358,245.707809448
87.952445984,37.138694763,269.990631104
87.805580139,36.350753784,323.756469727
88.423049927,35.218914032,289.069763184
86.050407410,35.216892242,26.807933807
90.402297974,36.200393677,177.393890381
87.993827820,37.435298920,216.546371460
89.655418396,36.965675354,279.467956543
86.921203613,38.072929382,53.051227570
88.605720520,37.338405609,282.992675781
89.925178528,35.678714752,249.852890015
87.769104004,35.631381989,275.311492920
89.427803040,35.392253876,294.721435547
87.330833435,37.955638885,86.282768250
90.388206482,37.046051025,152.810012817
89.694580078,34.166877747,75.897109985
89.360977173,35.181976318,263.829345703
88.380615234,37.915386200,168.476989746
88.158935547,35.887348175,360.107391357
89.569946289,37.452861786,223.298446655
89.907760620,34.808246613,139.006042480
87.610092163,37.251132965,202.134109497
88.935516357,36.633766174,396.569213867
87.839981079,36.671012878,314.991088867
89.965576172,36.117610931,275.221588135
89.135910034,36.041584015,394.586303711
88.994018555,35.681591034,372.121002197
88.849525452,35.683811188,373.276855469
87.565803528,36.927272797,237.805068970
89.386756897,37.389369965,248.002075195
89.096755981,34.942947388,239.449829102
88.433700562,35.789436340,383.069885254
88.603240967,36.884006500,375.429229736
89.187744141,35.420059204,318.163513184
87.632583618,34.751834869,139.376449585
90.326576233,37.754772186,103.567138672
89.949569702,37.666297913,157.802459717
88.115547180,36.264465332,372.479980469
87.109619141,35.752109528,167.022537231
88.887695312,35.740295410,378.130828857
89.851280212,34.428417206,93.266929626
89.313079834,36.828990936,348.577941895
89.318557739,35.673419952,349.617462158
89.792419434,35.382434845,241.601913452
88.655204773,37.266613007,297.631378174
87.756385803,37.088787079,247.638565063
87.143554688,36.969280243,159.705764771
88.675010681,36.633338928,399.964630127
88.833236694,35.734577179,379.533660889
88.514122009,36.015148163,410.562683105
90.240585327,38.620574951,37.856685638
89.849731445,36.483226776,292.718841553
89.046989441,35.683776855,374.936828613
89.232521057,37.041122437,325.593322754
87.870330811,35.861831665,308.859375000
89.217681885,36.416473389,394.589630127
89.951469421,37.565780640,168.711410522
88.965400696,37.047611237,344.798034668
88.246421814,35.506511688,321.050109863
87.951507568,35.059242249,216.074707031
87.658988953,34.257289886,66.222351074
89.019775391,36.228481293,408.856750488
88.942481995,37.065612793,344.005310059
88.491462708,36.409248352,410.966857910
89.578643799,38.856216431,37.008083344
89.425140381,36.988044739,312.576873779
90.657684326,36.104164124,129.136322021
90.775894165,37.031295776,99.418563843
88.942405701,35.770538330,384.037078857
90.040237427,37.494407654,165.017089844
90.570899963,36.526821136,143.962249756
87.981513977,36.101226807,350.145843506
88.561317444,35.899921417,400.514068604
89.866157532,36.376449585,292.591796875
89.932075500,35.800479889,258.869628906
89.159065247,36.914005280,353.242126465
89.422668457,37.502552032,233.043228149
88.717742920,36.889030457,378.446685791
89.706039429,36.181087494,320.552764893
87.901191711,36.549011230,337.837036133
88.137939453,36.768066406,354.757904053
89.875267029,37.684780121,161.114288330
90.798156738,36.566284180,108.720756531
89.809349060,37.595653534,175.509994507
89.123878479,37.830509186,183.245941162
89.775756836,37.308616638,217.045379639
88.028594971,36.697135925,342.091918945
89.901664734,36.398349762,287.329345703
88.639060974,35.166725159,283.742248535
88.407875061,37.186077118,306.099853516
89.526893616,34.795391083,175.920303345
90.351882935,34.729854584,88.010581970
89.689643860,35.883930206,314.187957764
88.883323669,36.345249176,418.583526611
88.823905945,35.617481232,360.481109619
87.735565186,38.107387543,99.332458496
88.517097473,36.080642700,416.637847900
87.929145813,35.119422913,221.858078003
88.543365479,37.212188721,308.547393799
89.634834290,35.472782135,274.618560791
89.057922363,34.503665924,155.555389404
89.108634949,36.217761993,400.684173584
89.565933228,37.742248535,176.231948853
88.229797363,35.679298401,344.165893555
87.877189636,36.076950073,332.502838135
88.846389771,36.344902039,419.543457031
89.340362549,34.773628235,191.234161377
90.146644592,36.146472931,235.881515503
89.538368225,37.216632843,257.241546631
89.658943176,37.486480713,207.299835205
86.611267090,37.228992462,78.120712280
89.632003784,35.259178162,245.873825073
87.793350220,35.525485992,267.777282715
87.287696838,36.206108093,218.402175903
88.537475586,37.586814880,232.664916992
89.323844910,36.400024414,384.054321289
84.089660645,36.266204834,1.621697664
89.626899719,37.289451599,240.470993042
87.158920288,36.682746887,175.880264282
89.546348572,35.271492004,256.979492188
88.614013672,33.651676178,37.586704254
89.472000122,34.995052338,218.269454956
87.547111511,37.143318176,205.795989990
87.552307129,38.081764221,91.106422424
88.844436646,38.871307373,38.854476929
87.183258057,35.750835419,180.090667725
88.912643433,36.901935577,369.703369141
89.273429871,36.650123596,367.511932373
87.623199463,36.508563995,279.504730225
88.200691223,36.039314270,381.083190918
87.384445190,35.692119598,219.692153931
88.378890991,35.531089783,337.911956787
90.123611450,37.769550323,125.016067505
89.363876343,36.744190216,349.522064209
86.767120361,36.915920258,112.762176514
87.809936523,35.936252594,308.696502686
88.813339233,35.552021027,349.275299072
88.180328369,37.269390106,275.994537354
87.299057007,37.074420929,175.546722412
87.493637085,36.413169861,256.228271484
91.201751709,35.444004059,43.222492218
88.989944458,36.383926392,411.119201660
89.999420166,37.634609222,156.149765015
88.441589355,37.244770050,295.650360107
87.034202576,36.107490540,173.612838745
88.913681030,34.962387085,248.671936035
89.459411621,38.273624420,104.188774109
89.749137878,35.931365967,303.291442871
88.092895508,36.546169281,366.436218262
89.753044128,35.965946198,306.701080322
90.803276062,38.225898743,30.437597275
90.109916687,35.914165497,231.332305908
90.814018250,37.285266876,80.433891296
88.492446899,35.991035461,408.993652344
89.556915283,37.682308197,187.545928955
88.866561890,37.725002289,213.081405640
88.608413696,36.261070251,420.287506104
86.803451538,36.836009979,121.027267456
87.347808838,37.420711517,145.627609253
90.882667542,35.578094482,82.370101929
88.831871033,34.990844727,257.482788086
90.496917725,35.300159454,117.065444946
87.483642578,36.587051392,247.243118286
89.174392700,36.844627380,363.034271240
87.902130127,36.025665283,335.415649414
89.551864624,35.808067322,327.374481201
88.345481873,35.850536346,381.076049805
87.433273315,36.243465424,244.242355347
90.261825562,36.353591919,210.041885376
88.530387878,36.237674713,418.132720947
87.612510681,35.855102539,270.121704102
88.555000305,37.224063873,304.403869629
88.813453674,32.842697144,5.988694668
89.754173279,36.920806885,269.776306152
88.061080933,34.958534241,211.339660645
88.381996155,33.443675995,21.387870789
87.625282288,36.059394836,284.119842529
88.032592773,35.750640869,323.787628174
89.930313110,36.341934204,284.638610840
89.929779053,36.688621521,261.934387207
88.460906982,34.337100983,124.021080017
87.255973816,36.489345551,204.991455078
89.273208618,37.133525848,300.785888672
88.923011780,37.752048492,206.706024170
89.683288574,36.152889252,322.923339844
87.699310303,34.281421661,71.485588074
90.210556030,36.278369904,223.018569946
87.042442322,35.177356720,117.181793213
90.887229919,37.198921204,76.962379456
88.956596375,38.117980957,140.369277954
89.103172302,34.489753723,150.863571167
88.694221497,37.212226868,313.627655029
87.750053406,36.754257202,287.954528809
88.883972168,38.028949738,158.918914795
89.963401794,36.685821533,254.082916260
90.238029480,36.519626617,209.919113159
89.808280945,36.335216522,302.731964111
87.033302307,35.907238007,163.344787598
89.409301758,36.730407715,342.140899658
87.748611450,37.063510895,248.928085327
87.536773682,35.827777863,254.619903564
89.755371094,35.308868408,236.724060059
88.204780579,36.063823700,384.095916748
89.004302979,36.094615936,408.762695312
87.046585083,35.512866974,141.975265503
89.160484314,37.258136749,286.646850586
89.209213257,34.291355133,111.822898865
87.160202026,36.970859528,161.530792236
87.398590088,37.260120392,167.656250000
88.102210999,36.612709045,359.033996582
87.478172302,36.360172272,254.627456665
87.480590820,35.624401093,230.029220581
88.723121643,36.057003021,416.337921143
89.062934875,36.285320282,403.600524902
89.553733826,36.619594574,330.472473145
86.808006287,35.388195038,99.537429810
89.909103394,36.973426819,239.836624146
89.659385681,35.257804871,244.704528809
89.608909607,36.079395294,334.941528320
89.355987549,36.097618103,375.085418701
89.101295471,36.340175629,404.843505859
89.375198364,35.573806763,323.723175049
86.723136902,35.207328796,77.495040894
88.872573853,36.439102173,416.843872070
89.133666992,36.974567413,345.572540283
90.178222656,37.903060913,102.735671997
88.771209717,35.725635529,381.210083008
88.716957092,35.888572693,406.908050537
88.690284729,36.594753265,406.051452637
87.178215027,36.597434998,186.514739990
89.867149353,35.936435699,280.219604492
88.519569397,35.565582275,349.389404297
89.256004333,37.073627472,314.354156494
88.820396423,36.690193176,394.492706299
88.232994080,37.139595032,306.731903076
90.170570374,36.811344147,208.051467896
90.262771606,35.854927063,198.833114624
88.603248596,35.133350372,276.637603760
89.566390991,35.540359497,293.531524658
90.376586914,35.022464752,106.296165466
88.798362732,35.563594818,351.652221680
88.122680664,38.209159851,104.235092163
89.244522095,35.042499542,248.200042725
89.384078979,36.573024750,361.443176270
88.271369934,36.671756744,372.619506836
87.090179443,37.737083435,88.765571594
88.528747559,35.843009949,390.964385986
89.034774780,37.263729095,289.126068115
86.187370300,36.296607971,58.874389648
88.773033142,37.378536224,274.211181641
87.794914246,37.210220337,235.182312012
88.684707642,35.726852417,380.600311279
90.147041321,36.738758087,217.660003662
89.517715454,36.623493195,338.765045166
90.455337524,36.525402069,166.355072021
88.835014343,35.550632477,350.332092285
89.693267822,35.421676636,260.325286865
89.329727173,36.495937347,372.226074219
88.464805603,36.497615814,406.031799316
89.337272644,36.046161652,375.252044678
88.736785889,36.450599670,418.445190430
89.081527710,36.139247894,397.903808594
88.773651123,36.982830048,361.720764160
89.107070923,37.272888184,284.214569092
88.819328308,36.804725647,385.400177002
88.552902222,35.894016266,399.602508545
86.575523376,36.013977051,94.220611572
88.901313782,36.587417603,403.623352051
89.034889221,36.988067627,351.347595215
88.862213135,36.704395294,393.283477783
87.293251038,36.737373352,202.771545410
90.884239197,35.437442780,77.843757629
89.142829895,34.353073120,129.384414673
88.714569092,36.928062439,371.667449951
88.391792297,36.494796753,399.095123291
88.450653076,35.653160095,360.847106934
90.054084778,36.765522003,228.193115234
88.234443665,36.272773743,389.438446045
87.872230530,36.711956024,319.706176758
87.679519653,35.112476349,190.599777222
89.373092651,36.887683868,335.271118164
87.124351501,35.080619812,117.389686584
87.656089783,37.430145264,181.029052734
90.173851013,36.536182404,221.168762207
88.280044556,36.730472565,367.111541748
90.526817322,35.410022736,118.015274048
89.786346436,33.981262207,55.875251770
88.357482910,35.779029846,375.975952148
88.532814026,37.706844330,213.480346680
89.354949951,35.735534668,348.121948242
89.091339111,37.758708954,202.902374268
88.364509583,35.843009949,381.964538574
87.915435791,38.242225647,88.744491577
89.248954773,37.283744812,274.146972656
90.220474243,35.035354614,130.004821777
86.874588013,35.710205078,128.508438110
88.305953979,36.678768158,376.444305420
88.513252258,35.207660675,289.913238525
88.017318726,35.554565430,302.257354736
88.946304321,38.256229401,120.245429993
88.850730896,37.435485840,262.275726318
87.637367249,35.514911652,240.755310059
89.752273560,34.494155884,113.404251099
89.240661621,35.063308716,250.629791260
87.993743896,35.157840729,240.549438477
87.448028564,38.662204742,29.821067810
88.365409851,35.955429077,391.269439697
88.241470337,37.387874603,250.381469727
88.726325989,35.660022736,367.782531738
88.074188232,35.827220917,339.879486084
89.191146851,36.140933990,390.017120361
90.335273743,36.736751556,180.731735229
87.915618896,36.023933411,339.103393555
89.185203552,36.776260376,369.543182373
89.253822327,35.083232880,255.628387451
88.440681458,36.573574066,397.697967529
87.760833740,36.951297760,265.174285889
88.307861328,34.628524780,175.071960449
90.313316345,37.514678955,128.292266846
88.789810181,37.178970337,320.679687500
90.448333740,35.320735931,123.237304688
88.330856323,36.725154877,371.784240723
87.189941406,35.990482330,195.764282227
88.951797485,36.993049622,357.533538818
89.629379272,36.898548126,290.467559814
88.899971008,35.582675934,354.806793213
89.047248840,37.097312927,329.795166016
88.043792725,36.400875092,364.263671875
89.127334595,35.802413940,381.121704102
88.782974243,37.127285004,332.610748291
87.584175110,35.941474915,270.701965332
88.331405640,34.624385834,175.240142822
90.007987976,34.885379791,141.608795166
88.957595825,35.685142517,373.413879395
90.759574890,36.613239288,116.136749268
87.219596863,36.058101654,201.547210693
87.430259705,38.320739746,55.500141144
89.435585022,36.568050385,355.059356689
88.873748779,36.358100891,419.779205322
89.239196777,34.170822144,90.644340515
89.203155518,34.988380432,241.322692871
88.035591125,36.947517395,317.721557617
88.323020935,35.592910767,341.991546631
88.686134338,34.290378571,121.887138367
89.237388611,37.133075714,306.498504639
86.535552979,36.240474701,92.654304504
88.007965088,37.527748108,202.474243164
89.500755310,36.172500610,357.284179688
88.104286194,35.934989929,361.000244141
88.026779175,35.353496552,275.796112061
88.233665466,35.895240784,372.760772705
89.356666565,36.660102844,359.404266357
89.530746460,37.583442688,206.660476685
88.013183594,35.787876129,325.969329834
88.751670837,35.888725281,406.953674316
87.517074585,38.472366333,45.268318176
89.101959229,35.374580383,313.596191406
89.170906067,35.976852417,389.953460693
88.009719849,36.990612030,304.978515625
89.941131592,36.955089569,234.525360107
89.687820435,34.715240479,148.197586060
89.685432434,36.285190582,324.143859863
88.017601013,36.777179718,337.553192139
88.132293701,35.773704529,338.593750000
88.470680237,36.216846466,415.282623291
87.473129272,36.242267609,253.630432129
90.028747559,35.702220917,230.851379395
89.412117004,36.896141052,329.316864014
88.294479370,35.862293243,377.502593994
90.573265076,37.055473328,127.086685181
89.052246094,36.545623779,400.555480957
88.999504089,35.113437653,272.853790283
88.705383301,36.242431641,426.293579102
89.279510498,34.819679260,204.496078491
88.347557068,36.297855377,400.272583008
88.667793274,34.945522308,247.314041138
87.381217957,36.275199890,236.551376343
90.470809937,35.964252472,159.319488525
88.793640137,37.058235168,348.490936279
88.733291626,36.087131500,418.010864258
89.054244995,36.113689423,402.520019531
88.418304443,36.638526917,392.219451904
87.487358093,36.131732941,256.729003906
88.767417908,35.535827637,345.006072998
89.846031189,36.609218597,287.756774902
90.252601624,34.935386658,114.045684814
89.333000183,36.887580872,340.297790527
90.533966064,36.721294403,144.345458984
87.506561279,35.768894196,247.376998901
90.527961731,35.446525574,118.574737549
90.317512512,38.114479065,66.802520752
90.532760620,35.636085510,133.833862305
89.186958313,35.123889923,265.984680176
88.761268616,36.369983673,421.470520020
87.167381287,36.818714142,170.933456421
87.581085205,36.589969635,266.802734375
88.246002197,35.898094177,376.320312500
88.842391968,38.817115784,43.242572784
89.378868103,38.017852783,141.408248901
89.049911499,36.673759460,387.605316162
88.085113525,34.811702728,187.404647827
88.346466064,34.757862091,197.346115112
91.531585693,35.305709839,23.160919189
88.610038757,36.243698120,420.303405762
88.851875305,37.236145020,303.009765625
90.232673645,35.867801666,207.296218872
89.782516479,36.701389313,291.522247314
91.148246765,36.487018585,63.462886810
89.350074768,35.624553680,335.061889648
90.157531738,36.295200348,234.004806519
88.460746765,36.422584534,409.627868652
89.509971619,35.623874664,314.893493652
88.095252991,37.488212585,222.885894775
90.135169983,36.614257812,223.931762695
88.725120544,37.121540070,334.567108154
90.027740479,37.892501831,118.591239929
89.368164062,36.868087769,338.610046387
88.469146729,36.485713959,407.564025879
88.065101624,37.158233643,286.460845947
88.713005066,35.665691376,370.412200928
86.897346497,36.618350983,144.905960083
85.466468811,36.759414673,13.291790009
88.248054504,37.013927460,331.930297852
87.622016907,37.514659882,166.080184937
88.939987183,35.140872955,278.678222656
88.092239380,35.880722046,350.011718750
88.285758972,37.750137329,189.011154175
88.097419739,36.502643585,368.828582764
89.130134583,36.478065491,396.939300537
86.338844299,37.251552582,53.250610352
90.404670715,36.044338226,174.658279419
87.350746155,36.823074341,209.703643799
88.539443970,36.773544312,385.037658691
87.815345764,36.974353790,270.876373291
88.727622986,37.175071716,320.690490723
88.616912842,35.771060944,387.253295898
88.839294434,34.884834290,236.591720581
88.113830566,36.173000336,371.400878906
86.274597168,35.831855774,59.155570984
89.273757935,35.664562225,355.084808350
89.602531433,35.873760223,327.745727539
87.867851257,35.015842438,197.887771606
88.717834473,37.662628174,227.211166382
88.403022766,35.783218384,379.719665527
88.757202148,35.636474609,365.024536133
89.563812256,36.816173553,312.048370361
89.028114319,38.191822052,125.775482178
88.230560303,35.472591400,316.074188232
89.018592834,35.397819519,319.744140625
88.102539062,36.655540466,357.737091064
87.934089661,34.990150452,203.708328247
86.364807129,35.243087769,45.281681061
87.931373596,36.245815277,345.463928223
88.409805298,36.810760498,367.764862061
88.996078491,37.422595978,265.625030518
88.523498535,35.027492523,254.470046997
86.571624756,34.010200500,13.736524582
89.736221313,37.216777802,235.278549194
87.696769714,35.551486969,254.554641724
88.419960022,35.207580566,287.769348145
89.523208618,37.308448792,245.231216431
87.616363525,36.683788300,266.711029053
88.973724365,34.389595032,139.077392578
87.807830811,36.115947723,320.234222412
89.110740662,37.257556915,287.965881348
87.592758179,35.789489746,263.958557129
88.820533752,36.143985748,420.814056396
87.671783447,36.247913361,302.083587646
88.717178345,35.864143372,402.497497559
87.012397766,36.295604706,171.046585083
87.896759033,35.823055267,309.731689453
89.900459290,36.191959381,289.877716064
88.884109497,35.800289154,388.760772705
88.350067139,35.713920593,365.495147705
89.696182251,38.303234100,87.376892090
88.181144714,37.881427765,164.108825684
88.121345520,35.422294617,293.226043701
88.764022827,36.453033447,418.985534668
88.516563416,36.661502838,401.781707764
89.985710144,36.508823395,260.902465820
88.020523071,35.607872009,308.040893555
89.936691284,36.605522156,263.232147217
89.048011780,37.109909058,327.290679932
90.935325623,37.204032898,69.670143127
89.504524231,37.096744537,283.709930420
88.717742920,35.706390381,376.871704102
88.769439697,35.712501526,377.697570801
88.269065857,37.063205719,325.743041992
90.959709167,34.577621460,33.218112946
88.086578369,35.186920166,256.713104248
88.096138000,36.769531250,348.123260498
88.089508057,35.617649078,317.719451904
89.024078369,37.979907990,160.990676880
87.043601990,36.656013489,162.238739014
88.875305176,35.662239075,369.221527100
88.950111389,36.664974213,390.079071045
89.642761230,35.111213684,222.547286987
87.801437378,37.135860443,246.314453125
87.868057251,35.344661713,255.452896118
88.841621399,35.578239441,355.124267578
89.667739868,35.606987000,286.501098633
88.695404053,37.455238342,260.667480469
87.582534790,35.998443604,273.807403564
89.381858826,38.950740814,34.769676208
87.847167969,36.263416290,329.509307861
88.793037415,35.761405945,387.955078125
87.998489380,34.217472076,78.274505615
87.434883118,35.319908142,186.436935425
90.434127808,35.429924011,134.309051514
88.408508301,34.618480682,180.324813843
88.176055908,36.009666443,374.727752686
89.595542908,36.349082947,337.706665039
89.827919006,34.959587097,171.731719971
88.151481628,37.128463745,298.656280518
88.492866516,35.889129639,397.199157715
89.096359253,36.318267822,404.490051270
89.066757202,36.039878845,401.720977783
85.943885803,37.266460419,25.809595108
88.205039978,37.335353851,265.408660889
89.205497742,36.220767975,391.778564453
88.886276245,36.890918732,370.389343262
89.190574646,36.677661896,378.504852295
89.057022095,35.799163818,386.751617432
87.926773071,35.407379150,273.525054932
87.824760437,36.070682526,320.614105225
89.890251160,37.280307770,214.474349976
88.680168152,35.278587341,303.562683105
89.174064636,35.284450531,297.288726807
87.646583557,37.778884888,133.069305420
88.294006348,37.801166534,182.453781128
88.848625183,35.647216797,364.572204590
87.299171448,36.131595612,218.206069946
89.505798340,36.466331482,350.343139648
89.351722717,34.895534515,209.228073120
87.059341431,35.410087585,135.281616211
86.660079956,36.836685181,102.170417786
88.346626282,36.364845276,400.467834473
88.612319946,36.285526276,422.086517334
87.967163086,36.678527832,338.406890869
89.733055115,35.052947998,197.984680176
88.929023743,35.818565369,390.114257812
87.522048950,35.258506775,192.004623413
-65.309318542,9.705875397,1.000000000
-94.689666748,79.920349121,1.942787170
-22.684825897,93.734901428,1.000000000
-79.665229797,58.141540527,1.762470365
62.851562500,-94.242111206,1.000000000
-20.510322571,-80.766426086,1.000000000
26.055704117,-16.766477585,1.665165544
80.695350647,-77.173118591,1.964555383
76.187713623,10.127753258,1.000000000
-70.801521301,-96.962341309,1.000000000
-53.191909790,-44.621574402,1.000000000
-32.870567322,90.456924438,1.000000000
-36.630874634,95.949157715,1.000000000
-31.102455139,61.409626007,1.000000000
97.863937378,99.036315918,1.000000000
29.814577103,-2.351439238,1.000000000
65.257278442,75.508224487,1.000000000
-19.317880630,-4.334436417,1.000000000
-84.566764832,-53.608932495,1.000000000
-32.024375916,-43.651565552,1.000000000
-58.488292694,-74.297401428,1.944895506
-86.617393494,5.373250008,1.000000000
50.619804382,-20.923404694,1.000000000
-74.337455750,53.772151947,1.000000000
75.972961426,54.432331085,1.000000000
49.179496765,45.988372803,1.000000000
-43.863323212,-47.692424774,1.760213852
-38.753402710,-74.285255432,3.130381584
30.380136490,-80.568572998,1.738460779
58.801933289,27.251003265,1.000000000
-41.973754883,-90.154853821,1.910612822
-69.355354309,80.991920471,1.970222950
40.067687988,-51.259407043,1.963744879
-96.729553223,49.789955139,1.000000000
-50.559555054,12.967826843,1.000000000
-81.091804504,-27.350526810,1.000000000
-17.217634201,-5.220825195,1.000000000
82.243659973,29.141889572,1.000000000
-49.896419525,55.517570496,38.732570648
-10.612026215,38.289951324,1.000000000
-87.667304993,-60.496379852,1.000000000
12.841958046,32.674346924,1.000000000
-69.705055237,94.536483765,1.000000000
-63.453952789,71.255035400,1.000000000
-38.269474030,73.572898865,1.000000000
-33.736099243,58.863250732,1.820349932
-77.018066406,-67.707977295,1.000000000
60.186656952,4.703226566,95.823730469
-71.679687500,-32.044033051,1.000000000
86.590934753,63.515163422,1.000000000
22.133510590,59.909965515,1.699151516
-11.006382942,11.593141556,19.791795731
-98.308998108,-65.406455994,1.619378209
45.685661316,81.975135803,1.000000000
-20.533887863,-78.190010071,1.000000000
91.741447449,-99.088966370,1.000000000
89.704826355,-52.120159149,1.000000000
-36.670772552,22.874334335,1.000000000
63.770645142,27.835823059,1.000000000
80.520057678,93.901252747,1.000000000
-96.446365356,13.799410820,2.606171131
-87.014823914,-28.927040100,2.993387699
53.906242371,9.675850868,1.000000000
-74.835334778,-72.013679504,1.000000000
-1.626439452,-9.109889030,1.000000000
-89.172584534,-1.982796550,1.000000000
-29.692338943,-65.197509766,1.000000000
84.236045837,34.322601318,1.931184053
5.067322254,8.351299286,1.908565760
67.275352478,-32.115577698,1.972534895
-14.628914833,-79.002021790,1.000000000
72.002342224,43.285205841,1.000000000
-69.715026855,37.658267975,1.000000000
25.745927811,41.693824768,1.000000000
-7.956416130,-98.873374939,1.000000000
54.622909546,-87.660972595,2.693665028
-7.342222691,3.184373379,1.000000000
-56.771263123,18.262905121,1.000000000
41.799430847,66.415596008,1.000000000
64.552536011,-81.949348450,2.319386959
97.280410767,74.633033752,1.000000000
84.400947571,-84.828964233,1.000000000
74.981094360,24.093631744,1.000000000
57.997516632,39.729270935,1.627048850
-68.844879150,-74.101654053,1.000000000
-30.843418121,34.838333130,1.000000000
-41.047843933,-63.973598480,1.000000000
32.087341309,66.515716553,1.000000000
-61.503013611,-28.939153671,1.000000000
-75.552696228,30.742774963,35.063819885
24.978506088,44.336009979,1.000000000
90.946525574,-47.058116913,1.000000000
-2.588727236,29.383794785,1.000000000
58.126937866,-71.869850159,1.000000000
21.787508011,-80.504920959,1.000000000
63.999954224,97.194480896,1.000000000
98.466949463,-14.029410362,1.000000000
-67.256179810,-99.600708008,1.000000000
5.252469540,-68.728179932,1.000000000
35.287399292,-27.605451584,1.000000000
-66.105194092,-98.555679321,1.000000000
33.925056458,-10.816609383,1.874731302
-8.920913696,4.033603191,1.000000000
47.754985809,26.413738251,1.000000000
-34.777988434,48.399402618,1.000000000
8.078675270,37.781387329,1.000000000
-84.569290161,-32.654933929,1.785113335
51.033382416,2.512495279,1.754324436
-23.941234589,53.031604767,1.000000000
37.959774017,-29.134290695,1.786650658
-26.019781113,-94.562850952,1.000000000
-94.158111572,70.793891907,2.356941223
-56.234016418,22.995738983,1.698887110
-30.195135117,70.941596985,1.000000000
70.577079773,43.789173126,1.000000000
-96.428291321,-53.720790863,1.923935413
-49.285228729,64.127769470,1.865745068
33.320190430,56.874931335,1.000000000
-98.347366333,50.994060516,1.000000000
80.948623657,-6.397892475,1.000000000
10.257520676,42.705150604,378.946807861
54.169647217,-61.535926819,1.000000000
-14.407587051,-27.503175735,1.000000000
41.993625641,50.513904572,2.584496975
43.872482300,71.544639587,1.000000000
79.301406860,85.790489197,1.000000000
-36.532352448,-90.017135620,1.000000000
-81.246093750,-64.340644836,1.000000000
20.629974365,2.536345720,1.000000000
98.432334900,-27.441570282,1.000000000
92.003509521,-77.089462280,1.000000000
19.365901947,-23.242136002,1.000000000
-56.504440308,4.955288887,1.000000000
-85.864715576,-31.280746460,2.512683392
-25.905532837,23.769952774,1.000000000
52.556255341,-84.199226379,1.818045616
12.154961586,-50.376495361,1.000000000
88.119720459,-98.874908447,1.000000000
47.429275513,10.262152672,1.000000000
82.705429077,-59.425476074,1.000000000
8.724415779,-31.006818771,1.953225851
-89.304100037,15.203993797,1.672113180
-78.709274292,58.695175171,1.762470365
19.191423416,-12.779538155,1.000000000
82.323143005,-55.171886444,1.000000000
-67.582778931,-12.760205269,1.949439287
-67.050262451,10.552811623,1.000000000
38.602569580,71.400863647,1.902980566
-45.145782471,32.530303955,1.000000000
-64.078536987,98.504783630,1.839279890
-13.526421547,14.217037201,1.000000000
-95.176727295,-12.365340233,1.000000000
-48.217258453,-78.004043579,1.887781620
-26.645450592,-36.893272400,1.000000000
-33.210956573,2.803766727,1.000000000
-20.291488647,-17.557390213,1.000000000
-53.080547333,-71.336112976,1.000000000
-42.697898865,-12.579172134,1.749796867
32.736541748,27.818641663,1.000000000
-48.267604828,-26.724241257,1.000000000
-45.896167755,22.657094955,1.000000000
65.873352051,89.636878967,1.857598066
63.223762512,35.470413208,1.000000000
-68.555664062,33.303524017,2.448521614
95.608871460,54.939327240,1.000000000
56.132205963,8.428421974,8.252036095
89.363334656,99.305564880,1.000000000
93.474792480,68.254203796,1.000000000
26.929744720,-53.002552032,1.662971735
-60.551357269,68.130409241,1.000000000
-36.912029266,39.434841156,1.000000000
-88.604675293,84.564514160,1.000000000
89.146400452,67.397254944,1.000000000
13.808001518,38.711734772,1.000000000
0.501333356,32.095520020,2.747346401
-17.561008453,91.614006042,1.000000000
-33.203002930,-13.742477417,1.000000000
18.405836105,-82.792152405,1.000000000
50.094573975,-65.084281921,1.000000000
36.584938049,-67.263351440,1.000000000
36.100772858,34.709590912,1.000000000
-15.443373680,-41.566753387,1.000000000
84.326507568,38.940681458,1.000000000
-0.005670793,-77.626960754,1.669964433
65.671264648,-81.389289856,1.706221342
-96.447868347,61.034461975,1.000000000
-89.017097473,55.219337463,1.000000000
17.451860428,-79.217948914,1.000000000
-51.937511444,65.204605103,1.000000000
-27.820302963,4.911400318,1.000000000
85.198127747,-60.206501007,1.000000000
39.949855804,24.132417679,1.000000000
-49.785781860,90.828643799,1.628678322
19.766609192,77.956611633,1.000000000
-43.089817047,33.748844147,1.000000000
-91.214630127,27.931102753,1.000000000
31.484447479,20.878011703,1.000000000
4.748148441,-52.710182190,1.946478486
29.882499695,31.606431961,1.000000000
47.406631470,56.421405792,1.000000000
-84.041984558,-12.314941406,1.000000000
-47.960620880,92.489044189,1.767161489
54.538997650,35.450942993,1.631810427
41.547317505,-21.722379684,1.000000000
-9.443870544,-35.663234711,1.000000000
-9.027516365,42.668342590,1.000000000
60.607509613,-34.327106476,1.000000000
44.627143860,48.082279205,2.358520031
11.560784340,43.195491791,152.502410889
-8.259986877,-65.889938354,1.757437229
-99.924972534,-29.398551941,1.000000000
74.212120056,87.340057373,1.000000000
-16.521389008,-31.584558487,1.000000000
-41.415706635,-90.486442566,1.910612822
18.177511215,-11.104603767,1.000000000
96.676589966,15.156162262,1.000000000
-77.515785217,-42.963726044,1.000000000
-5.365815163,-54.670009613,1.000000000
53.688175201,-27.629297256,1.000000000
-35.474666595,26.765169144,1.000000000
55.495506287,-90.917984009,1.000000000
-66.267669678,96.409454346,2.799789667
-8.886619568,40.841876984,1.759408593
-68.477836609,-36.923721313,1.000000000
67.451461792,-0.606988072,1.000000000
-53.612720490,-29.228540421,1.000000000
-29.646751404,96.987472534,1.000000000
98.265640259,-56.475486755,1.000000000
-12.865375519,-45.971191406,1.000000000
-59.065185547,-48.069042206,1.000000000
-79.113349915,-6.394726276,1.754879594
24.523136139,-71.465507507,1.768734932
38.739353180,-71.885871887,1.000000000
4.602568626,48.023582458,1.000000000
-4.757759571,9.254363060,1.000000000
26.929866791,15.982795715,1.000000000
-51.830661774,-8.472276688,1.000000000
7.278968334,64.921890259,1.000000000
95.285125732,76.791641235,1.000000000
-41.680900574,44.544021606,1.000000000
-81.430595398,30.738752365,1.000000000
77.701995850,-73.972412109,1.000000000
47.880641937,-60.475788116,1.000000000
-65.738098145,39.014404297,1.000000000
6.788923264,-56.176410675,1.000000000
85.759460449,-10.585815430,1.000000000
-86.127059937,-79.191650391,11.327566147
-90.812026978,-74.276878357,1.000000000
-72.799125671,-96.546264648,1.000000000
-7.154043198,-66.054420471,1.757437229
99.821815491,-70.001213074,1.000000000
1.277805209,31.848634720,2.834808350
41.712368011,-28.962924957,1.000000000
11.157583237,12.070975304,1.000000000
80.305198669,-77.274002075,1.964555383
5.818123817,-36.966182709,1.772595167
-23.435060501,-62.293525696,1.000000000
9.583588600,67.675964355,1.000000000
-80.840393066,-73.221649170,1.000000000
69.593162537,-2.023776770,1.952601433
-1.306692600,92.947479248,1.000000000
-37.547725677,-52.493461609,1.000000000
27.692968369,59.074344635,1.000000000
-46.599727631,43.288871765,2.299228430
96.905944824,-73.997375488,1.000000000
-80.787643433,-43.384445190,1.000000000
95.212348938,-92.727424622,1.000000000
31.080472946,38.171569824,1.000000000
-86.709037781,46.028083801,1.000000000
-36.408756256,92.460060120,1.000000000
73.534088135,89.082855225,1.000000000
74.714050293,-5.507394314,1.000000000
-33.209465027,12.203918457,1.000000000
74.295524597,47.947341919,1.000000000
-84.551795959,-29.641366959,1.637239456
-59.696102142,-40.826229095,1.000000000
54.072727203,23.773759842,1.000000000
-27.540243149,23.655202866,1.000000000
73.713363647,-46.372497559,1.000000000
-6.037214756,16.219961166,4.489186287
-62.757606506,-31.278665543,1.687071204
58.138179779,87.247367859,1.000000000
26.654634476,-56.225036621,1.000000000
77.363731384,16.982515335,1.738657951
37.135135651,-58.449802399,1.000000000
-95.727386475,-27.097921371,1.630750656
-65.058799744,-8.481780052,1.000000000
22.085660934,-39.721248627,1.000000000
-57.586143494,-75.499008179,1.000000000
34.719017029,-16.773353577,1.000000000
30.516843796,99.715042114,1.000000000
-29.937437057,15.528051376,1.000000000
35.199016571,-21.103326797,1.000000000
1.236529946,32.203945160,2.856472731
-64.948394775,-22.633766174,1.000000000
65.906539917,-70.154747009,1.925445199
-51.060050964,-50.737369537,1.639631391
1.761547565,72.958366394,1.000000000
-8.403225899,-20.756916046,1.000000000
74.623260498,61.335800171,1.000000000
-6.435228348,83.621582031,1.000000000
20.182754517,-19.110151291,1.000000000
50.553256989,71.523475647,1.000000000
90.862770081,1.615564466,1.941900492
-54.011756897,-76.122375488,1.784755707
20.922279358,96.577865601,1.000000000
17.398967743,13.965790749,1.000000000
76.074722290,5.068553448,2.765844584
-85.149528503,13.197902679,1.692769527
-48.346008301,73.090240479,1.000000000
-48.355556488,-18.732416153,1.000000000
88.735923767,76.477653503,1.000000000
41.924423218,32.619350433,1.000000000
59.898151398,72.957000732,2.355802059
24.214439392,90.222694397,1.000000000
-13.577973366,88.606536865,1.000000000
-47.698623657,-53.210208893,1.000000000
2.798278570,-81.956253052,1.000000000
-18.834688187,98.413764954,1.607003212
-16.947860718,-14.234299660,2.628448486
69.409690857,46.710556030,1.000000000
-71.984367371,-48.612838745,1.698535442
88.697319031,-7.001640320,1.000000000
28.713788986,-48.833751678,1.000000000
91.970008850,29.918750763,1.000000000
-89.015785217,-65.507942200,1.000000000
6.905843258,81.473480225,1.000000000
12.734545708,45.601902008,2.450441122
-26.750648499,8.904635429,1.843848228
41.208404541,27.300466537,1.000000000
12.474208832,-55.131084442,1.000000000
-4.747819424,65.564384460,1.000000000
-14.087037086,-9.382061958,1.810766459
-1.295562744,-77.254714966,1.669964433
-14.216435432,94.036140442,1.000000000
-11.537102699,18.754152298,1.000000000
40.076641083,-88.049491882,1.000000000
35.828849792,-60.486652374,1.658086538
-78.530563354,-39.632713318,1.000000000
50.281059265,-62.166667938,1.000000000
-95.901611328,14.156894684,1.909968853
-23.215013504,2.910512686,1.000000000
14.110800743,20.025737762,1.000000000
-76.464874268,-55.834320068,1.000000000
95.303016663,6.460951805,1.827138424
-24.033365250,-42.874050140,1.000000000
-8.245454788,-79.790588379,1.000000000
-31.714548111,-4.704505920,1.000000000
-66.759178162,-53.142162323,1.000000000
67.520889282,-32.370594025,1.972534895
55.417240143,-6.369288921,1.000000000
-37.294555664,80.185066223,1.000000000
51.655303955,-91.875190735,1.939560652
36.872417450,-76.263977051,1.000000000
71.360130310,78.330177307,1.980608225
7.920056343,99.165031433,1.000000000
6.140717506,23.043222427,1.681988716
34.290802002,86.189811707,1.000000000
-42.675727844,-64.602676392,1.000000000
71.790496826,30.058906555,1.980584383
74.921134949,18.188041687,1.000000000
43.073722839,78.214797974,1.000000000
-85.245605469,-63.283428192,1.000000000
-83.258941650,-6.204364777,1.000000000
67.276268005,55.557746887,1.000000000
-85.431770325,47.986125946,1.000000000
-37.676776886,42.304836273,1.000000000
81.728698730,64.309608459,1.000000000
41.182506561,-38.453269958,1.000000000
37.823688507,-17.610603333,1.000000000
71.395416260,78.035430908,1.980608225
44.664569855,88.748542786,1.000000000
22.265285492,46.932144165,1.000000000
30.663909912,0.981509626,1.000000000
67.346832275,-24.720920563,1.000000000
54.614185333,11.092146873,1.000000000
-57.067188263,89.996055603,1.955487251
49.445957184,66.657028198,1.730640411
29.853698730,-10.449624062,1.000000000
-8.138484001,32.221607208,1.000000000
22.171113968,-92.419464111,1.000000000
54.368614197,34.023632050,1.631810427
-26.049219131,72.913688660,1.000000000
-74.681701660,49.152637482,1.000000000
-57.246551514,25.110157013,1.000000000
29.682743073,72.163879395,1.000000000
71.188072205,33.351295471,1.000000000
42.716033936,27.786851883,1.000000000
-25.552013397,-97.030517578,1.000000000
29.696615219,2.258959532,1.000000000
-27.047389984,-65.953369141,1.000000000
-43.989555359,-65.683975220,1.000000000
-26.672288895,36.381439209,1.000000000
-76.865348816,-35.963523865,1.000000000
-43.350978851,-80.042556763,1.000000000
5.615102291,7.988761902,1.908565760
-72.424568176,51.195701599,1.000000000
2.735525608,-58.928375244,1.000000000
90.778465271,56.061500549,1.000000000
-29.400981903,43.329803467,1.696461797
34.643714905,-45.412391663,1.911848903
-61.308902740,-34.265724182,1.729714394
42.455532074,-76.611816406,1.000000000
-37.684280396,87.045173645,1.000000000
99.487640381,-29.866765976,1.000000000
24.918607712,-6.577568054,1.645386815
-49.926692963,64.614868164,1.865745068
-22.865282059,-78.277976990,1.000000000
34.906852722,-65.662467957,1.000000000
41.974433899,-53.284721375,1.000000000
-94.593971252,30.075971603,1.000000000
72.178283691,-16.148828506,1.000000000
78.237060547,-25.977937698,1.000000000
-29.492574692,99.228919983,1.000000000
-99.532142639,37.322895050,1.000000000
49.519451141,91.975219727,1.000000000
40.839221954,-61.896423340,1.000000000
28.626110077,-57.771369934,1.770365357
-86.128067017,86.562950134,1.000000000
0.325746745,-85.761978149,1.000000000
-0.208507776,81.116622925,1.000000000
77.398811340,89.964202881,1.000000000
84.428520203,-98.672073364,1.000000000
-54.097061157,-79.051063538,1.000000000
82.552070618,-36.460453033,1.000000000
-88.608383179,77.953956604,1.000000000
-35.933032990,5.234216213,1.000000000
93.926002502,98.309432983,1.825098991
-63.946174622,-30.753086090,1.687071204
-26.986536026,-43.542045593,1.000000000
15.891501427,19.392959595,1.000000000
-2.758406401,0.891490102,1.000000000
-41.005046844,-58.996326447,1.000000000
-7.391926765,-34.509395599,1.612327695
-59.102401733,-94.890724182,1.000000000
13.031599045,-24.754636765,1.939325571
-26.104736328,44.471687317,1.835111141
78.908485413,-19.451539993,1.000000000
-69.791755676,33.303012848,2.597041607
-57.901317596,68.166114807,1.000000000
47.211334229,-85.066368103,1.717829704
-67.223785400,96.568359375,2.687969685
87.564102173,5.258986473,1.720899343
-1.187502146,-24.425392151,1.000000000
-47.093872070,-6.743418217,1.000000000
44.783069611,95.171447754,1.000000000
8.795762062,-20.567174911,1.000000000
38.708282471,-64.136070251,1.829770565
-23.677509308,41.420448303,1.000000000
65.483078003,64.214302063,1.000000000
37.232063293,52.437671661,1.000000000
-32.502021790,16.412416458,2.780898333
-89.717613220,71.520698547,1.000000000
19.613065720,-30.750867844,1.960948706
-59.783710480,93.301307678,2.497632027
-2.279513836,10.591861725,1.000000000
-39.781250000,-38.840717316,1.000000000
-3.520711660,66.678215027,1.000000000
96.886825562,25.788385391,1.000000000
87.371963501,-50.093486786,1.000000000
-40.872100830,84.029754639,1.745973587
-3.687485218,-48.334838867,1.000000000
-27.188854218,42.820404053,1.701499939
-13.196377754,-2.547599077,1.000000000
-51.943771362,-94.291160583,1.695078611
2.251876354,77.627403259,1.000000000
81.450759888,56.492340088,1.639104605
-11.679389000,94.670539856,1.000000000
91.270706177,-62.219501495,1.000000000
-64.102684021,-11.017306328,1.000000000
93.022567749,98.088211060,1.825098991
-88.219100952,91.168510437,1.000000000
9.775588036,29.782985687,1.000000000
-18.196546555,-51.620933533,1.000000000
-90.189239502,-83.211784363,1.000000000
-46.729328156,54.974472046,389.029418945
15.739645958,37.304176331,2.751102686
-38.232810974,44.591236115,1.000000000
-98.300811768,86.925247192,1.000000000
-43.714534760,-7.299640656,1.000000000
66.953842163,-65.000617981,1.000000000
69.735839844,-24.433368683,1.000000000
46.084926605,43.110229492,1.000000000
-41.369388580,10.699525833,1.000000000
-26.577028275,64.632583618,1.000000000
83.848922729,-21.647584915,1.000000000
-96.681892395,-26.019626617,1.630750656
76.842803955,72.278579712,1.000000000
61.504207611,-77.554969788,1.000000000
41.537536621,-10.202518463,1.610592484
-64.496315002,24.213045120,1.000000000
87.364685059,43.816638947,1.000000000
1.081110477,-11.906231880,1.000000000
57.977737427,-9.264603615,1.000000000
84.082168579,76.997612000,1.000000000
-92.865043640,91.696281433,1.000000000
62.008125305,87.701499939,1.000000000
-96.011146545,-83.624725342,1.000000000
50.413127899,56.109737396,1.000000000
-70.079162598,-10.065262794,1.000000000
-41.801788330,66.541297913,1.000000000
-60.254566193,-34.819198608,1.729714394
5.048584461,-73.737510681,1.000000000
93.067489624,-1.058823943,1.000000000
-58.023643494,97.970214844,1.000000000
46.741333008,-83.939002991,1.717829704
-20.428806305,-70.877853394,1.000000000
-48.812347412,59.469726562,1.000000000
39.646453857,91.017433167,1.000000000
-17.644479752,97.502777100,1.607003212
6.759345055,-0.188264862,1.000000000
-92.765571594,-47.876205444,1.000000000
57.846374512,-96.674720764,1.000000000
-53.845859528,52.166763306,1.000000000
86.223129272,-84.106430054,1.000000000
56.587608337,-56.894847870,1.000000000
-86.073562622,67.619400024,1.000000000
44.786258698,-96.741317749,1.876214266
16.302509308,81.632514954,2.523538828
84.631286621,33.916858673,3.208465576
-30.471940994,-70.192672729,1.000000000
-91.841072083,74.941970825,1.000000000
20.210159302,6.959839344,109.120666504
99.483177185,4.649574280,1.000000000
93.046867371,49.461597443,1.000000000
-35.509468079,86.391441345,1.000000000
28.285787582,40.709701538,1.854935884
-38.048568726,-6.481239319,1.000000000
69.456062317,-1.576879382,1.952601433
31.721548080,7.778541088,1.000000000
-41.219715118,-33.275119781,1.000000000
-17.083021164,-15.260551453,1.788121939
8.825953484,-13.369662285,1.740456104
-79.903221130,69.266769409,1.973864317
27.665216446,88.974983215,1.000000000
69.015045166,-66.450775146,1.000000000
-79.210929871,22.228254318,1.000000000
-90.080253601,81.884544373,1.000000000
30.003824234,81.217552185,1.000000000
-60.857109070,-20.609519958,1.685404778
-84.286209106,11.653957367,1.939287424
-93.599494934,20.510807037,1.000000000
-80.607788086,26.903686523,1.880400777
-31.417858124,44.388866425,1.773083448
-70.555595398,96.738700867,1.000000000
16.179254532,72.423286438,1.000000000
-29.249418259,42.062969208,2.377048016
60.875122070,57.089088440,1.000000000
-55.530254364,21.938896179,1.698887110
-26.754594803,-69.354782104,1.000000000
-94.215278625,80.120529175,1.942787170
48.007682800,96.565170288,1.000000000
28.248388290,-93.017822266,1.000000000
-25.473215103,-8.285137177,1.000000000
83.007179260,-39.545791626,1.000000000
-88.242614746,63.934291840,1.000000000
71.770698547,81.552528381,1.000000000
-11.279926300,2.519407034,1.000000000
98.665275574,15.653102875,1.000000000
99.530647278,-44.884887695,1.000000000
-65.439781189,41.477378845,1.000000000
69.991508484,72.324470520,1.000000000
20.537233353,-9.971785545,1.000000000
37.715106964,17.499515533,1.000000000
-44.165275574,30.680131912,1.000000000
-15.136987686,-61.127975464,1.000000000
58.709892273,-85.739204407,1.000000000
58.304615021,-29.122928619,1.000000000
-77.231895447,-29.622318268,1.000000000
-0.845782876,28.744525909,1.000000000
28.455242157,-51.119701385,1.000000000
-57.390331268,39.784423828,1.615410328
58.039901733,9.738324165,1.000000000
70.291137695,-89.552711487,1.000000000
-9.394322395,81.665824890,1.000000000
-60.191158295,-15.904140472,1.000000000
-19.925886154,0.312850386,1.776317596
-80.775878906,-62.823432922,1.963976145
-61.506965637,28.475830078,1.741612434
24.885377884,1.838836432,1.000000000
-41.621341705,-47.147796631,1.000000000
9.852398872,64.835227966,1.000000000
-75.527076721,24.013975143,2.488533497
16.102334976,57.040607452,1.000000000
-9.580801964,-98.241127014,1.000000000
-67.527328491,45.928550720,1.000000000
-75.850196838,-39.896514893,1.838822961
-15.417256355,87.977745056,1.000000000
-26.324060440,68.285179138,1.000000000
65.899887085,23.337646484,1.000000000
52.558834076,84.361495972,1.000000000
84.720809937,16.584217072,1.000000000
27.590423584,41.180603027,1.854935884
-33.724632263,-3.528565168,1.000000000
98.202255249,-69.979598999,1.000000000
51.170124054,-92.087661743,2.704440355
-54.560291290,-77.011100769,1.784755707
90.372970581,1.443964720,1.941900492
-26.883493423,-32.306102753,1.973007321
2.158859491,-27.853839874,1.000000000
32.770015717,20.095708847,1.000000000
-99.662887573,83.141357422,1.000000000
-30.253927231,87.494102478,1.000000000
-60.083450317,86.070678711,1.000000000
-16.110322952,20.368112564,1.000000000
-34.395439148,-64.242218018,1.000000000
-49.540454865,8.866572380,1.000000000
-73.051284790,27.551996231,8.498883247
-28.105974197,20.039672852,1.000000000
-51.131336212,-49.321105957,1.639631391
92.576133728,-72.101051331,1.000000000
2.604868650,21.312059402,1.000000000
22.046947479,-49.791156769,1.000000000
7.029001713,24.009292603,1.681988716
-43.187526703,49.892509460,1.000000000
59.538337708,-36.509185791,1.000000000
-14.344128609,33.749069214,1.629906535
61.519916534,-36.267681122,1.000000000
13.354413033,-41.477008820,1.000000000
44.235580444,-38.567497253,1.000000000
64.074440002,-77.834205627,1.000000000
-73.017364502,19.168775558,1.762867928
-38.263557434,-75.396850586,1.720428228
30.702745438,17.235069275,1.000000000
-42.588073730,88.354255676,1.709483504
39.214817047,71.110351562,1.902980566
1.646758318,-13.925434113,1.725839376
-33.220664978,-52.273021698,1.000000000
-11.483571053,-8.612178802,1.000000000
-57.297473907,-83.846618652,1.000000000
-13.139512062,-9.596968651,1.810766459
-30.758670807,83.303993225,1.000000000
27.711618423,-22.583553314,1.000000000
93.956352234,-22.896797180,246.629562378
12.649672508,-8.739501953,1.000000000
-78.001075745,-6.226700783,1.754879594
64.770935059,-57.771091461,1.000000000
-27.185346603,-50.952114105,1.000000000
-78.341865540,-21.154310226,1.000000000
75.657936096,-32.945758820,1.000000000
90.869552612,65.758522034,1.000000000
56.436729431,10.387828827,1.000000000
46.131366730,62.038684845,1.000000000
-54.413982391,40.509044647,1.000000000
14.924488068,1.857336521,1.000000000
9.035727501,-73.785354614,1.000000000
-78.636940002,38.733123779,1.000000000
-76.164306641,33.630599976,1.000000000
26.996555328,-70.617889404,1.732340097
-33.303539276,16.340656281,2.843626499
-75.789070129,24.878566742,16.328018188
17.024965286,31.090053558,1.000000000
80.139556885,-36.581710815,2.787421942
93.228012085,9.301922798,1.000000000
9.288044930,-62.099796295,1.000000000
-26.565946579,-32.455436707,1.973007321
41.244113922,43.429985046,1.760136962
-11.518332481,10.119323730,1.637836337
-27.468109131,-85.201690674,1.708473444
-42.968620300,-28.857147217,1.000000000
-84.832481384,-31.037418365,2.416089535
99.281532288,80.566139221,1.000000000
45.022010803,-52.892971039,1.000000000
-0.601730943,-89.590881348,1.000000000
71.358215332,54.065525055,1.000000000
25.910478592,-85.909080505,1.000000000
88.803253174,16.577941895,1.000000000
-82.075599670,49.878974915,1.000000000
94.053527832,-26.796951294,5.914915562
-80.705421448,-84.442420959,1.000000000
75.312179565,-72.935920715,1.000000000
-8.847647667,39.729694366,1.759408593
-74.119110107,-32.517848969,1.928199530
-25.367429733,98.715209961,1.000000000
-82.413070679,-89.984687805,1.000000000
-34.480060577,22.775867462,1.000000000
-28.602020264,26.499448776,1.000000000
96.135704041,30.058301926,1.000000000
79.570907593,-58.145553589,1.000000000
-77.843833923,-3.917518616,1.000000000
-64.105972290,46.965400696,1.000000000
10.843804359,22.568359375,1.000000000
-19.773252487,-1.955494881,1.719362736
-53.210681915,93.822708130,1.000000000
-87.024299622,-29.096351624,2.984626055
69.321342468,-96.998908997,1.000000000
-10.775935173,-14.567497253,1.000000000
-6.517156124,-35.710216522,1.612327695
-34.055179596,57.974826813,1.820349932
57.913055420,-6.801027775,1.000000000
83.526428223,-47.565093994,1.000000000
-22.784334183,-59.526157379,1.000000000
-63.733226776,-53.738456726,1.000000000
-61.129379272,3.258195162,1.000000000
90.547668457,-71.428436279,1.000000000
22.254880905,35.386581421,1.000000000
-50.935794830,45.882221222,1.000000000
47.081592560,71.093994141,1.000000000
31.775930405,-21.108434677,1.000000000
35.504993439,-3.211977243,1.000000000
-45.158744812,53.421958923,64.060470581
63.729129791,39.015201569,1.717102289
-1.642465472,90.615066528,1.000000000
98.966094971,25.005178452,1.000000000
-86.265014648,16.154439926,1.000000000
83.136169434,59.014015198,1.000000000
83.035873413,86.721267700,2.722884893
-51.021846771,33.245197296,1.915156364
54.045158386,-86.830001831,2.611598492
77.349998474,-53.325950623,1.916797161
-65.789489746,48.585124969,1.000000000
-16.825639725,-13.357998848,1.840326548
-0.509193122,-49.460235596,1.000000000
24.091476440,-5.443359852,1.645386815
84.861976624,82.670242310,1.000000000
-63.519104004,67.018371582,1.000000000
78.431770325,-87.116050720,1.856726646
-17.102901459,-54.551235199,1.000000000
-88.302268982,8.001934052,1.000000000
-21.026737213,25.810174942,1.000000000
-43.637290955,-48.779903412,1.760213852
12.564124107,-32.859390259,1.000000000
-67.597549438,4.182957649,1.000000000
68.942573547,65.865020752,1.000000000
-94.053634644,-3.303189278,1.000000000
-33.066612244,16.127243042,2.892587662
-8.247849464,-62.657138824,1.000000000
-56.493568420,-97.578239441,1.000000000
-5.365550518,98.846443176,1.000000000
-0.674589038,98.927772522,1.000000000
-6.971943855,63.890628815,1.000000000
17.575902939,46.744647980,1.000000000
39.884651184,-45.124153137,1.000000000
-6.637768745,-9.398883820,1.000000000
-76.708717346,-40.128555298,1.838822961
-27.496503830,-90.541908264,1.000000000
-7.123410702,24.590436935,1.000000000
31.387310028,-81.160133362,1.738460779
-94.074028015,28.626306534,1.000000000
-48.138393402,13.679556847,1.000000000
2.718135357,7.234802723,1.000000000
77.657493591,60.635902405,1.000000000
32.545101166,-84.874671936,1.000000000
-64.362716675,-12.768111229,1.000000000
-1.778359056,-29.699464798,1.000000000
-50.192745209,70.978813171,1.000000000
-1.166510701,-16.372941971,1.000000000
-45.173091888,43.538894653,1.627395630
17.875019073,-67.007820129,1.000000000
-42.976451874,89.534782410,1.709483504
50.074878693,3.104076624,2.625596762
63.154048920,-62.755748749,1.000000000
82.400688171,12.742121696,1.000000000
84.525466919,-96.456092834,1.000000000
-77.565040588,-73.569725037,1.000000000
54.036445618,-18.628973007,1.000000000
-13.303456306,17.070655823,1.000000000
75.706436157,13.565651894,1.000000000
-86.666671753,22.989393234,1.000000000
54.099536896,79.841995239,1.000000000
-88.388618469,41.871662140,1.000000000
-70.126762390,-55.154087067,1.850883245
18.951910019,-60.586837769,1.000000000
-58.945533752,-43.904205322,1.000000000
-86.686759949,-86.515830994,3.446535587
-64.002922058,0.830053449,1.000000000
68.872711182,89.474296570,1.939166665
25.562971115,-31.139711380,1.000000000
-47.619518280,-36.667453766,1.697916985
-5.930281639,10.938700676,3.208205223
7.311703205,-81.214492798,1.923742771
-26.459449768,-13.091417313,1.000000000
-1.280473471,-64.106155396,1.000000000
61.020248413,51.188949585,1.000000000
40.057617188,-10.375154495,1.610592484
-19.409637451,73.487274170,1.635657549
-70.034355164,63.985496521,1.000000000
-4.973622322,61.261837006,1.000000000
-85.748191833,-12.961291313,1.000000000
33.990741730,90.424316406,1.752488256
-46.661373138,-35.830551147,1.697916985
51.553882599,-44.429058075,1.000000000
52.531879425,63.793453217,1.000000000
0.640442133,23.991584778,1.630616426
43.157714844,-7.235517502,1.000000000
49.298892975,-92.882331848,1.788874149
13.677867889,89.155586243,2.357926846
13.026145935,26.758481979,1.000000000
10.755346298,4.874433041,1.000000000
-78.232872009,91.598472595,1.000000000
-0.777830362,-10.784317017,1.702218294
-15.962333679,5.651473522,1.000000000
-82.022338867,-96.088432312,1.700843811
29.076663971,-56.785972595,1.770365357
43.241279602,-90.186653137,1.653365850
64.701072693,38.272407532,1.717102289
-98.902740479,-8.356149673,2.354747772
79.286041260,90.490913391,1.891914248
-12.890571594,83.793930054,1.000000000
-38.643257141,66.299331665,1.000000000
-73.815155029,79.281105042,1.000000000
50.868873596,26.366012573,1.000000000
50.328033447,-92.792678833,2.553753853
-8.732602119,19.938600540,1.912009954
98.513137817,-41.951541901,2.778403044
-67.334144592,-91.331687927,1.000000000
-31.680160522,49.689506531,1.000000000
0.191957623,19.589586258,1.000000000
45.969211578,-70.698478699,1.000000000
-41.000499725,21.900608063,1.000000000
40.358615875,44.100841522,1.760136962
-91.059799194,3.281697512,1.000000000
81.487434387,33.020549774,1.000000000
89.234535217,64.229774475,1.000000000
75.091522217,-97.635269165,1.000000000
-35.718864441,-54.307678223,1.000000000
-38.487407684,93.379714966,1.000000000
36.408428192,40.846023560,1.000000000
30.939601898,-57.425884247,1.000000000
-11.337756157,4.517898083,1.000000000
-25.708599091,66.194496155,1.000000000
82.488662720,87.260910034,2.645811796
49.696880341,74.778587341,1.000000000
10.212471962,-56.376636505,1.000000000
-50.800075531,79.086486816,1.000000000
99.258926392,19.546937943,1.000000000
41.003295898,-72.618583679,1.000000000
-81.189743042,-6.793443203,1.000000000
-18.486883163,30.050712585,10.116724968
93.588645935,-42.411289215,1.000000000
-30.969627380,43.410476685,1.773083448
48.992832184,-18.112445831,1.000000000
-72.487800598,91.991996765,21.025938034
44.986259460,-20.734552383,1.000000000
-31.620330811,65.736938477,1.000000000
-2.784627676,-15.581248283,1.000000000
34.433010101,89.383132935,1.752488256
10.691276550,66.620155334,1.701107264
49.951934814,29.133161545,1.000000000
80.152473450,57.065963745,1.639104605
-72.154052734,-50.782749176,1.000000000
-1.164476752,-5.634191036,1.000000000
-49.125713348,-39.092369080,1.000000000
23.998651505,69.336822510,1.000000000
98.450881958,72.680061340,1.000000000
-79.428207397,60.688621521,1.000000000
94.600059509,-6.000981808,1.000000000
-73.113601685,-80.664756775,1.000000000
12.670046806,14.811503410,1.000000000
27.203329086,11.753285408,1.000000000
19.143035889,-17.784614563,1.000000000
-15.526418686,83.526268005,1.000000000
-95.769485474,39.974693298,1.000000000
-81.535102844,82.045730591,1.000000000
-70.018119812,-32.083114624,1.000000000
-77.884597778,-14.494215012,1.000000000
23.788162231,-70.663414001,1.768734932
-81.939620972,-12.095081329,1.000000000
94.767639160,4.562624931,2.478957891
44.101474762,-58.591773987,1.000000000
-86.919158936,-71.277107239,1.000000000
73.619682312,-86.888534546,1.000000000
31.201707840,23.259220123,1.000000000
-80.089111328,-58.954627991,1.862332225
-41.583316803,79.285232544,1.000000000
-13.117428780,-79.845153809,1.000000000
-17.098922729,-37.696578979,1.000000000
-58.155952454,85.219215393,1.000000000
31.494222641,-7.617961407,1.000000000
97.959724426,-95.034576416,1.000000000
11.455928802,-67.165206909,1.000000000
4.455333710,-43.194000244,1.000000000
15.730724335,82.130874634,8.195322037
90.214118958,23.924272537,1.000000000
22.248456955,94.781311035,1.000000000
37.654861450,37.882453918,1.000000000
-18.599258423,-15.125905991,1.000000000
-49.066795349,77.578857422,1.000000000
-48.816421509,-34.263530731,1.000000000
-4.025468826,12.674257278,1.000000000
84.843269348,-44.223190308,1.000000000
4.217135906,53.868030548,1.900930166
-22.444047928,-2.362559080,1.000000000
9.541324615,-65.275711060,1.000000000
22.267375946,9.490694046,141.944152832
32.012268066,63.168209076,1.000000000
2.198863029,-95.154525757,1.767836332
-67.862480164,-38.951744080,1.000000000
42.937526703,85.808959961,1.000000000
21.038890839,49.011234283,1.000000000
86.719200134,-9.020509720,1.000000000
-87.666084290,70.154769897,1.000000000
57.329917908,73.956588745,176.662246704
28.761810303,23.888904572,1.720861197
-88.007492065,-20.835107803,1.000000000
-50.415061951,33.069744110,1.915156364
19.503995895,-31.159961700,2.598704338
87.349334717,72.959709167,1.000000000
-0.471596897,87.555068970,1.000000000
-67.556838989,-12.277708054,1.949439287
55.438129425,-65.831573486,1.000000000
32.607059479,82.820358276,1.714482546
13.130887985,-84.675628662,1.751035213
-11.163923264,-0.322846681,1.984643698
17.720209122,-98.324638367,1.000000000
-78.052215576,-82.350547791,1.000000000
-99.736366272,-9.302570343,1.702242613
55.355094910,-84.161201477,1.000000000
53.760608673,-59.664054871,1.000000000
-47.375511169,38.229469299,1.000000000
73.810623169,-91.455673218,1.000000000
-58.888637543,-74.605278015,1.944895506
41.771499634,-16.789386749,1.660075188
39.866008759,56.815605164,1.000000000
-32.599182129,-0.393897206,1.000000000
7.875652790,83.132347107,1.000000000
-63.609573364,-2.113013744,1.000000000
75.926109314,-38.525283813,1.000000000
10.194859505,37.296905518,1.000000000
-63.180610657,-83.442565918,1.000000000
-26.473201752,22.035203934,1.000000000
92.129745483,47.665122986,1.000000000
-53.180000305,-93.961730957,1.695078611
76.067443848,4.610274792,2.747962952
32.597141266,-52.764556885,1.682079554
-55.551395416,66.196609497,1.000000000
-79.904388428,-75.956596375,1.000000000
2.509116650,-24.900136948,1.000000000
-98.161209106,-7.185105324,1.652505040
-65.535362244,-35.239910126,1.000000000
96.087059021,45.254695892,1.000000000
-18.654285431,67.646430969,1.000000000
-57.252799988,89.583198547,1.955487251
-97.325752258,71.260337830,1.000000000
60.842880249,-40.193336487,1.000000000
-27.553716660,8.559522629,1.843848228
32.956192017,-15.793172836,1.000000000
28.889360428,50.529060364,1.000000000
33.850032806,69.730155945,1.000000000
-84.830398560,25.041816711,1.000000000
24.429485321,-88.943099976,1.000000000
-62.187274933,59.780338287,1.000000000
80.888626099,-80.879264832,1.000000000
76.457519531,-58.612426758,1.000000000
-66.238410950,71.598426819,1.808233976
6.869699478,-36.731258392,1.772595167
64.264495850,80.022247314,1.000000000
91.636428833,-91.130966187,1.000000000
-34.593521118,-65.917419434,1.000000000
-12.492308617,68.997627258,1.945789456
-53.960517883,-2.649490595,1.000000000
78.421394348,16.488056183,1.738657951
-36.401351929,-14.410573006,1.000000000
72.018722534,30.249017715,1.980584383
14.490592957,-47.812450409,1.000000000
91.744132996,94.558952332,1.000000000
16.999717712,62.397979736,1.000000000
-51.872402191,30.229887009,1.000000000
-73.909179688,77.468429565,1.000000000
50.695625305,-72.656417847,1.000000000
-78.858268738,-79.024108887,1.000000000
20.092281342,39.112525940,1.000000000
-69.368377686,-54.764839172,1.850883245
79.518653870,-89.972976685,1.000000000
-62.088016510,-99.583595276,2.262752771
-96.126335144,-54.235408783,1.923935413
14.633000374,18.378761292,1.890644789
-69.145736694,-50.081478119,1.684872985
46.409389496,-5.307936668,1.673643231
40.765666962,70.595260620,1.000000000
34.723384857,-59.673736572,1.658086538
-2.078343153,20.430738449,1.702629566
-97.581451416,-0.681330800,1.000000000
-60.845844269,96.241905212,1.000000000
13.174674988,-1.133888602,1.000000000
-27.294517517,-16.596567154,1.000000000
-59.890300751,88.470466614,1.000000000
80.884742737,-38.313503265,2.436131477
96.426139832,-62.084999084,1.000000000
-68.556922913,-75.935783386,1.000000000
31.995952606,-1.195745587,1.000000000
-34.638275146,-40.201618195,1.000000000
14.190146446,17.808652878,1.890644789
-81.511268616,28.227479935,1.825108528
33.805953979,82.545516968,1.714482546
59.486053467,74.111175537,7.359124184
-54.059120178,32.854419708,1.000000000
64.596084595,-84.537223816,1.000000000
1.330302835,6.176198006,1.000000000
13.290853500,96.123939514,1.000000000
77.553916931,1.833809972,1.000000000
-68.991317749,81.051162720,1.970222950
-32.735488892,61.902008057,1.000000000
91.787925720,-53.708755493,1.000000000
85.559913635,-80.615821838,1.000000000
-26.175176620,43.573970795,2.536611080
71.637893677,-61.298603058,1.000000000
69.522445679,61.600181580,1.913171053
-29.029970169,-82.468444824,1.000000000
49.940433502,3.879981279,1.871272326
81.284111023,85.676170349,1.731795311
28.056083679,24.876243591,1.720861197
-86.326965332,-85.641578674,20.065481186
-48.935909271,91.997543335,2.395839930
9.173273087,-30.888107300,1.953225851
-35.172950745,-26.122842789,1.000000000
-41.819793701,-8.628716469,1.000000000
73.050582886,51.720031738,1.000000000
72.806060791,-31.248933792,1.000000000
91.827659607,-80.819000244,1.000000000
12.025444031,57.220897675,1.000000000
-63.380161285,18.355640411,1.000000000
7.854799271,-81.463478088,1.923742771
-31.370746613,99.195884705,1.000000000
-29.759456635,55.818050385,1.000000000
-60.628482819,92.678184509,1.782804966
-26.346965790,-84.659538269,1.708473444
-49.174175262,-17.042833328,1.000000000
-26.124265671,93.609596252,1.000000000
49.955299377,-27.899610519,1.000000000
-90.713439941,-39.474849701,1.837524414
41.980636597,-44.917633057,1.000000000
3.784813643,54.399604797,1.900930166
23.155204773,83.796707153,1.000000000
86.627326965,-75.677932739,1.754512429
-72.184379578,91.630828857,41.642330170
-21.968130112,-19.075334549,1.000000000
60.619812012,71.434638977,1.000000000
-68.929222107,-95.246467590,1.000000000
-83.652160645,69.222625732,1.000000000
30.734876633,19.084541321,1.000000000
-94.773582458,71.978782654,1.672891498
-37.812088013,19.852046967,1.000000000
68.149055481,-47.392410278,1.000000000
-58.253070831,-51.372097015,1.000000000
49.818454742,11.571910858,1.000000000
-97.057487488,-80.651725769,1.000000000
98.495002747,-41.185409546,2.531082630
44.742816925,-50.132785797,1.000000000
84.670120239,-52.413906097,1.974529266
53.132461548,96.160942078,1.000000000
-85.493446350,-42.580036163,1.000000000
92.034217834,19.797214508,1.000000000
-21.134008408,64.709747314,1.000000000
46.224189758,-91.392639160,1.000000000
4.786462307,-53.206230164,2.617699623
72.713890076,14.263184547,1.000000000
-90.824325562,-35.347076416,1.000000000
-70.135437012,-69.183799744,1.000000000
-58.198020935,-27.914047241,1.000000000
38.196617126,-28.122472763,1.786650658
-54.534072876,-24.764421463,1.000000000
67.467704773,-61.847240448,1.000000000
38.125358582,-8.741298676,1.000000000
-31.677831650,57.069179535,1.000000000
59.267478943,-70.360115051,1.000000000
61.999809265,12.635516167,1.000000000
-12.140063286,-91.590721130,1.000000000
68.932739258,61.353218079,1.913171053
60.899955750,-30.106287003,1.000000000
4.270241261,24.178262711,1.000000000
44.370986938,-78.781631470,1.000000000
-63.938953400,97.627876282,1.839279890
53.667098999,0.986036241,1.000000000
22.946722031,-60.884952545,1.000000000
-19.556539536,72.066940308,1.635657549
-11.894791603,-88.256744385,1.000000000
-84.746070862,-8.705608368,1.000000000
-30.123283386,58.987117767,1.000000000
54.969352722,-49.661056519,1.000000000
13.497995377,-25.007902145,1.939325571
-90.260360718,-25.809976578,1.000000000
79.057067871,-86.563903809,1.856726646
47.420730591,-96.786796570,1.000000000
-73.063636780,73.459312439,1.000000000
1.751539946,-56.786285400,1.766203403
83.149971008,-95.240051270,1.000000000
50.044662476,96.160400391,1.000000000
-11.947291374,-33.089397430,1.000000000
-11.380089760,-0.171480507,1.984643698
-28.323226929,-47.221637726,1.000000000
-43.521102905,2.880984068,1.000000000
1.759006500,-83.769935608,1.000000000
96.323348999,78.667404175,1.000000000
-52.053840637,35.445625305,1.000000000
33.625068665,22.735578537,1.000000000
-83.874763489,-46.277873993,1.000000000
-69.395042419,-72.144546509,1.000000000
22.688207626,-67.340179443,1.705908895
77.034896851,4.933508873,2.605026960
66.035240173,41.666629791,1.000000000
-48.374549866,-32.275043488,1.000000000
-83.056915283,-14.987851143,1.000000000
-98.730979919,31.315708160,1.000000000
31.166463852,45.077499390,1.000000000
35.850349426,17.478036880,1.000000000
-84.398681641,-40.505279541,1.000000000
-13.108097076,-20.052185059,1.000000000
55.392890930,77.013191223,15.376633644
89.997344971,59.989421844,1.000000000
-45.439834595,94.386184692,1.000000000
-20.732196808,9.168722153,1.000000000
-14.720999718,-33.152587891,1.000000000
-89.827774048,-39.590900421,1.837524414
-46.231185913,2.246756792,1.000000000
84.922218323,-52.643142700,1.974529266
18.096597672,-30.951803207,1.637755632
42.228885651,50.158588409,1.960448503
-69.508407593,33.988403320,2.621365309
51.625923157,89.440391541,1.000000000
-68.707878113,88.309089661,53.041709900
41.623157501,3.415233850,1.000000000
-92.019371033,-42.142757416,1.000000000
-78.344093323,51.242729187,1.000000000
69.434799194,96.711967468,1.000000000
22.933166504,58.924549103,1.699151516
-72.435310364,-61.281276703,1.000000000
-37.937248230,61.012737274,1.000000000
-48.247917175,-82.155868530,1.000000000
-47.519653320,25.273286819,1.646306992
62.720802307,90.680068970,1.000000000
-14.016114235,27.397090912,94.495887756
20.500400543,-25.407291412,1.000000000
-73.047821045,-47.917476654,1.698535442
63.054527283,93.145545959,1.000000000
28.484132767,78.045585632,1.000000000
62.939601898,64.232254028,1.830105662
36.829605103,-46.615062714,1.000000000
-72.349037170,42.435161591,1.000000000
-88.626411438,20.684410095,1.000000000
78.965919495,-2.900848389,1.000000000
58.432086945,30.729885101,1.000000000
-72.377128601,-30.466922760,1.000000000
-48.588619232,-78.634696960,1.887781620
-37.478748322,-98.767707825,1.000000000
-56.284214020,40.764781952,1.615410328
-50.183574677,-74.274444580,1.000000000
63.651554108,-13.577142715,1.657754183
-19.808853149,79.391639709,1.000000000
99.240859985,38.527881622,1.000000000
27.549085617,-69.570747375,1.732340097
-28.676170349,-29.129180908,1.000000000
44.796478271,-84.877830505,1.000000000
-65.881141663,65.439346313,1.000000000
81.315307617,-14.259067535,1.000000000
85.740379333,51.582187653,1.736497998
64.711753845,-35.407966614,1.000000000
-92.905632019,-43.712821960,1.000000000
62.316337585,43.342811584,1.000000000
18.144849777,-33.509304047,1.000000000
-50.980258942,49.627811432,1.000000000
51.718116760,-84.647880554,1.818045616
-5.056749821,-6.333752632,1.000000000
81.704978943,20.364349365,1.000000000
-18.907438278,27.607034683,1.000000000
18.909399033,74.228713989,1.743203282
-53.454082489,-20.740781784,1.000000000
-35.874366760,34.847568512,1.000000000
46.370601654,-94.956901550,1.000000000
74.648872375,-1.673496842,1.000000000
-39.370273590,-14.448224068,1.000000000
77.658424377,-4.154516220,1.000000000
-70.586814880,27.686389923,1.000000000
-92.985046387,5.304988384,1.000000000
-67.890983582,-20.598680496,1.000000000
93.868202209,5.415638447,2.361934423
-61.669536591,-10.345626831,1.000000000
36.159179688,87.860900879,1.000000000
13.326209068,83.965614319,279.213653564
-60.052185059,76.260383606,1.000000000
59.918823242,89.989547729,1.000000000
25.912492752,-83.366195679,1.000000000
18.377857208,-90.951766968,1.000000000
44.915531158,-95.981094360,1.876214266
-90.162063599,76.835342407,1.000000000
81.901657104,58.024459839,1.000000000
-65.998527527,-13.981116295,1.000000000
-89.657669067,67.243072510,1.000000000
-44.967288971,20.400396347,1.000000000
78.396026611,97.477630615,1.000000000
14.762454033,92.740135193,1.000000000
-29.942754745,40.944538116,1.680586100
15.573020935,38.069042206,2.814887524
-56.496292114,72.360015869,1.000000000
47.868904114,-4.274768353,1.752307057
-6.713990211,54.077907562,78.624214172
80.885780334,-36.451694489,2.662349701
8.179034233,33.676620483,1.000000000
98.982292175,17.644775391,1.000000000
-15.077018738,80.326538086,14.339799881
-26.148735046,-57.734798431,1.000000000
-4.619046211,-83.553131104,1.635233998
-52.468128204,-83.300445557,1.000000000
-24.449607849,-53.769130707,1.000000000
79.846809387,-65.512237549,1.000000000
17.212125778,-94.136077881,1.000000000
-55.767219543,52.085998535,1.000000000
-48.374210358,-72.037300110,1.000000000
-74.891426086,-5.796015739,1.000000000
-20.872205734,30.657644272,1.881545901
12.038832664,-84.366149902,1.751035213
-94.567306519,1.199996948,1.000000000
81.191307068,-39.437034607,1.739781141
21.312114716,74.386116028,1.701448560
88.259185791,-90.550132751,1.000000000
-56.008487701,-66.442489624,1.000000000
99.235694885,31.593643188,1.000000000
-37.655902863,-4.800244331,1.000000000
-33.287132263,-82.008415222,1.000000000
53.101303101,-48.916912079,1.000000000
-2.555181742,19.264209747,1.702629566
60.708663940,33.488468170,1.000000000
2.484852314,-71.250640869,1.000000000
-20.194862366,-76.342849731,1.000000000
-78.254570007,4.330366135,1.000000000
4.849149704,5.850961208,1.000000000
-5.036512375,-69.173156738,1.679775476
45.371829987,45.810131073,1.000000000
3.710225582,-34.667148590,1.643248320
14.960020065,-24.383207321,1.000000000
39.965938568,11.114304543,1.000000000
-8.785110474,-53.949737549,1.000000000
63.954597473,95.306526184,1.000000000
-67.917213440,-50.522022247,1.684872985
82.648651123,-73.539161682,1.000000000
32.230506897,74.683471680,1.000000000
58.858356476,-21.458131790,1.000000000
-9.260078430,20.307704926,1.912009954
86.481910706,-5.823277950,1.000000000
-24.618947983,39.165363312,1.000000000
-21.105165482,6.970746040,1.000000000
67.985801697,68.976234436,1.000000000
16.989240646,-77.135253906,1.000000000
41.409942627,-26.224941254,1.000000000
68.781097412,-87.897926331,1.000000000
30.623979568,-19.245435715,1.000000000
11.949861526,66.738006592,1.701107264
-32.610473633,-86.526039124,1.000000000
-85.587677002,-32.427864075,2.518946886
-49.911712646,-65.607116699,1.849434614
-44.123088837,98.026626587,1.000000000
66.963722229,18.521829605,1.000000000
41.043750763,-78.074958801,1.000000000
27.877151489,66.903846741,1.000000000
-12.992758751,-59.797187805,1.000000000
86.560554504,4.576679230,1.720899343
55.129219055,69.883239746,1.748884201
92.301856995,-36.045272827,1.000000000
-18.388458252,-53.418598175,1.000000000
-55.789409637,-58.958805084,1.000000000
-88.584655762,-50.555217743,1.000000000
-37.120254517,31.632734299,1.000000000
-47.769985199,16.331272125,1.773872375
-92.466613770,-73.959106445,1.000000000
34.673000336,-11.023620605,1.874731302
19.862293243,27.711563110,1.000000000
35.087730408,-83.019042969,1.000000000
-96.181571960,42.113254547,1.000000000
-3.101619482,53.291980743,1.000000000
62.070175171,64.518623352,1.830105662
-72.407928467,38.263385773,1.000000000
12.567971230,6.984951973,1.000000000
67.879127502,-94.992057800,1.000000000
-82.339172363,-42.792892456,1.000000000
99.577888489,-90.507415771,1.000000000
-44.435188293,-41.749546051,1.000000000
13.595704079,-3.863460302,1.000000000
-52.218578339,-81.529571533,1.000000000
72.488861084,92.455024719,1.000000000
48.682254791,-68.315895081,1.000000000
35.213413239,-45.713569641,1.911848903
0.867852092,17.811815262,1.000000000
44.548503876,39.739471436,1.959112406
-34.867176056,14.841833115,1.900365829
92.108924866,74.056121826,1.000000000
4.152676105,-33.329334259,1.643248320
49.524745941,22.429927826,1.000000000
59.394111633,64.493408203,1.000000000
35.311397552,-33.958232880,1.000000000
47.491790771,19.617647171,1.000000000
-5.856071949,13.689326286,30.374959946
23.972133636,-64.912918091,1.000000000
29.948738098,-23.640819550,1.000000000
7.036314487,-43.596187592,1.000000000
-77.406059265,-63.536434174,1.000000000
-14.152861595,-37.896335602,1.000000000
87.112731934,53.615474701,1.000000000
87.869163513,96.318107605,1.000000000
-65.642303467,72.374778748,1.808233976
48.875972748,67.699798584,1.730640411
58.793613434,92.857406616,1.000000000
-52.200019836,77.739677429,1.721162796
83.018096924,-14.725428581,1.000000000
27.114191055,-18.304210663,1.000000000
1.746317148,24.914514542,1.630616426
-34.095092773,52.130466461,1.997861266
65.180244446,89.177650452,1.857598066
-19.127172470,10.053412437,1.000000000
42.189472198,51.957344055,1.624048352
81.048866272,69.235237122,1.000000000
-16.562976837,64.172523499,1.000000000
99.240982056,-8.054141998,1.000000000
61.265998840,-57.162796021,1.000000000
-14.881439209,-58.250854492,1.711559772
-59.420101166,-28.997871399,1.000000000
74.751510620,99.735473633,1.000000000
-35.037235260,74.161125183,1.000000000
-41.328639984,-17.931362152,1.000000000
29.116479874,-47.224559784,1.000000000
38.086704254,-25.199451447,1.000000000
47.441776276,-77.952613831,1.000000000
34.468029022,-51.645637512,1.000000000
94.167114258,33.616424561,1.000000000
-12.439533234,90.883377075,1.000000000
4.691158295,-54.542221069,1.671221256
39.699661255,60.343769073,1.699842930
77.004257202,-52.805015564,1.916797161
64.073425293,-38.347652435,1.000000000
77.314147949,70.316612244,1.000000000
39.878135681,-92.241012573,1.000000000
33.774784088,31.323429108,1.000000000
2.770232677,-57.187095642,1.766203403
-33.586189270,85.629364014,1.728307366
84.069732666,55.677467346,1.000000000
7.854391575,-58.858680725,1.000000000
-94.347793579,61.672687531,1.000000000
-32.506546021,-91.957786560,1.000000000
-30.877658844,89.186210632,1.000000000
2.188469648,-17.373008728,87.969261169
-49.112487793,-65.916259766,1.849434614
56.600246429,39.344661713,1.627048850
-13.838944435,95.543716431,1.000000000
64.947074890,35.776752472,1.000000000
79.132484436,-43.369575500,1.000000000
-9.424696922,72.644714355,1.000000000
-28.905117035,-54.812557220,1.000000000
24.177995682,-0.453043759,1.000000000
75.846519470,-94.680366516,1.000000000
-74.280097961,-31.961637497,1.928199530
79.040359497,95.821220398,1.000000000
-23.008117676,13.892074585,1.000000000
-76.384063721,-58.542488098,1.000000000
-32.148914337,79.861473083,1.000000000
63.227794647,-82.617256165,1.613165617
22.180690765,-68.484573364,1.705908895
38.374973297,-63.282470703,1.829770565
-82.611785889,-94.969429016,1.700843811
32.344924927,-90.772644043,1.000000000
-18.816965103,-59.332088470,1.000000000
-3.275315046,-83.067008972,1.635233998
10.886851311,-76.460784912,1.000000000
21.775903702,-59.323989868,1.000000000
-29.711692810,-92.824432373,1.000000000
85.572013855,-76.070220947,1.754512429
-77.584075928,76.024978638,1.000000000
-20.350469589,96.584358215,1.000000000
-38.780353546,31.177064896,1.000000000
-92.240371704,87.500175476,1.000000000
-12.019067764,-81.562805176,1.000000000
48.737976074,50.605007172,1.000000000
9.898792267,8.835005760,1.000000000
77.117942810,-34.213394165,1.000000000
-84.927375793,-16.358976364,1.000000000
-76.755111694,93.656997681,1.000000000
10.541606903,94.592170715,1.000000000
74.547058105,44.270824432,1.000000000
-20.375699997,-8.424535751,1.000000000
-54.423332214,20.829568863,1.000000000
56.703128815,44.813621521,1.000000000
-37.956783295,34.220783234,1.000000000
25.376705170,29.441560745,1.000000000
-46.851726532,24.041200638,1.646306992
-59.794223785,-19.854450226,1.685404778
10.947707176,32.180725098,1.000000000
14.460286140,-49.749439240,1.000000000
60.122898102,-97.070137024,1.000000000
-99.943374634,-61.991973877,1.000000000
-67.886634827,90.208900452,8.646195412
-38.161190033,-70.643753052,1.000000000
-13.521427155,61.797634125,1.713781476
-73.275276184,16.010686874,1.000000000
-43.909553528,81.941925049,1.000000000
-64.923675537,-25.033321381,1.000000000
-40.019161224,23.756826401,1.000000000
16.692708969,-6.632463455,1.000000000
78.735214233,25.488533020,1.000000000
78.018394470,-66.379470825,1.000000000
-47.616710663,83.911766052,1.000000000
3.468483925,90.188728333,1.000000000
-24.272817612,-5.673336506,1.000000000
-10.526475906,79.517211914,82.106590271
-39.506614685,-73.139991760,2.478738308
24.986110687,67.277565002,1.000000000
73.142547607,-2.409005880,1.714755535
-66.453491211,96.546920776,2.864575148
98.129516602,-42.520038605,2.554187775
-92.312545776,-76.295310974,1.000000000
-4.144152164,-78.397720337,1.000000000
63.937816620,86.987770081,1.000000000
54.976478577,-87.058540344,2.712416410
-27.322622299,60.901096344,1.000000000
12.859165192,-58.392871857,1.000000000
-12.629148483,69.479377747,1.945789456
72.611289978,39.730075836,1.000000000
39.008918762,59.281261444,1.699842930
2.831458807,65.281517029,1.000000000
90.530715942,-36.201698303,1.000000000
-25.722955704,-0.085869208,1.000000000
-13.442150116,-87.205955505,1.000000000
-20.795812607,29.908300400,1.881545901
3.218407393,-94.768089294,1.767836332
20.284608841,60.700115204,1.000000000
87.226806641,36.686824799,189.717193604
70.689476013,41.721385956,1.000000000
82.509284973,-92.957389832,1.000000000
21.683670044,33.986103058,1.000000000
-75.454887390,-93.312911987,1.000000000
-72.544990540,-17.932678223,1.972025156
5.847691536,-51.590560913,1.000000000
-42.747241974,-52.606426239,1.000000000
91.331687927,-3.243159533,1.000000000
-30.295907974,-41.943603516,1.000000000
-33.519214630,86.821907043,1.728307366
-34.648902893,-42.790191650,1.000000000
47.147933960,-46.754196167,1.000000000
-2.405167341,-74.166084290,1.000000000
41.042621613,-96.419799805,1.000000000
25.867895126,-39.151607513,1.000000000
78.926635742,83.605720520,1.000000000
99.270118713,84.977264404,1.000000000
50.369647980,24.171949387,1.000000000
-40.665119171,-50.935440063,1.000000000
21.463125229,-70.909393311,1.000000000
94.007209778,85.223342896,1.000000000
50.626182556,-16.784225464,1.000000000
-15.264299393,-59.427608490,1.711559772
23.771553040,-56.578914642,1.000000000
-19.741075516,-0.738442302,2.495680332
-48.894214630,51.272392273,2.420033932
-37.281654358,-93.990333557,1.000000000
70.695930481,25.628133774,1.000000000
27.164117813,78.899871826,1.000000000
-51.185684204,-38.904235840,1.612257361
-44.407009125,44.944206238,1.000000000
45.639049530,6.564901829,1.000000000
-14.502546310,70.473907471,1.000000000
40.499111176,79.969886780,1.000000000
-44.077220917,-54.641666412,1.000000000
-55.626930237,33.207473755,1.000000000
3.698532104,27.119312286,1.000000000
-84.366539001,12.178742409,2.632056952
-24.063022614,75.544990540,1.000000000
-41.016792297,89.941978455,1.000000000
43.409759521,48.469409943,1.695834637
38.304759979,-56.214340210,1.000000000
-40.869594574,82.881370544,1.745973587
69.294364929,89.150817871,1.939166665
-31.648626328,-23.754203796,1.000000000
94.783531189,70.533203125,1.000000000
66.610557556,-46.067329407,1.000000000
24.780065536,5.656883717,1.000000000
25.188766479,86.373474121,1.000000000
-50.463527679,-40.202774048,1.612257361
89.485275269,7.082995892,1.000000000
40.079544067,32.457977295,1.000000000
-94.168540955,-91.660797119,1.000000000
-75.783355713,-30.446447372,1.000000000
81.480194092,14.129652023,1.000000000
-55.065044403,63.732223511,1.000000000
-72.517272949,-17.576429367,1.972025156
23.815868378,-18.611795425,1.000000000
72.311218262,19.444980621,1.000000000
42.494903564,8.680566788,1.000000000
-87.974632263,15.347148895,1.672113180
-39.207027435,-77.043601990,1.000000000
81.123451233,88.070930481,1.000000000
47.739593506,-5.399057865,2.425950289
11.285287857,80.355224609,1.000000000
-23.243757248,68.173912048,1.000000000
33.660606384,-74.280082703,1.000000000
30.788261414,27.689172745,1.000000000
-47.416397095,42.229198456,1.671832800
-72.960464478,-82.772567749,1.000000000
-13.434667587,60.568904877,1.713781476
24.694936752,15.289157867,1.000000000
-3.963232279,-46.698711395,1.000000000
24.503042221,88.501419067,1.000000000
-21.093593597,-42.061531067,1.000000000
-30.777225494,-59.356590271,1.000000000
-62.894302368,-98.350364685,2.616055727
44.192909241,-91.191482544,1.653365850
-68.467704773,-23.840051651,1.000000000
-48.788722992,-13.109490395,1.000000000
27.298414230,28.767974854,1.000000000
-5.772859573,-14.142966270,1.000000000
-18.327436447,2.446049929,1.000000000
-97.687187195,14.099209785,1.696202159
98.766883850,-97.708671570,1.000000000
54.689548492,-36.392719269,1.000000000
-81.032165527,-62.508129120,1.963976145
99.341598511,58.212047577,1.745649338
34.141506195,-29.195873260,1.000000000
45.395790100,-86.622383118,1.000000000
62.902984619,-20.440923691,1.000000000
-97.805007935,22.831176758,172.946105957
-36.045028687,21.498107910,1.000000000
-62.835506439,-98.395645142,2.644250870
53.373615265,76.260177612,13.165965080
48.008110046,-1.568477392,1.000000000
80.621635437,-84.314765930,1.000000000
13.165541649,12.347679138,1.000000000
-73.899780273,18.505933762,1.762867928
58.644256592,-84.089416504,1.000000000
-38.752948761,97.721008301,1.000000000
19.987833023,-49.317508698,1.000000000
37.711460114,-35.078304291,1.000000000
95.252082825,5.538221836,3.246582508
-32.471775055,-54.658519745,1.000000000
64.077667236,-69.677490234,1.000000000
-35.474910736,15.162694931,1.900365829
-27.973455429,-26.677698135,1.000000000
84.606277466,51.281967163,1.736497998
-9.557933807,34.530242920,1.000000000
62.668247223,54.056816101,1.000000000
44.483600616,39.310928345,1.959112406
31.811103821,51.825820923,1.000000000
-41.702976227,-13.132269859,1.749796867
-51.886260986,23.741294861,1.000000000
52.380455017,-17.999431610,1.000000000
-54.905284882,-68.446014404,1.000000000
-14.740099907,50.501407623,1.000000000
18.495109558,-27.459394455,1.000000000
50.993392944,-50.337100983,1.000000000
93.298294067,36.021839142,2.331289053
59.962169647,-32.926616669,1.000000000
23.888061523,-2.552925825,1.000000000
87.795654297,22.765495300,1.000000000
65.534111023,8.878565788,1.000000000
73.159164429,-1.179823041,1.714755535
-50.962783813,-76.140754700,1.000000000
29.202993393,34.143245697,1.000000000
62.742786407,-85.098937988,1.000000000
-27.028627396,83.667701721,1.000000000
82.356491089,86.181289673,3.346506119
80.191703796,-37.241935730,3.385536909
39.833629608,-50.925647736,1.963744879
66.182464600,-69.632705688,1.925445199
33.303897858,6.985703468,1.000000000
10.648826599,51.675472260,1.000000000
68.376136780,-72.895843506,1.000000000
-89.640197754,74.949562073,1.000000000
-11.111598015,-96.256607056,1.000000000
58.399177551,-11.099445343,1.000000000
-58.927391052,94.183029175,1.714827061
15.142957687,37.780979156,2.820608854
-25.249910355,30.934083939,1.000000000
-32.926345825,71.715545654,1.000000000
1.540224791,-36.137081146,1.000000000
-79.664245605,69.017639160,1.973864317
84.366874695,-77.371177673,1.000000000
56.403816223,-78.418243408,1.000000000
73.486763000,10.167340279,1.000000000
-98.425117493,-66.870079041,1.619378209
55.180027008,-67.384529114,1.000000000
-51.670703888,-3.276874304,1.000000000
-55.771057129,-43.054241180,1.000000000
-28.784307480,-99.221862793,1.000000000
-99.797988892,30.256952286,1.000000000
70.540626526,-65.885681152,1.000000000
30.268779755,-82.338752747,1.000000000
87.560508728,-88.077728271,1.000000000
-87.021224976,-28.894626617,2.990753174
47.419960022,12.164744377,1.000000000
31.495536804,-52.051670074,1.682079554
-6.374330997,-21.226079941,1.000000000
59.699188232,42.112113953,1.000000000
82.226654053,27.274433136,1.000000000
84.934310913,49.116729736,1.000000000
-87.521423340,51.775032043,1.000000000
46.682384491,51.305072784,1.000000000
-73.819038391,31.607437134,1.000000000
27.936832428,-53.916542053,1.662971735
-18.048034668,40.156295776,1.000000000
65.024124146,-13.542356491,1.657754183
22.048559189,-83.536071777,1.000000000
-29.653676987,-88.150665283,1.000000000
10.238841057,-93.955093384,1.000000000
29.343698502,53.962173462,1.000000000
-50.192333221,-8.409376144,1.000000000
-38.562225342,-73.167098999,2.571369410
36.717391968,57.262260437,1.000000000
-51.338272095,76.886215210,1.721162796
-58.179725647,70.783187866,1.000000000
-79.474960327,31.962938309,1.000000000
-14.866269112,-95.266288757,1.000000000
88.113258362,-59.902507782,1.000000000
65.229553223,54.148368835,1.000000000
78.680419922,90.875564575,1.891914248
-60.374065399,28.227405548,1.741612434
-34.077808380,52.033843994,1.997861266
-70.798545837,-36.249649048,1.000000000
-63.637844086,84.556869507,1.000000000
-80.647338867,-46.885658264,1.000000000
-79.310005188,-59.198574066,1.862332225
-6.512526512,-46.002300262,1.000000000
-36.778705597,-85.741798401,1.000000000
-15.451055527,77.523941040,14.623903275
83.634803772,-69.227539062,1.000000000
-1.802744985,47.734428406,1.000000000
1.091969609,-64.949081421,1.000000000
97.753219604,41.833396912,1.000000000
91.737236023,41.108715057,1.000000000
23.336507797,31.444152832,1.000000000
44.632274628,49.442985535,1.662685275
-46.538650513,-9.011351585,1.000000000
68.167053223,93.614997864,1.000000000
43.796035767,63.979156494,1.000000000
88.115699768,35.889518738,354.828186035
68.263374329,-35.566589355,1.000000000
-74.296997070,51.417743683,1.000000000
-46.958477020,15.627694130,1.773872375
49.810832977,32.642936707,1.000000000
-3.741129637,-68.930358887,1.679775476
26.465501785,-15.475430489,1.665165544
-82.801261902,83.406135559,1.000000000
-51.311149597,-95.974098206,1.000000000
83.264442444,-62.175643921,1.000000000
-77.256553650,1.519511700,1.000000000
-97.718757629,73.337196350,1.000000000
20.064369202,74.188972473,2.444651842
42.272987366,-15.517452240,1.660075188
9.668154716,17.280384064,1.000000000
-35.434711456,-31.028789520,1.000000000
52.818157196,5.211778641,1.000000000
4.867424965,-26.758390427,1.000000000
-7.021360397,10.535716057,5.139178753
80.732841492,-31.586854935,1.000000000
72.300407410,-85.018058777,1.000000000
9.904865265,-13.803424835,1.740456104
56.899780273,98.519592285,1.000000000
-85.859550476,-73.812774658,1.000000000
-90.058784485,6.078845978,1.000000000
89.249740601,31.116687775,1.000000000
-0.882158756,-12.041263580,1.702218294
